Date,Open,High,Low,Close,Adj Close,Volume,Dividends,Stock Splits,Return
2016-10-06,28.424999237060547,28.584999084472656,28.282499313354492,28.47249984741211,26.045001983642578,115117200,0.0,0.0,
2016-10-07,28.577499389648438,28.639999389648438,28.377500534057617,28.514999389648438,26.083879470825195,97433600,0.0,0.0,0.0014927043279564511
2016-10-10,28.7549991607666,29.1875,28.68000030517578,29.012500762939453,26.53896713256836,144944000,0.0,0.0,0.01744708498029124
2016-10-11,29.424999237060547,29.672500610351562,29.049999237060547,29.075000762939453,26.596145629882812,256164000,0.0,0.0,0.002154511026327244
2016-10-12,29.337499618530273,29.4950008392334,29.1875,29.334999084472656,26.8339786529541,150347200,0.0,0.0,0.008942386854885687
2016-10-13,29.197500228881836,29.360000610351562,28.93000030517578,29.2450008392334,26.751646041870117,140769600,0.0,0.0,-0.003068222277016752
2016-10-14,29.469999313354492,29.542499542236328,29.282499313354492,29.407499313354492,26.900293350219727,142608800,0.0,0.0,0.005556566804037155
2016-10-17,29.332500457763672,29.459999084472656,29.19499969482422,29.387500762939453,26.881996154785156,94499600,0.0,0.0,-0.0006801857212617168
2016-10-18,29.545000076293945,29.552499771118164,29.362499237060547,29.36750030517578,26.86370086669922,98214000,0.0,0.0,-0.0006805777361396093
2016-10-19,29.3125,29.440000534057617,28.450000762939453,29.280000686645508,26.783662796020508,80138400,0.0,0.0,-0.002979413412763532
2016-10-20,29.21500015258789,29.344999313354492,29.082500457763672,29.264999389648438,26.76993751525879,96503200,0.0,0.0,-0.0005124497297568364
2016-10-21,29.202499389648438,29.227500915527344,29.06999969482422,29.149999618530273,26.664743423461914,92770800,0.0,0.0,-0.003929560602706439
2016-10-24,29.274999618530273,29.434999465942383,29.25,29.412500381469727,26.904869079589844,94154800,0.0,0.0,0.009005361586065241
2016-10-25,29.487499237060547,29.59000015258789,29.327499389648438,29.5625,27.042072296142578,192516000,0.0,0.0,0.005099568265761079
2016-10-26,28.577499389648438,28.924999237060547,28.327499389648438,28.897499084472656,26.433773040771484,264536800,0.0,0.0,-0.022494550295905524
2016-10-27,28.84749984741211,28.96500015258789,28.524999618530273,28.6200008392334,26.179933547973633,138248000,0.0,0.0,-0.009602847554389227
2016-10-28,28.467500686645508,28.802499771118164,28.362499237060547,28.43000030517578,26.006128311157227,151446800,0.0,0.0,-0.006638872344649549
2016-10-31,28.412500381469727,28.5575008392334,28.299999237060547,28.385000228881836,25.9649658203125,105677600,0.0,0.0,-0.0015827996521522447
2016-11-01,28.364999771118164,28.4424991607666,27.63249969482422,27.872499465942383,25.496166229248047,175303200,0.0,0.0,-0.018055082156037683
2016-11-02,27.850000381469727,28.087499618530273,27.8075008392334,27.897499084472656,25.519027709960938,113326800,0.0,0.0,0.0008966634633353898
2016-11-03,27.7450008392334,27.864999771118164,27.387500762939453,27.457500457763672,25.245494842529297,107730400,0.1425,0.0,-0.01071878092459111
2016-11-04,27.13249969482422,27.5625,27.02750015258789,27.209999084472656,25.017934799194336,123348000,0.0,0.0,-0.009013887220448047
2016-11-07,27.520000457763672,27.627500534057617,27.364999771118164,27.602500915527344,25.37881851196289,130240000,0.0,0.0,0.01442500013151271
2016-11-08,27.577499389648438,27.93000030517578,27.424999237060547,27.764999389648438,25.528226852416992,97016800,0.0,0.0,0.005887127502947953
2016-11-09,27.469999313354492,27.829999923706055,27.012500762939453,27.719999313354492,25.48685073852539,236705600,0.0,0.0,-0.0016207985823223359
2016-11-10,27.772499084472656,27.772499084472656,26.457500457763672,26.947500228881836,24.776580810546875,228538000,0.0,0.0,-0.02786809305179816
2016-11-11,26.780000686645508,27.217500686645508,26.637500762939453,27.107500076293945,24.923688888549805,136575600,0.0,0.0,0.005937384142218338
2016-11-14,26.927499771118164,26.952499389648438,26.020000457763672,26.427499771118164,24.298473358154297,204702000,0.0,0.0,-0.02508519237225504
2016-11-15,26.642499923706055,26.920000076293945,26.540000915527344,26.77750015258789,24.620277404785156,129058000,0.0,0.0,0.01324379692038824
2016-11-16,26.674999237060547,27.5575008392334,26.649999618530273,27.497499465942383,25.282268524169922,235362000,0.0,0.0,0.026888044699939107
2016-11-17,27.452499389648438,27.587499618530273,27.207500457763672,27.487499237060547,25.273080825805664,110528000,0.0,0.0,-0.0003634048248271071
2016-11-18,27.43000030517578,27.635000228881836,27.415000915527344,27.514999389648438,25.298368453979492,113715600,0.0,0.0,0.001000575606437737
2016-11-21,27.530000686645508,27.997499465942383,27.502500534057617,27.9325008392334,25.682231903076172,117058400,0.0,0.0,0.01517344684875499
2016-11-22,27.987499237060547,28.104999542236328,27.850000381469727,27.950000762939453,25.698328018188477,103862000,0.0,0.0,0.0006267412884148893
2016-11-23,27.84000015258789,27.877500534057617,27.582500457763672,27.8075008392334,25.567302703857422,109705600,0.0,0.0,-0.005098592960534942
2016-11-25,27.782499313354492,27.967500686645508,27.737499237060547,27.947500228881836,25.69601821899414,45903600,0.0,0.0,0.005034379912015385
2016-11-28,27.857500076293945,28.11750030517578,27.84749984741211,27.892499923706055,25.645462036132812,108776000,0.0,0.0,-0.0019674714747811572
2016-11-29,27.69499969482422,28.00749969482422,27.517499923706055,27.864999771118164,25.620162963867188,114115200,0.0,0.0,-0.0009864931358998241
2016-11-30,27.899999618530273,28.049999237060547,27.5674991607666,27.6299991607666,25.404104232788086,144649200,0.0,0.0,-0.008433152099142194
2016-12-01,27.592500686645508,27.735000610351562,27.25749969482422,27.372499465942383,25.1673526763916,148347600,0.0,0.0,-0.009319421548070861
2016-12-02,27.292499542236328,27.522499084472656,27.212499618530273,27.475000381469727,25.261587142944336,106112000,0.0,0.0,0.0037443138245181196
2016-12-05,27.5,27.50749969482422,27.0625,27.27750015258789,25.080001831054688,137298000,0.0,0.0,-0.007188198859483186
2016-12-06,27.375,27.59000015258789,27.297500610351562,27.487499237060547,25.273080825805664,104782000,0.0,0.0,0.007698523949543734
2016-12-07,27.315000534057617,27.797500610351562,27.290000915527344,27.75749969482422,25.521326065063477,119994800,0.0,0.0,0.00982251593974004
2016-12-08,27.71500015258789,28.107500076293945,27.649999618530273,28.030000686645508,25.771875381469727,108273200,0.0,0.0,0.009817253059950959
2016-12-09,28.077499389648438,28.674999237060547,28.077499389648438,28.487499237060547,26.192522048950195,137610400,0.0,0.0,0.016321926955417343
2016-12-12,28.322500228881836,28.75,28.122499465942383,28.325000762939453,26.043109893798828,105497600,0.0,0.0,-0.005704382146634712
2016-12-13,28.459999084472656,28.979999542236328,28.4375,28.797500610351562,26.47754669189453,174935200,0.0,0.0,0.016681448562298806
2016-12-14,28.760000228881836,29.049999237060547,28.7450008392334,28.797500610351562,26.47754669189453,136127200,0.0,0.0,0.0
2016-12-15,28.844999313354492,29.1825008392334,28.8075008392334,28.954999923706055,26.622358322143555,186098000,0.0,0.0,0.005469223864813522
2016-12-16,29.11750030517578,29.125,28.912500381469727,28.99250030517578,26.65683937072754,177404400,0.0,0.0,0.0012951913638434842
2016-12-19,28.950000762939453,29.344999313354492,28.9375,29.15999984741211,26.81084632873535,111117600,0.0,0.0,0.005777390029852114
2016-12-20,29.184999465942383,29.375,29.170000076293945,29.237499237060547,26.88210105895996,85700000,0.0,0.0,0.00265768298959812
2016-12-21,29.200000762939453,29.350000381469727,29.19499969482422,29.264999389648438,26.907381057739258,95132800,0.0,0.0,0.0009404026390589237
2016-12-22,29.087499618530273,29.127500534057617,28.90999984741211,29.072500228881836,26.73038673400879,104343600,0.0,0.0,-0.006577909732302323
2016-12-23,28.897499084472656,29.1299991607666,28.897499084472656,29.1299991607666,26.78325843811035,56998000,0.0,0.0,0.0019779625572828863
2016-12-27,29.1299991607666,29.450000762939453,29.122499465942383,29.315000534057617,26.953357696533203,73187600,0.0,0.0,0.0063509546015809715
2016-12-28,29.3799991607666,29.5049991607666,29.049999237060547,29.190000534057617,26.838424682617188,83623600,0.0,0.0,-0.0042641445718949456
2016-12-29,29.112499237060547,29.27750015258789,29.100000381469727,29.1825008392334,26.8315372467041,60158000,0.0,0.0,-0.00025662593816644375
2016-12-30,29.162500381469727,29.299999237060547,28.857500076293945,28.954999923706055,26.622358322143555,122345200,0.0,0.0,-0.007796009696993456
2017-01-03,28.950000762939453,29.082500457763672,28.690000534057617,29.037500381469727,26.698209762573242,115127600,0.0,0.0,0.0028491630798386236
2017-01-04,28.962499618530273,29.127500534057617,28.9375,29.0049991607666,26.668333053588867,84472400,0.0,0.0,-0.001119052897181838
2017-01-05,28.979999542236328,29.21500015258789,28.952499389648438,29.15250015258789,26.803943634033203,88774400,0.0,0.0,0.0050850790025696035
2017-01-06,29.19499969482422,29.540000915527344,29.11750030517578,29.477500915527344,27.102764129638672,127007600,0.0,0.0,0.01114837800308055
2017-01-09,29.487499237060547,29.857500076293945,29.485000610351562,29.747499465942383,27.351015090942383,134247600,0.0,0.0,0.009159617820391652
2017-01-10,29.6924991607666,29.844999313354492,29.575000762939453,29.77750015258789,27.37859344482422,97848400,0.0,0.0,0.001008311895925429
2017-01-11,29.684999465942383,29.982500076293945,29.649999618530273,29.9375,27.525711059570312,110354400,0.0,0.0,0.005373454083482443
2017-01-12,29.725000381469727,29.825000762939453,29.552499771118164,29.8125,27.41077995300293,108344800,0.0,0.0,-0.00417540917721082
2017-01-13,29.77750015258789,29.905000686645508,29.702499389648438,29.760000228881836,27.362504959106445,104447600,0.0,0.0,-0.0017611681965727932
2017-01-17,29.584999084472656,30.059999465942383,29.55500030517578,30.0,27.583171844482422,137759200,0.0,0.0,0.008064571781924323
2017-01-18,30.0,30.125,29.927499771118164,29.997499465942383,27.58087921142578,94852000,0.0,0.0,-8.311709289876568e-05
2017-01-19,29.850000381469727,30.022499084472656,29.842500686645508,29.94499969482422,27.532602310180664,102389200,0.0,0.0,-0.0017503757177225188
2017-01-20,30.112499237060547,30.112499237060547,29.9325008392334,30.0,27.583171844482422,130391600,0.0,0.0,0.0018367146603885942
2017-01-23,30.0,30.202499389648438,29.9424991607666,30.020000457763672,27.60155487060547,88200800,0.0,0.0,0.0006664580210968829
2017-01-24,29.887500762939453,30.024999618530273,29.875,29.99250030517578,27.576276779174805,92844000,0.0,0.0,-0.0009158212843141111
2017-01-25,30.104999542236328,30.524999618530273,30.06999969482422,30.469999313354492,28.015304565429688,129510400,0.0,0.0,0.01592048809817692
2017-01-26,30.417499542236328,30.610000610351562,30.399999618530273,30.485000610351562,28.029098510742188,105350400,0.0,0.0,0.0004923717777289838
2017-01-27,30.53499984741211,30.587499618530273,30.399999618530273,30.487499237060547,28.03140640258789,82251600,0.0,0.0,8.233913926347647e-05
2017-01-30,30.232500076293945,30.407499313354492,30.165000915527344,30.407499313354492,27.957841873168945,121510000,0.0,0.0,-0.002624360988614294
2017-01-31,30.287500381469727,30.34749984741211,30.155000686645508,30.337499618530273,27.89348793029785,196804000,0.0,0.0,-0.0023018208330612966
2017-02-01,31.75749969482422,32.622501373291016,31.752500534057617,32.1875,29.59444808959961,447940000,0.0,0.0,0.06098054727154345
2017-02-02,31.9950008392334,32.34749984741211,31.94499969482422,32.13249969482422,29.54387092590332,134841600,0.0,0.0,-0.0017090085121088672
2017-02-03,32.07749938964844,32.29750061035156,32.040000915527344,32.27000045776367,29.670297622680664,98029200,0.0,0.0,0.004279286796724291
2017-02-06,32.282501220703125,32.625,32.224998474121094,32.5724983215332,29.948421478271484,107383600,0.0,0.0,0.009373814146650616
2017-02-07,32.6349983215332,33.022499084472656,32.61249923706055,32.88249969482422,30.23345375061035,152735200,0.0,0.0,0.009517438925643162
2017-02-08,32.837501525878906,33.05500030517578,32.80500030517578,33.0099983215332,30.350685119628906,92016400,0.0,0.0,0.0038775381068127945
2017-02-09,32.912498474121094,33.11249923706055,32.779998779296875,33.10499954223633,30.57000160217285,113399600,0.1425,0.0,0.007226080125687373
2017-02-10,33.1150016784668,33.23500061035156,33.01250076293945,33.029998779296875,30.5007381439209,80262000,0.0,0.0,-0.002265732895710082
2017-02-13,33.27000045776367,33.45500183105469,33.1875,33.3224983215332,30.770845413208008,92141600,0.0,0.0,0.008855761720014232
2017-02-14,33.36750030517578,33.772499084472656,33.3125,33.755001068115234,31.17022132873535,132904800,0.0,0.0,0.012979036167654945
2017-02-15,33.880001068115234,34.067501068115234,33.654998779296875,33.877498626708984,31.283342361450195,142492400,0.0,0.0,0.0036291379365522847
2017-02-16,33.91749954223633,33.974998474121094,33.709999084472656,33.837501525878906,31.246408462524414,90338400,0.0,0.0,-0.001180625091112164
2017-02-17,33.775001525878906,33.95750045776367,33.775001525878906,33.93000030517578,31.331832885742188,88792800,0.0,0.0,0.0027338957474176695
2017-02-21,34.057498931884766,34.1875,33.994998931884766,34.17499923706055,31.558061599731445,98028800,0.0,0.0,0.007220411101203306
2017-02-22,34.10749816894531,34.279998779296875,34.02750015258789,34.27750015258789,31.6527099609375,83347600,0.0,0.0,0.0029991817116821196
2017-02-23,34.345001220703125,34.369998931884766,34.07500076293945,34.13249969482422,31.518823623657227,83152800,0.0,0.0,-0.004229853855973187
2017-02-24,33.977500915527344,34.165000915527344,33.81999969482422,34.165000915527344,31.5488224029541,87106400,0.0,0.0,0.0009517734435482428
2017-02-27,34.28499984741211,34.36000061035156,34.06999969482422,34.23249816894531,31.61115837097168,81029600,0.0,0.0,0.0019758572038410804
2017-02-28,34.27000045776367,34.36000061035156,34.17499923706055,34.247501373291016,31.625017166137695,93931600,0.0,0.0,0.0004384146573617187
2017-03-01,34.47249984741211,35.037498474121094,34.400001525878906,34.9474983215332,32.27139663696289,145658400,0.0,0.0,0.02043886545355944
2017-03-02,35.0,35.06999969482422,34.689998626708984,34.7400016784668,32.07978820800781,104844000,0.0,0.0,-0.005937407392390792
2017-03-03,34.69499969482422,34.95750045776367,34.647499084472656,34.94499969482422,32.26908874511719,84432400,0.0,0.0,0.005900928518665305
2017-03-06,34.842498779296875,34.942501068115234,34.650001525878906,34.834999084472656,32.16753005981445,87000000,0.0,0.0,-0.003147243670402755
2017-03-07,34.76499938964844,34.994998931884766,34.6974983215332,34.880001068115234,32.209075927734375,69785200,0.0,0.0,0.001291546719399017
2017-03-08,34.73749923706055,34.95000076293945,34.70500183105469,34.75,32.08904266357422,74828800,0.0,0.0,-0.0037266907138059358
2017-03-09,34.685001373291016,34.6974983215332,34.26250076293945,34.66999816894531,32.01514434814453,88623600,0.0,0.0,-0.002302914306433146
2017-03-10,34.8125,34.84000015258789,34.65999984741211,34.78499984741211,32.12135314941406,78451200,0.0,0.0,0.0033174550179932982
2017-03-13,34.712501525878906,34.85749816894531,34.70500183105469,34.79999923706055,32.13521194458008,69686800,0.0,0.0,0.000431451162768548
2017-03-14,34.82500076293945,34.912498474121094,34.709999084472656,34.747501373291016,32.08673095703125,61236400,0.0,0.0,-0.0015086562252160096
2017-03-15,34.852500915527344,35.1875,34.75749969482422,35.1150016784668,32.42607879638672,102767200,0.0,0.0,0.010575955519118052
2017-03-16,35.18000030517578,35.255001068115234,35.064998626708984,35.17250061035156,32.47917175292969,76928000,0.0,0.0,0.0016373535904958825
2017-03-17,35.25,35.25,34.97249984741211,34.997501373291016,32.31757736206055,175540000,0.0,0.0,-0.004975323635048157
2017-03-20,35.099998474121094,35.375,35.057498931884766,35.3650016784668,32.656951904296875,86168000,0.0,0.0,0.010501237095659866
2017-03-21,35.52750015258789,35.70000076293945,34.932498931884766,34.959999084472656,32.28295135498047,158119600,0.0,0.0,-0.011452402245391347
2017-03-22,34.962501525878906,35.400001525878906,34.939998626708984,35.35499954223633,32.647705078125,103440800,0.0,0.0,0.011298648600424732
2017-03-23,35.314998626708984,35.39500045776367,35.15250015258789,35.22999954223633,32.53226852416992,81385200,0.0,0.0,-0.003535824453168801
2017-03-24,35.375,35.435001373291016,35.087501525878906,35.15999984741211,32.46763610839844,89582400,0.0,0.0,-0.0019867171489582613
2017-03-27,34.84749984741211,35.30500030517578,34.654998779296875,35.220001220703125,32.52304458618164,94300400,0.0,0.0,0.0017065756680965105
2017-03-28,35.227500915527344,36.0099983215332,35.154998779296875,35.95000076293945,33.197139739990234,133499200,0.0,0.0,0.020726692792316426
2017-03-29,35.91999816894531,36.122501373291016,35.79750061035156,36.029998779296875,33.27101135253906,116760000,0.0,0.0,0.002225240280560703
2017-03-30,36.04750061035156,36.125,35.875,35.98249816894531,33.22715377807617,84829200,0.0,0.0,-0.00131819180361481
2017-03-31,35.93000030517578,36.067501068115234,35.752498626708984,35.915000915527344,33.164825439453125,78646800,0.0,0.0,-0.0018758253878540243
2017-04-03,35.9275016784668,36.029998779296875,35.76250076293945,35.92499923706055,33.17405700683594,79942800,0.0,0.0,0.0002783541677209289
2017-04-04,35.8125,36.22249984741211,35.79249954223633,36.192501068115234,33.421085357666016,79565600,0.0,0.0,0.007446431733663994
2017-04-05,36.05500030517578,36.3650016784668,35.95249938964844,36.005001068115234,33.247928619384766,110871600,0.0,0.0,-0.005181062686270055
2017-04-06,36.0724983215332,36.130001068115234,35.86249923706055,35.915000915527344,33.164825439453125,84596000,0.0,0.0,-0.002499499469064359
2017-04-07,35.932498931884766,36.04499816894531,35.817501068115234,35.834999084472656,33.0909423828125,66688800,0.0,0.0,-0.0022277535208351518
2017-04-10,35.900001525878906,35.970001220703125,35.724998474121094,35.79249954223633,33.05169677734375,75733600,0.0,0.0,-0.0011859923786616822
2017-04-11,35.73500061035156,35.837501525878906,35.01499938964844,35.407501220703125,32.69619369506836,121517600,0.0,0.0,-0.01075597070462897
2017-04-12,35.400001525878906,35.537498474121094,35.252498626708984,35.45000076293945,32.73542404174805,81400000,0.0,0.0,0.0011998444542369313
2017-04-13,35.477500915527344,35.595001220703125,35.26250076293945,35.26250076293945,32.562286376953125,71291600,0.0,0.0,-0.005289000215000006
2017-04-17,35.369998931884766,35.470001220703125,35.217498779296875,35.45750045776367,32.74235153198242,66328400,0.0,0.0,0.0055298682944064925
2017-04-18,35.352500915527344,35.5099983215332,35.27750015258789,35.29999923706055,32.596920013427734,58790000,0.0,0.0,-0.004441694372886773
2017-04-19,35.470001220703125,35.5,35.11249923706055,35.16999816894531,32.476863861083984,69313600,0.0,0.0,-0.0036830520274399037
2017-04-20,35.30500030517578,35.72999954223633,35.290000915527344,35.61000061035156,32.8831672668457,93278400,0.0,0.0,0.012510549279007854
2017-04-21,35.61000061035156,35.66999816894531,35.462501525878906,35.567501068115234,32.843929290771484,69283600,0.0,0.0,-0.0011932541581473055
2017-04-24,35.875,35.98749923706055,35.79499816894531,35.90999984741211,33.160194396972656,68537200,0.0,0.0,0.009629332209347918
2017-04-25,35.977500915527344,36.224998474121094,35.967498779296875,36.13249969482422,33.36566162109375,75486000,0.0,0.0,0.00619620083228023
2017-04-26,36.11750030517578,36.150001525878906,35.845001220703125,35.91999816894531,33.169437408447266,80164800,0.0,0.0,-0.005881022677591163
2017-04-27,35.97999954223633,36.040000915527344,35.82749938964844,35.9474983215332,33.19481658935547,56985200,0.0,0.0,0.0007651375148660655
2017-04-28,36.022499084472656,36.07500076293945,35.817501068115234,35.912498474121094,33.16250228881836,83441600,0.0,0.0,-0.0009734742907864247
2017-05-01,36.275001525878906,36.79999923706055,36.2400016784668,36.64500045776367,33.83891677856445,134411600,0.0,0.0,0.020396967751560968
2017-05-02,36.8849983215332,37.022499084472656,36.709999084472656,36.877498626708984,34.053619384765625,181408800,0.0,0.0,0.00634484276214109
2017-05-03,36.397499084472656,36.872501373291016,36.067501068115234,36.76499938964844,33.949737548828125,182788000,0.0,0.0,-0.003050537294252309
2017-05-04,36.630001068115234,36.78499984741211,36.45249938964844,36.63249969482422,33.8273811340332,93487600,0.0,0.0,-0.0036040459699855365
2017-05-05,36.689998626708984,37.244998931884766,36.689998626708984,37.2400016784668,34.388362884521484,109310800,0.0,0.0,0.01658365890831215
2017-05-08,37.25749969482422,38.42499923706055,37.25749969482422,38.252498626708984,35.323333740234375,195009600,0.0,0.0,0.02718858291837245
2017-05-09,38.467498779296875,38.720001220703125,38.36249923706055,38.497501373291016,35.54956817626953,156521600,0.0,0.0,0.006404673967040253
2017-05-10,38.407501220703125,38.48500061035156,38.02750015258789,38.314998626708984,35.381038665771484,103222800,0.0,0.0,-0.0047406907915845675
2017-05-11,38.11249923706055,38.51750183105469,38.07749938964844,38.48749923706055,35.68703842163086,109020400,0.1575,0.0,0.00864869340750607
2017-05-12,38.67499923706055,39.10499954223633,38.66749954223633,39.025001525878906,36.185420989990234,130108000,0.0,0.0,0.013965366429994797
2017-05-15,39.002498626708984,39.162498474121094,38.76250076293945,38.92499923706055,36.09269332885742,104038800,0.0,0.0,-0.0025625696370498163
2017-05-16,38.98500061035156,39.01499938964844,38.68000030517578,38.86750030517578,36.03937530517578,80194000,0.0,0.0,-0.0014772525617813281
2017-05-17,38.400001525878906,38.64250183105469,37.4275016784668,37.5625,34.82933044433594,203070800,0.0,0.0,-0.03357563361166427
2017-05-18,37.817501068115234,38.334999084472656,37.782501220703125,38.1349983215332,35.36017608642578,134272800,0.0,0.0,0.015241339276913068
2017-05-19,38.345001220703125,38.494998931884766,38.157501220703125,38.26499938964844,35.48072052001953,107843200,0.0,0.0,0.003409045059592497
2017-05-22,38.5,38.64500045776367,38.227500915527344,38.497501373291016,35.69630432128906,91865600,0.0,0.0,0.006076082957444218
2017-05-23,38.724998474121094,38.724998474121094,38.32749938964844,38.45000076293945,35.65224838256836,79675600,0.0,0.0,-0.0012341876717593125
2017-05-24,38.459999084472656,38.54249954223633,38.16749954223633,38.334999084472656,35.54562759399414,76712000,0.0,0.0,-0.002990576847499704
2017-05-25,38.432498931884766,38.587501525878906,38.25749969482422,38.467498779296875,35.66847610473633,76942400,0.0,0.0,0.003456079384653865
2017-05-26,38.5,38.560001373291016,38.32749938964844,38.40250015258789,35.60822677612305,87710400,0.0,0.0,-0.0016891478188293396
2017-05-30,38.35499954223633,38.60749816894531,38.33250045776367,38.41749954223633,35.62211990356445,80507600,0.0,0.0,0.00039016622559606695
2017-05-31,38.49250030517578,38.54249954223633,38.095001220703125,38.189998626708984,35.41117858886719,97804800,0.0,0.0,-0.005921638444548516
2017-06-01,38.29249954223633,38.33250045776367,38.05500030517578,38.29499816894531,35.50852584838867,65616400,0.0,0.0,0.002749054490722047
2017-06-02,38.39500045776367,38.86249923706055,38.22249984741211,38.86249923706055,36.03474426269531,111082800,0.0,0.0,0.014819494803964606
2017-06-05,38.584999084472656,38.61249923706055,38.3650016784668,38.48249816894531,35.68239212036133,101326800,0.0,0.0,-0.00977812246329035
2017-06-06,38.474998474121094,38.95249938964844,38.44499969482422,38.61249923706055,35.80290985107422,106499600,0.0,0.0,0.003377512648433667
2017-06-07,38.755001068115234,38.994998931884766,38.619998931884766,38.842498779296875,36.016197204589844,84278400,0.0,0.0,0.005957263094056087
2017-06-08,38.8125,38.8849983215332,38.599998474121094,38.747501373291016,35.928104400634766,85003200,0.0,0.0,-0.002445921857176292
2017-06-09,38.79750061035156,38.79750061035156,36.505001068115234,37.244998931884766,34.53493881225586,259530800,0.0,0.0,-0.03877648463842398
2017-06-12,36.435001373291016,36.522499084472656,35.627498626708984,36.35499954223633,33.70969772338867,289229200,0.0,0.0,-0.023895831793810052
2017-06-13,36.790000915527344,36.86249923706055,36.287498474121094,36.647499084472656,33.98090744018555,136661600,0.0,0.0,0.008045450867650628
2017-06-14,36.875,36.875,35.959999084472656,36.290000915527344,33.6494255065918,126124800,0.0,0.0,-0.009754946485088345
2017-06-15,35.83000183105469,36.119998931884766,35.5525016784668,36.0724983215332,33.447750091552734,128661600,0.0,0.0,-0.005993428179020599
2017-06-16,35.94499969482422,36.125,35.54999923706055,35.567501068115234,32.979496002197266,201444400,0.0,0.0,-0.013999569121204591
2017-06-19,35.915000915527344,36.685001373291016,35.915000915527344,36.584999084472656,33.92295837402344,130165600,0.0,0.0,0.028607543661774315
2017-06-20,36.717498779296875,36.717498779296875,36.23500061035156,36.252498626708984,33.614654541015625,99600400,0.0,0.0,-0.00908835336849323
2017-06-21,36.380001068115234,36.51750183105469,36.15250015258789,36.467498779296875,33.81400680541992,85063200,0.0,0.0,0.0059305165299572415
2017-06-22,36.442501068115234,36.67499923706055,36.279998779296875,36.407501220703125,33.758384704589844,76425200,0.0,0.0,-0.001644942616536138
2017-06-23,36.282501220703125,36.790000915527344,36.27750015258789,36.56999969482422,33.90904998779297,141757600,0.0,0.0,0.004463047758995531
2017-06-26,36.79249954223633,37.06999969482422,36.345001220703125,36.45500183105469,33.80242156982422,102769600,0.0,0.0,-0.003144541590139993
2017-06-27,36.252498626708984,36.540000915527344,35.904998779296875,35.932498931884766,33.31793212890625,99047600,0.0,0.0,-0.014332980254600391
2017-06-28,36.122501373291016,36.52750015258789,35.790000915527344,36.45750045776367,33.80474853515625,88329600,0.0,0.0,0.014611243109762029
2017-06-29,36.1775016784668,36.282501220703125,35.56999969482422,35.91999816894531,33.30634689331055,125997600,0.0,0.0,-0.014743539397353511
2017-06-30,36.11249923706055,36.2400016784668,35.94499969482422,36.005001068115234,33.385162353515625,92096400,0.0,0.0,0.002366379610995617
2017-07-03,36.220001220703125,36.32500076293945,35.775001525878906,35.875,33.26462173461914,57111200,0.0,0.0,-0.0036106045440210677
2017-07-05,35.92250061035156,36.1974983215332,35.68000030517578,36.022499084472656,33.40140151977539,86278400,0.0,0.0,0.004111869548599101
2017-07-06,35.755001068115234,35.875,35.602500915527344,35.682498931884766,33.08612060546875,96515200,0.0,0.0,-0.009439152249943072
2017-07-07,35.724998474121094,36.1875,35.724998474121094,36.04499816894531,33.422237396240234,76806800,0.0,0.0,0.01015884560113478
2017-07-10,36.02750015258789,36.48749923706055,35.842498779296875,36.26499938964844,33.626243591308594,84362400,0.0,0.0,0.006103905990785252
2017-07-11,36.182498931884766,36.462501525878906,36.095001220703125,36.38249969482422,33.735191345214844,79127200,0.0,0.0,0.003239962073385172
2017-07-12,36.467498779296875,36.54499816894531,36.20500183105469,36.435001373291016,33.78386688232422,99538000,0.0,0.0,0.00144287123233644
2017-07-13,36.375,37.122501373291016,36.36000061035156,36.942501068115234,34.25444793701172,100797600,0.0,0.0,0.01392916495694907
2017-07-14,36.99250030517578,37.33250045776367,36.83250045776367,37.2599983215332,34.54884338378906,80528400,0.0,0.0,0.008594371373863208
2017-07-17,37.20500183105469,37.724998474121094,37.14250183105469,37.38999938964844,34.66938781738281,95174000,0.0,0.0,0.0034891018565996745
2017-07-18,37.29999923706055,37.532501220703125,37.16749954223633,37.52000045776367,34.7899284362793,71475200,0.0,0.0,0.003476860322178643
2017-07-19,37.619998931884766,37.85499954223633,37.48749923706055,37.755001068115234,35.00782775878906,83692000,0.0,0.0,0.006263287460015032
2017-07-20,37.875,37.935001373291016,37.54750061035156,37.584999084472656,34.85021209716797,68974800,0.0,0.0,-0.004502297677739353
2017-07-21,37.497501373291016,37.61000061035156,37.220001220703125,37.567501068115234,34.83396911621094,105010400,0.0,0.0,-0.00046607983078394977
2017-07-24,37.64500045776367,38.11000061035156,37.474998474121094,38.022499084472656,35.25587463378906,85972800,0.0,0.0,0.012111899053782516
2017-07-25,37.95000076293945,38.459999084472656,37.95000076293945,38.185001373291016,35.40653610229492,75415600,0.0,0.0,0.004273372028656741
2017-07-26,38.337501525878906,38.48249816894531,38.26499938964844,38.3650016784668,35.573448181152344,63124000,0.0,0.0,0.00471416007415093
2017-07-27,38.4375,38.497501373291016,36.82500076293945,37.63999938964844,34.901187896728516,129905200,0.0,0.0,-0.018897810552422234
2017-07-28,37.47249984741211,37.557498931884766,37.29750061035156,37.375,34.65547180175781,68854800,0.0,0.0,-0.007040336154109372
2017-07-31,37.474998474121094,37.58250045776367,37.032501220703125,37.182498931884766,34.476985931396484,79383600,0.0,0.0,-0.005150294054062643
2017-08-01,37.275001525878906,37.55500030517578,37.102500915527344,37.51250076293945,34.782962799072266,141474400,0.0,0.0,0.008874814877513515
2017-08-02,39.81999969482422,39.9375,39.040000915527344,39.28499984741211,36.4265022277832,279747200,0.0,0.0,0.04725127753506886
2017-08-03,39.26250076293945,39.3025016784668,38.755001068115234,38.89250183105469,36.06257629394531,108389200,0.0,0.0,-0.009990691161127163
2017-08-04,39.01750183105469,39.349998474121094,38.92250061035156,39.09749984741211,36.25263595581055,82239600,0.0,0.0,0.0052702741012196075
2017-08-07,39.26499938964844,39.72999954223633,39.16749954223633,39.70249938964844,36.81361389160156,87481200,0.0,0.0,0.015474128184080449
2017-08-08,39.650001525878906,40.45750045776367,39.567501068115234,40.02000045776367,37.1080207824707,144823600,0.0,0.0,0.007997228735435513
2017-08-09,39.814998626708984,40.317501068115234,39.77750015258789,40.26499938964844,37.335182189941406,104526000,0.0,0.0,0.0061216255321816515
2017-08-10,39.974998474121094,40.0,38.657501220703125,38.83000183105469,36.14598846435547,163217200,0.1575,0.0,-0.031851825967687986
2017-08-11,39.150001525878906,39.64250183105469,39.01750183105469,39.369998931884766,36.648677825927734,105028400,0.0,0.0,0.013907196425627655
2017-08-14,39.83000183105469,40.0525016784668,39.6875,39.962501525878906,37.20022201538086,88490800,0.0,0.0,0.015049497612787732
2017-08-15,40.165000915527344,40.54999923706055,40.03499984741211,40.400001525878906,37.60747528076172,117862000,0.0,0.0,0.010947603087220203
2017-08-16,40.48500061035156,40.627498626708984,40.037498474121094,40.23749923706055,37.45621109008789,110686400,0.0,0.0,-0.004022184141438734
2017-08-17,40.130001068115234,40.1775016784668,39.459999084472656,39.46500015258789,36.73710250854492,111762400,0.0,0.0,-0.019198647183331086
2017-08-18,39.46500015258789,39.875,39.18000030517578,39.375,36.653324127197266,109712400,0.0,0.0,-0.002280484187019649
2017-08-21,39.375,39.47249984741211,38.77750015258789,39.3025016784668,36.58583450317383,105474000,0.0,0.0,-0.0018412961342668677
2017-08-22,39.557498931884766,40.0,39.505001068115234,39.94499969482422,37.183929443359375,86418400,0.0,0.0,0.0163477189548229
2017-08-23,39.76750183105469,40.11750030517578,39.720001220703125,39.994998931884766,37.23046112060547,77596400,0.0,0.0,0.0012513921455497012
2017-08-24,40.10749816894531,40.185001373291016,39.63750076293945,39.817501068115234,37.06523513793945,79275600,0.0,0.0,-0.004437924691041983
2017-08-25,39.912498474121094,40.13999938964844,39.817501068115234,39.96500015258789,37.202537536621094,101920400,0.0,0.0,0.0037043444664701664
2017-08-28,40.03499984741211,40.5,39.98249816894531,40.36750030517578,37.57721710205078,103864000,0.0,0.0,0.010071344328619114
2017-08-29,40.025001525878906,40.779998779296875,40.0,40.727500915527344,37.912330627441406,118067600,0.0,0.0,0.00891799742595456
2017-08-30,40.95000076293945,40.97249984741211,40.65250015258789,40.837501525878906,38.014739990234375,109078400,0.0,0.0,0.002701215174538696
2017-08-31,40.90999984741211,41.130001068115234,40.869998931884766,41.0,38.166011810302734,107140400,0.0,0.0,0.003979293824111885
2017-09-01,41.20000076293945,41.23500061035156,40.907501220703125,41.01250076293945,38.17763900756836,66364400,0.0,0.0,0.0003046479502080146
2017-09-05,40.9375,41.0625,40.13999938964844,40.52000045776367,37.719181060791016,117874000,0.0,0.0,-0.012008546329605685
2017-09-06,40.6775016784668,40.747501373291016,40.130001068115234,40.477500915527344,37.67961120605469,86606800,0.0,0.0,-0.0010490645242947627
2017-09-07,40.522499084472656,40.560001373291016,40.09000015258789,40.314998626708984,37.52833557128906,87714000,0.0,0.0,-0.004014787571409939
2017-09-08,40.21500015258789,40.287498474121094,39.63249969482422,39.657501220703125,36.91629409790039,114446000,0.0,0.0,-0.016308782792299303
2017-09-11,40.125,40.51250076293945,39.97249984741211,40.375,37.58420181274414,126323200,0.0,0.0,0.018092490895009306
2017-09-12,40.65250015258789,40.9900016784668,39.692501068115234,40.21500015258789,37.43526840209961,286856000,0.0,0.0,-0.003962659933196444
2017-09-13,39.967498779296875,39.9900016784668,39.477500915527344,39.912498474121094,37.15367126464844,179629600,0.0,0.0,-0.007522241711385158
2017-09-14,39.747501373291016,39.849998474121094,39.522499084472656,39.56999969482422,36.834842681884766,95042800,0.0,0.0,-0.008581348004417455
2017-09-15,39.61750030517578,40.24250030517578,39.5,39.970001220703125,37.20719528198242,196458400,0.0,0.0,0.010108706132218037
2017-09-18,40.02750015258789,40.125,39.5,39.66749954223633,36.92559814453125,113077600,0.0,0.0,-0.007568351640510063
2017-09-19,39.877498626708984,39.942501068115234,39.61000061035156,39.682498931884766,36.93958282470703,83242400,0.0,0.0,0.00037872589418985747
2017-09-20,39.474998474121094,39.564998626708984,38.45750045776367,39.01750183105469,36.32053756713867,211805600,0.0,0.0,-0.016758317507427622
2017-09-21,38.95000076293945,38.95000076293945,38.1875,38.34749984741211,35.69684600830078,150046800,0.0,0.0,-0.017171870258940847
2017-09-22,37.8849983215332,38.067501068115234,37.63999938964844,37.97249984741211,35.347774505615234,186581600,0.0,0.0,-0.009778777167158581
2017-09-25,37.497501373291016,37.95750045776367,37.290000915527344,37.63750076293945,35.03593063354492,177549200,0.0,0.0,-0.008822164236132468
2017-09-26,37.94499969482422,38.47999954223633,37.92250061035156,38.28499984741211,35.63866424560547,146640000,0.0,0.0,0.017203299617321033
2017-09-27,38.45000076293945,38.68000030517578,38.3849983215332,38.557498931884766,35.89232635498047,102016800,0.0,0.0,0.007117609897690835
2017-09-28,38.47249984741211,38.56999969482422,38.17499923706055,38.31999969482422,35.671241760253906,88022000,0.0,0.0,-0.006159661888170853
2017-09-29,38.3025016784668,38.532501220703125,38.0,38.529998779296875,35.866737365722656,105199200,0.0,0.0,0.005480482198592096
2017-10-02,38.564998626708984,38.61249923706055,38.18000030517578,38.45249938964844,35.794586181640625,74795200,0.0,0.0,-0.0020116461485282233
2017-10-03,38.502498626708984,38.772499084472656,38.477500915527344,38.619998931884766,35.95051193237305,64921200,0.0,0.0,0.0043561266483476135
2017-10-04,38.407501220703125,38.46500015258789,38.1150016784668,38.369998931884766,35.71780014038086,80655200,0.0,0.0,-0.006473114831575866
2017-10-05,38.54499816894531,38.86000061035156,38.51250076293945,38.84749984741211,36.162288665771484,85135200,0.0,0.0,0.012444454127736426
2017-10-06,38.74250030517578,38.872501373291016,38.63999938964844,38.82500076293945,36.14133834838867,69630400,0.0,0.0,-0.0005793415780854794
2017-10-09,38.95249938964844,39.182498931884766,38.872501373291016,38.959999084472656,36.26701354980469,65051600,0.0,0.0,0.003477325609930526
2017-10-10,39.01499938964844,39.5,38.775001525878906,38.974998474121094,36.280975341796875,62468000,0.0,0.0,0.0003849721999582556
2017-10-11,38.99250030517578,39.244998931884766,38.9375,39.13750076293945,36.43224334716797,67622400,0.0,0.0,0.004169347817858382
2017-10-12,39.087501525878906,39.342498779296875,38.932498931884766,39.0,36.304229736328125,64500400,0.0,0.0,-0.0035137449434552437
2017-10-13,39.182498931884766,39.31999969482422,39.102500915527344,39.247501373291016,36.534645080566406,65576800,0.0,0.0,0.006346790605715968
2017-10-16,39.474998474121094,40.0,39.412498474121094,39.970001220703125,37.20719528198242,96486000,0.0,0.0,0.018408559873317687
2017-10-17,39.94499969482422,40.217498779296875,39.807498931884766,40.11750030517578,37.34451675415039,75989200,0.0,0.0,0.0036907235583667486
2017-10-18,40.10499954223633,40.1775016784668,39.900001525878906,39.939998626708984,37.179283142089844,65496800,0.0,0.0,-0.004424574915464219
2017-10-19,39.1875,39.27000045776367,38.755001068115234,38.994998931884766,36.299591064453125,170336800,0.0,0.0,-0.0236608133157048
2017-10-20,39.15250015258789,39.4375,38.9900016784668,39.0625,36.362430572509766,95896400,0.0,0.0,0.0017311354264311074
2017-10-23,39.22249984741211,39.42250061035156,38.875,39.04249954223633,36.34381103515625,87937200,0.0,0.0,-0.0005120542565598685
2017-10-24,39.0724983215332,39.35499954223633,39.04999923706055,39.275001525878906,36.56024169921875,71028800,0.0,0.0,0.0059550899561178205
2017-10-25,39.227500915527344,39.38750076293945,38.817501068115234,39.102500915527344,36.399658203125,84828400,0.0,0.0,-0.004392298536067485
2017-10-26,39.307498931884766,39.45750045776367,39.19499969482422,39.352500915527344,36.63238525390625,68002000,0.0,0.0,0.006393660332812301
2017-10-27,39.8224983215332,40.900001525878906,39.67499923706055,40.76250076293945,37.94492721557617,177816800,0.0,0.0,0.0358300982197155
2017-10-30,40.97249984741211,42.01750183105469,40.93000030517578,41.68000030517578,38.79899978637695,178803200,0.0,0.0,0.02250821475947351
2017-10-31,41.974998474121094,42.412498474121094,41.73500061035156,42.2599983215332,39.33890151977539,144187200,0.0,0.0,0.0139153518485291
2017-11-01,42.467498779296875,42.48500061035156,41.40250015258789,41.72249984741211,38.838565826416016,134551200,0.0,0.0,-0.01271859848724699
2017-11-02,41.650001525878906,42.125,41.31999969482422,42.02750015258789,39.122474670410156,165573600,0.0,0.0,0.00730997239349751
2017-11-03,43.5,43.564998626708984,42.779998779296875,43.125,40.14411926269531,237594400,0.0,0.0,0.02611400738046532
2017-11-06,43.092498779296875,43.747501373291016,42.93000030517578,43.5625,40.55137634277344,140105200,0.0,0.0,0.010144875203591086
2017-11-07,43.477500915527344,43.8125,43.400001525878906,43.70249938964844,40.681697845458984,97446000,0.0,0.0,0.0032137380882948374
2017-11-08,43.665000915527344,44.060001373291016,43.58250045776367,44.060001373291016,41.01449203491211,97638000,0.0,0.0,0.008180440027782065
2017-11-09,43.77750015258789,44.025001525878906,43.28499984741211,43.970001220703125,40.93071365356445,117930400,0.0,0.0,-0.002042653149924245
2017-11-10,43.77750015258789,43.845001220703125,43.567501068115234,43.66749954223633,40.79523468017578,100582000,0.1575,0.0,-0.0033099587399173513
2017-11-13,43.375,43.625,43.349998474121094,43.49250030517578,40.63174819946289,67928400,0.0,0.0,-0.004007489649087259
2017-11-14,43.2599983215332,43.369998931884766,42.79499816894531,42.834999084472656,40.01750946044922,99130000,0.0,0.0,-0.015117211693633004
2017-11-15,42.49250030517578,42.58000183105469,42.095001220703125,42.27000045776367,39.489688873291016,116632400,0.0,0.0,-0.013189741047724857
2017-11-16,42.79499816894531,42.967498779296875,42.57500076293945,42.775001525878906,39.96146011352539,94550000,0.0,0.0,0.01194669428133821
2017-11-17,42.7599983215332,42.84749984741211,42.40999984741211,42.537498474121094,39.739566802978516,87598000,0.0,0.0,-0.005552682757749672
2017-11-20,42.5724983215332,42.63999938964844,42.38999938964844,42.494998931884766,39.69987487792969,65049600,0.0,0.0,-0.0009988011506419925
2017-11-21,42.69499969482422,43.42499923706055,42.69499969482422,43.28499984741211,40.437904357910156,100525200,0.0,0.0,0.018590221814295038
2017-11-22,43.34000015258789,43.75,43.26250076293945,43.7400016784668,40.862972259521484,102355600,0.0,0.0,0.010511620430403879
2017-11-24,43.775001525878906,43.875,43.662498474121094,43.74250030517578,40.865318298339844,56106800,0.0,0.0,5.741233905998122e-05
2017-11-27,43.76250076293945,43.77000045776367,43.334999084472656,43.522499084472656,40.65978240966797,82867200,0.0,0.0,-0.005029592261373006
2017-11-28,43.57500076293945,43.717498779296875,42.96500015258789,43.26750183105469,40.42156219482422,105715200,0.0,0.0,-0.005858865953672798
2017-11-29,43.157501220703125,43.22999954223633,41.790000915527344,42.369998931884766,39.583099365234375,166665600,0.0,0.0,-0.020742959550860807
2017-11-30,42.60749816894531,43.03499984741211,42.11000061035156,42.962501525878906,40.13662338256836,166108800,0.0,0.0,0.01398384730378499
2017-12-01,42.48749923706055,42.91749954223633,42.125,42.76250076293945,39.94977569580078,159037200,0.0,0.0,-0.00465529162696654
2017-12-04,43.119998931884766,43.154998779296875,42.407501220703125,42.45000076293945,39.65782928466797,130169600,0.0,0.0,-0.007307836052844241
2017-12-05,42.26499938964844,42.880001068115234,42.099998474121094,42.40999984741211,39.62046432495117,109400800,0.0,0.0,-0.0009421836845528997
2017-12-06,41.875,42.54999923706055,41.6150016784668,42.252498626708984,39.47332763671875,114240000,0.0,0.0,-0.003713653808437578
2017-12-07,42.25749969482422,42.61000061035156,42.227500915527344,42.33000183105469,39.54573059082031,102693200,0.0,0.0,0.0018342247394975697
2017-12-08,42.622501373291016,42.75,42.20500183105469,42.342498779296875,39.55739212036133,93420800,0.0,0.0,0.0002948871943138087
2017-12-11,42.29999923706055,43.22249984741211,42.1974983215332,43.16749954223633,40.32814407348633,141095200,0.0,0.0,0.019484397524989205
2017-12-12,43.037498474121094,43.09749984741211,42.8650016784668,42.92499923706055,40.101593017578125,77636800,0.0,0.0,-0.005617691096703625
2017-12-13,43.125,43.3849983215332,43.0,43.067501068115234,40.23472213745117,95273600,0.0,0.0,0.0033197962937454584
2017-12-14,43.099998474121094,43.282501220703125,42.912498474121094,43.05500030517578,40.22303009033203,81906000,0.0,0.0,-0.00029059594544234013
2017-12-15,43.407501220703125,43.54249954223633,43.1150016784668,43.49250030517578,40.63174819946289,160677200,0.0,0.0,0.010161295859933306
2017-12-18,43.720001220703125,44.29999923706055,43.71500015258789,44.10499954223633,41.203983306884766,117684400,0.0,0.0,0.014083447864776888
2017-12-19,43.75749969482422,43.84749984741211,43.522499084472656,43.6349983215332,40.76487731933594,109745600,0.0,0.0,-0.010656881988287181
2017-12-20,43.717498779296875,43.85499954223633,43.3125,43.587501525878906,40.72052764892578,93902400,0.0,0.0,-0.0010879382774229285
2017-12-21,43.54249954223633,44.005001068115234,43.525001525878906,43.752498626708984,40.874664306640625,83799600,0.0,0.0,0.0037852323291029943
2017-12-22,43.66999816894531,43.85499954223633,43.625,43.752498626708984,40.874664306640625,65397600,0.0,0.0,0.0
2017-12-26,42.70000076293945,42.86750030517578,42.41999816894531,42.64250183105469,39.837677001953125,132742000,0.0,0.0,-0.02536992834749785
2017-12-27,42.525001525878906,42.69499969482422,42.4275016784668,42.650001525878906,39.84467697143555,85992800,0.0,0.0,0.00017571229070600936
2017-12-28,42.75,42.962501525878906,42.619998931884766,42.77000045776367,39.9567756652832,65920800,0.0,0.0,0.0028133919601862623
2017-12-29,42.630001068115234,42.647499084472656,42.30500030517578,42.307498931884766,39.52471160888672,103999600,0.0,0.0,-0.010813286337613248
2018-01-02,42.540000915527344,43.07500076293945,42.314998626708984,43.064998626708984,40.23237991333008,102223600,0.0,0.0,0.01790445206649527
2018-01-03,43.13249969482422,43.63750076293945,42.9900016784668,43.057498931884766,40.22536087036133,118071600,0.0,0.0,-0.0001744625345025952
2018-01-04,43.1349983215332,43.36750030517578,43.02000045776367,43.25749969482422,40.41220474243164,89738400,0.0,0.0,0.004644927180951219
2018-01-05,43.36000061035156,43.842498779296875,43.26250076293945,43.75,40.872318267822266,94640000,0.0,0.0,0.011385509113476244
2018-01-08,43.587501525878906,43.90250015258789,43.48249816894531,43.587501525878906,40.72052764892578,82271200,0.0,0.0,-0.003713775614631265
2018-01-09,43.63750076293945,43.76499938964844,43.352500915527344,43.58250045776367,40.71583938598633,86336000,0.0,0.0,-0.00011513266674423317
2018-01-10,43.290000915527344,43.57500076293945,43.25,43.5724983215332,40.706485748291016,95839600,0.0,0.0,-0.00022972970314183438
2018-01-11,43.647499084472656,43.872501373291016,43.622501373291016,43.81999969482422,40.93771743774414,74670800,0.0,0.0,0.005680463081066511
2018-01-12,44.04499816894531,44.34000015258789,43.912498474121094,44.272499084472656,41.36045455932617,101672400,0.0,0.0,0.01032634812199551
2018-01-16,44.474998474121094,44.84749984741211,44.03499984741211,44.04750061035156,41.15024948120117,118263600,0.0,0.0,-0.005082271951907358
2018-01-17,44.037498474121094,44.8125,43.76750183105469,44.775001525878906,41.82990264892578,137547200,0.0,0.0,0.01651638024783053
2018-01-18,44.842498779296875,45.025001525878906,44.5625,44.814998626708984,41.86727523803711,124773600,0.0,0.0,0.0008934419337522925
2018-01-19,44.65250015258789,44.89500045776367,44.352500915527344,44.6150016784668,41.680416107177734,129700400,0.0,0.0,-0.004463130924976189
2018-01-22,44.32500076293945,44.44499969482422,44.150001525878906,44.25,41.33942413330078,108434400,0.0,0.0,-0.00818110771735392
2018-01-23,44.32500076293945,44.86000061035156,44.20500183105469,44.2599983215332,41.34877395629883,130756400,0.0,0.0,0.0002261720668361722
2018-01-24,44.3125,44.32500076293945,43.29999923706055,43.55500030517578,40.69015121459961,204420400,0.0,0.0,-0.015928470875468115
2018-01-25,43.627498626708984,43.73749923706055,42.63249969482422,42.77750015258789,39.963783264160156,166116000,0.0,0.0,-0.017851198109552158
2018-01-26,43.0,43.0,42.51499938964844,42.877498626708984,40.057212829589844,156572000,0.0,0.0,0.0023378558734572508
2018-01-29,42.540000915527344,42.540000915527344,41.76750183105469,41.9900016784668,39.228092193603516,202561600,0.0,0.0,-0.020698410533791956
2018-01-30,41.38249969482422,41.842498779296875,41.17499923706055,41.74250030517578,38.99687194824219,184192800,0.0,0.0,-0.005894251604696477
2018-01-31,41.717498779296875,42.11000061035156,41.625,41.85749816894531,39.10430145263672,129915600,0.0,0.0,0.0027548236314214325
2018-02-01,41.79249954223633,42.154998779296875,41.689998626708984,41.94499969482422,39.18605041503906,188923200,0.0,0.0,0.0020905363186543013
2018-02-02,41.5,41.70000076293945,40.025001525878906,40.125,37.48576736450195,346375200,0.0,0.0,-0.04339000824345807
2018-02-05,39.775001525878906,40.970001220703125,39.0,39.122501373291016,36.5491943359375,290954000,0.0,0.0,-0.024984763402532417
2018-02-06,38.70750045776367,40.93000030517578,38.5,40.75749969482422,38.07665252685547,272975200,0.0,0.0,0.04179184298506078
2018-02-07,40.772499084472656,40.849998474121094,39.76750183105469,39.8849983215332,37.261539459228516,206434400,0.0,0.0,-0.021407161962361365
2018-02-08,40.0724983215332,40.25,38.75749969482422,38.787498474121094,36.23624038696289,217562000,0.0,0.0,-0.027516283201006853
2018-02-09,39.26750183105469,39.47249984741211,37.560001373291016,39.102500915527344,36.679447174072266,282690400,0.1575,0.0,0.012231036729429379
2018-02-12,39.625,40.97249984741211,39.377498626708984,40.6775016784668,38.1568603515625,243278000,0.0,0.0,0.04027904702267637
2018-02-13,40.48749923706055,41.1875,40.412498474121094,41.084999084472656,38.53910446166992,130196800,0.0,0.0,0.010017703411275836
2018-02-14,40.7599983215332,41.8849983215332,40.720001220703125,41.842498779296875,39.24966812133789,162579600,0.0,0.0,0.018437472006509026
2018-02-15,42.4474983215332,43.272499084472656,42.25,43.247501373291016,40.56759262084961,204588800,0.0,0.0,0.03357797817391561
2018-02-16,43.09000015258789,43.70500183105469,42.942501068115234,43.10749816894531,40.436279296875,160704400,0.0,0.0,-0.0032369020563256523
2018-02-20,43.01250076293945,43.564998626708984,42.85499954223633,42.962501525878906,40.30026626586914,135722000,0.0,0.0,-0.0033636386277600128
2018-02-21,43.20750045776367,43.529998779296875,42.752498626708984,42.76750183105469,40.11733627319336,149886400,0.0,0.0,-0.004539175782833693
2018-02-22,42.95000076293945,43.48749923706055,42.9275016784668,43.125,40.45267868041992,123967600,0.0,0.0,0.008359039716469008
2018-02-23,43.41749954223633,43.912498474121094,43.3849983215332,43.875,41.15620803833008,135249600,0.0,0.0,0.017391415868108773
2018-02-26,44.087501525878906,44.84749984741211,44.0525016784668,44.74250030517578,41.96996307373047,152648800,0.0,0.0,0.019772352074868493
2018-02-27,44.775001525878906,45.119998931884766,44.540000915527344,44.59749984741211,41.83393859863281,155712400,0.0,0.0,-0.0032409958250069204
2018-02-28,44.814998626708984,45.154998779296875,44.51250076293945,44.529998779296875,41.77062225341797,151128400,0.0,0.0,-0.0015135162343263842
2018-03-01,44.6349983215332,44.94499969482422,43.165000915527344,43.75,41.038963317871094,195208000,0.0,0.0,-0.01751611290605104
2018-03-02,43.20000076293945,44.07500076293945,43.11249923706055,44.0525016784668,41.322723388671875,153816000,0.0,0.0,0.00691440640454033
2018-03-05,43.8025016784668,44.435001373291016,43.630001068115234,44.20500183105469,41.465755462646484,113605600,0.0,0.0,0.003461341902112336
2018-03-06,44.477500915527344,44.5625,44.032501220703125,44.16749954223633,41.43059158325195,95154000,0.0,0.0,-0.0008480221571317559
2018-03-07,43.73500061035156,43.962501525878906,43.567501068115234,43.75749969482422,41.04599380493164,126814000,0.0,0.0,-0.009282941991004101
2018-03-08,43.869998931884766,44.279998779296875,43.76750183105469,44.23500061035156,41.49391555786133,95096400,0.0,0.0,0.010912678958594713
2018-03-09,44.4900016784668,45.0,44.34749984741211,44.994998931884766,42.20682144165039,128740800,0.0,0.0,0.017180973986293147
2018-03-12,45.0724983215332,45.59749984741211,45.0525016784668,45.43000030517578,42.614864349365234,128828400,0.0,0.0,0.009667700475359142
2018-03-13,45.647499084472656,45.875,44.810001373291016,44.99250030517578,42.204463958740234,126774000,0.0,0.0,-0.009630451648524718
2018-03-14,45.08000183105469,45.130001068115234,44.45249938964844,44.61000061035156,41.84568405151367,117473600,0.0,0.0,-0.008500994292388375
2018-03-15,44.625,45.060001373291016,44.51750183105469,44.662498474121094,41.89493179321289,90975200,0.0,0.0,0.0011768893929082758
2018-03-16,44.662498474121094,44.779998779296875,44.404998779296875,44.505001068115234,41.7471809387207,157618800,0.0,0.0,-0.003526699965080815
2018-03-19,44.33000183105469,44.36750030517578,43.415000915527344,43.82500076293945,41.10932540893555,133787200,0.0,0.0,-0.015279008437035335
2018-03-20,43.810001373291016,44.20000076293945,43.73500061035156,43.810001373291016,41.095237731933594,78597600,0.0,0.0,-0.0003426881093722134
2018-03-21,43.7599983215332,43.772499084472656,42.814998626708984,42.817501068115234,40.16424560546875,148219600,0.0,0.0,-0.022654501539515426
2018-03-22,42.5,43.16999816894531,42.150001525878906,42.212501525878906,39.596736907958984,165963200,0.0,0.0,-0.014129698913913913
2018-03-23,42.09749984741211,42.47999954223633,41.23500061035156,41.23500061035156,38.6798095703125,164115200,0.0,0.0,-0.023156638886124514
2018-03-26,42.01750183105469,43.275001525878906,41.61000061035156,43.192501068115234,40.51599884033203,150164800,0.0,0.0,0.04747151783882719
2018-03-27,43.41999816894531,43.787498474121094,41.72999954223633,42.084999084472656,39.47712326049805,163690400,0.0,0.0,-0.025641119793888056
2018-03-28,41.8125,42.505001068115234,41.29750061035156,41.619998931884766,39.040950775146484,166674000,0.0,0.0,-0.011048740367260002
2018-03-29,41.95249938964844,42.9375,41.724998474121094,41.94499969482422,39.34580993652344,153594000,0.0,0.0,0.0078087022811705875
2018-04-02,41.65999984741211,42.23500061035156,41.11750030517578,41.66999816894531,39.08785629272461,150347200,0.0,0.0,-0.006556063891300812
2018-04-03,41.90999984741211,42.1875,41.220001220703125,42.09749984741211,39.48887634277344,121112000,0.0,0.0,0.01025945365347325
2018-04-04,41.220001220703125,43.002498626708984,41.192501068115234,42.90250015258789,40.24397277832031,138422000,0.0,0.0,0.019121750363126244
2018-04-05,43.14500045776367,43.557498931884766,43.02000045776367,43.20000076293945,40.52304458618164,107732800,0.0,0.0,0.006934499468990385
2018-04-06,42.74250030517578,43.119998931884766,42.04999923706055,42.095001220703125,39.48652267456055,140021200,0.0,0.0,-0.02557857935419161
2018-04-09,42.470001220703125,43.272499084472656,42.462501525878906,42.51250076293945,39.878150939941406,116070800,0.0,0.0,0.009918023640840046
2018-04-10,43.25,43.5,42.88249969482422,43.3125,40.62858200073242,113634400,0.0,0.0,0.018818100716886388
2018-04-11,43.057498931884766,43.47999954223633,42.92499923706055,43.11000061035156,40.438621520996094,89726400,0.0,0.0,-0.00467553801737175
2018-04-12,43.352500915527344,43.75,43.2599983215332,43.53499984741211,40.8372802734375,91557200,0.0,0.0,0.009858366518117334
2018-04-13,43.69499969482422,43.959999084472656,43.462501525878906,43.682498931884766,40.97564697265625,100497200,0.0,0.0,0.003388244718852018
2018-04-16,43.75749969482422,44.04750061035156,43.70750045776367,43.95500183105469,41.231266021728516,86313600,0.0,0.0,0.0062383163649093465
2018-04-17,44.122501373291016,44.73500061035156,44.102500915527344,44.560001373291016,41.798770904541016,106421600,0.0,0.0,0.01376394512148682
2018-04-18,44.45249938964844,44.70500183105469,44.220001220703125,44.459999084472656,41.7049560546875,83018000,0.0,0.0,-0.002244440394378322
2018-04-19,43.439998626708984,43.84749984741211,43.165000915527344,43.20000076293945,40.52304458618164,139235200,0.0,0.0,-0.028339832487918826
2018-04-20,42.650001525878906,42.80500030517578,41.35749816894531,41.43000030517578,38.86273193359375,261964400,0.0,0.0,-0.040972060948107014
2018-04-23,41.70750045776367,41.72999954223633,41.022499084472656,41.310001373291016,38.750160217285156,146062000,0.0,0.0,-0.0028966495845158535
2018-04-24,41.41749954223633,41.58250045776367,40.30500030517578,40.73500061035156,38.21080017089844,134768000,0.0,0.0,-0.013918911389329658
2018-04-25,40.654998779296875,41.35499954223633,40.602500915527344,40.912498474121094,38.37729263305664,113528400,0.0,0.0,0.004357209517036109
2018-04-26,41.029998779296875,41.432498931884766,40.842498779296875,41.05500030517578,38.51096725463867,111852000,0.0,0.0,0.0034831696665045264
2018-04-27,41.0,41.08250045776367,40.157501220703125,40.58000183105469,38.065399169921875,142623200,0.0,0.0,-0.011569901160120244
2018-04-30,40.532501220703125,41.814998626708984,40.459999084472656,41.314998626708984,38.754844665527344,169709600,0.0,0.0,0.018112130980889596
2018-05-01,41.602500915527344,42.29999923706055,41.317501068115234,42.275001525878906,39.655364990234375,214277600,0.0,0.0,0.02323632909585749
2018-05-02,43.807498931884766,44.4375,43.45000076293945,44.14250183105469,41.40715026855469,266157600,0.0,0.0,0.044175240317463116
2018-05-03,43.970001220703125,44.375,43.61000061035156,44.22249984741211,41.4821662902832,136272800,0.0,0.0,0.0018116683046764948
2018-05-04,44.5625,46.0625,44.54249954223633,45.95750045776367,43.10968017578125,224805200,0.0,0.0,0.03923406203304469
2018-05-07,46.29499816894531,46.91749954223633,46.1875,46.290000915527344,43.421566009521484,169805600,0.0,0.0,0.007234705348508896
2018-05-08,46.247501373291016,46.55500030517578,45.91749954223633,46.51250076293945,43.63028335571289,113611200,0.0,0.0,0.004806766898864057
2018-05-09,46.63750076293945,46.849998474121094,46.30500030517578,46.84000015258789,43.937477111816406,92844800,0.0,0.0,0.0070408379794144604
2018-05-10,46.935001373291016,47.592498779296875,46.912498474121094,47.5099983215332,44.565975189208984,111957200,0.0,0.0,0.014304373366570644
2018-05-11,47.372501373291016,47.51499938964844,46.86249923706055,47.147499084472656,44.39646530151367,104848800,0.1825,0.0,-0.003803571827512897
2018-05-14,47.252498626708984,47.38249969482422,46.96500015258789,47.037498474121094,44.29289627075195,83115200,0.0,0.0,-0.002332821544650976
2018-05-15,46.69499969482422,46.76750183105469,46.275001525878906,46.61000061035156,43.890342712402344,94780800,0.0,0.0,-0.009088445151314906
2018-05-16,46.51750183105469,47.1150016784668,46.5,47.04499816894531,44.29995346069336,76732400,0.0,0.0,0.009332593982577242
2018-05-17,47.0,47.227500915527344,46.59000015258789,46.747501373291016,44.01982498168945,69176000,0.0,0.0,-0.006323448607061355
2018-05-18,46.79750061035156,46.95249938964844,46.532501220703125,46.57749938964844,43.85972595214844,73190800,0.0,0.0,-0.003636975603778736
2018-05-21,47.0,47.317501068115234,46.727500915527344,46.907501220703125,44.17047119140625,73603200,0.0,0.0,0.007084979044256645
2018-05-22,47.095001220703125,47.220001220703125,46.69499969482422,46.790000915527344,44.05982971191406,60962800,0.0,0.0,-0.0025048743313771382
2018-05-23,46.587501525878906,47.125,46.439998626708984,47.09000015258789,44.34232711791992,80233600,0.0,0.0,0.0064116772092168706
2018-05-24,47.192501068115234,47.209999084472656,46.5525016784668,47.037498474121094,44.29289627075195,92936000,0.0,0.0,-0.0011147553676313926
2018-05-25,47.057498931884766,47.412498474121094,46.912498474121094,47.14500045776367,44.39411544799805,69844000,0.0,0.0,0.0022852237213697446
2018-05-29,46.900001525878906,47.1875,46.717498779296875,46.974998474121094,44.234031677246094,90056400,0.0,0.0,-0.003605968249090763
2018-05-30,46.93000030517578,47.0,46.69499969482422,46.875,44.13987350463867,74762000,0.0,0.0,-0.0021286364601456054
2018-05-31,46.80500030517578,47.057498931884766,46.53499984741211,46.717498779296875,43.99156188964844,109931200,0.0,0.0,-0.0033600371549467045
2018-06-01,46.997501373291016,47.564998626708984,46.9375,47.560001373291016,44.784912109375,93770000,0.0,0.0,0.018034145314427708
2018-06-04,47.90999984741211,48.35499954223633,47.837501525878906,47.95750045776367,45.159202575683594,105064800,0.0,0.0,0.008357512579113546
2018-06-05,48.26750183105469,48.48500061035156,48.09000015258789,48.32749938964844,45.50761032104492,86264000,0.0,0.0,0.007715099591881103
2018-06-06,48.407501220703125,48.52000045776367,47.97999954223633,48.494998931884766,45.66534423828125,83734400,0.0,0.0,0.0034660997605358013
2018-06-07,48.53499984741211,48.54999923706055,48.084999084472656,48.3650016784668,45.542930603027344,85388800,0.0,0.0,-0.0026806681805605637
2018-06-08,47.79249954223633,48.0,47.442501068115234,47.92499923706055,45.128604888916016,106627200,0.0,0.0,-0.009097475911745256
2018-06-11,47.837501525878906,47.99250030517578,47.5525016784668,47.807498931884766,45.01796340942383,73234000,0.0,0.0,-0.0024516928844694474
2018-06-12,47.84749984741211,48.15250015258789,47.787498474121094,48.06999969482422,45.26514434814453,67644400,0.0,0.0,0.005490717926812216
2018-06-13,48.10499954223633,48.220001220703125,47.61000061035156,47.67499923706055,44.89319610595703,86553600,0.0,0.0,-0.008217100542677214
2018-06-14,47.88750076293945,47.89250183105469,47.55500030517578,47.70000076293945,44.91672897338867,86440400,0.0,0.0,0.0005241967485696275
2018-06-15,47.50749969482422,47.540000915527344,47.064998626708984,47.209999084472656,44.45532989501953,246876800,0.0,0.0,-0.010272321447149513
2018-06-18,46.970001220703125,47.30500030517578,46.79999923706055,47.185001373291016,44.4317741394043,73939600,0.0,0.0,-0.00052987472302779
2018-06-19,46.28499984741211,46.58250045776367,45.86249923706055,46.42250061035156,43.71377944946289,134314000,0.0,0.0,-0.01615948730043293
2018-06-20,46.587501525878906,46.79999923706055,46.432498931884766,46.625,43.90446472167969,82514800,0.0,0.0,0.004362131909395828
2018-06-21,46.8125,47.087501525878906,46.23500061035156,46.3650016784668,43.65962600708008,102847600,0.0,0.0,-0.005576624522168672
2018-06-22,46.529998779296875,46.537498474121094,46.17499923706055,46.22999954223633,43.53251266479492,108801600,0.0,0.0,-0.0029114620052984597
2018-06-25,45.849998474121094,46.22999954223633,45.182498931884766,45.54249954223633,42.885128021240234,126652400,0.0,0.0,-0.014871290534953063
2018-06-26,45.747501373291016,46.63249969482422,45.6349983215332,46.10749816894531,43.417152404785156,98276800,0.0,0.0,0.012405801453627907
2018-06-27,46.307498931884766,46.81999969482422,46.00749969482422,46.040000915527344,43.35358428955078,101141200,0.0,0.0,-0.0014641244695580147
2018-06-28,46.025001525878906,46.5525016784668,45.95000076293945,46.375,43.66905212402344,69460800,0.0,0.0,0.007276626365324335
2018-06-29,46.5724983215332,46.79750061035156,45.727500915527344,46.27750015258789,43.577239990234375,90950800,0.0,0.0,-0.002102453094889878
2018-07-02,45.95500183105469,46.82500076293945,45.85499954223633,46.79499816894531,44.06454086303711,70925200,0.0,0.0,0.01118246297635972
2018-07-03,46.9474983215332,46.98749923706055,45.8849983215332,45.97999954223633,43.29710388183594,55819200,0.0,0.0,-0.017416202828177574
2018-07-05,46.314998626708984,46.602500915527344,46.06999969482422,46.349998474121094,43.6455078125,66416800,0.0,0.0,0.008046818364916719
2018-07-06,46.35499954223633,47.10749816894531,46.29999923706055,46.99250030517578,44.25050735473633,69940800,0.0,0.0,0.013861668074418798
2018-07-09,47.375,47.66999816894531,47.32500076293945,47.64500045776367,44.86494064331055,79026400,0.0,0.0,0.013885338842526407
2018-07-10,47.6775016784668,47.81999969482422,47.54499816894531,47.587501525878906,44.810791015625,63756400,0.0,0.0,-0.001206947494170385
2018-07-11,47.125,47.44499969482422,46.90250015258789,46.970001220703125,44.229339599609375,75326000,0.0,0.0,-0.01297570078182464
2018-07-12,47.38249969482422,47.852500915527344,47.32749938964844,47.75749969482422,44.97088623046875,72164400,0.0,0.0,0.016765943999442534
2018-07-13,47.77000045776367,47.959999084472656,47.724998474121094,47.83250045776367,45.04150390625,50055600,0.0,0.0,0.0015702976236524613
2018-07-16,47.880001068115234,48.162498474121094,47.60499954223633,47.727500915527344,44.9426383972168,60172400,0.0,0.0,-0.0021949868556561114
2018-07-17,47.4375,47.967498779296875,47.29999923706055,47.86249923706055,45.069759368896484,62138000,0.0,0.0,0.0028285159975733887
2018-07-18,47.94499969482422,47.95000076293945,47.48249816894531,47.599998474121094,44.82256317138672,65573600,0.0,0.0,-0.005484746334819768
2018-07-19,47.42250061035156,48.13750076293945,47.42250061035156,47.970001220703125,45.17097854614258,81147200,0.0,0.0,0.007773213982066096
2018-07-20,47.94499969482422,48.10749816894531,47.54249954223633,47.86000061035156,45.06739807128906,82704800,0.0,0.0,-0.0022930757355125175
2018-07-23,47.66999816894531,47.9900016784668,47.38999938964844,47.90250015258789,45.107425689697266,63957600,0.0,0.0,0.0008881723845004519
2018-07-24,48.11249923706055,48.415000915527344,48.01250076293945,48.25,45.43463897705078,74791600,0.0,0.0,0.007254089151628396
2018-07-25,48.26499938964844,48.712501525878906,48.10749816894531,48.70500183105469,45.86310577392578,66839600,0.0,0.0,0.009430399504030795
2018-07-26,48.65250015258789,48.9900016784668,48.40250015258789,48.5525016784668,45.71949005126953,76304000,0.0,0.0,-0.0031313998525127618
2018-07-27,48.747501373291016,48.79750061035156,47.525001525878906,47.744998931884766,44.959102630615234,96096000,0.0,0.0,-0.01663158140656429
2018-07-30,47.974998474121094,48.04999923706055,47.26750183105469,47.477500915527344,44.70721435546875,84118000,0.0,0.0,-0.005602609047071105
2018-07-31,47.57500076293945,48.03499984741211,47.334999084472656,47.5724983215332,44.79667282104492,157492000,0.0,0.0,0.002000985005795375
2018-08-01,49.782501220703125,50.439998626708984,49.32749938964844,50.375,47.435646057128906,271742800,0.0,0.0,0.05891002768500764
2018-08-02,50.14500045776367,52.095001220703125,50.087501525878906,51.84749984741211,48.822227478027344,249616000,0.0,0.0,0.029230790263265582
2018-08-03,51.75749969482422,52.185001373291016,51.369998931884766,51.997501373291016,48.96348190307617,133789600,0.0,0.0,0.002893240074152814
2018-08-06,52.0,52.3125,51.76750183105469,52.26750183105469,49.21772384643555,101701600,0.0,0.0,0.005192480875086725
2018-08-07,52.33000183105469,52.375,51.689998626708984,51.77750015258789,48.75631332397461,102349600,0.0,0.0,-0.00937488543559195
2018-08-08,51.51250076293945,51.95249938964844,51.130001068115234,51.8125,48.789268493652344,90102000,0.0,0.0,0.0006759159466951381
2018-08-09,52.38249969482422,52.44499969482422,51.79999923706055,52.220001220703125,49.17300033569336,93970400,0.0,0.0,0.007865087013775085
2018-08-10,51.84000015258789,52.275001525878906,51.66749954223633,51.88249969482422,49.02653884887695,98444800,0.1825,0.0,-0.002978494007210175
2018-08-13,52.32749938964844,52.73749923706055,51.92499923706055,52.217498779296875,49.34309005737305,103563600,0.0,0.0,0.006456731719770348
2018-08-14,52.540000915527344,52.63999938964844,52.064998626708984,52.4375,49.55098342895508,82992000,0.0,0.0,0.004213221574496107
2018-08-15,52.30500030517578,52.685001373291016,52.08250045776367,52.560001373291016,49.66672897338867,115230400,0.0,0.0,0.0023358879365038554
2018-08-16,52.9375,53.45249938964844,52.86750030517578,53.33000183105469,50.394351959228516,114001600,0.0,0.0,0.014650108853145882
2018-08-17,53.36000061035156,54.48749923706055,53.290000915527344,54.39500045776367,51.40071487426758,141708000,0.0,0.0,0.019969756052290455
2018-08-20,54.525001525878906,54.79499816894531,53.77750015258789,53.8650016784668,50.899898529052734,121150800,0.0,0.0,-0.00974337315035212
2018-08-21,54.20000076293945,54.29750061035156,53.50749969482422,53.7599983215332,50.80067443847656,104639200,0.0,0.0,-0.001949396628355471
2018-08-22,53.525001525878906,54.09000015258789,53.459999084472656,53.76250076293945,50.80304718017578,76072400,0.0,0.0,4.670689366714775e-05
2018-08-23,53.662498474121094,54.26250076293945,53.650001525878906,53.872501373291016,50.906986236572266,75532800,0.0,0.0,0.0020459216949695325
2018-08-24,54.150001525878906,54.224998474121094,53.77750015258789,54.040000915527344,51.06526184082031,73905600,0.0,0.0,0.0031091136197400893
2018-08-27,54.287498474121094,54.685001373291016,54.08250045776367,54.48500061035156,51.48577117919922,82100400,0.0,0.0,0.008234743604952133
2018-08-28,54.752498626708984,55.1349983215332,54.72999954223633,54.92499923706055,51.90155029296875,91107200,0.0,0.0,0.008075612042837799
2018-08-29,55.037498474121094,55.872501373291016,54.852500915527344,55.744998931884766,52.676414489746094,109019200,0.0,0.0,0.014929500032339504
2018-08-30,55.8125,57.064998626708984,55.599998474121094,56.25749969482422,53.16069793701172,195175200,0.0,0.0,0.009193553736651872
2018-08-31,56.627498626708984,57.217498779296875,56.5,56.907501220703125,53.77492141723633,173360400,0.0,0.0,0.01155408984570494
2018-09-04,57.102500915527344,57.29499816894531,56.657501220703125,57.09000015258789,53.94736862182617,109560400,0.0,0.0,0.0032068332234618246
2018-09-05,57.247501373291016,57.41749954223633,56.275001525878906,56.717498779296875,53.595375061035156,133332000,0.0,0.0,-0.006524758663550512
2018-09-06,56.557498931884766,56.837501525878906,55.32500076293945,55.775001525878906,52.70477294921875,137160000,0.0,0.0,-0.01661714487121657
2018-09-07,55.462501525878906,56.342498779296875,55.1775016784668,55.32500076293945,52.27952575683594,150479200,0.0,0.0,-0.008068475938460828
2018-09-10,55.23749923706055,55.462501525878906,54.11750030517578,54.58250045776367,51.5778923034668,158066000,0.0,0.0,-0.01342080753816699
2018-09-11,54.502498626708984,56.07500076293945,54.13999938964844,55.962501525878906,52.881935119628906,142996000,0.0,0.0,0.025282979934301286
2018-09-12,56.23500061035156,56.25,54.959999084472656,55.26750183105469,52.225196838378906,197114800,0.0,0.0,-0.012418953273255484
2018-09-13,55.880001068115234,57.087501525878906,55.64250183105469,56.602500915527344,53.48671340942383,166825600,0.0,0.0,0.024155324391575528
2018-09-14,56.4375,56.709999084472656,55.630001068115234,55.959999084472656,52.87957763671875,127997200,0.0,0.0,-0.011351151229982093
2018-09-17,55.537498474121094,55.73749923706055,54.317501068115234,54.470001220703125,51.471595764160156,148780400,0.0,0.0,-0.026626193617342975
2018-09-18,54.4474983215332,55.462501525878906,54.279998779296875,54.560001373291016,51.556644439697266,126286800,0.0,0.0,0.0016523419232385983
2018-09-19,54.625,54.904998779296875,53.82500076293945,54.592498779296875,51.58735275268555,108495200,0.0,0.0,0.0005956228013286324
2018-09-20,55.060001373291016,55.56999969482422,54.787498474121094,55.00749969482422,51.9795036315918,106435200,0.0,0.0,0.007601686420822151
2018-09-21,55.19499969482422,55.34000015258789,54.3224983215332,54.415000915527344,51.41962432861328,384986800,0.0,0.0,-0.010771155241240837
2018-09-24,54.20500183105469,55.314998626708984,54.157501220703125,55.1974983215332,52.15904998779297,110773600,0.0,0.0,0.014380222898054518
2018-09-25,54.9375,55.70500183105469,54.92499923706055,55.54750061035156,52.489784240722656,98217600,0.0,0.0,0.006340879540694955
2018-09-26,55.25,55.9375,54.939998626708984,55.10499954223633,52.07163619995117,95938800,0.0,0.0,-0.007966274710786037
2018-09-27,55.95500183105469,56.61000061035156,55.8849983215332,56.23749923706055,53.141788482666016,120724800,0.0,0.0,0.020551539394797258
2018-09-28,56.1974983215332,56.459999084472656,56.005001068115234,56.435001373291016,53.328426361083984,91717600,0.0,0.0,0.003512073713492825
2018-10-01,56.98749923706055,57.35499954223633,56.587501525878906,56.814998626708984,53.68750762939453,94403200,0.0,0.0,0.006733393291585843
2018-10-02,56.8125,57.5,56.657501220703125,57.31999969482422,54.16472244262695,99152800,0.0,0.0,0.008888749623592984
2018-10-03,57.51250076293945,58.36750030517578,57.44499969482422,58.01750183105469,54.823814392089844,114619200,0.0,0.0,0.012168288135530059
2018-10-04,57.69499969482422,58.087501525878906,56.682498931884766,56.997501373291016,53.85995864868164,128168000,0.0,0.0,-0.01758096830904332
2018-10-05,56.9900016784668,57.102500915527344,55.14500045776367,56.0724983215332,52.985877990722656,134322000,0.0,0.0,-0.016228765856662553
2018-10-08,55.5525016784668,56.20000076293945,55.04999923706055,55.942501068115234,52.863037109375,118655600,0.0,0.0,-0.0023183702149687235
2018-10-09,55.90999984741211,56.817501068115234,55.5625,56.717498779296875,53.595375061035156,107564000,0.0,0.0,0.013853497485301958
2018-10-10,56.3650016784668,56.587501525878906,54.01250076293945,54.09000015258789,51.112518310546875,167962400,0.0,0.0,-0.0463259515893073
2018-10-11,53.630001068115234,54.875,53.08000183105469,53.61249923706055,50.66129684448242,212497600,0.0,0.0,-0.00882800302115705
2018-10-12,55.10499954223633,55.720001220703125,54.209999084472656,55.52750015258789,52.470882415771484,161351600,0.0,0.0,0.03571929034592314
2018-10-15,55.290000915527344,55.45750045776367,54.317501068115234,54.34000015258789,51.3487548828125,123164000,0.0,0.0,-0.021385718731913306
2018-10-16,54.73249816894531,55.747501373291016,54.189998626708984,55.537498474121094,52.48032760620117,116736000,0.0,0.0,0.022037004129333404
2018-10-17,55.57500076293945,55.65999984741211,54.834999084472656,55.29750061035156,52.2535400390625,91541600,0.0,0.0,-0.00432138245859337
2018-10-18,54.46500015258789,54.935001373291016,53.25,54.005001068115234,51.03219223022461,130325200,0.0,0.0,-0.023373494081451063
2018-10-19,54.51499938964844,55.314998626708984,54.35749816894531,54.82749938964844,51.80941390991211,132314800,0.0,0.0,0.015230027277314928
2018-10-22,54.9474983215332,55.84000015258789,54.73500061035156,55.162498474121094,52.12596130371094,115168400,0.0,0.0,0.006109843171537399
2018-10-23,53.95750045776367,55.8125,53.67499923706055,55.682498931884766,52.617347717285156,155071200,0.0,0.0,0.009426903625070038
2018-10-24,55.650001525878906,56.057498931884766,53.6349983215332,53.772499084472656,50.812496185302734,163702000,0.0,0.0,-0.03430145399346152
2018-10-25,54.4275016784668,55.345001220703125,54.1875,54.95000076293945,51.925174713134766,119423200,0.0,0.0,0.021897734049008744
2018-10-26,53.974998474121094,55.04750061035156,53.16749954223633,54.07500076293945,51.098331451416016,189033600,0.0,0.0,-0.01592374539492103
2018-10-29,54.79750061035156,54.92250061035156,51.522499084472656,53.060001373291016,50.13920211791992,183742000,0.0,0.0,-0.018770267174144983
2018-10-30,52.787498474121094,53.79499816894531,52.317501068115234,53.32500076293945,50.389625549316406,146640000,0.0,0.0,0.004994563551440789
2018-10-31,54.220001220703125,55.11249923706055,54.154998779296875,54.71500015258789,51.70310974121094,153435600,0.0,0.0,0.02606655988362183
2018-11-01,54.76250076293945,55.59000015258789,54.20249938964844,55.55500030517578,52.49686813354492,233292800,0.0,0.0,0.015352236960348709
2018-11-02,52.38750076293945,53.412498474121094,51.35749816894531,51.869998931884766,49.01472473144531,365314800,0.0,0.0,-0.06633049791163748
2018-11-05,51.07500076293945,51.09749984741211,49.54249954223633,50.397499084472656,47.623291015625,264654800,0.0,0.0,-0.028388075694478765
2018-11-06,50.47999954223633,51.18000030517578,50.42250061035156,50.942501068115234,48.138267517089844,127531600,0.0,0.0,0.010813542921590313
2018-11-07,51.49250030517578,52.51499938964844,51.032501220703125,52.48749923706055,49.59822082519531,133697600,0.0,0.0,0.030328330939354275
2018-11-08,52.494998931884766,52.529998779296875,51.6875,52.122501373291016,49.425174713134766,101450400,0.1825,0.0,-0.0034889580549760657
2018-11-09,51.38750076293945,51.502498626708984,50.5625,51.11750030517578,48.4721794128418,137463200,0.0,0.0,-0.019281576763748087
2018-11-12,49.75,49.962501525878906,48.4474983215332,48.54249954223633,46.03043746948242,204542000,0.0,0.0,-0.05037409031194673
2018-11-13,47.907501220703125,49.29499816894531,47.86249923706055,48.057498931884766,45.570526123046875,187531600,0.0,0.0,-0.00999146155715902
2018-11-14,48.474998474121094,48.619998931884766,46.48249816894531,46.70000076293945,44.283294677734375,243204000,0.0,0.0,-0.028247017421672793
2018-11-15,47.09749984741211,47.99250030517578,46.724998474121094,47.852500915527344,45.376136779785156,185915200,0.0,0.0,0.024678428061954083
2018-11-16,47.625,48.74250030517578,47.3650016784668,48.38249969482422,45.87870788574219,147713200,0.0,0.0,0.011075669759989859
2018-11-19,47.5,47.67499923706055,46.247501373291016,46.46500015258789,44.060455322265625,167701200,0.0,0.0,-0.0396317299956398
2018-11-20,44.592498779296875,45.36750030517578,43.877498626708984,44.244998931884766,41.955326080322266,271300800,0.0,0.0,-0.04777819989707521
2018-11-21,44.932498931884766,45.067501068115234,44.13750076293945,44.19499969482422,41.90790557861328,124496800,0.0,0.0,-0.001130261784122455
2018-11-23,43.73500061035156,44.150001525878906,43.025001525878906,43.0724983215332,40.843505859375,94496000,0.0,0.0,-0.025398542459766138
2018-11-26,43.560001373291016,43.73749923706055,42.564998626708984,43.654998779296875,41.39586639404297,179994000,0.0,0.0,0.013523827669685184
2018-11-27,42.877498626708984,43.692501068115234,42.720001220703125,43.560001373291016,41.305782318115234,165549600,0.0,0.0,-0.0021761611430047845
2018-11-28,44.182498931884766,45.3224983215332,43.73249816894531,45.23500061035156,42.89409637451172,184250000,0.0,0.0,0.03845258380931105
2018-11-29,45.665000915527344,45.70000076293945,44.42499923706055,44.88750076293945,42.564579010009766,167080000,0.0,0.0,-0.007682114611412105
2018-11-30,45.0724983215332,45.08250045776367,44.25749969482422,44.64500045776367,42.33463668823242,158126000,0.0,0.0,-0.0054021988969576995
2018-12-03,46.1150016784668,46.23500061035156,45.3025016784668,46.20500183105469,43.813899993896484,163210000,0.0,0.0,0.034942151896989015
2018-12-04,45.23749923706055,45.59749984741211,44.067501068115234,44.17250061035156,41.88658142089844,165377200,0.0,0.0,-0.043988747252961535
2018-12-06,42.939998626708984,43.69499969482422,42.60499954223633,43.68000030517578,41.4195671081543,172393600,0.0,0.0,-0.011149496972582607
2018-12-07,43.372501373291016,43.622501373291016,42.07500076293945,42.122501373291016,39.94266891479492,169126400,0.0,0.0,-0.035657016634261685
2018-12-10,41.25,42.522499084472656,40.83250045776367,42.400001525878906,40.205806732177734,248104000,0.0,0.0,0.006587887703351392
2018-12-11,42.915000915527344,42.9474983215332,41.75,42.157501220703125,39.97585678100586,189126800,0.0,0.0,-0.005719321905505725
2018-12-12,42.599998474121094,42.97999954223633,42.255001068115234,42.275001525878906,40.08727264404297,142510800,0.0,0.0,0.0027870788022745785
2018-12-13,42.622501373291016,43.14250183105469,42.38750076293945,42.73749923706055,40.52583312988281,127594400,0.0,0.0,0.010940142766360461
2018-12-14,42.25,42.27000045776367,41.31999969482422,41.369998931884766,39.2291145324707,162814800,0.0,0.0,-0.03199733348494538
2018-12-17,41.36249923706055,42.087501525878906,40.682498931884766,40.98500061035156,38.864036560058594,177151600,0.0,0.0,-0.009306301627326485
2018-12-18,41.345001220703125,41.88249969482422,41.09749984741211,41.51750183105469,39.368995666503906,135366000,0.0,0.0,0.012992966020525687
2018-12-19,41.5,41.86249923706055,39.772499084472656,40.22249984741211,38.14098358154297,196189200,0.0,0.0,-0.03119236506217915
2018-12-20,40.099998474121094,40.52750015258789,38.82500076293945,39.20750045776367,37.178524017333984,259092000,0.0,0.0,-0.025234261779099265
2018-12-21,39.21500015258789,39.540000915527344,37.407501220703125,37.682498931884766,35.7324333190918,382978400,0.0,0.0,-0.0388958608891512
2018-12-24,37.037498474121094,37.88750076293945,36.647499084472656,36.70750045776367,34.807899475097656,148676800,0.0,0.0,-0.02587380030176012
2018-12-26,37.07500076293945,39.307498931884766,36.68000030517578,39.29249954223633,37.25912857055664,234330000,0.0,0.0,0.07042163222784104
2018-12-27,38.959999084472656,39.192501068115234,37.51750183105469,39.037498474121094,37.01731491088867,212468400,0.0,0.0,-0.006490051403377661
2018-12-28,39.375,39.630001068115234,38.63750076293945,39.057498931884766,37.03628921508789,169165600,0.0,0.0,0.000512579160452109
2018-12-31,39.63249969482422,39.84000015258789,39.119998931884766,39.435001373291016,37.39424133300781,140014000,0.0,0.0,0.009664902329742597
2019-01-02,38.72249984741211,39.712501525878906,38.557498931884766,39.47999954223633,37.43691635131836,148158800,0.0,0.0,0.001141218989590298
2019-01-03,35.994998931884766,36.43000030517578,35.5,35.54750061035156,33.70792007446289,365248800,0.0,0.0,-0.09960746344227545
2019-01-04,36.13249969482422,37.13750076293945,35.95000076293945,37.064998626708984,35.14689254760742,234428400,0.0,0.0,0.04268944716748324
2019-01-07,37.17499923706055,37.20750045776367,36.474998474121094,36.98249816894531,35.06865692138672,219111200,0.0,0.0,-0.002225961402269938
2019-01-08,37.38999938964844,37.95500183105469,37.130001068115234,37.6875,35.737178802490234,164101200,0.0,0.0,0.01906323024010126
2019-01-09,37.8224983215332,38.63249969482422,37.407501220703125,38.32749938964844,36.344058990478516,180396400,0.0,0.0,0.01698175984574335
2019-01-10,38.125,38.49250030517578,37.71500015258789,38.45000076293945,36.46021270751953,143122800,0.0,0.0,0.003195947845876068
2019-01-11,38.220001220703125,38.42499923706055,37.877498626708984,38.0724983215332,36.102256774902344,108092800,0.0,0.0,-0.009817713777170667
2019-01-14,37.712501525878906,37.817501068115234,37.30500030517578,37.5,35.55937957763672,129756800,0.0,0.0,-0.01503720946450704
2019-01-15,37.567501068115234,38.34749984741211,37.51250076293945,38.26750183105469,36.28717041015625,114843600,0.0,0.0,0.02046691593509231
2019-01-16,38.27000045776367,38.970001220703125,38.25,38.73500061035156,36.73047637939453,122278800,0.0,0.0,0.012216603395292847
2019-01-17,38.54999923706055,39.415000915527344,38.314998626708984,38.96500015258789,36.94856643676758,119284800,0.0,0.0,0.005937577697614493
2019-01-18,39.375,39.470001220703125,38.994998931884766,39.20500183105469,37.17613983154297,135004000,0.0,0.0,0.0061591941642675785
2019-01-22,39.102500915527344,39.182498931884766,38.154998779296875,38.32500076293945,36.34170150756836,121576000,0.0,0.0,-0.02244553436036445
2019-01-23,38.537498474121094,38.78499984741211,37.92499923706055,38.47999954223633,36.48867416381836,92522400,0.0,0.0,0.004044187535341193
2019-01-24,38.52750015258789,38.619998931884766,37.935001373291016,38.17499923706055,36.19945526123047,101766000,0.0,0.0,-0.00792626504568028
2019-01-25,38.869998931884766,39.532501220703125,38.58000183105469,39.439998626708984,37.39898681640625,134142000,0.0,0.0,0.03313672944853607
2019-01-28,38.9474983215332,39.08250045776367,38.415000915527344,39.07500076293945,37.052879333496094,104768400,0.0,0.0,-0.00925446148071385
2019-01-29,39.0625,39.532501220703125,38.52750015258789,38.66999816894531,36.668827056884766,166348800,0.0,0.0,-0.010364977932069697
2019-01-30,40.8125,41.537498474121094,40.057498931884766,41.3125,39.174583435058594,244439200,0.0,0.0,0.068334784046586
2019-01-31,41.52750015258789,42.25,41.13999938964844,41.61000061035156,39.45669174194336,162958400,0.0,0.0,0.007201309679589318
2019-02-01,41.7400016784668,42.244998931884766,41.48249816894531,41.630001068115234,39.475650787353516,130672400,0.0,0.0,0.0004805026618590613
2019-02-04,41.852500915527344,42.915000915527344,41.81999969482422,42.8125,40.59696960449219,125982000,0.0,0.0,0.028405328215586945
2019-02-05,43.21500015258789,43.77000045776367,43.087501525878906,43.54499816894531,41.29154968261719,144406400,0.0,0.0,0.01710916073026647
2019-02-06,43.662498474121094,43.89250183105469,43.212501525878906,43.560001373291016,41.305782318115234,112958400,0.0,0.0,0.00034468639727602834
2019-02-07,43.099998474121094,43.48500061035156,42.584999084472656,42.73500061035156,40.523468017578125,126966800,0.0,0.0,-0.018939583192303155
2019-02-08,42.247501373291016,42.665000915527344,42.10499954223633,42.602500915527344,40.57109451293945,95280000,0.1825,0.0,0.001175281822885177
2019-02-11,42.76250076293945,42.8025016784668,42.3125,42.35749816894531,40.3377685546875,83973600,0.0,0.0,-0.0057510392818596046
2019-02-12,42.525001525878906,42.75,42.42499923706055,42.72249984741211,40.68536376953125,89134000,0.0,0.0,0.008617115604015124
2019-02-13,42.84749984741211,43.119998931884766,42.47999954223633,42.54499816894531,40.51632308959961,89960800,0.0,0.0,-0.004154827787437254
2019-02-14,42.4275016784668,42.814998626708984,42.345001220703125,42.70000076293945,40.66393280029297,87342800,0.0,0.0,0.003643215855667181
2019-02-15,42.8125,42.92499923706055,42.4375,42.60499954223633,40.57345962524414,98507200,0.0,0.0,-0.002224899777725775
2019-02-19,42.4275016784668,42.86000061035156,42.372501373291016,42.73249816894531,40.69489669799805,75891200,0.0,0.0,0.00299301745218572
2019-02-20,42.79750061035156,43.33000183105469,42.747501373291016,43.00749969482422,40.95676803588867,104457600,0.0,0.0,0.00643499207858933
2019-02-21,42.95000076293945,43.092498779296875,42.57500076293945,42.76499938964844,40.72583770751953,68998800,0.0,0.0,-0.00563839236940733
2019-02-22,42.89500045776367,43.25,42.845001220703125,43.24250030517578,41.18056869506836,75652800,0.0,0.0,0.011165663204144805
2019-02-25,43.540000915527344,43.967498779296875,43.48749923706055,43.557498931884766,41.48054885864258,87493600,0.0,0.0,0.007284507550041175
2019-02-26,43.4275016784668,43.82500076293945,43.29249954223633,43.58250045776367,41.504356384277344,68280800,0.0,0.0,0.000573944325469089
2019-02-27,43.3025016784668,43.75,43.182498931884766,43.717498779296875,41.63291931152344,111341600,0.0,0.0,0.0030975766990761766
2019-02-28,43.58000183105469,43.727500915527344,43.22999954223633,43.287498474121094,41.223419189453125,112861600,0.0,0.0,-0.00983596944058085
2019-03-01,43.56999969482422,43.787498474121094,43.22249984741211,43.74250030517578,41.6567268371582,103544800,0.0,0.0,0.010511201065435571
2019-03-04,43.92250061035156,44.4375,43.49250030517578,43.962501525878906,41.866241455078125,109744800,0.0,0.0,0.005029550659103377
2019-03-05,43.98500061035156,44.0,43.6349983215332,43.88249969482422,41.7900505065918,78949600,0.0,0.0,-0.0018198659788478677
2019-03-06,43.66749954223633,43.872501373291016,43.48500061035156,43.630001068115234,41.549598693847656,83241600,0.0,0.0,-0.005753805267744605
2019-03-07,43.467498779296875,43.61000061035156,43.005001068115234,43.125,41.06866455078125,99185600,0.0,0.0,-0.011574940749972118
2019-03-08,42.58000183105469,43.26750183105469,42.375,43.227500915527344,41.166290283203125,95997600,0.0,0.0,0.002377134330753927
2019-03-11,43.872501373291016,44.779998779296875,43.837501525878906,44.724998474121094,42.59238052368164,128044000,0.0,0.0,0.03464218492042259
2019-03-12,45.0,45.66749954223633,44.842498779296875,45.227500915527344,43.07091522216797,129870400,0.0,0.0,0.011235218426456806
2019-03-13,45.5625,45.82500076293945,45.22999954223633,45.4275016784668,43.26137924194336,124130000,0.0,0.0,0.0044221029154578595
2019-03-14,45.974998474121094,46.025001525878906,45.63999938964844,45.932498931884766,43.742305755615234,94318000,0.0,0.0,0.011116763314046096
2019-03-15,46.212501525878906,46.83250045776367,45.935001373291016,46.529998779296875,44.311317443847656,156171600,0.0,0.0,0.013008269189362043
2019-03-18,46.45000076293945,47.09749984741211,46.4474983215332,47.005001068115234,44.763671875,104879200,0.0,0.0,0.010208552966757933
2019-03-19,47.087501525878906,47.247501373291016,46.47999954223633,46.63249969482422,44.40892028808594,126585600,0.0,0.0,-0.007924988546620715
2019-03-20,46.557498931884766,47.372501373291016,46.182498931884766,47.040000915527344,44.7969970703125,124140800,0.0,0.0,0.00873871239627233
2019-03-21,47.505001068115234,49.08250045776367,47.45249938964844,48.772499084472656,46.446868896484375,204136800,0.0,0.0,0.03682996482068357
2019-03-22,48.834999084472656,49.42250061035156,47.69499969482422,47.76250076293945,45.48504638671875,169630800,0.0,0.0,-0.020708016118572536
2019-03-25,47.877498626708984,47.994998931884766,46.650001525878906,47.185001373291016,44.93507766723633,175381200,0.0,0.0,-0.012091198386531943
2019-03-26,47.915000915527344,48.220001220703125,46.14500045776367,46.6974983215332,44.470821380615234,199202000,0.0,0.0,-0.010331712121632752
2019-03-27,47.1875,47.439998626708984,46.63750076293945,47.11750030517578,44.87080001831055,119393600,0.0,0.0,0.008994181471756235
2019-03-28,47.23749923706055,47.38999938964844,46.88249969482422,47.18000030517578,44.93031692504883,83121600,0.0,0.0,0.0013264061865176924
2019-03-29,47.45750045776367,47.52000045776367,47.1349983215332,47.48749923706055,45.2231559753418,94256000,0.0,0.0,0.0065176270797615565
2019-04-01,47.90999984741211,47.91999816894531,47.095001220703125,47.810001373291016,45.530277252197266,111448000,0.0,0.0,0.006791239360272261
2019-04-02,47.772499084472656,48.6150016784668,47.76250076293945,48.505001068115234,46.192142486572266,91062800,0.0,0.0,0.014536815374719847
2019-04-03,48.3125,49.125,48.287498474121094,48.837501525878906,46.5087776184082,93087200,0.0,0.0,0.00685474010927245
2019-04-04,48.6974983215332,49.092498779296875,48.28499984741211,48.92250061035156,46.58973693847656,76457200,0.0,0.0,0.001740732055626415
2019-04-05,49.11249923706055,49.275001525878906,48.98249816894531,49.25,46.901611328125,74106400,0.0,0.0,0.006694057750535887
2019-04-08,49.10499954223633,50.057498931884766,49.084999084472656,50.025001525878906,47.63966751098633,103526800,0.0,0.0,0.015736264958955637
2019-04-09,50.08000183105469,50.712501525878906,49.807498931884766,49.875,47.49681091308594,143072800,0.0,0.0,-0.002998690069939025
2019-04-10,49.66999816894531,50.185001373291016,49.54499816894531,50.154998779296875,47.76345443725586,86781200,0.0,0.0,0.005613924788715918
2019-04-11,50.212501525878906,50.25,49.61000061035156,49.73749923706055,47.36587905883789,83603200,0.0,0.0,-0.008323840540893856
2019-04-12,49.79999923706055,50.03499984741211,49.0525016784668,49.717498779296875,47.34681701660156,111042800,0.0,0.0,-0.00040244248845566766
2019-04-15,49.64500045776367,49.962501525878906,49.502498626708984,49.807498931884766,47.432525634765625,70146400,0.0,0.0,0.0018102297802617962
2019-04-16,49.8650016784668,50.342498779296875,49.63999938964844,49.8125,47.43729782104492,102785600,0.0,0.0,0.00010060999736860587
2019-04-17,49.8849983215332,50.845001220703125,49.65250015258789,50.782501220703125,48.36104202270508,115627200,0.0,0.0,0.019472951540050687
2019-04-18,50.779998779296875,51.037498474121094,50.630001068115234,50.96500015258789,48.53483963012695,96783200,0.0,0.0,0.0035937523294118368
2019-04-22,50.70750045776367,51.23500061035156,50.584999084472656,51.13249969482422,48.6943473815918,77758000,0.0,0.0,0.003286458813512416
2019-04-23,51.10749816894531,51.9375,50.974998474121094,51.869998931884766,49.39669418334961,93292000,0.0,0.0,0.01442357972792796
2019-04-24,51.84000015258789,52.119998931884766,51.76250076293945,51.790000915527344,49.320499420166016,70162400,0.0,0.0,-0.0015425073366402975
2019-04-25,51.70750045776367,51.939998626708984,51.279998779296875,51.31999969482422,48.87290573120117,74172800,0.0,0.0,-0.009075205933170905
2019-04-26,51.224998474121094,51.25,50.529998779296875,51.07500076293945,48.639591217041016,74596400,0.0,0.0,-0.0047739030587494735
2019-04-29,51.099998474121094,51.49250030517578,50.96500015258789,51.15250015258789,48.713401794433594,88818800,0.0,0.0,0.001517499953139323
2019-04-30,50.76499938964844,50.849998474121094,49.77750015258789,50.16749954223633,47.77535629272461,186139600,0.0,0.0,-0.019256415424803608
2019-05-01,52.470001220703125,53.82749938964844,52.307498931884766,52.630001068115234,50.12045669555664,259309200,0.0,0.0,0.04908598459137292
2019-05-02,52.459999084472656,53.162498474121094,52.032501220703125,52.287498474121094,49.794281005859375,127985200,0.0,0.0,-0.006507835546641805
2019-05-03,52.72249984741211,52.959999084472656,52.557498931884766,52.9375,50.41328430175781,83569600,0.0,0.0,0.012431212649211654
2019-05-06,51.0724983215332,52.209999084472656,50.875,52.119998931884766,49.634761810302734,129772400,0.0,0.0,-0.015442804455966241
2019-05-07,51.470001220703125,51.85499954223633,50.20750045776367,50.71500015258789,48.29677200317383,155054800,0.0,0.0,-0.026956708531059692
2019-05-08,50.474998474121094,51.334999084472656,50.4375,50.724998474121094,48.3062858581543,105358000,0.0,0.0,0.00019698738830498108
2019-05-09,50.099998474121094,50.41999816894531,49.165000915527344,50.18000030517578,47.78727340698242,139634400,0.0,0.0,-0.01074420113141994
2019-05-10,49.35499954223633,49.712501525878906,48.192501068115234,49.29499816894531,47.125247955322266,164834800,0.1925,0.0,-0.013853593320170998
2019-05-13,46.9275016784668,47.369998931884766,45.712501525878906,46.43000030517578,44.38636016845703,229722400,0.0,0.0,-0.05811932893089233
2019-05-14,46.602500915527344,47.42499923706055,46.352500915527344,47.165000915527344,45.0889892578125,146118800,0.0,0.0,0.015829842471624556
2019-05-15,46.567501068115234,47.9375,46.505001068115234,47.72999954223633,45.62913131713867,106178800,0.0,0.0,0.011979467009954892
2019-05-16,47.477500915527344,48.11750030517578,47.209999084472656,47.52000045776367,45.428367614746094,132125600,0.0,0.0,-0.004399901917860327
2019-05-17,46.73249816894531,47.724998474121094,46.689998626708984,47.25,45.17026138305664,131516400,0.0,0.0,-0.005681609206791616
2019-05-20,45.880001068115234,46.087501525878906,45.06999969482422,45.772499084472656,43.7578010559082,154449200,0.0,0.0,-0.03126969567810056
2019-05-21,46.30500030517578,47.0,46.17499923706055,46.650001525878906,44.59667205810547,113459200,0.0,0.0,0.01917077599775774
2019-05-22,46.165000915527344,46.4275016784668,45.63750076293945,45.69499969482422,43.683712005615234,118994400,0.0,0.0,-0.02047148386544917
2019-05-23,44.95000076293945,45.1349983215332,44.45249938964844,44.915000915527344,42.938045501708984,146118800,0.0,0.0,-0.0170696689834966
2019-05-24,45.04999923706055,45.53499984741211,44.654998779296875,44.74250030517578,42.773128509521484,94858800,0.0,0.0,-0.0038408127398564806
2019-05-28,44.72999954223633,45.147499084472656,44.477500915527344,44.557498931884766,42.59627151489258,111792800,0.0,0.0,-0.004134768738965122
2019-05-29,44.10499954223633,44.837501525878906,44.0,44.345001220703125,42.39313507080078,113924800,0.0,0.0,-0.00476887851606389
2019-05-30,44.48749923706055,44.807498931884766,44.16749954223633,44.57500076293945,42.61301040649414,84873600,0.0,0.0,0.005186578801641861
2019-05-31,44.057498931884766,44.497501373291016,43.747501373291016,43.76750183105469,41.84104537963867,108174400,0.0,0.0,-0.018115712067547918
2019-06-03,43.900001525878906,44.47999954223633,42.567501068115234,43.32500076293945,41.418025970458984,161584400,0.0,0.0,-0.010110153925206311
2019-06-04,43.86000061035156,44.95750045776367,43.630001068115234,44.90999984741211,42.933258056640625,123872000,0.0,0.0,0.036583879860965896
2019-06-05,46.06999969482422,46.247501373291016,45.28499984741211,45.6349983215332,43.626346588134766,119093600,0.0,0.0,0.016143394721634508
2019-06-06,45.77000045776367,46.36750030517578,45.537498474121094,46.30500030517578,44.26685333251953,90105200,0.0,0.0,0.014681649839525246
2019-06-07,46.627498626708984,47.97999954223633,46.442501068115234,47.537498474121094,45.445106506347656,122737600,0.0,0.0,0.02661705283132365
2019-06-10,47.95249938964844,48.842498779296875,47.904998779296875,48.14500045776367,46.02587127685547,104883600,0.0,0.0,0.012779478697595215
2019-06-11,48.71500015258789,49.0,48.400001525878906,48.70249938964844,46.558834075927734,107731600,0.0,0.0,0.011579635198351479
2019-06-12,48.48749923706055,48.99250030517578,48.34749984741211,48.54750061035156,46.41065979003906,73012800,0.0,0.0,-0.0031825171061421464
2019-06-13,48.67499923706055,49.1974983215332,48.400001525878906,48.537498474121094,46.401084899902344,86698400,0.0,0.0,-0.00020630799432796998
2019-06-14,47.88750076293945,48.397499084472656,47.57500076293945,48.185001373291016,46.06410598754883,75046000,0.0,0.0,-0.007262306755983272
2019-06-17,48.224998474121094,48.7400016784668,48.04249954223633,48.47249984741211,46.33896255493164,58676400,0.0,0.0,0.005966827348328652
2019-06-18,49.01250076293945,50.0724983215332,48.8025016784668,49.61249923706055,47.42877960205078,106204000,0.0,0.0,0.02351837389167355
2019-06-19,49.91999816894531,49.970001220703125,49.32749938964844,49.467498779296875,47.290157318115234,84496800,0.0,0.0,-0.002922746170124002
2019-06-20,50.092498779296875,50.15250015258789,49.50749969482422,49.8650016784668,47.670162200927734,86056000,0.0,0.0,0.008035602001834175
2019-06-21,49.70000076293945,50.212501525878906,49.537498474121094,49.69499969482422,47.50763702392578,191202400,0.0,0.0,-0.0034093690790670816
2019-06-24,49.6349983215332,50.040000915527344,49.54249954223633,49.64500045776367,47.45985412597656,72881600,0.0,0.0,-0.0010057940352864447
2019-06-25,49.60749816894531,49.814998626708984,48.8224983215332,48.89250183105469,46.7404670715332,84281200,0.0,0.0,-0.015157801634489432
2019-06-26,49.442501068115234,50.247501373291016,49.337501525878906,49.95000076293945,47.75141906738281,104270000,0.0,0.0,0.021629052065363696
2019-06-27,50.0724983215332,50.39250183105469,49.89250183105469,49.935001373291016,47.737091064453125,83598800,0.0,0.0,-0.00030005397136934064
2019-06-28,49.66999816894531,49.875,49.26250076293945,49.47999954223633,47.30211639404297,124442400,0.0,0.0,-0.009111880525415117
2019-07-01,50.79249954223633,51.122501373291016,50.162498474121094,50.38750076293945,48.16965866088867,109012000,0.0,0.0,0.018340453514146704
2019-07-02,50.352500915527344,50.782501220703125,50.34000015258789,50.682498931884766,48.45167541503906,67740800,0.0,0.0,0.005854655440591161
2019-07-03,50.81999969482422,51.11000061035156,50.67250061035156,51.102500915527344,48.85319519042969,45448000,0.0,0.0,0.008287015298257261
2019-07-05,50.837501525878906,51.27000045776367,50.724998474121094,51.057498931884766,48.8101806640625,69062000,0.0,0.0,-0.0008804854257642436
2019-07-08,50.20249938964844,50.349998474121094,49.602500915527344,50.005001068115234,47.80399703979492,101354400,0.0,0.0,-0.02061421634950844
2019-07-09,49.79999923706055,50.377498626708984,49.70249938964844,50.310001373291016,48.0955696105957,82312000,0.0,0.0,0.006099334550582869
2019-07-10,50.462501525878906,50.932498931884766,50.38999938964844,50.807498931884766,48.5711784362793,71588400,0.0,0.0,0.009888828212959
2019-07-11,50.82749938964844,51.09749984741211,50.4275016784668,50.4375,48.217464447021484,80767200,0.0,0.0,-0.007282384340784542
2019-07-12,50.61249923706055,51.0,50.54999923706055,50.82500076293945,48.58790969848633,70380800,0.0,0.0,0.007682802397705135
2019-07-15,51.022499084472656,51.467498779296875,51.0,51.3025016784668,49.044395446777344,67789600,0.0,0.0,0.009395048091670466
2019-07-16,51.147499084472656,51.52750015258789,50.875,51.125,48.87471008300781,67467200,0.0,0.0,-0.003459831897686949
2019-07-17,51.01250076293945,51.272499084472656,50.817501068115234,50.837501525878906,48.59986877441406,56430000,0.0,0.0,-0.005623384939306364
2019-07-18,51.0,51.470001220703125,50.92499923706055,51.415000915527344,49.151947021484375,74162400,0.0,0.0,0.011359665385783035
2019-07-19,51.4474983215332,51.625,50.59000015258789,50.647499084472656,48.41822814941406,83717200,0.0,0.0,-0.014927564756480605
2019-07-22,50.912498474121094,51.807498931884766,50.90250015258789,51.80500030517578,49.524776458740234,89111600,0.0,0.0,0.02285396123772787
2019-07-23,52.1150016784668,52.227500915527344,51.8224983215332,52.209999084472656,49.91195297241211,73420800,0.0,0.0,0.007817834654830547
2019-07-24,51.91749954223633,52.287498474121094,51.79249954223633,52.16749954223633,49.871315002441406,59966400,0.0,0.0,-0.0008141931451403073
2019-07-25,52.22249984741211,52.310001373291016,51.682498931884766,51.755001068115234,49.47697830200195,55638400,0.0,0.0,-0.007907084471707848
2019-07-26,51.869998931884766,52.432498931884766,51.78499984741211,51.935001373291016,49.64904022216797,70475600,0.0,0.0,0.0034776157734566215
2019-07-29,52.1150016784668,52.65999984741211,52.11000061035156,52.41999816894531,50.112701416015625,86693600,0.0,0.0,0.009338774561862273
2019-07-30,52.189998626708984,52.540000915527344,51.82749938964844,52.19499969482422,49.89760971069336,135742800,0.0,0.0,-0.004292159457472855
2019-07-31,54.10499954223633,55.342498779296875,52.82500076293945,53.2599983215332,50.915733337402344,277125600,0.0,0.0,0.02040425648867905
2019-08-01,53.474998474121094,54.50749969482422,51.685001373291016,52.10749816894531,49.8139533996582,216071600,0.0,0.0,-0.021639282507098456
2019-08-02,51.38249969482422,51.60749816894531,50.407501220703125,51.005001068115234,48.75999069213867,163448400,0.0,0.0,-0.02115798156118165
2019-08-05,49.497501373291016,49.662498474121094,48.14500045776367,48.334999084472656,46.207496643066406,209572000,0.0,0.0,-0.05234812420675439
2019-08-06,49.07749938964844,49.51750183105469,48.5099983215332,49.25,47.08222579956055,143299200,0.0,0.0,0.018930459774764596
2019-08-07,48.852500915527344,49.88999938964844,48.45500183105469,49.7599983215332,47.569786071777344,133457600,0.0,0.0,0.010355506009687154
2019-08-08,50.04999923706055,50.88249969482422,49.84749984741211,50.85749816894531,48.61896514892578,108038000,0.0,0.0,0.022055576948892375
2019-08-09,50.32500076293945,50.689998626708984,49.8224983215332,50.247501373291016,48.21833038330078,98478800,0.1925,0.0,-0.00824029808939386
2019-08-12,49.904998779296875,50.51250076293945,49.787498474121094,50.119998931884766,48.09599304199219,89927600,0.0,0.0,-0.002537154238566597
2019-08-13,50.255001068115234,53.03499984741211,50.119998931884766,52.24250030517578,50.13276672363281,188874000,0.0,0.0,0.04234809498293002
2019-08-14,50.790000915527344,51.61000061035156,50.647499084472656,50.6875,48.64057922363281,146189600,0.0,0.0,-0.029764714726916885
2019-08-15,50.8650016784668,51.28499984741211,49.91749954223633,50.435001373291016,48.39826202392578,108909600,0.0,0.0,-0.004981790997860891
2019-08-16,51.06999969482422,51.790000915527344,50.959999084472656,51.625,49.54021072387695,110481600,0.0,0.0,0.023594828661133382
2019-08-19,52.654998779296875,53.182498931884766,52.50749969482422,52.587501525878906,50.46384048461914,97654400,0.0,0.0,0.01864404182473578
2019-08-20,52.720001220703125,53.337501525878906,52.58000183105469,52.59000015258789,50.466243743896484,107537200,0.0,0.0,4.7623392398721265e-05
2019-08-21,53.247501373291016,53.412498474121094,52.900001525878906,53.15999984741211,51.013214111328125,86141600,0.0,0.0,0.010838341173307509
2019-08-22,53.29750061035156,53.61000061035156,52.6875,53.1150016784668,50.97003936767578,89014800,0.0,0.0,-0.0008463443130268811
2019-08-23,52.35749816894531,53.01250076293945,50.25,50.65999984741211,48.61417770385742,187272000,0.0,0.0,-0.04622051881938316
2019-08-26,51.46500015258789,51.79750061035156,51.26499938964844,51.622501373291016,49.537811279296875,104174400,0.0,0.0,0.018999263570103953
2019-08-27,51.96500015258789,52.13750076293945,50.88249969482422,51.040000915527344,48.97883987426758,103493200,0.0,0.0,-0.011283732377229683
2019-08-28,51.025001525878906,51.43000030517578,50.83000183105469,51.38249969482422,49.307498931884766,63755200,0.0,0.0,0.006710225445536899
2019-08-29,52.125,52.33000183105469,51.665000915527344,52.252498626708984,50.142372131347656,83962000,0.0,0.0,0.016931972165455278
2019-08-30,52.540000915527344,52.61249923706055,51.79999923706055,52.185001373291016,50.07758712768555,84573600,0.0,0.0,-0.0012920211172380291
2019-09-03,51.60749816894531,51.744998931884766,51.05500030517578,51.42499923706055,49.34829330444336,80092000,0.0,0.0,-0.014563278006639369
2019-09-04,52.09749984741211,52.369998931884766,51.83000183105469,52.29750061035156,50.185550689697266,76752400,0.0,0.0,0.01696628858243643
2019-09-05,53.0,53.49250030517578,52.877498626708984,53.31999969482422,51.16675567626953,95654800,0.0,0.0,0.019551543683144157
2019-09-06,53.51250076293945,53.60499954223633,53.127498626708984,53.314998626708984,51.16195297241211,77449200,0.0,0.0,-9.386375575204386e-05
2019-09-09,53.709999084472656,54.11000061035156,52.76750183105469,53.54249954223633,51.38027572631836,109237600,0.0,0.0,0.0042672873340854345
2019-09-10,53.46500015258789,54.19499969482422,52.9275016784668,54.17499923706055,51.98722457885742,127111600,0.0,0.0,0.011812876516506643
2019-09-11,54.51750183105469,55.9275016784668,54.432498931884766,55.897499084472656,53.640174865722656,177158400,0.0,0.0,0.03179531702751204
2019-09-12,56.20000076293945,56.60499954223633,55.71500015258789,55.772499084472656,53.520233154296875,128906800,0.0,0.0,-0.0022360425133965967
2019-09-13,55.0,55.1974983215332,54.255001068115234,54.6875,52.47902297973633,159053200,0.0,0.0,-0.019454514922585986
2019-09-16,54.432498931884766,55.032501220703125,54.38999938964844,54.974998474121094,52.754913330078125,84632400,0.0,0.0,0.005257154853060442
2019-09-17,54.9900016784668,55.20500183105469,54.779998779296875,55.17499923706055,52.94684982299805,73274800,0.0,0.0,0.003638267619150648
2019-09-18,55.26499938964844,55.712501525878906,54.86000061035156,55.692501068115234,53.44344711303711,101360000,0.0,0.0,0.009379165931480138
2019-09-19,55.502498626708984,55.939998626708984,55.092498779296875,55.2400016784668,53.00922775268555,88242400,0.0,0.0,-0.008124838194534023
2019-09-20,55.345001220703125,55.63999938964844,54.36750030517578,54.432498931884766,52.234336853027344,221652400,0.0,0.0,-0.014618037887166646
2019-09-23,54.73749923706055,54.959999084472656,54.412498474121094,54.68000030517578,52.471832275390625,76662000,0.0,0.0,0.004546729922723536
2019-09-24,55.25749969482422,55.622501373291016,54.29750061035156,54.41999816894531,52.22234344482422,124763200,0.0,0.0,-0.004754719241687688
2019-09-25,54.63750076293945,55.375,54.28499984741211,55.25749969482422,53.02601623535156,87613600,0.0,0.0,0.015389443244278489
2019-09-26,55.0,55.23500061035156,54.70750045776367,54.97249984741211,52.75251770019531,75334000,0.0,0.0,-0.005157817889662852
2019-09-27,55.1349983215332,55.2400016784668,54.31999969482422,54.70500183105469,52.49583435058594,101408000,0.0,0.0,-0.004865802824202015
2019-09-30,55.224998474121094,56.14500045776367,55.1974983215332,55.99250030517578,53.7313346862793,103909600,0.0,0.0,0.02353520714505164
2019-10-01,56.26750183105469,57.05500030517578,56.04999923706055,56.147499084472656,53.88007354736328,139223200,0.0,0.0,0.002768195913100291
2019-10-02,55.76499938964844,55.89500045776367,54.48249816894531,54.7400016784668,52.529422760009766,138449200,0.0,0.0,-0.025067723527998242
2019-10-03,54.60749816894531,55.2400016784668,53.782501220703125,55.20500183105469,52.97563552856445,114426000,0.0,0.0,0.008494530210112705
2019-10-04,56.40999984741211,56.872501373291016,55.97249984741211,56.752498626708984,54.46063995361328,138478800,0.0,0.0,0.028031837848327745
2019-10-07,56.567501068115234,57.48249816894531,56.459999084472656,56.76499938964844,54.47262954711914,122306000,0.0,0.0,0.0002201515354220973
2019-10-08,56.45500183105469,57.01499938964844,56.08250045776367,56.099998474121094,53.83449935913086,111820000,0.0,0.0,-0.011714694026957018
2019-10-09,56.75749969482422,56.9474983215332,56.40999984741211,56.75749969482422,54.4654426574707,74770400,0.0,0.0,0.011720055092010906
2019-10-10,56.98249816894531,57.61000061035156,56.82500076293945,57.522499084472656,55.199546813964844,113013600,0.0,0.0,0.013478347382777534
2019-10-11,58.23749923706055,59.40999984741211,58.07749938964844,59.0525016784668,56.66775131225586,166795600,0.0,0.0,0.026598125945475726
2019-10-14,58.724998474121094,59.532501220703125,58.66749954223633,58.967498779296875,56.586185455322266,96427600,0.0,0.0,-0.0014393699246003644
2019-10-15,59.09749984741211,59.412498474121094,58.720001220703125,58.83000183105469,56.45425033569336,87360000,0.0,0.0,-0.0023315782565530574
2019-10-16,58.342498779296875,58.810001373291016,58.29999923706055,58.592498779296875,56.22633743286133,73903200,0.0,0.0,-0.004037125663290064
2019-10-17,58.772499084472656,59.037498474121094,58.380001068115234,58.81999969482422,56.44465637207031,67585200,0.0,0.0,0.0038828589799162483
2019-10-18,58.647499084472656,59.39500045776367,58.5724983215332,59.102500915527344,56.71574783325195,97433600,0.0,0.0,0.004802783444984859
2019-10-21,59.380001068115234,60.247501373291016,59.33000183105469,60.127498626708984,57.6993408203125,87247200,0.0,0.0,0.017342502296758378
2019-10-22,60.290000915527344,60.54999923706055,59.904998779296875,59.9900016784668,57.56740951538086,82293600,0.0,0.0,-0.00228653054014083
2019-10-23,60.525001525878906,60.810001373291016,60.30500030517578,60.79499816894531,58.33989334106445,75828800,0.0,0.0,0.013418769963536414
2019-10-24,61.127498626708984,61.20000076293945,60.45249938964844,60.89500045776367,58.43585968017578,69275200,0.0,0.0,0.001644952255059673
2019-10-25,60.790000915527344,61.682498931884766,60.720001220703125,61.64500045776367,59.15555953979492,73477200,0.0,0.0,0.01231606523046147
2019-10-28,61.85499954223633,62.3125,61.68000030517578,62.26250076293945,59.748138427734375,96572800,0.0,0.0,0.010017298332556823
2019-10-29,62.24250030517578,62.4375,60.64250183105469,60.8224983215332,58.36628341674805,142839600,0.0,0.0,-0.02312800109509161
2019-10-30,61.189998626708984,61.32500076293945,60.3025016784668,60.814998626708984,58.35908126831055,124522000,0.0,0.0,-0.00012339570066632888
2019-10-31,61.810001373291016,62.29249954223633,59.314998626708984,62.189998626708984,59.678565979003906,139162000,0.0,0.0,0.02260975810477417
2019-11-01,62.3849983215332,63.98249816894531,62.290000915527344,63.95500183105469,61.372283935546875,151125200,0.0,0.0,0.02838067451451254
2019-11-04,64.3324966430664,64.4625015258789,63.845001220703125,64.375,61.775325775146484,103272000,0.0,0.0,0.006567163770911266
2019-11-05,64.26249694824219,64.54750061035156,64.08000183105469,64.28250122070312,61.68655776977539,79897600,0.0,0.0,-0.001436949206778726
2019-11-06,64.19249725341797,64.37249755859375,63.842498779296875,64.30999755859375,61.712955474853516,75864400,0.0,0.0,0.00042793285980780027
2019-11-07,64.68499755859375,65.0875015258789,64.52749633789062,64.85749816894531,62.425201416015625,94940400,0.1925,0.0,0.011541270964608552
2019-11-08,64.67250061035156,65.11000061035156,64.2125015258789,65.03500366210938,62.59604263305664,69986400,0.0,0.0,0.002736734734782642
2019-11-11,64.57499694824219,65.61750030517578,64.56999969482422,65.55000305175781,63.09172439575195,81821200,0.0,0.0,0.00791873961747136
2019-11-12,65.38749694824219,65.69750213623047,65.2300033569336,65.48999786376953,63.033973693847656,87388800,0.0,0.0,-0.000915345117880273
2019-11-13,65.28250122070312,66.19499969482422,65.26750183105469,66.11750030517578,63.637935638427734,102734400,0.0,0.0,0.009581530549120698
2019-11-14,65.9375,66.22000122070312,65.5250015258789,65.66000366210938,63.197593688964844,89182800,0.0,0.0,-0.006919488274490626
2019-11-15,65.91999816894531,66.44499969482422,65.75250244140625,66.44000244140625,63.948360443115234,100206400,0.0,0.0,0.011879673106627964
2019-11-18,66.44999694824219,66.85749816894531,66.05750274658203,66.7750015258789,64.27078247070312,86703200,0.0,0.0,0.005041912339170951
2019-11-19,66.9749984741211,67.0,66.34750366210938,66.57250213623047,64.07588195800781,76167200,0.0,0.0,-0.003032490117638731
2019-11-20,66.38500213623047,66.5199966430664,65.0999984741211,65.79750061035156,63.32994079589844,106234400,0.0,0.0,-0.011641527815383412
2019-11-21,65.92250061035156,66.00250244140625,65.29499816894531,65.50250244140625,63.0460090637207,121395200,0.0,0.0,-0.004483372771384664
2019-11-22,65.64749908447266,65.79499816894531,65.20999908447266,65.44499969482422,62.990665435791016,65325200,0.0,0.0,-0.0008778292036495383
2019-11-25,65.67749786376953,66.61000061035156,65.62999725341797,66.59249877929688,64.09512329101562,84020400,0.0,0.0,0.017533674991105253
2019-11-26,66.73500061035156,66.79000091552734,65.625,66.07250213623047,63.59461975097656,105207600,0.0,0.0,-0.0078087616395804416
2019-11-27,66.3949966430664,66.99500274658203,66.32749938964844,66.95999908447266,64.44882202148438,65235600,0.0,0.0,0.013431989590513949
2019-11-29,66.6500015258789,67.0,66.4749984741211,66.8125,64.30686950683594,46617600,0.0,0.0,-0.0022025618187577756
2019-12-02,66.81749725341797,67.0625,65.86250305175781,66.04000091552734,63.563331604003906,94487200,0.0,0.0,-0.011562340206173305
2019-12-03,64.57749938964844,64.88249969482422,64.07250213623047,64.86250305175781,62.43000030517578,114430400,0.0,0.0,-0.01782995431845391
2019-12-04,65.26750183105469,65.82749938964844,65.16999816894531,65.43499755859375,62.98103713989258,67181600,0.0,0.0,0.008826474964330755
2019-12-05,65.94750213623047,66.47250366210938,65.68250274658203,66.3949966430664,63.90504455566406,74424400,0.0,0.0,0.014671200376060733
2019-12-06,66.87000274658203,67.75,66.82499694824219,67.67749786376953,65.13945007324219,106075600,0.0,0.0,0.019316245316172154
2019-12-09,67.5,67.69999694824219,66.22750091552734,66.7300033569336,64.22749328613281,128042400,0.0,0.0,-0.014000068868926241
2019-12-10,67.1500015258789,67.51750183105469,66.46499633789062,67.12000274658203,64.60285186767578,90420400,0.0,0.0,0.005844204130320829
2019-12-11,67.20249938964844,67.7750015258789,67.125,67.69249725341797,65.15386199951172,78756800,0.0,0.0,0.008529192069795188
2019-12-12,66.94499969482422,68.13999938964844,66.83000183105469,67.86499786376953,65.31989288330078,137310400,0.0,0.0,0.002548289214080679
2019-12-13,67.86499786376953,68.82499694824219,67.73249816894531,68.7874984741211,66.20780181884766,133587600,0.0,0.0,0.013593239308172134
2019-12-16,69.25,70.19750213623047,69.24500274658203,69.96499633789062,67.34114837646484,128186000,0.0,0.0,0.01711802123740891
2019-12-17,69.89250183105469,70.44249725341797,69.69999694824219,70.10250091552734,67.4735107421875,114158400,0.0,0.0,0.0019655495772465947
2019-12-18,69.94999694824219,70.4749984741211,69.77999877929688,69.93499755859375,67.312255859375,116028400,0.0,0.0,-0.002389899103199866
2019-12-19,69.875,70.29499816894531,69.73750305175781,70.00499725341797,67.37964630126953,98369200,0.0,0.0,0.0010011615423395348
2019-12-20,70.55750274658203,70.6624984741211,69.63999938964844,69.86000061035156,67.2400894165039,275978000,0.0,0.0,-0.002071202394587135
2019-12-23,70.13249969482422,71.0625,70.09249877929688,71.0,68.33733367919922,98572000,0.0,0.0,0.01631830463369366
2019-12-24,71.17250061035156,71.22250366210938,70.7300033569336,71.06749725341797,68.40229034423828,48478800,0.0,0.0,0.0009505296964613663
2019-12-26,71.20500183105469,72.49500274658203,71.17500305175781,72.47750091552734,69.7594223022461,93121200,0.0,0.0,0.019840446148483792
2019-12-27,72.77999877929688,73.49250030517578,72.02999877929688,72.44999694824219,69.73294830322266,146266000,0.0,0.0,-0.00037950427554767074
2019-12-30,72.36499786376953,73.17250061035156,71.30500030517578,72.87999725341797,70.14680480957031,144114400,0.0,0.0,0.005934877506513336
2019-12-31,72.48249816894531,73.41999816894531,72.37999725341797,73.4124984741211,70.65936279296875,100805600,0.0,0.0,0.007306932721880877
2020-01-02,74.05999755859375,75.1500015258789,73.79750061035156,75.0875015258789,72.27153778076172,135480400,0.0,0.0,0.022816155199653076
2020-01-03,74.2874984741211,75.1449966430664,74.125,74.35749816894531,71.56893157958984,146322800,0.0,0.0,-0.009721755240676533
2020-01-06,73.44750213623047,74.98999786376953,73.1875,74.94999694824219,72.13917541503906,118387200,0.0,0.0,0.007967756718780583
2020-01-07,74.95999908447266,75.2249984741211,74.37000274658203,74.59750366210938,71.7999267578125,108872000,0.0,0.0,-0.004702696631542547
2020-01-08,74.29000091552734,76.11000061035156,74.29000091552734,75.79750061035156,72.9549331665039,132079200,0.0,0.0,0.01608645664204289
2020-01-09,76.80999755859375,77.60749816894531,76.55000305175781,77.40750122070312,74.5045394897461,170108400,0.0,0.0,0.021240596844980253
2020-01-10,77.6500015258789,78.1675033569336,77.0625,77.5824966430664,74.67298889160156,140644800,0.0,0.0,0.0022609280321590486
2020-01-13,77.91000366210938,79.26750183105469,77.7874984741211,79.23999786376953,76.26832580566406,121532000,0.0,0.0,0.02136431041187281
2020-01-14,79.17500305175781,79.39250183105469,78.0425033569336,78.16999816894531,75.23843383789062,161954400,0.0,0.0,-0.013503534486880686
2020-01-15,77.9625015258789,78.875,77.38749694824219,77.83499908447266,74.916015625,121923600,0.0,0.0,-0.0042852860758014755
2020-01-16,78.39749908447266,78.92500305175781,78.02249908447266,78.80999755859375,75.85444641113281,108829200,0.0,0.0,0.01252643748207638
2020-01-17,79.06749725341797,79.68499755859375,78.75,79.68250274658203,76.6942138671875,137816400,0.0,0.0,0.01107077430244674
2020-01-21,79.29750061035156,79.75499725341797,79.0,79.14250183105469,76.17449188232422,110843200,0.0,0.0,-0.006776547521085363
2020-01-22,79.6449966430664,79.99749755859375,79.32749938964844,79.42500305175781,76.44636535644531,101832400,0.0,0.0,0.0035690881212715464
2020-01-23,79.4800033569336,79.88999938964844,78.9124984741211,79.80750274658203,76.8145523071289,104472000,0.0,0.0,0.00481627803973228
2020-01-24,80.0625,80.8324966430664,79.37999725341797,79.57749938964844,76.59315490722656,146537600,0.0,0.0,-0.0028822325100213986
2020-01-27,77.51499938964844,77.94249725341797,76.22000122070312,77.23750305175781,74.34092712402344,161940000,0.0,0.0,-0.02940507916054813
2020-01-28,78.1500015258789,79.5999984741211,78.04750061035156,79.42250061035156,76.44396209716797,162234000,0.0,0.0,0.0282890603400201
2020-01-29,81.11250305175781,81.9625015258789,80.34500122070312,81.08499908447266,78.04412841796875,216229200,0.0,0.0,0.02093254034591774
2020-01-30,80.13500213623047,81.02249908447266,79.6875,80.96749877929688,77.93101501464844,126743200,0.0,0.0,-0.001449351868144766
2020-01-31,80.23249816894531,80.66999816894531,77.07250213623047,77.37750244140625,74.47566986083984,199588400,0.0,0.0,-0.044338510837554246
2020-02-03,76.07499694824219,78.37249755859375,75.55500030517578,77.16500091552734,74.27114868164062,173788400,0.0,0.0,-0.0027461475617658326
2020-02-04,78.82749938964844,79.91000366210938,78.40750122070312,79.7125015258789,76.72307586669922,136616400,0.0,0.0,0.03301318518135021
2020-02-05,80.87999725341797,81.19000244140625,79.73750305175781,80.36250305175781,77.34872436523438,118826800,0.0,0.0,0.00815463263780214
2020-02-06,80.64250183105469,81.30500030517578,80.06500244140625,81.30249786376953,78.25347137451172,105425600,0.0,0.0,0.011696986817845811
2020-02-07,80.59249877929688,80.8499984741211,79.5,80.00749969482422,77.18977355957031,117684000,0.1925,0.0,-0.013592979279483663
2020-02-10,78.54499816894531,80.38749694824219,78.4625015258789,80.38749694824219,77.55638885498047,109348800,0.0,0.0,0.004749531945798857
2020-02-11,80.9000015258789,80.9749984741211,79.67749786376953,79.90249633789062,77.08849334716797,94323200,0.0,0.0,-0.0060329718121275855
2020-02-12,80.36750030517578,81.80500030517578,80.36750030517578,81.80000305175781,78.91917419433594,113730400,0.0,0.0,0.023747783458725857
2020-02-13,81.04750061035156,81.55500030517578,80.8375015258789,81.21749877929688,78.357177734375,94747600,0.0,0.0,-0.00712116498554638
2020-02-14,81.18499755859375,81.49500274658203,80.7125015258789,81.23750305175781,78.37645721435547,80113600,0.0,0.0,0.0002460461254210067
2020-02-18,78.83999633789062,79.9375,78.65249633789062,79.75,76.94136810302734,152531200,0.0,0.0,-0.018310206436139786
2020-02-19,80.0,81.14250183105469,80.0,80.90499877929688,78.05567932128906,93984000,0.0,0.0,0.014482602086950402
2020-02-20,80.65750122070312,81.1624984741211,79.55249786376953,80.07499694824219,77.2549057006836,100566000,0.0,0.0,-0.010259005207159388
2020-02-21,79.65499877929688,80.11250305175781,77.625,78.26249694824219,75.5062484741211,129554000,0.0,0.0,-0.02263490209071639
2020-02-24,74.31500244140625,76.04499816894531,72.30750274658203,74.54499816894531,71.91967010498047,222195200,0.0,0.0,-0.04750041806632577
2020-02-25,75.23750305175781,75.63249969482422,71.53250122070312,72.0199966430664,69.48358154296875,230673600,0.0,0.0,-0.03387235450963255
2020-02-26,71.63249969482422,74.47000122070312,71.625,73.1624984741211,70.58586120605469,198054800,0.0,0.0,0.015863886670900662
2020-02-27,70.2750015258789,71.5,68.23999786376953,68.37999725341797,65.9717788696289,320605600,0.0,0.0,-0.06536836496131038
2020-02-28,64.31500244140625,69.60250091552734,64.09249877929688,68.33999633789062,65.93319702148438,426510000,0.0,0.0,-0.0005848235231123988
2020-03-02,70.56999969482422,75.36000061035156,69.43000030517578,74.70249938964844,72.07161712646484,341397200,0.0,0.0,0.09310059851913843
2020-03-03,75.9175033569336,76.0,71.44999694824219,72.33000183105469,69.78267669677734,319475600,0.0,0.0,-0.03175924893805382
2020-03-04,74.11000061035156,75.8499984741211,73.28250122070312,75.68499755859375,73.01951599121094,219178400,0.0,0.0,0.04638456774162503
2020-03-05,73.87999725341797,74.88749694824219,72.85250091552734,73.2300033569336,70.6509780883789,187572800,0.0,0.0,-0.03243705289853094
2020-03-06,70.5,72.70500183105469,70.30750274658203,72.25749969482422,69.71270751953125,226176800,0.0,0.0,-0.013280362059162942
2020-03-09,65.9375,69.52249908447266,65.75,66.5425033569336,64.19901275634766,286744800,0.0,0.0,-0.0790916743785749
2020-03-10,69.28500366210938,71.61000061035156,67.34249877929688,71.33499908447266,68.82270050048828,285290000,0.0,0.0,0.07202116583457063
2020-03-11,69.34750366210938,70.30500030517578,67.96499633789062,68.85749816894531,66.43244934082031,255598800,0.0,0.0,-0.03473056335025693
2020-03-12,63.98500061035156,67.5,62.0,62.057498931884766,59.87195587158203,418474000,0.0,0.0,-0.09875435174128222
2020-03-13,66.22250366210938,69.9800033569336,63.23749923706055,69.49250030517578,67.04511260986328,370732000,0.0,0.0,0.11980829144227045
2020-03-16,60.48749923706055,64.7699966430664,60.0,60.5525016784668,58.41995620727539,322423600,0.0,0.0,-0.12864705668820087
2020-03-17,61.877498626708984,64.40249633789062,59.599998474121094,63.21500015258789,60.98868942260742,324056000,0.0,0.0,0.04397013250434667
2020-03-18,59.942501068115234,62.5,59.279998779296875,61.66749954223633,59.49569320678711,300233600,0.0,0.0,-0.024479886843852827
2020-03-19,61.84749984741211,63.209999084472656,60.65250015258789,61.19499969482422,59.039825439453125,271857200,0.0,0.0,-0.007662197761937883
2020-03-20,61.79499816894531,62.95750045776367,57.0,57.310001373291016,55.291648864746094,401693200,0.0,0.0,-0.06348556329237265
2020-03-23,57.02000045776367,57.125,53.15250015258789,56.092498779296875,54.11703109741211,336752800,0.0,0.0,-0.021244035789334537
2020-03-24,59.09000015258789,61.92250061035156,58.57500076293945,61.720001220703125,59.54634475708008,287531200,0.0,0.0,0.10032541603945444
2020-03-25,62.6875,64.5625,61.07500076293945,61.380001068115234,59.21831512451172,303602000,0.0,0.0,-0.0055088122353531555
2020-03-26,61.630001068115234,64.66999816894531,61.59000015258789,64.61000061035156,62.334556579589844,252087200,0.0,0.0,0.052622933437500796
2020-03-27,63.1875,63.967498779296875,61.76250076293945,61.935001373291016,59.7537727355957,204216800,0.0,0.0,-0.04140213688211536
2020-03-30,62.685001373291016,63.880001068115234,62.349998474121094,63.70249938964844,61.45903015136719,167976400,0.0,0.0,0.028538071115895347
2020-03-31,63.900001525878906,65.62249755859375,63.0,63.5724983215332,61.33359909057617,197002000,0.0,0.0,-0.0020408890358681875
2020-04-01,61.625,62.18000030517578,59.782501220703125,60.227500915527344,58.106414794921875,176218400,0.0,0.0,-0.05261690726625157
2020-04-02,60.084999084472656,61.287498474121094,59.224998474121094,61.23249816894531,59.076011657714844,165934000,0.0,0.0,0.016686571804765737
2020-04-03,60.70000076293945,61.42499923706055,59.74250030517578,60.352500915527344,58.22700119018555,129880000,0.0,0.0,-0.014371492653370788
2020-04-06,62.724998474121094,65.77749633789062,62.345001220703125,65.61750030517578,63.30657196044922,201820400,0.0,0.0,0.08723737555489741
2020-04-07,67.69999694824219,67.92500305175781,64.75,64.85749816894531,62.573360443115234,202887200,0.0,0.0,-0.011581917874056713
2020-04-08,65.68499755859375,66.84249877929688,65.30750274658203,66.51750183105469,64.17488861083984,168895200,0.0,0.0,0.02559440880885
2020-04-09,67.17500305175781,67.51750183105469,66.17500305175781,66.99749755859375,64.63796997070312,161834800,0.0,0.0,0.007215927754412377
2020-04-13,67.07749938964844,68.42500305175781,66.4574966430664,68.3125,65.90664672851562,131022800,0.0,0.0,0.019627422680315032
2020-04-14,70.0,72.0625,69.51249694824219,71.76249694824219,69.23518371582031,194994800,0.0,0.0,0.05050381338646592
2020-04-15,70.5999984741211,71.5824966430664,70.15750122070312,71.10749816894531,68.60323333740234,131154400,0.0,0.0,-0.009127590113891304
2020-04-16,71.84500122070312,72.05000305175781,70.5875015258789,71.67250061035156,69.1483383178711,157125200,0.0,0.0,0.007945762232340225
2020-04-17,71.17250061035156,71.73750305175781,69.21499633789062,70.69999694824219,68.2100830078125,215250000,0.0,0.0,-0.013568732566580088
2020-04-20,69.48750305175781,70.41999816894531,69.2125015258789,69.23249816894531,66.7942886352539,130015200,0.0,0.0,-0.020756379557497873
2020-04-21,69.06999969482422,69.3125,66.35749816894531,67.09249877929688,64.72964477539062,180991600,0.0,0.0,-0.030910485043680325
2020-04-22,68.40249633789062,69.4749984741211,68.05000305175781,69.0250015258789,66.59407043457031,116862400,0.0,0.0,0.02880327345606748
2020-04-23,68.96749877929688,70.4375,68.71749877929688,68.75749969482422,66.33599090576172,124814400,0.0,0.0,-0.003875413037894404
2020-04-24,69.30000305175781,70.75250244140625,69.25,70.74250030517578,68.25110626220703,126161200,0.0,0.0,0.028869929133431782
2020-04-27,70.44999694824219,71.13500213623047,69.98750305175781,70.7925033569336,68.29932403564453,117087600,0.0,0.0,0.000706476071644202
2020-04-28,71.2699966430664,71.4574966430664,69.55000305175781,69.6449966430664,67.19223022460938,112004800,0.0,0.0,-0.016209440234831285
2020-04-29,71.18250274658203,72.4175033569336,70.97250366210938,71.93250274658203,69.39916229248047,137280800,0.0,0.0,0.032845048608950655
2020-04-30,72.48999786376953,73.63249969482422,72.0875015258789,73.44999694824219,70.86321258544922,183064000,0.0,0.0,0.02109608019184095
2020-05-01,71.5625,74.75,71.4625015258789,72.26750183105469,69.72238159179688,240616800,0.0,0.0,-0.01609905834112013
2020-05-04,72.2925033569336,73.42250061035156,71.58000183105469,73.29000091552734,70.7088851928711,133568000,0.0,0.0,0.014149023291400109
2020-05-05,73.76499938964844,75.25,73.61499786376953,74.38999938964844,71.77012634277344,147751200,0.0,0.0,0.015008596826376452
2020-05-06,75.11499786376953,75.80999755859375,74.71749877929688,75.15750122070312,72.51061248779297,142333600,0.0,0.0,0.010317470272839913
2020-05-07,75.80500030517578,76.2925033569336,75.49250030517578,75.93499755859375,73.26073455810547,115215200,0.0,0.0,0.010344997022867286
2020-05-08,76.41000366210938,77.5875015258789,76.07250213623047,77.53250122070312,75.00445556640625,133838400,0.205,0.0,0.023801576913179634
2020-05-11,77.0250015258789,79.26249694824219,76.80999755859375,78.75250244140625,76.18466186523438,145946400,0.0,0.0,0.0157351491976796
2020-05-12,79.4574966430664,79.92250061035156,77.72750091552734,77.85250091552734,75.31400299072266,162301200,0.0,0.0,-0.01142826985373846
2020-05-13,78.0374984741211,78.98750305175781,75.80249786376953,76.9124984741211,74.4046630859375,200622400,0.0,0.0,-0.01207398184501185
2020-05-14,76.12750244140625,77.44750213623047,75.38249969482422,77.38500213623047,74.86175537109375,158929200,0.0,0.0,0.006143328471608145
2020-05-15,75.0875015258789,76.9749984741211,75.05249786376953,76.92749786376953,74.41915893554688,166348400,0.0,0.0,-0.0059121835088277175
2020-05-18,78.2925033569336,79.125,77.58000183105469,78.73999786376953,76.17257690429688,135178400,0.0,0.0,0.023561378465303706
2020-05-19,78.75749969482422,79.62999725341797,78.25250244140625,78.28500366210938,75.73241424560547,101729600,0.0,0.0,-0.005778492425750903
2020-05-20,79.16999816894531,79.87999725341797,79.12999725341797,79.80750274658203,77.20526885986328,111504800,0.0,0.0,0.019448140257106283
2020-05-21,79.66500091552734,80.22250366210938,78.96749877929688,79.2125015258789,76.62967681884766,102688800,0.0,0.0,-0.007455346630038884
2020-05-22,78.94249725341797,79.80750274658203,78.8375015258789,79.72250366210938,77.12303161621094,81803200,0.0,0.0,0.006438168838028169
2020-05-26,80.875,81.05999755859375,79.125,79.18250274658203,76.60067749023438,125522000,0.0,0.0,-0.0067729978325535845
2020-05-27,79.03500366210938,79.67749786376953,78.27249908447266,79.52749633789062,76.93438720703125,112945200,0.0,0.0,0.0043564851869544174
2020-05-28,79.19249725341797,80.86000061035156,78.90750122070312,79.5625,76.96826171875,133560800,0.0,0.0,0.00044030391283400583
2020-05-29,79.8125,80.2874984741211,79.11750030517578,79.48500061035156,76.89328002929688,153532400,0.0,0.0,-0.0009741897215649331
2020-06-01,79.4375,80.5875015258789,79.30249786376953,80.4625015258789,77.83891296386719,80791200,0.0,0.0,0.012297991894870686
2020-06-02,80.1875,80.86000061035156,79.73249816894531,80.83499908447266,78.19927215576172,87642800,0.0,0.0,0.004629550672962335
2020-06-03,81.16500091552734,81.55000305175781,80.57499694824219,81.27999877929688,78.62976837158203,104491200,0.0,0.0,0.005505117937195436
2020-06-04,81.09750366210938,81.40499877929688,80.19499969482422,80.58000183105469,77.95257568359375,87560400,0.0,0.0,-0.008612421249774793
2020-06-05,80.8375015258789,82.9375,80.80750274658203,82.875,80.17273712158203,137250400,0.0,0.0,0.028480924697085408
2020-06-08,82.5625,83.4000015258789,81.83000183105469,83.36499786376953,80.64676666259766,95654400,0.0,0.0,0.005912602688077806
2020-06-09,83.03500366210938,86.40249633789062,83.00250244140625,85.99749755859375,83.19342803955078,147712400,0.0,0.0,0.03157797246364025
2020-06-10,86.9749984741211,88.69249725341797,86.52249908447266,88.20999908447266,85.33378601074219,166651600,0.0,0.0,0.025727488596501535
2020-06-11,87.32749938964844,87.76499938964844,83.87000274658203,83.9749984741211,81.23690032958984,201662400,0.0,0.0,-0.04801012439125352
2020-06-12,86.18000030517578,86.94999694824219,83.55500030517578,84.69999694824219,81.93822479248047,200146000,0.0,0.0,0.008633077579834447
2020-06-15,83.3125,86.41999816894531,83.1449966430664,85.74749755859375,82.95158386230469,138808800,0.0,0.0,0.012367354459907887
2020-06-16,87.86499786376953,88.30000305175781,86.18000030517578,88.0199966430664,85.14998626708984,165428800,0.0,0.0,0.026502235429698207
2020-06-17,88.7874984741211,88.8499984741211,87.77249908447266,87.89749908447266,85.03147888183594,114406400,0.0,0.0,-0.0013917487300841858
2020-06-18,87.85250091552734,88.36250305175781,87.30500030517578,87.93250274658203,85.06535339355469,96820400,0.0,0.0,0.00039837613274751327
2020-06-19,88.66000366210938,89.13999938964844,86.2874984741211,87.43000030517578,84.5792236328125,264476000,0.0,0.0,-0.005714779770479628
2020-06-22,87.83499908447266,89.86499786376953,87.7874984741211,89.71749877929688,86.7921142578125,135445200,0.0,0.0,0.026163524917264702
2020-06-23,91.0,93.09500122070312,90.56749725341797,91.63249969482422,88.64469146728516,212155600,0.0,0.0,0.02134499459213135
2020-06-24,91.25,92.19750213623047,89.62999725341797,90.01499938964844,87.0799331665039,192623200,0.0,0.0,-0.017652024897156227
2020-06-25,90.17500305175781,91.25,89.39250183105469,91.20999908447266,88.2359619140625,137522400,0.0,0.0,0.013275489605029556
2020-06-26,91.10250091552734,91.33000183105469,88.25499725341797,88.40750122070312,85.52484893798828,205256800,0.0,0.0,-0.030725714518924918
2020-06-29,88.3125,90.5425033569336,87.81999969482422,90.44499969482422,87.49591827392578,130646000,0.0,0.0,0.02304674443057686
2020-06-30,90.0199966430664,91.49500274658203,90.0,91.19999694824219,88.22630310058594,140223200,0.0,0.0,0.008347644565241508
2020-07-01,91.27999877929688,91.83999633789062,90.97750091552734,91.02749633789062,88.05941772460938,110737200,0.0,0.0,-0.0018915603409823678
2020-07-02,91.9625015258789,92.61750030517578,90.91000366210938,91.02749633789062,88.05941772460938,114041600,0.0,0.0,0.0
2020-07-06,92.5,93.94499969482422,92.46749877929688,93.4625015258789,90.41502380371094,118655600,0.0,0.0,0.026750189133299962
2020-07-07,93.85250091552734,94.65499877929688,93.05750274658203,93.17250061035156,90.13446807861328,112424400,0.0,0.0,-0.003102976842728422
2020-07-08,94.18000030517578,95.375,94.08999633789062,95.34249877929688,92.2337417602539,117092000,0.0,0.0,0.02329046508389765
2020-07-09,96.26249694824219,96.31749725341797,94.67250061035156,95.75250244140625,92.63034057617188,125642800,0.0,0.0,0.004299931980954019
2020-07-10,95.33499908447266,95.9800033569336,94.70500183105469,95.91999816894531,92.79236602783203,90257200,0.0,0.0,0.0017491617827629646
2020-07-13,97.26499938964844,99.95500183105469,95.25749969482422,95.47750091552734,92.36433410644531,191649200,0.0,0.0,-0.004612792406417765
2020-07-14,94.83999633789062,97.25499725341797,93.87750244140625,97.05750274658203,93.89279174804688,170989200,0.0,0.0,0.016548136858109075
2020-07-15,98.98999786376953,99.24749755859375,96.48999786376953,97.7249984741211,94.5385513305664,153198000,0.0,0.0,0.006877626817747284
2020-07-16,96.5625,97.40499877929688,95.90499877929688,96.52249908447266,93.37525939941406,110577600,0.0,0.0,-0.01230494771476598
2020-07-17,96.98750305175781,97.14749908447266,95.83999633789062,96.32749938964844,93.18661499023438,92186800,0.0,0.0,-0.0020202825715617267
2020-07-20,96.4175033569336,98.5,96.0625,98.35749816894531,95.15042114257812,90318000,0.0,0.0,0.021073908012964715
2020-07-21,99.17250061035156,99.25,96.74250030517578,97.0,93.83719635009766,103433200,0.0,0.0,-0.013801565738870147
2020-07-22,96.69249725341797,97.9749984741211,96.60250091552734,97.27249908447266,94.10079193115234,89001600,0.0,0.0,0.002809073494387526
2020-07-23,96.99749755859375,97.07749938964844,92.01000213623047,92.84500122070312,89.8176498413086,197004400,0.0,0.0,-0.04551653606674699
2020-07-24,90.98750305175781,92.97000122070312,89.1449966430664,92.61499786376953,89.59514617919922,185438800,0.0,0.0,-0.002477282165615491
2020-07-27,93.70999908447266,94.90499877929688,93.4800033569336,94.80999755859375,91.71857452392578,121214000,0.0,0.0,0.023700260954756303
2020-07-28,94.36750030517578,94.55000305175781,93.24749755859375,93.25250244140625,90.21188354492188,103625600,0.0,0.0,-0.016427326600141012
2020-07-29,93.75,95.2300033569336,93.7125015258789,95.04000091552734,91.94107818603516,90329200,0.0,0.0,0.019168146957625698
2020-07-30,94.1875,96.29750061035156,93.76750183105469,96.19000244140625,93.0535888671875,158130000,0.0,0.0,0.012100257067915399
2020-07-31,102.88500213623047,106.41500091552734,100.82499694824219,106.26000213623047,102.79523468017578,374336800,0.0,0.0,0.10468855561167256
2020-08-03,108.19999694824219,111.63749694824219,107.89250183105469,108.9375,105.38544464111328,308151200,0.0,0.0,0.025197762999387585
2020-08-04,109.13249969482422,110.79000091552734,108.38749694824219,109.66500091552734,106.0892105102539,173071600,0.0,0.0,0.006678017742746789
2020-08-05,109.37750244140625,110.39250183105469,108.89749908447266,110.0625,106.4737548828125,121776800,0.0,0.0,0.0036247264986615235
2020-08-06,110.40499877929688,114.4124984741211,109.79750061035156,113.90249633789062,110.18855285644531,202428800,0.0,0.0,0.03488933002993466
2020-08-07,113.20500183105469,113.67500305175781,110.2925033569336,111.11250305175781,107.6833267211914,198045600,0.205,0.0,-0.022735811210060408
2020-08-10,112.5999984741211,113.7750015258789,110.0,112.72750091552734,109.24847412109375,212403600,0.0,0.0,0.014534723689905604
2020-08-11,111.97000122070312,112.48249816894531,109.10749816894531,109.375,105.99943542480469,187902400,0.0,0.0,-0.029739900007095255
2020-08-12,110.49749755859375,113.2750015258789,110.29750061035156,113.01000213623047,109.52227020263672,165598000,0.0,0.0,0.033234467369697596
2020-08-13,114.43000030517578,116.0425033569336,113.92749786376953,115.01000213623047,111.46052551269531,210082000,0.0,0.0,0.01769736243115183
2020-08-14,114.83000183105469,115.0,113.04499816894531,114.90750122070312,111.36119079589844,165565200,0.0,0.0,-0.0008912098372042543
2020-08-17,116.0625,116.0875015258789,113.9625015258789,114.60749816894531,111.0704574584961,119561600,0.0,0.0,-0.0026107240352268857
2020-08-18,114.35250091552734,116.0,114.00749969482422,115.5625,111.99598693847656,105633600,0.0,0.0,0.008332814153811485
2020-08-19,115.98249816894531,117.1624984741211,115.61000061035156,115.7074966430664,112.13651275634766,145538000,0.0,0.0,0.0012547397608835276
2020-08-20,115.75,118.39250183105469,115.73249816894531,118.2750015258789,114.62478637695312,126907200,0.0,0.0,0.022189682552479884
2020-08-21,119.26249694824219,124.86750030517578,119.25,124.37000274658203,120.53164672851562,338054800,0.0,0.0,0.05153213836436121
2020-08-24,128.69749450683594,128.78500366210938,123.9375,125.85749816894531,121.97325897216797,345937600,0.0,0.0,0.011960445930846886
2020-08-25,124.69750213623047,125.18000030517578,123.05249786376953,124.82499694824219,120.9726333618164,211495600,0.0,0.0,-0.008203647412420856
2020-08-26,126.18000030517578,126.99250030517578,125.0824966430664,126.52249908447266,122.61775207519531,163022400,0.0,0.0,0.013599098140308463
2020-08-27,127.14250183105469,127.48500061035156,123.8324966430664,125.01000213623047,121.15193176269531,155552400,0.0,0.0,-0.01195438904801549
2020-08-28,126.01249694824219,126.44249725341797,124.57749938964844,124.80750274658203,120.9556655883789,187630000,0.0,0.0,-0.0016200003702857568
2020-08-31,127.58000183105469,131.0,126.0,129.0399932861328,125.05753326416016,225702700,0.0,4.0,0.03391215827574556
2020-09-01,132.75999450683594,134.8000030517578,130.52999877929688,134.17999267578125,130.0388946533203,151948100,0.0,0.0,0.03983255753684167
2020-09-02,137.58999633789062,137.97999572753906,127.0,131.39999389648438,127.34471893310547,200119000,0.0,0.0,-0.02071822993726169
2020-09-03,126.91000366210938,128.83999633789062,120.5,120.87999725341797,117.14936065673828,257599600,0.0,0.0,-0.08006109999522504
2020-09-04,120.06999969482422,123.69999694824219,110.88999938964844,120.95999908447266,117.2269058227539,332607200,0.0,0.0,0.0006619341802713841
2020-09-08,113.94999694824219,118.98999786376953,112.68000030517578,112.81999969482422,109.33811950683594,231366600,0.0,0.0,-0.06729501440433605
2020-09-09,117.26000213623047,119.13999938964844,115.26000213623047,117.31999969482422,113.69925689697266,176940500,0.0,0.0,0.039886705659539556
2020-09-10,120.36000061035156,120.5,112.5,113.48999786376953,109.98745727539062,182274400,0.0,0.0,-0.03264576852024137
2020-09-11,114.56999969482422,115.2300033569336,110.0,112.0,108.54345703125,180860300,0.0,0.0,-0.0131287719519243
2020-09-14,114.72000122070312,115.93000030517578,112.80000305175781,115.36000061035156,111.79972076416016,140150100,0.0,0.0,0.02999963168643749
2020-09-15,118.33000183105469,118.83000183105469,113.61000061035156,115.54000091552734,111.97418975830078,184642000,0.0,0.0,0.0015605494624504335
2020-09-16,115.2300033569336,116.0,112.04000091552734,112.12999725341797,108.66944122314453,154679000,0.0,0.0,-0.029513484690441905
2020-09-17,109.72000122070312,112.19999694824219,108.70999908447266,110.33999633789062,106.93464660644531,178011000,0.0,0.0,-0.015963960034881874
2020-09-18,110.4000015258789,110.87999725341797,106.08999633789062,106.83999633789062,103.54269409179688,287104900,0.0,0.0,-0.031719864630328276
2020-09-21,104.54000091552734,110.19000244140625,103.0999984741211,110.08000183105469,106.68267822265625,195713800,0.0,0.0,0.030325501556638823
2020-09-22,112.68000030517578,112.86000061035156,109.16000366210938,111.80999755859375,108.35930633544922,183055400,0.0,0.0,0.01571602945038264
2020-09-23,111.62000274658203,112.11000061035156,106.7699966430664,107.12000274658203,103.81404876708984,150718700,0.0,0.0,-0.0419461670812894
2020-09-24,105.16999816894531,110.25,105.0,108.22000122070312,104.88008880615234,167743300,0.0,0.0,0.010268745432077342
2020-09-25,108.43000030517578,112.44000244140625,107.66999816894531,112.27999877929688,108.81478881835938,149981400,0.0,0.0,0.037516177350683355
2020-09-28,115.01000213623047,115.31999969482422,112.77999877929688,114.95999908447266,111.41207122802734,137672400,0.0,0.0,0.02386883656047445
2020-09-29,114.55000305175781,115.30999755859375,113.56999969482422,114.08999633789062,110.56892395019531,99382200,0.0,0.0,-0.007567826973671088
2020-09-30,113.79000091552734,117.26000213623047,113.62000274658203,115.80999755859375,112.23585510253906,142675200,0.0,0.0,0.015075946231462023
2020-10-01,117.63999938964844,117.72000122070312,115.83000183105469,116.79000091552734,113.18560791015625,116120400,0.0,0.0,0.008462115843012041
2020-10-02,112.88999938964844,115.37000274658203,112.22000122070312,113.0199966430664,109.53195190429688,144712000,0.0,0.0,-0.03228021718767948
2020-10-05,113.91000366210938,116.6500015258789,113.55000305175781,116.5,112.90455627441406,106243800,0.0,0.0,0.030791055134888667
2020-10-06,115.69999694824219,116.12000274658203,112.25,113.16000366210938,109.66765594482422,161498200,0.0,0.0,-0.028669350789728765
2020-10-07,114.62000274658203,115.55000305175781,114.12999725341797,115.08000183105469,111.52838897705078,96849000,0.0,0.0,0.01696701745100415
2020-10-08,116.25,116.4000015258789,114.58999633789062,114.97000122070312,111.4217758178711,83477200,0.0,0.0,-0.000955928442592513
2020-10-09,115.27999877929688,117.0,114.91999816894531,116.97000122070312,113.36003875732422,100506900,0.0,0.0,0.01739572830558167
2020-10-12,120.05999755859375,125.18000030517578,119.27999877929688,124.4000015258789,120.56075286865234,240226800,0.0,0.0,0.06352074496677851
2020-10-13,125.2699966430664,125.38999938964844,119.6500015258789,121.0999984741211,117.36258697509766,262330500,0.0,0.0,-0.026527421382636862
2020-10-14,121.0,123.02999877929688,119.62000274658203,121.19000244140625,117.4498062133789,150712000,0.0,0.0,0.0007431604954291071
2020-10-15,118.72000122070312,121.19999694824219,118.1500015258789,120.70999908447266,116.98460388183594,112559200,0.0,0.0,-0.003960860784204323
2020-10-16,121.27999877929688,121.55000305175781,118.80999755859375,119.0199966430664,115.34677124023438,115393800,0.0,0.0,-0.01400041191109136
2020-10-19,119.95999908447266,120.41999816894531,115.66000366210938,115.9800033569336,112.40060424804688,120639300,0.0,0.0,-0.025541824539253688
2020-10-20,116.19999694824219,118.9800033569336,115.62999725341797,117.51000213623047,113.88339233398438,124423700,0.0,0.0,0.013191993903033383
2020-10-21,116.66999816894531,118.70999908447266,116.44999694824219,116.87000274658203,113.26313018798828,89946000,0.0,0.0,-0.005446467068499827
2020-10-22,117.44999694824219,118.04000091552734,114.58999633789062,115.75,112.1777114868164,101988000,0.0,0.0,-0.009583160021891968
2020-10-23,116.38999938964844,116.55000305175781,114.27999877929688,115.04000091552734,111.48961639404297,82572600,0.0,0.0,-0.0061339733504396365
2020-10-26,114.01000213623047,116.55000305175781,112.87999725341797,115.05000305175781,111.49929809570312,111850700,0.0,0.0,8.683949208276864e-05
2020-10-27,115.48999786376953,117.27999877929688,114.54000091552734,116.5999984741211,113.00146484375,92276800,0.0,0.0,0.013472432326502304
2020-10-28,115.05000305175781,115.43000030517578,111.0999984741211,111.19999694824219,107.76811981201172,143937800,0.0,0.0,-0.046312187536458604
2020-10-29,112.37000274658203,116.93000030517578,112.19999694824219,115.31999969482422,111.76099395751953,146129200,0.0,0.0,0.03705060599064813
2020-10-30,111.05999755859375,111.98999786376953,107.72000122070312,108.86000061035156,105.5003433227539,190272600,0.0,0.0,-0.05601820825918302
2020-11-02,109.11000061035156,110.68000030517578,107.31999969482422,108.7699966430664,105.41313171386719,122866900,0.0,0.0,-0.0008266476310879733
2020-11-03,109.66000366210938,111.48999786376953,108.7300033569336,110.44000244140625,107.03158569335938,107624400,0.0,0.0,0.015353437974742201
2020-11-04,114.13999938964844,115.58999633789062,112.3499984741211,114.94999694824219,111.40238952636719,138235500,0.0,0.0,0.04083657926483464
2020-11-05,117.94999694824219,119.62000274658203,116.87000274658203,119.02999877929688,115.35649108886719,126387100,0.0,0.0,0.035493866687340114
2020-11-06,118.31999969482422,119.19999694824219,116.12999725341797,118.69000244140625,115.2254409790039,114457900,0.205,0.0,-0.0011360445227336369
2020-11-09,120.5,121.98999786376953,116.05000305175781,116.31999969482422,112.92457580566406,154515300,0.0,0.0,-0.019968378109822993
2020-11-10,115.55000305175781,117.58999633789062,114.12999725341797,115.97000122070312,112.58480834960938,138023400,0.0,0.0,-0.0030087999324381887
2020-11-11,117.19000244140625,119.62999725341797,116.44000244140625,119.48999786376953,116.0020523071289,112295000,0.0,0.0,0.030352620461083557
2020-11-12,119.62000274658203,120.52999877929688,118.56999969482422,119.20999908447266,115.73023223876953,103162300,0.0,0.0,-0.002343234994150789
2020-11-13,119.44000244140625,119.66999816894531,117.87000274658203,119.26000213623047,115.77877807617188,81581900,0.0,0.0,0.00041947412066178913
2020-11-16,118.91999816894531,120.98999786376953,118.1500015258789,120.30000305175781,116.78842163085938,91183000,0.0,0.0,0.00872045439988356
2020-11-17,119.55000305175781,120.66999816894531,118.95999908447266,119.38999938964844,115.90499114990234,74271000,0.0,0.0,-0.007564366986218429
2020-11-18,118.61000061035156,119.81999969482422,118.0,118.02999877929688,114.58468627929688,76322100,0.0,0.0,-0.011391268464857496
2020-11-19,117.58999633789062,119.05999755859375,116.80999755859375,118.63999938964844,115.1768798828125,74113000,0.0,0.0,0.005168174061865205
2020-11-20,118.63999938964844,118.7699966430664,117.29000091552734,117.33999633789062,113.91482543945312,73604300,0.0,0.0,-0.010957532836828543
2020-11-23,117.18000030517578,117.62000274658203,113.75,113.8499984741211,110.52667999267578,127959300,0.0,0.0,-0.02974279628403742
2020-11-24,113.91000366210938,115.8499984741211,112.58999633789062,115.16999816894531,111.80817413330078,113874200,0.0,0.0,0.011594432590483317
2020-11-25,115.55000305175781,116.75,115.16999816894531,116.02999877929688,112.64306640625,76499200,0.0,0.0,0.00746718457233575
2020-11-27,116.56999969482422,117.48999786376953,116.22000122070312,116.58999633789062,113.18672180175781,46691300,0.0,0.0,0.004826354722510029
2020-11-30,116.97000122070312,120.97000122070312,116.80999755859375,119.05000305175781,115.57491302490234,169410200,0.0,0.0,0.02109957056029388
2020-12-01,121.01000213623047,123.47000122070312,120.01000213623047,122.72000122070312,119.13777923583984,127728200,0.0,0.0,0.030827331967533622
2020-12-02,122.0199966430664,123.37000274658203,120.88999938964844,123.08000183105469,119.48726654052734,89004200,0.0,0.0,0.002933471707540214
2020-12-03,123.5199966430664,123.77999877929688,122.20999908447266,122.94000244140625,119.35134887695312,78967600,0.0,0.0,-0.0011375075144773872
2020-12-04,122.5999984741211,122.86000061035156,121.5199966430664,122.25,118.68151092529297,78260400,0.0,0.0,-0.005612319910608954
2020-12-07,122.30999755859375,124.56999969482422,122.25,123.75,120.1377182006836,86712000,0.0,0.0,0.01226987476008179
2020-12-08,124.37000274658203,124.9800033569336,123.08999633789062,124.37999725341797,120.74933624267578,82225500,0.0,0.0,0.005090974351373179
2020-12-09,124.52999877929688,125.94999694824219,121.0,121.77999877929688,118.22521209716797,115089200,0.0,0.0,-0.02090383453897382
2020-12-10,120.5,123.87000274658203,120.1500015258789,123.23999786376953,119.64259338378906,81312200,0.0,0.0,0.011988824223518213
2020-12-11,122.43000030517578,122.76000213623047,120.55000305175781,122.41000366210938,118.83683776855469,86939800,0.0,0.0,-0.006734688645954612
2020-12-14,122.5999984741211,123.3499984741211,121.54000091552734,121.77999877929688,118.22521209716797,79184500,0.0,0.0,-0.005146768315881234
2020-12-15,124.33999633789062,127.9000015258789,124.12999725341797,127.87999725341797,124.14715576171875,157243700,0.0,0.0,0.05009036194144101
2020-12-16,127.41000366210938,128.3699951171875,126.55999755859375,127.80999755859375,124.07919311523438,98208600,0.0,0.0,-0.0005474361943081929
2020-12-17,128.89999389648438,129.5800018310547,128.0399932861328,128.6999969482422,124.9432373046875,94359800,0.0,0.0,0.0069636509374353395
2020-12-18,128.9600067138672,129.10000610351562,126.12000274658203,126.66000366210938,122.96277618408203,192541500,0.0,0.0,-0.015850886877341708
2020-12-21,125.0199966430664,128.30999755859375,123.44999694824219,128.22999572753906,124.4869384765625,121251600,0.0,0.0,0.012395314580395667
2020-12-22,131.61000061035156,134.41000366210938,129.64999389648438,131.8800048828125,128.03038024902344,168904800,0.0,0.0,0.028464365947340475
2020-12-23,132.16000366210938,132.42999267578125,130.77999877929688,130.9600067138672,127.13728332519531,88223700,0.0,0.0,-0.00697566407356609
2020-12-24,131.32000732421875,133.4600067138672,131.10000610351562,131.97000122070312,128.11776733398438,54930100,0.0,0.0,0.007712010066167174
2020-12-28,133.99000549316406,137.33999633789062,133.50999450683594,136.69000244140625,132.69996643066406,124486200,0.0,0.0,0.03576552411137923
2020-12-29,138.0500030517578,138.7899932861328,134.33999633789062,134.8699951171875,130.9331512451172,121047300,0.0,0.0,-0.013314360455924046
2020-12-30,135.5800018310547,135.99000549316406,133.39999389648438,133.72000122070312,129.81668090820312,96452100,0.0,0.0,-0.008527025633286223
2020-12-31,134.0800018310547,134.74000549316406,131.72000122070312,132.69000244140625,128.81674194335938,99116600,0.0,0.0,-0.00770270012950669
2021-01-04,133.52000427246094,133.61000061035156,126.76000213623047,129.41000366210938,125.63252258300781,143301900,0.0,0.0,-0.024718986929134323
2021-01-05,128.88999938964844,131.74000549316406,128.42999267578125,131.00999450683594,127.185791015625,97664900,0.0,0.0,0.012363585484729267
2021-01-06,127.72000122070312,131.0500030517578,126.37999725341797,126.5999984741211,122.9045181274414,155088000,0.0,0.0,-0.03366156591861458
2021-01-07,128.36000061035156,131.6300048828125,127.86000061035156,130.9199981689453,127.0984115600586,109578200,0.0,0.0,0.03412318356163668
2021-01-08,132.42999267578125,132.6300048828125,130.22999572753906,132.0500030517578,128.19544982910156,105158200,0.0,0.0,0.008631408178729094
2021-01-11,129.19000244140625,130.1699981689453,128.5,128.97999572753906,125.21502685546875,100384500,0.0,0.0,-0.023249054296435978
2021-01-12,128.5,129.69000244140625,126.86000061035156,128.8000030517578,125.04029846191406,91951100,0.0,0.0,-0.0013954267146895072
2021-01-13,128.75999450683594,131.4499969482422,128.49000549316406,130.88999938964844,127.06930541992188,88636800,0.0,0.0,0.016226824335562773
2021-01-14,130.8000030517578,131.0,128.75999450683594,128.91000366210938,125.1471176147461,90221800,0.0,0.0,-0.015127082018931204
2021-01-15,128.77999877929688,130.22000122070312,127.0,127.13999938964844,123.42876434326172,111598500,0.0,0.0,-0.01373066598924133
2021-01-19,127.77999877929688,128.7100067138672,126.94000244140625,127.83000183105469,124.0986328125,90757300,0.0,0.0,0.0054271666155172316
2021-01-20,128.66000366210938,132.49000549316406,128.5500030517578,132.02999877929688,128.17605590820312,104319500,0.0,0.0,0.032856309560345354
2021-01-21,133.8000030517578,139.6699981689453,133.58999633789062,136.8699951171875,132.87472534179688,120150900,0.0,0.0,0.036657934278761406
2021-01-22,136.27999877929688,139.85000610351562,135.02000427246094,139.07000732421875,135.01052856445312,114459400,0.0,0.0,0.016073811006286354
2021-01-25,143.07000732421875,145.08999633789062,136.5399932861328,142.9199981689453,138.74815368652344,157611700,0.0,0.0,0.027683952961387037
2021-01-26,143.60000610351562,144.3000030517578,141.3699951171875,143.16000366210938,138.9811248779297,98390600,0.0,0.0,0.0016790939930819704
2021-01-27,143.42999267578125,144.3000030517578,140.41000366210938,142.05999755859375,137.91322326660156,140843800,0.0,0.0,-0.007683788804170977
2021-01-28,139.52000427246094,141.99000549316406,136.6999969482422,137.08999633789062,133.0883331298828,142621100,0.0,0.0,-0.03498497114661514
2021-01-29,135.8300018310547,136.74000549316406,130.2100067138672,131.9600067138672,128.1080780029297,177523800,0.0,0.0,-0.037420673997718645
2021-02-01,133.75,135.3800048828125,130.92999267578125,134.13999938964844,130.2244110107422,106239800,0.0,0.0,0.016519902888279203
2021-02-02,135.72999572753906,136.30999755859375,134.61000061035156,134.99000549316406,131.0496063232422,83305400,0.0,0.0,0.0063367175638977535
2021-02-03,135.75999450683594,135.77000427246094,133.61000061035156,133.94000244140625,130.03028869628906,89880900,0.0,0.0,-0.007778105219476306
2021-02-04,136.3000030517578,137.39999389648438,134.58999633789062,137.38999938964844,133.37957763671875,84183100,0.0,0.0,0.025757759780512313
2021-02-05,137.35000610351562,137.4199981689453,135.86000061035156,136.75999450683594,132.96630859375,75693800,0.205,0.0,-0.003098443182166566
2021-02-08,136.02999877929688,136.9600067138672,134.9199981689453,136.91000366210938,133.11215209960938,71297200,0.0,0.0,0.0010968455648789899
2021-02-09,136.6199951171875,137.8800048828125,135.85000610351562,136.00999450683594,132.23716735839844,76774200,0.0,0.0,-0.006573289721558795
2021-02-10,136.47999572753906,136.99000549316406,134.39999389648438,135.38999938964844,131.63438415527344,73046600,0.0,0.0,-0.0045583493292116195
2021-02-11,135.89999389648438,136.38999938964844,133.77000427246094,135.1300048828125,131.381591796875,64280000,0.0,0.0,-0.0019204128163067269
2021-02-12,134.35000610351562,135.52999877929688,133.69000244140625,135.3699951171875,131.61488342285156,60145100,0.0,0.0,0.0017756797035710647
2021-02-16,135.49000549316406,136.00999450683594,132.7899932861328,133.19000244140625,129.495361328125,80576300,0.0,0.0,-0.016103969700121068
2021-02-17,131.25,132.22000122070312,129.47000122070312,130.83999633789062,127.21052551269531,97918500,0.0,0.0,-0.017644151821316623
2021-02-18,129.1999969482422,130.0,127.41000366210938,129.7100067138672,126.11192321777344,96856700,0.0,0.0,-0.008636095877241234
2021-02-19,130.24000549316406,130.7100067138672,128.8000030517578,129.8699951171875,126.26744842529297,87668800,0.0,0.0,0.0012332315894585388
2021-02-22,128.00999450683594,129.72000122070312,125.5999984741211,126.0,122.50480651855469,103916400,0.0,0.0,-0.029798985832555802
2021-02-23,123.76000213623047,126.70999908447266,118.38999938964844,125.86000061035156,122.36870574951172,158273000,0.0,0.0,-0.0011109830945478238
2021-02-24,124.94000244140625,125.55999755859375,122.2300033569336,125.3499984741211,121.87285614013672,111039900,0.0,0.0,-0.0040520949072551105
2021-02-25,124.68000030517578,126.45999908447266,120.54000091552734,120.98999786376953,117.63380432128906,148199500,0.0,0.0,-0.03478257548976571
2021-02-26,122.58999633789062,124.8499984741211,121.19999694824219,121.26000213623047,117.89630126953125,164560400,0.0,0.0,0.0022314754653793845
2021-03-01,123.75,127.93000030517578,122.79000091552734,127.79000091552734,124.24517822265625,116307900,0.0,0.0,0.05385136670751334
2021-03-02,128.41000366210938,128.72000122070312,125.01000213623047,125.12000274658203,121.64923095703125,102260900,0.0,0.0,-0.020893746564336513
2021-03-03,124.80999755859375,125.70999908447266,121.83999633789062,122.05999755859375,118.67411041259766,112966300,0.0,0.0,-0.024456550370503094
2021-03-04,121.75,123.5999984741211,118.62000274658203,120.12999725341797,116.79766845703125,178155000,0.0,0.0,-0.01581172126795416
2021-03-05,120.9800033569336,121.94000244140625,117.56999969482422,121.41999816894531,118.05186462402344,153766600,0.0,0.0,0.010738195235922898
2021-03-08,120.93000030517578,121.0,116.20999908447266,116.36000061035156,113.13223266601562,154376600,0.0,0.0,-0.0416734794801934
2021-03-09,119.02999877929688,122.05999755859375,118.79000091552734,121.08999633789062,117.73100280761719,129525800,0.0,0.0,0.040649512815484456
2021-03-10,121.69000244140625,122.16999816894531,119.44999694824219,119.9800033569336,116.65180969238281,111943300,0.0,0.0,-0.009166600890997856
2021-03-11,122.54000091552734,123.20999908447266,121.26000213623047,121.95999908447266,118.57689666748047,103026500,0.0,0.0,0.016502847064046477
2021-03-12,120.4000015258789,121.16999816894531,119.16000366210938,121.02999877929688,117.67267608642578,88105100,0.0,0.0,-0.007625605041683192
2021-03-15,121.41000366210938,124.0,120.41999816894531,123.98999786376953,120.55058288574219,92403800,0.0,0.0,0.02445688238791055
2021-03-16,125.69999694824219,127.22000122070312,124.72000122070312,125.56999969482422,122.08675384521484,115227900,0.0,0.0,0.01274295754279886
2021-03-17,124.05000305175781,125.86000061035156,122.33999633789062,124.76000213623047,121.29920196533203,111932600,0.0,0.0,-0.006450756163779214
2021-03-18,122.87999725341797,123.18000030517578,120.31999969482422,120.52999877929688,117.1865463256836,121229700,0.0,0.0,-0.033905051088661375
2021-03-19,119.9000015258789,121.43000030517578,119.68000030517578,119.98999786376953,116.6615219116211,185549500,0.0,0.0,-0.0044802447936588274
2021-03-22,120.33000183105469,123.87000274658203,120.26000213623047,123.38999938964844,119.96722412109375,111912300,0.0,0.0,0.02833583991795474
2021-03-23,123.33000183105469,124.23999786376953,122.13999938964844,122.54000091552734,119.14078521728516,95467100,0.0,0.0,-0.006888872438812088
2021-03-24,122.81999969482422,122.9000015258789,120.06999969482422,120.08999633789062,116.75875854492188,88530500,0.0,0.0,-0.019993377314233896
2021-03-25,119.54000091552734,121.66000366210938,119.0,120.58999633789062,117.24488830566406,98844700,0.0,0.0,0.00416353999306307
2021-03-26,120.3499984741211,121.4800033569336,118.91999816894531,121.20999908447266,117.84769439697266,94071200,0.0,0.0,0.005141427485836791
2021-03-29,121.6500015258789,122.58000183105469,120.7300033569336,121.38999938964844,118.02269744873047,80819200,0.0,0.0,0.0014849934286225164
2021-03-30,120.11000061035156,120.4000015258789,118.86000061035156,119.9000015258789,116.57403564453125,85671900,0.0,0.0,-0.012274433947999874
2021-03-31,121.6500015258789,123.5199966430664,121.1500015258789,122.1500015258789,118.76161193847656,118323800,0.0,0.0,0.01876555342577202
2021-04-01,123.66000366210938,124.18000030517578,122.48999786376953,123.0,119.58805084228516,75089100,0.0,0.0,0.006958805040779614
2021-04-05,123.87000274658203,126.16000366210938,123.06999969482422,125.9000015258789,122.4075927734375,88651200,0.0,0.0,0.023577120885353464
2021-04-06,126.5,127.12999725341797,125.6500015258789,126.20999908447266,122.70899200439453,80171300,0.0,0.0,0.002462259277616008
2021-04-07,125.83000183105469,127.91999816894531,125.13999938964844,127.9000015258789,124.35213470458984,83466700,0.0,0.0,0.013390564728430476
2021-04-08,128.9499969482422,130.38999938964844,128.52000427246094,130.36000061035156,126.7438735961914,88844600,0.0,0.0,0.019233597374772593
2021-04-09,129.8000030517578,133.0399932861328,129.47000122070312,133.0,129.3106689453125,106686700,0.0,0.0,0.020251829743652694
2021-04-12,132.52000427246094,132.85000610351562,130.6300048828125,131.24000549316406,127.59947204589844,91420000,0.0,0.0,-0.013233222852924498
2021-04-13,132.44000244140625,134.66000366210938,131.92999267578125,134.42999267578125,130.70094299316406,91266500,0.0,0.0,0.02430629921532912
2021-04-14,134.94000244140625,135.0,131.66000366210938,132.02999877929688,128.36756896972656,87222800,0.0,0.0,-0.01785277114304784
2021-04-15,133.82000732421875,135.0,133.63999938964844,134.5,130.76904296875,89347100,0.0,0.0,0.01870779370753528
2021-04-16,134.3000030517578,134.6699981689453,133.27999877929688,134.16000366210938,130.43849182128906,84922400,0.0,0.0,-0.00252774769897135
2021-04-19,133.50999450683594,135.47000122070312,133.33999633789062,134.83999633789062,131.09959411621094,94264200,0.0,0.0,0.005068306798790889
2021-04-20,135.02000427246094,135.52999877929688,131.80999755859375,133.11000061035156,129.4176025390625,94812300,0.0,0.0,-0.012829876312641098
2021-04-21,132.36000061035156,133.75,131.3000030517578,133.5,129.79676818847656,68847100,0.0,0.0,0.002929784217719611
2021-04-22,133.0399932861328,134.14999389648438,131.41000366210938,131.94000244140625,128.28005981445312,84566500,0.0,0.0,-0.011685255304824227
2021-04-23,132.16000366210938,135.1199951171875,132.16000366210938,134.32000732421875,130.5940399169922,78657500,0.0,0.0,0.01803850189878342
2021-04-26,134.8300018310547,135.05999755859375,133.55999755859375,134.72000122070312,130.9829559326172,66905100,0.0,0.0,0.0029780533313175095
2021-04-27,135.00999450683594,135.41000366210938,134.11000061035156,134.38999938964844,130.66207885742188,66015800,0.0,0.0,-0.002449762054235416
2021-04-28,134.30999755859375,135.02000427246094,133.0800018310547,133.5800018310547,129.87454223632812,107760100,0.0,0.0,-0.006027277600206493
2021-04-29,136.47000122070312,137.07000732421875,132.4499969482422,133.47999572753906,129.77732849121094,151101000,0.0,0.0,-0.0007485204062570583
2021-04-30,131.77999877929688,133.55999755859375,131.07000732421875,131.4600067138672,127.81340026855469,109839500,0.0,0.0,-0.015133060955167199
2021-05-03,132.0399932861328,134.07000732421875,131.8300018310547,132.5399932861328,128.8634033203125,75135100,0.0,0.0,0.008215124936443274
2021-05-04,131.19000244140625,131.49000549316406,126.69999694824219,127.8499984741211,124.30351257324219,137564700,0.0,0.0,-0.03538545956089567
2021-05-05,129.1999969482422,130.4499969482422,127.97000122070312,128.10000610351562,124.54656982421875,84000900,0.0,0.0,0.0019553530382607764
2021-05-06,127.88999938964844,129.75,127.12999725341797,129.74000549316406,126.14108276367188,78128300,0.0,0.0,0.012802543993813531
2021-05-07,130.85000610351562,131.25999450683594,129.47999572753906,130.2100067138672,126.81307220458984,78973300,0.22,0.0,0.005327284546756017
2021-05-10,129.41000366210938,129.5399932861328,126.80999755859375,126.8499984741211,123.54073333740234,88071200,0.0,0.0,-0.025804428599507268
2021-05-11,123.5,126.2699966430664,122.7699966430664,125.91000366210938,122.6252670288086,126142800,0.0,0.0,-0.007410238581743833
2021-05-12,123.4000015258789,124.63999938964844,122.25,122.7699966430664,119.56717681884766,112172300,0.0,0.0,-0.02493849990347008
2021-05-13,124.58000183105469,126.1500015258789,124.26000213623047,124.97000122070312,121.70977020263672,105861300,0.0,0.0,0.017919578272181047
2021-05-14,126.25,127.88999938964844,125.8499984741211,127.44999694824219,124.1250991821289,81918000,0.0,0.0,0.01984498841359139
2021-05-17,126.81999969482422,126.93000030517578,125.16999816894531,126.2699966430664,122.9758529663086,74244600,0.0,0.0,-0.00925877379670026
2021-05-18,126.55999755859375,126.98999786376953,124.77999877929688,124.8499984741211,121.59290313720703,63342900,0.0,0.0,-0.011245702271977298
2021-05-19,123.16000366210938,124.91999816894531,122.86000061035156,124.69000244140625,121.43708801269531,92612000,0.0,0.0,-0.0012814491676039763
2021-05-20,125.2300033569336,127.72000122070312,125.0999984741211,127.30999755859375,123.98873138427734,76857100,0.0,0.0,0.02101205993440214
2021-05-21,127.81999969482422,128.0,125.20999908447266,125.43000030517578,122.15777587890625,79295400,0.0,0.0,-0.014767112179706277
2021-05-24,126.01000213623047,127.94000244140625,125.94000244140625,127.0999984741211,123.7842025756836,63092900,0.0,0.0,0.013314147913020324
2021-05-25,127.81999969482422,128.32000732421875,126.31999969482422,126.9000015258789,123.58943939208984,72009500,0.0,0.0,-0.0015734090420356228
2021-05-26,126.95999908447266,127.38999938964844,126.41999816894531,126.8499984741211,123.54073333740234,56575900,0.0,0.0,-0.000394095603370892
2021-05-27,126.44000244140625,127.63999938964844,125.08000183105469,125.27999877929688,122.0116958618164,94625600,0.0,0.0,-0.012376788078552026
2021-05-28,125.56999969482422,125.80000305175781,124.55000305175781,124.61000061035156,121.35916900634766,71311100,0.0,0.0,-0.005348068075438972
2021-06-01,125.08000183105469,125.3499984741211,123.94000244140625,124.27999877929688,121.03779602050781,67637100,0.0,0.0,-0.00264811458805414
2021-06-02,124.27999877929688,125.23999786376953,124.05000305175781,125.05999755859375,121.79742431640625,59278900,0.0,0.0,0.006275959418244215
2021-06-03,124.68000030517578,124.8499984741211,123.12999725341797,123.54000091552734,120.31708526611328,76229200,0.0,0.0,-0.012154108008452846
2021-06-04,124.06999969482422,126.16000366210938,123.8499984741211,125.88999938964844,122.60575866699219,75169300,0.0,0.0,0.01902201500158429
2021-06-07,126.16999816894531,126.31999969482422,124.83000183105469,125.9000015258789,122.6155014038086,71057600,0.0,0.0,7.946394135416313e-05
2021-06-08,126.5999984741211,128.4600067138672,126.20999908447266,126.73999786376953,123.43360137939453,74403800,0.0,0.0,0.0066720762564245195
2021-06-09,127.20999908447266,127.75,126.5199966430664,127.12999725341797,123.81343078613281,56877900,0.0,0.0,0.0030771961807287695
2021-06-10,127.0199966430664,128.19000244140625,125.94000244140625,126.11000061035156,122.82002258300781,71186400,0.0,0.0,-0.008023428450512404
2021-06-11,126.52999877929688,127.44000244140625,126.0999984741211,127.3499984741211,124.0276870727539,53522400,0.0,0.0,0.009832798141116594
2021-06-14,127.81999969482422,130.5399932861328,127.06999969482422,130.47999572753906,127.07605743408203,96906500,0.0,0.0,0.024578144068267305
2021-06-15,129.94000244140625,130.60000610351562,129.38999938964844,129.63999938964844,126.2579345703125,62746300,0.0,0.0,-0.006438056706267514
2021-06-16,130.3699951171875,130.88999938964844,128.4600067138672,130.14999389648438,126.75462341308594,91815000,0.0,0.0,0.0039339218122314
2021-06-17,129.8000030517578,132.5500030517578,129.64999389648438,131.7899932861328,128.35182189941406,96721700,0.0,0.0,0.012600711858240743
2021-06-18,130.7100067138672,131.50999450683594,130.24000549316406,130.4600067138672,127.05654907226562,108953300,0.0,0.0,-0.010091581155454943
2021-06-21,130.3000030517578,132.41000366210938,129.2100067138672,132.3000030517578,128.8485565185547,79663300,0.0,0.0,0.014104014782188257
2021-06-22,132.1300048828125,134.0800018310547,131.6199951171875,133.97999572753906,130.4846954345703,74783600,0.0,0.0,0.012698154796790595
2021-06-23,133.77000427246094,134.32000732421875,133.22999572753906,133.6999969482422,130.21202087402344,60214200,0.0,0.0,-0.00208970530711472
2021-06-24,134.4499969482422,134.63999938964844,132.92999267578125,133.41000366210938,129.92959594726562,68711000,0.0,0.0,-0.002168962011818043
2021-06-25,133.4600067138672,133.88999938964844,132.80999755859375,133.11000061035156,129.63742065429688,70783700,0.0,0.0,-0.002248720092128509
2021-06-28,133.41000366210938,135.25,133.35000610351562,134.77999877929688,131.26388549804688,62111300,0.0,0.0,0.012546260451195446
2021-06-29,134.8000030517578,136.49000549316406,134.35000610351562,136.3300018310547,132.77340698242188,64556100,0.0,0.0,0.011499899447951822
2021-06-30,136.1699981689453,137.41000366210938,135.8699951171875,136.9600067138672,133.3870086669922,63261400,0.0,0.0,0.004621420045744173
2021-07-01,136.60000610351562,137.3300018310547,135.75999450683594,137.27000427246094,133.68893432617188,52485800,0.0,0.0,0.002263531225394466
2021-07-02,137.89999389648438,140.0,137.75,139.9600067138672,136.3087158203125,78852600,0.0,0.0,0.01959609826606079
2021-07-06,140.07000732421875,143.14999389648438,140.07000732421875,142.02000427246094,138.3149871826172,108181800,0.0,0.0,0.0147185845764215
2021-07-07,143.5399932861328,144.88999938964844,142.66000366210938,144.57000732421875,140.7984619140625,104911600,0.0,0.0,0.017955210653827214
2021-07-08,141.5800018310547,144.05999755859375,140.6699981689453,143.24000549316406,139.5031280517578,105575500,0.0,0.0,-0.00919991486196281
2021-07-09,142.75,145.64999389648438,142.64999389648438,145.11000061035156,141.3244171142578,99890800,0.0,0.0,0.01305554282499144
2021-07-12,146.2100067138672,146.32000732421875,144.0,144.5,140.73025512695312,76299700,0.0,0.0,-0.004204241555967769
2021-07-13,144.02999877929688,147.4600067138672,143.6300048828125,145.63999938964844,141.8405303955078,100827100,0.0,0.0,0.007889385744046962
2021-07-14,148.10000610351562,149.57000732421875,147.67999267578125,149.14999389648438,145.25897216796875,127050800,0.0,0.0,0.024100599193537686
2021-07-15,149.24000549316406,150.0,147.08999633789062,148.47999572753906,144.60646057128906,106820300,0.0,0.0,-0.0044920570959648964
2021-07-16,148.4600067138672,149.75999450683594,145.8800048828125,146.38999938964844,142.5709686279297,93251400,0.0,0.0,-0.014076078864788344
2021-07-19,143.75,144.07000732421875,141.6699981689453,142.4499969482422,138.73374938964844,121434600,0.0,0.0,-0.026914450222298214
2021-07-20,143.4600067138672,147.10000610351562,142.9600067138672,146.14999389648438,142.3372344970703,96350000,0.0,0.0,0.02597410596394334
2021-07-21,145.52999877929688,146.1300048828125,144.6300048828125,145.39999389648438,141.60675048828125,74993500,0.0,0.0,-0.005132065487784221
2021-07-22,145.94000244140625,148.1999969482422,145.80999755859375,146.8000030517578,142.97027587890625,77338200,0.0,0.0,0.009628957559744578
2021-07-23,147.5500030517578,148.72000122070312,146.9199981689453,148.55999755859375,144.68435668945312,71447400,0.0,0.0,0.011989071154892894
2021-07-26,148.27000427246094,149.8300018310547,147.6999969482422,148.99000549316406,145.10313415527344,72434100,0.0,0.0,0.00289442117587857
2021-07-27,149.1199951171875,149.2100067138672,145.5500030517578,146.77000427246094,142.94110107421875,104818600,0.0,0.0,-0.014899975066983151
2021-07-28,144.80999755859375,146.97000122070312,142.5399932861328,144.97999572753906,141.19772338867188,118931200,0.0,0.0,-0.012196475838266219
2021-07-29,144.69000244140625,146.5500030517578,144.5800018310547,145.63999938964844,141.8405303955078,56699500,0.0,0.0,0.0045525309573617445
2021-07-30,144.3800048828125,146.3300018310547,144.11000061035156,145.86000061035156,142.0548095703125,70440600,0.0,0.0,0.0015107048331475248
2021-08-02,146.36000061035156,146.9499969482422,145.25,145.52000427246094,141.7236785888672,62880000,0.0,0.0,-0.0023310085906060873
2021-08-03,145.80999755859375,148.0399932861328,145.17999267578125,147.36000061035156,143.51565551757812,64786600,0.0,0.0,0.012644160429319484
2021-08-04,147.27000427246094,147.7899932861328,146.27999877929688,146.9499969482422,143.1163787841797,56368300,0.0,0.0,-0.0027821127385613265
2021-08-05,146.97999572753906,147.83999633789062,146.1699981689453,147.05999755859375,143.22349548339844,46397700,0.0,0.0,0.0007484587028314671
2021-08-06,146.35000610351562,147.11000061035156,145.6300048828125,146.13999938964844,142.54075622558594,54126800,0.22,0.0,-0.004766950111838586
2021-08-09,146.1999969482422,146.6999969482422,145.52000427246094,146.08999633789062,142.491943359375,48908700,0.0,0.0,-0.00034244848633813163
2021-08-10,146.44000244140625,147.7100067138672,145.3000030517578,145.60000610351562,142.01400756835938,69023100,0.0,0.0,-0.0033541250104943687
2021-08-11,146.0500030517578,146.72000122070312,145.52999877929688,145.86000061035156,142.26763916015625,48493500,0.0,0.0,0.0017859617944715467
2021-08-12,146.19000244140625,149.0500030517578,145.83999633789062,148.88999938964844,145.22300720214844,72282600,0.0,0.0,0.020773297845093408
2021-08-13,148.97000122070312,149.44000244140625,148.27000427246094,149.10000610351562,145.42784118652344,59375000,0.0,0.0,0.0014104788788038558
2021-08-16,148.5399932861328,151.19000244140625,146.47000122070312,151.1199951171875,147.39808654785156,103296000,0.0,0.0,0.013547924147489177
2021-08-17,150.22999572753906,151.67999267578125,149.08999633789062,150.19000244140625,146.49099731445312,92229700,0.0,0.0,-0.0061540095576746445
2021-08-18,149.8000030517578,150.72000122070312,146.14999389648438,146.36000061035156,142.75531005859375,86326000,0.0,0.0,-0.025501138802683343
2021-08-19,145.02999877929688,148.0,144.5,146.6999969482422,143.08694458007812,86960300,0.0,0.0,0.0023230976231165545
2021-08-20,147.44000244140625,148.5,146.77999877929688,148.19000244140625,144.54026794433594,60549600,0.0,0.0,0.010156924997755334
2021-08-23,148.30999755859375,150.19000244140625,147.88999938964844,149.7100067138672,146.0228271484375,60131800,0.0,0.0,0.01025706694187467
2021-08-24,149.4499969482422,150.86000061035156,149.14999389648438,149.6199951171875,145.9349822998047,48606400,0.0,0.0,-0.0006015829877304979
2021-08-25,149.80999755859375,150.32000732421875,147.8000030517578,148.36000061035156,144.70606994628906,58991300,0.0,0.0,-0.00842095797833442
2021-08-26,148.35000610351562,149.1199951171875,147.50999450683594,147.5399932861328,143.90626525878906,48597200,0.0,0.0,-0.005527098398822261
2021-08-27,147.47999572753906,148.75,146.8300018310547,148.60000610351562,144.940185546875,55802400,0.0,0.0,0.007184678764518226
2021-08-30,149.0,153.49000549316406,148.61000061035156,153.1199951171875,149.3488311767578,90956700,0.0,0.0,0.030417000042110676
2021-08-31,152.66000366210938,152.8000030517578,151.2899932861328,151.8300018310547,148.09059143066406,86453100,0.0,0.0,-0.008424838254037614
2021-09-01,152.8300018310547,154.97999572753906,152.33999633789062,152.50999450683594,148.7538604736328,80313700,0.0,0.0,0.0044788060913329986
2021-09-02,153.8699951171875,154.72000122070312,152.39999389648438,153.64999389648438,149.86578369140625,71115500,0.0,0.0,0.00747492007422923
2021-09-03,153.75999450683594,154.6300048828125,153.08999633789062,154.3000030517578,150.4998016357422,57808700,0.0,0.0,0.004230571707024566
2021-09-07,154.97000122070312,157.25999450683594,154.38999938964844,156.69000244140625,152.8309326171875,82278300,0.0,0.0,0.015489262817019567
2021-09-08,156.97999572753906,157.0399932861328,153.97999572753906,155.11000061035156,151.289794921875,74420200,0.0,0.0,-0.01008393830307086
2021-09-09,155.49000549316406,156.11000061035156,153.9499969482422,154.07000732421875,150.27542114257812,57305700,0.0,0.0,-0.006704839409827246
2021-09-10,155.0,155.47999572753906,148.6999969482422,148.97000122070312,145.3010711669922,140893200,0.0,0.0,-0.033101554051652826
2021-09-13,150.6300048828125,151.4199981689453,148.75,149.5500030517578,145.86672973632812,102404300,0.0,0.0,0.003893010318456902
2021-09-14,150.35000610351562,151.07000732421875,146.91000366210938,148.1199951171875,144.4719696044922,109296300,0.0,0.0,-0.009561879767628567
2021-09-15,148.55999755859375,149.44000244140625,146.3699951171875,149.02999877929688,145.35955810546875,83281300,0.0,0.0,0.006143672737392913
2021-09-16,148.44000244140625,148.97000122070312,147.22000122070312,148.7899932861328,145.1254425048828,68034100,0.0,0.0,-0.0016105965348083284
2021-09-17,148.82000732421875,148.82000732421875,145.75999450683594,146.05999755859375,142.46270751953125,129868800,0.0,0.0,-0.01834781647788586
2021-09-20,143.8000030517578,144.83999633789062,141.27000427246094,142.94000244140625,139.4195556640625,123478900,0.0,0.0,-0.021361041836520878
2021-09-21,143.92999267578125,144.60000610351562,142.77999877929688,143.42999267578125,139.89749145507812,75834000,0.0,0.0,0.003428039838021313
2021-09-22,144.4499969482422,146.42999267578125,143.6999969482422,145.85000610351562,142.2578582763672,76404300,0.0,0.0,0.016872116838828388
2021-09-23,146.64999389648438,147.0800018310547,145.63999938964844,146.8300018310547,143.21376037597656,64838200,0.0,0.0,0.0067195029588615895
2021-09-24,145.66000366210938,147.47000122070312,145.55999755859375,146.9199981689453,143.30152893066406,53477900,0.0,0.0,0.000612850011459054
2021-09-27,145.47000122070312,145.9600067138672,143.82000732421875,145.3699951171875,141.78965759277344,74150700,0.0,0.0,-0.010550280580901128
2021-09-28,143.25,144.75,141.69000244140625,141.91000366210938,138.41493225097656,108972300,0.0,0.0,-0.023800927367278346
2021-09-29,142.47000122070312,144.4499969482422,142.02999877929688,142.8300018310547,139.31224060058594,74602000,0.0,0.0,0.00648274239648039
2021-09-30,143.66000366210938,144.3800048828125,141.27999877929688,141.5,138.01502990722656,89056700,0.0,0.0,-0.009311534203792826
2021-10-01,141.89999389648438,142.9199981689453,139.11000061035156,142.64999389648438,139.13665771484375,94639600,0.0,0.0,0.008126852621566982
2021-10-04,141.75999450683594,142.2100067138672,138.27000427246094,139.13999938964844,135.71316528320312,98322000,0.0,0.0,-0.02460525132533342
2021-10-05,139.49000549316406,142.24000549316406,139.36000061035156,141.11000061035156,137.63461303710938,80861100,0.0,0.0,0.014158152968406723
2021-10-06,139.47000122070312,142.14999389648438,138.3699951171875,142.0,138.50271606445312,83221100,0.0,0.0,0.006307301689508105
2021-10-07,143.05999755859375,144.22000122070312,142.72000122070312,143.2899932861328,139.7609100341797,61732700,0.0,0.0,0.009084254846966733
2021-10-08,144.02999877929688,144.17999267578125,142.55999755859375,142.89999389648438,139.38052368164062,58773200,0.0,0.0,-0.002721693443796469
2021-10-11,142.27000427246094,144.80999755859375,141.80999755859375,142.80999755859375,139.29273986816406,64452200,0.0,0.0,-0.000629814059797007
2021-10-12,143.22999572753906,143.25,141.0399932861328,141.50999450683594,138.0247802734375,73035900,0.0,0.0,-0.009102840506451715
2021-10-13,141.24000549316406,141.39999389648438,139.1999969482422,140.91000366210938,137.43954467773438,78762700,0.0,0.0,-0.00424007627140377
2021-10-14,142.11000061035156,143.8800048828125,141.50999450683594,143.75999450683594,140.2193603515625,69907100,0.0,0.0,0.02022573401524408
2021-10-15,143.77000427246094,144.89999389648438,143.50999450683594,144.83999633789062,141.27276611328125,67940300,0.0,0.0,0.0075125557489181816
2021-10-18,143.4499969482422,146.83999633789062,143.16000366210938,146.5500030517578,142.94064331054688,85589200,0.0,0.0,0.011806077301043327
2021-10-19,147.00999450683594,149.1699981689453,146.5500030517578,148.75999450683594,145.09622192382812,76378900,0.0,0.0,0.015080235847253931
2021-10-20,148.6999969482422,149.75,148.1199951171875,149.25999450683594,145.58389282226562,58418800,0.0,0.0,0.0033610172061786514
2021-10-21,148.80999755859375,149.63999938964844,147.8699951171875,149.47999572753906,145.79849243164062,61421000,0.0,0.0,0.001474061485888356
2021-10-22,149.69000244140625,150.17999267578125,148.63999938964844,148.69000244140625,145.02792358398438,58883400,0.0,0.0,-0.005285163342944266
2021-10-25,148.67999267578125,149.3699951171875,147.6199951171875,148.63999938964844,144.97914123535156,50720600,0.0,0.0,-0.00033636521455515656
2021-10-26,149.3300018310547,150.83999633789062,149.00999450683594,149.32000732421875,145.64244079589844,60893400,0.0,0.0,0.004575137877731672
2021-10-27,149.36000061035156,149.72999572753906,148.49000549316406,148.85000610351562,145.18399047851562,56094900,0.0,0.0,-0.0031477796916715706
2021-10-28,149.82000732421875,153.1699981689453,149.72000122070312,152.57000732421875,148.81236267089844,100077900,0.0,0.0,0.024991544731784554
2021-10-29,147.22000122070312,149.94000244140625,146.41000366210938,149.8000030517578,146.11061096191406,124953200,0.0,0.0,-0.01815542513063484
2021-11-01,148.99000549316406,149.6999969482422,147.8000030517578,148.9600067138672,145.29127502441406,74588300,0.0,0.0,-0.005607641581305667
2021-11-02,148.66000366210938,151.57000732421875,148.64999389648438,150.02000427246094,146.3251953125,69122000,0.0,0.0,0.007116189791246619
2021-11-03,150.38999938964844,151.97000122070312,149.82000732421875,151.49000549316406,147.7589569091797,54511500,0.0,0.0,0.00979846016004049
2021-11-04,151.5800018310547,152.42999267578125,150.63999938964844,150.9600067138672,147.24203491210938,60394600,0.0,0.0,-0.0034984139566445194
2021-11-05,151.88999938964844,152.1999969482422,150.05999755859375,151.27999877929688,147.7694854736328,65463900,0.22,0.0,0.003582200978397676
2021-11-08,151.41000366210938,151.57000732421875,150.16000366210938,150.44000244140625,146.94900512695312,55020900,0.0,0.0,-0.0055524342123129955
2021-11-09,150.1999969482422,151.42999267578125,150.05999755859375,150.80999755859375,147.3103790283203,56787900,0.0,0.0,0.0024591789584078594
2021-11-10,150.02000427246094,150.1300048828125,147.85000610351562,147.9199981689453,144.4874725341797,65187100,0.0,0.0,-0.01916298439228048
2021-11-11,148.9600067138672,149.42999267578125,147.67999267578125,147.8699951171875,144.43858337402344,41000000,0.0,0.0,-0.0003383626227158043
2021-11-12,148.42999267578125,150.39999389648438,147.47999572753906,149.99000549316406,146.50946044921875,63804000,0.0,0.0,0.014337423054287202
2021-11-15,150.3699951171875,151.8800048828125,149.42999267578125,150.0,146.51922607421875,59222800,0.0,0.0,6.665525195481692e-05
2021-11-16,149.94000244140625,151.49000549316406,149.33999633789062,151.0,147.4960174560547,59256200,0.0,0.0,0.0066666430611717065
2021-11-17,151.0,155.0,150.99000549316406,153.49000549316406,149.92820739746094,88807000,0.0,0.0,0.016489868562931997
2021-11-18,153.7100067138672,158.6699981689453,153.0500030517578,157.8699951171875,154.20654296875,137827700,0.0,0.0,0.028535894916339233
2021-11-19,157.64999389648438,161.02000427246094,156.52999877929688,160.5500030517578,156.8243865966797,117305600,0.0,0.0,0.016976216297516
2021-11-22,161.67999267578125,165.6999969482422,161.0,161.02000427246094,157.2834930419922,117467900,0.0,0.0,0.002927519471147333
2021-11-23,161.1199951171875,161.8000030517578,159.05999755859375,161.41000366210938,157.66444396972656,96041900,0.0,0.0,0.002422065535082396
2021-11-24,160.75,162.13999938964844,159.63999938964844,161.94000244140625,158.18212890625,69463600,0.0,0.0,0.0032834602621174547
2021-11-26,159.57000732421875,160.4499969482422,156.36000061035156,156.80999755859375,153.17115783691406,76959800,0.0,0.0,-0.03167849050954297
2021-11-29,159.3699951171875,161.19000244140625,158.7899932861328,160.24000549316406,156.5216064453125,88748200,0.0,0.0,0.02187388706668769
2021-11-30,159.99000549316406,165.52000427246094,159.9199981689453,165.3000030517578,161.4641876220703,174048100,0.0,0.0,0.031577628731306984
2021-12-01,167.47999572753906,170.3000030517578,164.52999877929688,164.77000427246094,160.94644165039062,152052500,0.0,0.0,-0.00320656846143208
2021-12-02,158.74000549316406,164.1999969482422,157.8000030517578,163.75999450683594,159.9598846435547,136739200,0.0,0.0,-0.006129722389134562
2021-12-03,164.02000427246094,164.9600067138672,159.72000122070312,161.83999633789062,158.08444213867188,118023100,0.0,0.0,-0.011724455222394958
2021-12-06,164.2899932861328,167.8800048828125,164.27999877929688,165.32000732421875,161.4836883544922,107497000,0.0,0.0,0.021502724555516384
2021-12-07,169.0800018310547,171.5800018310547,168.33999633789062,171.17999267578125,167.2076873779297,120405400,0.0,0.0,0.03544629851946457
2021-12-08,172.1300048828125,175.9600067138672,170.6999969482422,175.0800018310547,171.01722717285156,116998900,0.0,0.0,0.022783281406861366
2021-12-09,174.91000366210938,176.75,173.9199981689453,174.55999755859375,170.50929260253906,108923700,0.0,0.0,-0.0029700783874779813
2021-12-10,175.2100067138672,179.6300048828125,174.69000244140625,179.4499969482422,175.2858123779297,115402700,0.0,0.0,0.028013251961139796
2021-12-13,181.1199951171875,182.1300048828125,175.52999877929688,175.74000549316406,171.66189575195312,153237000,0.0,0.0,-0.020674329409861913
2021-12-14,175.25,177.74000549316406,172.2100067138672,174.3300018310547,170.28460693359375,139380400,0.0,0.0,-0.008023264640800165
2021-12-15,175.11000061035156,179.5,172.30999755859375,179.3000030517578,175.13931274414062,131063300,0.0,0.0,0.028509363811375366
2021-12-16,179.27999877929688,181.13999938964844,170.75,172.25999450683594,168.26263427734375,150185800,0.0,0.0,-0.03926404848260967
2021-12-17,169.92999267578125,173.47000122070312,169.69000244140625,171.13999938964844,167.16864013671875,195432700,0.0,0.0,-0.00650170577278486
2021-12-20,168.27999877929688,170.5800018310547,167.4600067138672,169.75,165.8109130859375,107499100,0.0,0.0,-0.008121900433423646
2021-12-21,171.55999755859375,173.1999969482422,169.1199951171875,172.99000549316406,168.9757537841797,91185900,0.0,0.0,0.019087047042566363
2021-12-22,173.0399932861328,175.86000061035156,172.14999389648438,175.63999938964844,171.564208984375,92135300,0.0,0.0,0.015318500685615355
2021-12-23,175.85000610351562,176.85000610351562,175.27000427246094,176.27999877929688,172.18936157226562,68356600,0.0,0.0,0.00364384035336629
2021-12-27,177.08999633789062,180.4199981689453,177.07000732421875,180.3300018310547,176.14535522460938,74919600,0.0,0.0,0.022974669376908397
2021-12-28,180.16000366210938,181.3300018310547,178.52999877929688,179.2899932861328,175.12953186035156,79144300,0.0,0.0,-0.005766960831652401
2021-12-29,179.3300018310547,180.6300048828125,178.13999938964844,179.3800048828125,175.21743774414062,62348900,0.0,0.0,0.0005019478031789149
2021-12-30,179.47000122070312,180.57000732421875,178.08999633789062,178.1999969482422,174.06480407714844,59773000,0.0,0.0,-0.006578304544524349
2021-12-31,178.08999633789062,179.22999572753906,177.25999450683594,177.57000732421875,173.44944763183594,64062300,0.0,0.0,-0.003535214649365681
2022-01-03,177.8300018310547,182.8800048828125,177.7100067138672,182.00999450683594,177.786376953125,104487900,0.0,0.0,0.025003996152784813
2022-01-04,182.6300048828125,182.94000244140625,179.1199951171875,179.6999969482422,175.5299835205078,99310400,0.0,0.0,-0.012691599161234413
2022-01-05,179.61000061035156,180.1699981689453,174.63999938964844,174.9199981689453,170.8608856201172,94537600,0.0,0.0,-0.02660000192984191
2022-01-06,172.6999969482422,175.3000030517578,171.63999938964844,172.0,168.0086669921875,96904000,0.0,0.0,-0.016693221608783837
2022-01-07,172.88999938964844,174.13999938964844,171.02999877929688,172.1699981689453,168.1747283935547,86709100,0.0,0.0,0.0009884097311176898
2022-01-10,169.0800018310547,172.5,168.1699981689453,172.19000244140625,168.1942901611328,106765600,0.0,0.0,0.00011631811607482057
2022-01-11,172.32000732421875,175.17999267578125,170.82000732421875,175.0800018310547,171.01722717285156,76138300,0.0,0.0,0.01678378623325627
2022-01-12,176.1199951171875,177.17999267578125,174.82000732421875,175.52999877929688,171.456787109375,74805200,0.0,0.0,0.0025702670063709743
2022-01-13,175.77999877929688,176.6199951171875,171.7899932861328,172.19000244140625,168.1942901611328,84505800,0.0,0.0,-0.019028100335048204
2022-01-14,171.33999633789062,173.77999877929688,171.08999633789062,173.07000732421875,169.05386352539062,80440800,0.0,0.0,0.005110597770199732
2022-01-18,171.50999450683594,172.5399932861328,169.41000366210938,169.8000030517578,165.85971069335938,90956700,0.0,0.0,-0.018894290644540734
2022-01-19,170.0,171.0800018310547,165.94000244140625,166.22999572753906,162.3726043701172,94815000,0.0,0.0,-0.021024432688714456
2022-01-20,166.97999572753906,169.67999267578125,164.17999267578125,164.50999450683594,160.69247436523438,91420500,0.0,0.0,-0.010347373631164225
2022-01-21,164.4199981689453,166.3300018310547,162.3000030517578,162.41000366210938,158.64125061035156,122848900,0.0,0.0,-0.012764902419889479
2022-01-24,160.02000427246094,162.3000030517578,154.6999969482422,161.6199951171875,157.86953735351562,162294600,0.0,0.0,-0.004864518237639115
2022-01-25,158.97999572753906,162.75999450683594,157.02000427246094,159.77999877929688,156.07225036621094,115798400,0.0,0.0,-0.011384634537061067
2022-01-26,163.5,164.38999938964844,157.82000732421875,159.69000244140625,155.98431396484375,108275300,0.0,0.0,-0.000563433929868018
2022-01-27,162.4499969482422,163.83999633789062,158.27999877929688,159.22000122070312,155.52523803710938,121954600,0.0,0.0,-0.0029430903407239306
2022-01-28,165.7100067138672,170.35000610351562,162.8000030517578,170.3300018310547,166.3773956298828,179935700,0.0,0.0,0.06977746975178412
2022-01-31,170.16000366210938,175.0,169.50999450683594,174.77999877929688,170.72415161132812,115541600,0.0,0.0,0.026125880652170697
2022-02-01,174.00999450683594,174.83999633789062,172.30999755859375,174.61000061035156,170.5581512451172,86213900,0.0,0.0,-0.0009723308895911442
2022-02-02,174.75,175.8800048828125,173.3300018310547,175.83999633789062,171.7595672607422,84914300,0.0,0.0,0.007044025787418251
2022-02-03,174.47999572753906,176.24000549316406,172.1199951171875,172.89999389648438,168.88775634765625,89418100,0.0,0.0,-0.01671994730125481
2022-02-04,171.67999267578125,174.10000610351562,170.67999267578125,172.38999938964844,168.60414123535156,82465400,0.22,0.0,-0.0016793112682536027
2022-02-07,172.86000061035156,173.9499969482422,170.9499969482422,171.66000366210938,167.8901824951172,77251200,0.0,0.0,-0.004234526714487874
2022-02-08,171.72999572753906,175.35000610351562,171.42999267578125,174.8300018310547,170.99057006835938,74829200,0.0,0.0,0.01846675920631835
2022-02-09,176.0500030517578,176.64999389648438,174.89999389648438,176.27999877929688,172.40872192382812,71285000,0.0,0.0,0.008293743069584414
2022-02-10,174.13999938964844,175.47999572753906,171.5500030517578,172.1199951171875,168.340087890625,90865900,0.0,0.0,-0.02359877149951084
2022-02-11,172.3300018310547,173.0800018310547,168.0399932861328,168.63999938964844,164.93650817871094,98670700,0.0,0.0,-0.020218474129141795
2022-02-14,167.3699951171875,169.5800018310547,166.55999755859375,168.8800048828125,165.17123413085938,86185500,0.0,0.0,0.0014231291467265983
2022-02-15,170.97000122070312,172.9499969482422,170.25,172.7899932861328,168.9954071044922,62527400,0.0,0.0,0.02315277835003071
2022-02-16,171.85000610351562,173.33999633789062,170.0500030517578,172.5500030517578,168.76063537597656,61177400,0.0,0.0,-0.0013892195802129859
2022-02-17,171.02999877929688,171.91000366210938,168.47000122070312,168.8800048828125,165.17123413085938,69589300,0.0,0.0,-0.02126918541827283
2022-02-18,169.82000732421875,170.5399932861328,166.19000244140625,167.3000030517578,163.6259765625,82772700,0.0,0.0,-0.009355488420793145
2022-02-22,164.97999572753906,166.69000244140625,162.14999389648438,164.32000732421875,160.71142578125,91162800,0.0,0.0,-0.017812274325138877
2022-02-23,165.5399932861328,166.14999389648438,159.75,160.07000732421875,156.55474853515625,90009200,0.0,0.0,-0.02586422978881131
2022-02-24,152.5800018310547,162.85000610351562,152.0,162.74000549316406,159.1660614013672,141147500,0.0,0.0,0.016679870081516723
2022-02-25,163.83999633789062,165.1199951171875,160.8699951171875,164.85000610351562,161.22972106933594,91974200,0.0,0.0,0.012965450359199604
2022-02-28,163.05999755859375,165.4199981689453,162.42999267578125,165.1199951171875,161.49380493164062,95056600,0.0,0.0,0.0016379353667126395
2022-03-01,164.6999969482422,166.60000610351562,161.97000122070312,163.1999969482422,159.61595153808594,83474400,0.0,0.0,-0.011628021238025643
2022-03-02,164.38999938964844,167.36000061035156,162.9499969482422,166.55999755859375,162.90220642089844,79724800,0.0,0.0,0.020588511681605803
2022-03-03,168.47000122070312,168.91000366210938,165.5500030517578,166.22999572753906,162.57943725585938,76678400,0.0,0.0,-0.001981367669171452
2022-03-04,164.49000549316406,165.5500030517578,162.10000610351562,163.1699981689453,159.58668518066406,83737200,0.0,0.0,-0.01840793722569889
2022-03-07,163.36000061035156,165.02000427246094,159.0399932861328,159.3000030517578,155.8016357421875,96418800,0.0,0.0,-0.023717827299887806
2022-03-08,158.82000732421875,162.8800048828125,155.8000030517578,157.44000244140625,153.9824676513672,131148300,0.0,0.0,-0.011676180947359116
2022-03-09,161.47999572753906,163.41000366210938,159.41000366210938,162.9499969482422,159.3714599609375,91454900,0.0,0.0,0.034997440888995035
2022-03-10,160.1999969482422,160.38999938964844,155.97999572753906,158.52000427246094,155.0387725830078,105342000,0.0,0.0,-0.027186093287917656
2022-03-11,158.92999267578125,159.27999877929688,154.5,154.72999572753906,151.3319854736328,96970100,0.0,0.0,-0.02390877486720544
2022-03-14,151.4499969482422,154.1199951171875,150.10000610351562,150.6199951171875,147.31228637695312,108732100,0.0,0.0,-0.026562124881260196
2022-03-15,150.89999389648438,155.57000732421875,150.3800048828125,155.08999633789062,151.68409729003906,92964300,0.0,0.0,0.029677164210859086
2022-03-16,157.0500030517578,160.0,154.4600067138672,159.58999633789062,156.0852508544922,102300200,0.0,0.0,0.029015260288213218
2022-03-17,158.61000061035156,161.0,157.6300048828125,160.6199951171875,157.09263610839844,75615400,0.0,0.0,0.00645407076191562
2022-03-18,160.50999450683594,164.47999572753906,159.75999450683594,163.97999572753906,160.3788604736328,123511700,0.0,0.0,0.02091902234657761
2022-03-21,163.50999450683594,166.35000610351562,163.00999450683594,165.3800048828125,161.74810791015625,95811400,0.0,0.0,0.008537580529502264
2022-03-22,165.50999450683594,169.4199981689453,164.91000366210938,168.82000732421875,165.11257934570312,81532000,0.0,0.0,0.020800684960195603
2022-03-23,167.99000549316406,172.63999938964844,167.64999389648438,170.2100067138672,166.4720458984375,98062700,0.0,0.0,0.008233573469214717
2022-03-24,171.05999755859375,174.13999938964844,170.2100067138672,174.07000732421875,170.24728393554688,90131400,0.0,0.0,0.022677909775990823
2022-03-25,173.8800048828125,175.27999877929688,172.75,174.72000122070312,170.8830108642578,80546200,0.0,0.0,0.003734138448585167
2022-03-28,172.1699981689453,175.72999572753906,172.0,175.60000610351562,171.7436981201172,90371900,0.0,0.0,0.005036704652536139
2022-03-29,176.69000244140625,179.00999450683594,176.33999633789062,178.9600067138672,175.02992248535156,100589400,0.0,0.0,0.019134468403818827
2022-03-30,178.5500030517578,179.61000061035156,176.6999969482422,177.77000427246094,173.86602783203125,92633200,0.0,0.0,-0.0066496895890342245
2022-03-31,177.83999633789062,178.02999877929688,174.39999389648438,174.61000061035156,170.7754364013672,103049300,0.0,0.0,-0.017775706210127584
2022-04-01,174.02999877929688,174.8800048828125,171.94000244140625,174.30999755859375,170.48199462890625,78751300,0.0,0.0,-0.0017182902801740063
2022-04-04,174.57000732421875,178.49000549316406,174.44000244140625,178.44000244140625,174.52134704589844,76468400,0.0,0.0,0.023693718658001295
2022-04-05,177.5,178.3000030517578,174.4199981689453,175.05999755859375,171.21554565429688,73401800,0.0,0.0,-0.018942103344710914
2022-04-06,172.36000061035156,173.6300048828125,170.1300048828125,171.8300018310547,168.05648803710938,89058800,0.0,0.0,-0.01845076394853762
2022-04-07,171.16000366210938,173.36000061035156,169.85000610351562,172.13999938964844,168.35964965820312,77594700,0.0,0.0,0.001803926909544895
2022-04-08,171.77999877929688,171.77999877929688,169.1999969482422,170.08999633789062,166.3546905517578,76575500,0.0,0.0,-0.011908786401704341
2022-04-11,168.7100067138672,169.02999877929688,165.5,165.75,162.10997009277344,72246700,0.0,0.0,-0.02551608520869275
2022-04-12,168.02000427246094,169.8699951171875,166.63999938964844,167.66000366210938,163.97802734375,79265200,0.0,0.0,0.011523395198379749
2022-04-13,167.38999938964844,171.0399932861328,166.77000427246094,170.39999389648438,166.65785217285156,70618900,0.0,0.0,0.016342584872568233
2022-04-14,170.6199951171875,171.27000427246094,165.0399932861328,165.2899932861328,161.6600799560547,75329400,0.0,0.0,-0.029988219286621765
2022-04-18,163.9199981689453,166.60000610351562,163.57000732421875,165.07000732421875,161.44493103027344,69023900,0.0,0.0,-0.0013308723207345885
2022-04-19,165.02000427246094,167.82000732421875,163.91000366210938,167.39999389648438,163.72373962402344,67723800,0.0,0.0,0.01411508295248165
2022-04-20,168.75999450683594,168.8800048828125,166.10000610351562,167.22999572753906,163.5574951171875,67929800,0.0,0.0,-0.0010153964673522697
2022-04-21,168.91000366210938,171.52999877929688,165.91000366210938,166.4199981689453,162.76527404785156,87227800,0.0,0.0,-0.004843685511130569
2022-04-22,166.4600067138672,167.8699951171875,161.5,161.7899932861328,158.23696899414062,84882400,0.0,0.0,-0.02782107596476413
2022-04-25,161.1199951171875,163.1699981689453,158.4600067138672,162.8800048828125,159.30303955078125,96046400,0.0,0.0,0.0067371775598159545
2022-04-26,162.25,162.33999633789062,156.72000122070312,156.8000030517578,153.35653686523438,95623200,0.0,0.0,-0.03732824371911181
2022-04-27,155.91000366210938,159.7899932861328,155.3800048828125,156.57000732421875,153.131591796875,88063200,0.0,0.0,-0.0014668110858362393
2022-04-28,159.25,164.52000427246094,158.92999267578125,163.63999938964844,160.04632568359375,130216800,0.0,0.0,0.04515550191557449
2022-04-29,161.83999633789062,166.1999969482422,157.25,157.64999389648438,154.18788146972656,131747600,0.0,0.0,-0.03660467798210587
2022-05-02,156.7100067138672,158.22999572753906,153.27000427246094,157.9600067138672,154.49102783203125,123055300,0.0,0.0,0.0019660842305833093
2022-05-03,158.14999389648438,160.7100067138672,156.32000732421875,159.47999572753906,155.97769165039062,88966500,0.0,0.0,0.009622978364644874
2022-05-04,159.6699981689453,166.47999572753906,159.25999450683594,166.02000427246094,162.3740692138672,108256500,0.0,0.0,0.041008284555290375
2022-05-05,163.85000610351562,164.0800018310547,154.9499969482422,156.77000427246094,153.3271942138672,130525300,0.0,0.0,-0.055716254718505054
2022-05-06,156.00999450683594,159.44000244140625,154.17999267578125,157.27999877929688,154.05203247070312,116124600,0.23,0.0,0.004727395297046355
2022-05-09,154.92999267578125,155.8300018310547,151.49000549316406,152.05999755859375,148.9391326904297,131577900,0.0,0.0,-0.03318943410399844
2022-05-10,155.52000427246094,156.74000549316406,152.92999267578125,154.50999450683594,151.33885192871094,115366700,0.0,0.0,0.016112080115768368
2022-05-11,153.5,155.4499969482422,145.80999755859375,146.5,143.49325561523438,142689800,0.0,0.0,-0.051841256977238626
2022-05-12,142.77000427246094,146.1999969482422,138.8000030517578,142.55999755859375,139.6341094970703,182602000,0.0,0.0,-0.026894268316777548
2022-05-13,144.58999633789062,148.10000610351562,143.11000061035156,147.11000061035156,144.0907440185547,113990900,0.0,0.0,0.031916517658444166
2022-05-16,145.5500030517578,147.52000427246094,144.17999267578125,145.5399932861328,142.552978515625,86643800,0.0,0.0,-0.010672201836446016
2022-05-17,148.86000061035156,149.77000427246094,146.67999267578125,149.24000549316406,146.17706298828125,78336300,0.0,0.0,0.025422720103031926
2022-05-18,146.85000610351562,147.36000061035156,139.89999389648438,140.82000732421875,137.92984008789062,109742900,0.0,0.0,-0.05641940487648045
2022-05-19,139.8800048828125,141.66000366210938,136.60000610351562,137.35000610351562,134.53103637695312,136095600,0.0,0.0,-0.024641540284333963
2022-05-20,139.08999633789062,140.6999969482422,132.61000061035156,137.58999633789062,134.76614379882812,137426100,0.0,0.0,0.00174760730465362
2022-05-23,137.7899932861328,143.25999450683594,137.64999389648438,143.11000061035156,140.17282104492188,117726300,0.0,0.0,0.04011895787538866
2022-05-24,140.80999755859375,141.97000122070312,137.3300018310547,140.36000061035156,137.479248046875,104132700,0.0,0.0,-0.01921608609976999
2022-05-25,138.42999267578125,141.7899932861328,138.33999633789062,140.52000427246094,137.635986328125,92482700,0.0,0.0,0.0011400868383899532
2022-05-26,137.38999938964844,144.33999633789062,137.13999938964844,143.77999877929688,140.82908630371094,90601500,0.0,0.0,0.023199601069255005
2022-05-27,145.38999938964844,149.67999267578125,145.25999450683594,149.63999938964844,146.56881713867188,90978500,0.0,0.0,0.04075671429538841
2022-05-31,149.07000732421875,150.66000366210938,146.83999633789062,148.83999633789062,145.78521728515625,103718400,0.0,0.0,-0.005346293084798837
2022-06-01,149.89999389648438,151.74000549316406,147.67999267578125,148.7100067138672,145.65786743164062,74286600,0.0,0.0,-0.0008735443544082289
2022-06-02,147.8300018310547,151.27000427246094,146.86000061035156,151.2100067138672,148.10659790039062,72348100,0.0,0.0,0.0168115221781564
2022-06-03,146.89999389648438,147.97000122070312,144.4600067138672,145.3800048828125,142.39622497558594,88570300,0.0,0.0,-0.03855583077159874
2022-06-06,147.02999877929688,148.57000732421875,144.89999389648438,146.13999938964844,143.14065551757812,71598400,0.0,0.0,0.005227881161314674
2022-06-07,144.35000610351562,149.0,144.10000610351562,148.7100067138672,145.65786743164062,67808200,0.0,0.0,0.017585583249989822
2022-06-08,148.5800018310547,149.8699951171875,147.4600067138672,147.9600067138672,144.9232940673828,53950200,0.0,0.0,-0.00504314238022574
2022-06-09,147.0800018310547,147.9499969482422,142.52999877929688,142.63999938964844,139.7124481201172,69473000,0.0,0.0,-0.03595588949863926
2022-06-10,140.27999877929688,140.75999450683594,137.05999755859375,137.1300048828125,134.31558227539062,91437900,0.0,0.0,-0.03862838220461662
2022-06-13,132.8699951171875,135.1999969482422,131.44000244140625,131.8800048828125,129.17330932617188,122207100,0.0,0.0,-0.03828500656517586
2022-06-14,133.1300048828125,133.88999938964844,131.47999572753906,132.75999450683594,130.03524780273438,84784300,0.0,0.0,0.006672728917907156
2022-06-15,134.2899932861328,137.33999633789062,132.16000366210938,135.42999267578125,132.65045166015625,91533000,0.0,0.0,0.02011149977880744
2022-06-16,132.0800018310547,132.38999938964844,129.0399932861328,130.05999755859375,127.39069366455078,108123900,0.0,0.0,-0.03965126337511993
2022-06-17,130.07000732421875,133.0800018310547,129.80999755859375,131.55999755859375,128.85992431640625,134520300,0.0,0.0,0.011533265182810615
2022-06-21,133.4199981689453,137.05999755859375,133.32000732421875,135.8699951171875,133.08143615722656,81000500,0.0,0.0,0.03276047121100811
2022-06-22,134.7899932861328,137.75999450683594,133.91000366210938,135.35000610351562,132.5720977783203,73409200,0.0,0.0,-0.0038272684276152713
2022-06-23,136.82000732421875,138.58999633789062,135.6300048828125,138.27000427246094,135.4321746826172,72433800,0.0,0.0,0.021573747057086923
2022-06-24,139.89999389648438,141.91000366210938,139.77000427246094,141.66000366210938,138.75257873535156,89116800,0.0,0.0,0.024517099134793385
2022-06-27,142.6999969482422,143.49000549316406,140.97000122070312,141.66000366210938,138.75257873535156,70207900,0.0,0.0,0.0
2022-06-28,142.1300048828125,143.4199981689453,137.32000732421875,137.44000244140625,134.61920166015625,67083400,0.0,0.0,-0.02978955139334072
2022-06-29,137.4600067138672,140.6699981689453,136.6699981689453,139.22999572753906,136.37246704101562,66242400,0.0,0.0,0.013023887820145186
2022-06-30,137.25,138.3699951171875,133.77000427246094,136.72000122070312,133.9139862060547,98964500,0.0,0.0,-0.018027692013678376
2022-07-01,136.0399932861328,139.0399932861328,135.66000366210938,138.92999267578125,136.07864379882812,71051600,0.0,0.0,0.0161645370592034
2022-07-05,137.77000427246094,141.61000061035156,136.92999267578125,141.55999755859375,138.6546630859375,73353800,0.0,0.0,0.018930371549834346
2022-07-06,141.35000610351562,144.1199951171875,141.0800018310547,142.9199981689453,139.98672485351562,74064300,0.0,0.0,0.009607046297119615
2022-07-07,143.2899932861328,146.5500030517578,143.27999877929688,146.35000610351562,143.34634399414062,66253700,0.0,0.0,0.023999555273120032
2022-07-08,145.25999450683594,147.5500030517578,145.0,147.0399932861328,144.0221710205078,64547800,0.0,0.0,0.004714644319040451
2022-07-11,145.6699981689453,146.63999938964844,143.77999877929688,144.8699951171875,141.8966827392578,63141600,0.0,0.0,-0.014758063055078874
2022-07-12,145.75999450683594,148.4499969482422,145.0500030517578,145.86000061035156,142.86639404296875,77588800,0.0,0.0,0.006833925113618244
2022-07-13,142.99000549316406,146.4499969482422,142.1199951171875,145.49000549316406,142.50396728515625,71185600,0.0,0.0,-0.0025368230243391077
2022-07-14,144.0800018310547,148.9499969482422,143.25,148.47000122070312,145.4228057861328,78140700,0.0,0.0,0.020482506954601742
2022-07-15,149.77999877929688,150.86000061035156,148.1999969482422,150.1699981689453,147.08795166015625,76259900,0.0,0.0,0.011450376473084223
2022-07-18,150.74000549316406,151.57000732421875,146.6999969482422,147.07000732421875,144.05157470703125,81420900,0.0,0.0,-0.020643274441270898
2022-07-19,147.9199981689453,151.22999572753906,146.91000366210938,151.0,147.90089416503906,82982400,0.0,0.0,0.0267218145017607
2022-07-20,151.1199951171875,153.72000122070312,150.3699951171875,153.0399932861328,149.89903259277344,64823400,0.0,0.0,0.013509982066130632
2022-07-21,154.5,155.57000732421875,151.94000244140625,155.35000610351562,152.16163635253906,65086600,0.0,0.0,0.01509418520339878
2022-07-22,155.38999938964844,156.27999877929688,153.41000366210938,154.08999633789062,150.92747497558594,66675400,0.0,0.0,-0.008110857680931671
2022-07-25,154.00999450683594,155.0399932861328,152.27999877929688,152.9499969482422,149.8108673095703,53623900,0.0,0.0,-0.007398306148010847
2022-07-26,152.25999450683594,153.08999633789062,150.8000030517578,151.60000610351562,148.4885711669922,55138700,0.0,0.0,-0.008826436735365317
2022-07-27,152.5800018310547,157.3300018310547,152.16000366210938,156.7899932861328,153.57205200195312,78620700,0.0,0.0,0.034234828950195695
2022-07-28,156.97999572753906,157.63999938964844,154.41000366210938,157.35000610351562,154.12057495117188,81378700,0.0,0.0,0.003571762844008619
2022-07-29,161.24000549316406,163.6300048828125,159.5,162.50999450683594,159.1746826171875,101786900,0.0,0.0,0.032793205369347156
2022-08-01,161.00999450683594,163.58999633789062,160.88999938964844,161.50999450683594,158.19520568847656,67829400,0.0,0.0,-0.006153471849958514
2022-08-02,160.10000610351562,162.41000366210938,159.6300048828125,160.00999450683594,156.72593688964844,59907000,0.0,0.0,-0.009287694860496964
2022-08-03,160.83999633789062,166.58999633789062,160.75,166.1300048828125,162.7203826904297,82507500,0.0,0.0,0.038247950018649224
2022-08-04,166.00999450683594,167.19000244140625,164.42999267578125,165.80999755859375,162.40692138671875,55474100,0.0,0.0,-0.0019263800793001273
2022-08-05,163.2100067138672,165.85000610351562,163.0,165.35000610351562,162.18138122558594,56697000,0.23,0.0,-0.001388734908629674
2022-08-08,166.3699951171875,167.80999755859375,164.1999969482422,164.8699951171875,161.71055603027344,60276900,0.0,0.0,-0.0029030779720491395
2022-08-09,164.02000427246094,165.82000732421875,163.25,164.9199981689453,161.7595977783203,63135500,0.0,0.0,0.00030326868728147716
2022-08-10,167.67999267578125,169.33999633789062,166.89999389648438,169.24000549316406,165.99681091308594,70170500,0.0,0.0,0.02619450835042514
2022-08-11,170.05999755859375,170.99000549316406,168.19000244140625,168.49000549316406,165.2611846923828,57149200,0.0,0.0,-0.004431568393734375
2022-08-12,169.82000732421875,172.1699981689453,169.39999389648438,172.10000610351562,168.80201721191406,68039400,0.0,0.0,0.021425675521582033
2022-08-15,171.52000427246094,173.38999938964844,171.35000610351562,173.19000244140625,169.87110900878906,54091700,0.0,0.0,0.006333406522819329
2022-08-16,172.77999877929688,173.7100067138672,171.66000366210938,173.02999877929688,169.7141571044922,56377100,0.0,0.0,-0.0009239470161388486
2022-08-17,172.77000427246094,176.14999389648438,172.57000732421875,174.5500030517578,171.2050323486328,79542000,0.0,0.0,0.00878462509891098
2022-08-18,173.75,174.89999389648438,173.1199951171875,174.14999389648438,170.81268310546875,62290100,0.0,0.0,-0.0022916922346365443
2022-08-19,173.02999877929688,173.74000549316406,171.30999755859375,171.52000427246094,168.23309326171875,70346300,0.0,0.0,-0.015101863613706135
2022-08-22,169.69000244140625,169.86000061035156,167.13999938964844,167.57000732421875,164.35879516601562,69026800,0.0,0.0,-0.02302934589495964
2022-08-23,167.0800018310547,168.7100067138672,166.64999389648438,167.22999572753906,164.0253143310547,54147100,0.0,0.0,-0.0020289807711482144
2022-08-24,167.32000732421875,168.11000061035156,166.25,167.52999877929688,164.31954956054688,53841500,0.0,0.0,0.0017938403635571198
2022-08-25,168.77999877929688,170.13999938964844,168.35000610351562,170.02999877929688,166.77166748046875,51218200,0.0,0.0,0.014922861743960292
2022-08-26,170.57000732421875,171.0500030517578,163.55999755859375,163.6199951171875,160.48451232910156,78961000,0.0,0.0,-0.037699180240573504
2022-08-29,161.14999389648438,162.89999389648438,159.82000732421875,161.3800048828125,158.2874298095703,73314000,0.0,0.0,-0.013690308726026723
2022-08-30,162.1300048828125,162.55999755859375,157.72000122070312,158.91000366210938,155.86476135253906,77906200,0.0,0.0,-0.015305501264035182
2022-08-31,160.30999755859375,160.5800018310547,157.13999938964844,157.22000122070312,154.2071533203125,87991100,0.0,0.0,-0.010634912072763791
2022-09-01,156.63999938964844,158.4199981689453,154.6699981689453,157.9600067138672,154.9329376220703,74229900,0.0,0.0,0.004706554048437894
2022-09-02,159.75,160.36000061035156,154.97000122070312,155.80999755859375,152.82415771484375,76957800,0.0,0.0,-0.013610920567261986
2022-09-06,156.47000122070312,157.08999633789062,153.69000244140625,154.52999877929688,151.56866455078125,73714800,0.0,0.0,-0.008215279461282199
2022-09-07,154.82000732421875,156.6699981689453,153.61000061035156,155.9600067138672,152.97129821777344,87449600,0.0,0.0,0.009254113778394135
2022-09-08,154.63999938964844,156.36000061035156,152.67999267578125,154.4600067138672,151.50003051757812,84923800,0.0,0.0,-0.009617933019701375
2022-09-09,155.47000122070312,157.82000732421875,154.75,157.3699951171875,154.35427856445312,68028800,0.0,0.0,0.01883991730644463
2022-09-12,159.58999633789062,164.25999450683594,159.3000030517578,163.42999267578125,160.29811096191406,104956000,0.0,0.0,0.03850772685241122
2022-09-13,159.89999389648438,160.5399932861328,153.3699951171875,153.83999633789062,150.89190673828125,122656600,0.0,0.0,-0.05867944523605573
2022-09-14,154.7899932861328,157.10000610351562,153.61000061035156,155.30999755859375,152.33372497558594,87965400,0.0,0.0,0.009555305307431095
2022-09-15,154.64999389648438,155.24000549316406,151.3800048828125,152.3699951171875,149.4500732421875,90481100,0.0,0.0,-0.018929831420196663
2022-09-16,151.2100067138672,151.35000610351562,148.3699951171875,150.6999969482422,147.8120880126953,162278800,0.0,0.0,-0.010960083149894384
2022-09-19,149.30999755859375,154.55999755859375,149.10000610351562,154.47999572753906,151.51963806152344,81474200,0.0,0.0,0.02508286093969314
2022-09-20,153.39999389648438,158.0800018310547,153.0800018310547,156.89999389648438,153.8932647705078,107689800,0.0,0.0,0.015665472405765435
2022-09-21,157.33999633789062,158.74000549316406,153.60000610351562,153.72000122070312,150.77423095703125,101696800,0.0,0.0,-0.02026751344919353
2022-09-22,152.3800048828125,154.47000122070312,150.91000366210938,152.74000549316406,149.81300354003906,86652500,0.0,0.0,-0.006375276536917829
2022-09-23,151.19000244140625,151.47000122070312,148.55999755859375,150.42999267578125,147.54725646972656,96029900,0.0,0.0,-0.015123834492157151
2022-09-26,149.66000366210938,153.77000427246094,149.63999938964844,150.77000427246094,147.8807373046875,93339400,0.0,0.0,0.0022601628992631184
2022-09-27,152.74000549316406,154.72000122070312,149.9499969482422,151.75999450683594,148.85182189941406,84442700,0.0,0.0,0.006566674013301466
2022-09-28,147.63999938964844,150.63999938964844,144.83999633789062,149.83999633789062,146.9685516357422,146691400,0.0,0.0,-0.012651979933067214
2022-09-29,146.10000610351562,146.72000122070312,140.67999267578125,142.47999572753906,139.74961853027344,128138200,0.0,0.0,-0.04911889669676195
2022-09-30,141.27999877929688,143.10000610351562,138.0,138.1999969482422,135.5516357421875,124925300,0.0,0.0,-0.030039314827729147
2022-10-03,138.2100067138672,143.07000732421875,137.69000244140625,142.4499969482422,139.7201690673828,114311700,0.0,0.0,0.030752364605349802
2022-10-04,145.02999877929688,146.22000122070312,144.25999450683594,146.10000610351562,143.30026245117188,87830100,0.0,0.0,0.025623311277718885
2022-10-05,144.07000732421875,147.3800048828125,143.00999450683594,146.39999389648438,143.59445190429688,79471000,0.0,0.0,0.0020529582297537097
2022-10-06,145.80999755859375,147.5399932861328,145.22000122070312,145.42999267578125,142.64308166503906,68402200,0.0,0.0,-0.006625396919178184
2022-10-07,142.5399932861328,143.10000610351562,139.4499969482422,140.08999633789062,137.40541076660156,85925600,0.0,0.0,-0.036718716654880135
2022-10-10,140.4199981689453,141.88999938964844,138.57000732421875,140.4199981689453,137.72911071777344,74899000,0.0,0.0,0.002355802070427293
2022-10-11,139.89999389648438,141.35000610351562,138.22000122070312,138.97999572753906,136.3166961669922,77033700,0.0,0.0,-0.010255018299475505
2022-10-12,139.1300048828125,140.36000061035156,138.16000366210938,138.33999633789062,135.6889190673828,70433700,0.0,0.0,-0.0046052839986697736
2022-10-13,134.99000549316406,143.58999633789062,134.3699951171875,142.99000549316406,140.24984741210938,113224000,0.0,0.0,0.03361312313543907
2022-10-14,144.30999755859375,144.52000427246094,138.19000244140625,138.3800048828125,135.72817993164062,88598000,0.0,0.0,-0.03224008841294712
2022-10-17,141.07000732421875,142.89999389648438,140.27000427246094,142.41000366210938,139.68096923828125,85250900,0.0,0.0,0.029122834393207286
2022-10-18,145.49000549316406,146.6999969482422,140.61000061035156,143.75,140.99526977539062,99136600,0.0,0.0,0.009409302815384324
2022-10-19,141.69000244140625,144.9499969482422,141.5,143.86000061035156,141.10316467285156,61758300,0.0,0.0,0.0007652377106892594
2022-10-20,143.02000427246094,145.88999938964844,142.64999389648438,143.38999938964844,140.6421661376953,64522000,0.0,0.0,-0.003267102734549443
2022-10-21,142.8699951171875,147.85000610351562,142.64999389648438,147.27000427246094,144.44784545898438,86548600,0.0,0.0,0.027059305369081965
2022-10-24,147.19000244140625,150.22999572753906,146.0,149.4499969482422,146.5860137939453,75981900,0.0,0.0,0.01480235532878238
2022-10-25,150.08999633789062,152.49000549316406,149.36000061035156,152.33999633789062,149.42063903808594,74732300,0.0,0.0,0.019337624175558954
2022-10-26,150.9600067138672,151.99000549316406,148.0399932861328,149.35000610351562,146.48794555664062,88194300,0.0,0.0,-0.019627097704339236
2022-10-27,148.07000732421875,149.0500030517578,144.1300048828125,144.8000030517578,142.02516174316406,109180200,0.0,0.0,-0.03046519491087407
2022-10-28,148.1999969482422,157.5,147.82000732421875,155.74000549316406,152.7555389404297,164762400,0.0,0.0,0.07555264902053249
2022-10-31,153.16000366210938,154.24000549316406,151.9199981689453,153.33999633789062,150.4014892578125,97943200,0.0,0.0,-0.015410568408489644
2022-11-01,155.0800018310547,155.4499969482422,149.1300048828125,150.64999389648438,147.7630615234375,80379300,0.0,0.0,-0.017542563889459295
2022-11-02,148.9499969482422,152.1699981689453,145.0,145.02999877929688,142.250732421875,93604600,0.0,0.0,-0.03730519011131994
2022-11-03,142.05999755859375,142.8000030517578,138.75,138.8800048828125,136.21859741210938,97918500,0.0,0.0,-0.04240494869211664
2022-11-04,142.08999633789062,142.6699981689453,134.3800048828125,138.3800048828125,135.95335388183594,140814800,0.23,0.0,-0.0019471902905517924
2022-11-07,137.11000061035156,139.14999389648438,135.6699981689453,138.9199981689453,136.4838409423828,83374600,0.0,0.0,0.003901978475705281
2022-11-08,140.41000366210938,141.42999267578125,137.49000549316406,139.5,137.05368041992188,89908500,0.0,0.0,0.004175142446200875
2022-11-09,138.5,138.5500030517578,134.58999633789062,134.8699951171875,132.50491333007812,74917800,0.0,0.0,-0.03318967484788937
2022-11-10,141.24000549316406,146.8699951171875,139.5,146.8699951171875,144.29441833496094,118854000,0.0,0.0,0.08897409694925362
2022-11-11,145.82000732421875,150.00999450683594,144.3699951171875,149.6999969482422,147.07479858398438,93979700,0.0,0.0,0.019268799729793784
2022-11-14,148.97000122070312,150.27999877929688,147.42999267578125,148.27999877929688,145.67971801757812,73374100,0.0,0.0,-0.009485517436283342
2022-11-15,152.22000122070312,153.58999633789062,148.55999755859375,150.0399932861328,147.4088592529297,89868300,0.0,0.0,0.01186947132299454
2022-11-16,149.1300048828125,149.8699951171875,147.2899932861328,148.7899932861328,146.18075561523438,64218300,0.0,0.0,-0.008331274279709922
2022-11-17,146.42999267578125,151.47999572753906,146.14999389648438,150.72000122070312,148.0769500732422,80389400,0.0,0.0,0.012971573789089197
2022-11-18,152.30999755859375,152.6999969482422,149.97000122070312,151.2899932861328,148.63693237304688,74829600,0.0,0.0,0.003781697958579633
2022-11-21,150.16000366210938,150.3699951171875,147.72000122070312,148.00999450683594,145.41444396972656,58724100,0.0,0.0,-0.02168026715750937
2022-11-22,148.1300048828125,150.4199981689453,146.92999267578125,150.17999267578125,147.54641723632812,51804100,0.0,0.0,0.0146613583107702
2022-11-23,149.4499969482422,151.8300018310547,149.33999633789062,151.07000732421875,148.4207763671875,58301400,0.0,0.0,0.005925993644826377
2022-11-25,148.30999755859375,148.8800048828125,147.1199951171875,148.11000061035156,145.51272583007812,35195900,0.0,0.0,-0.019593284769747865
2022-11-28,145.13999938964844,146.63999938964844,143.3800048828125,144.22000122070312,141.69091796875,69246000,0.0,0.0,-0.026264423537711967
2022-11-29,144.2899932861328,144.80999755859375,140.35000610351562,141.1699981689453,138.6944122314453,83763800,0.0,0.0,-0.021148184938469816
2022-11-30,141.39999389648438,148.72000122070312,140.5500030517578,148.02999877929688,145.4341278076172,111380900,0.0,0.0,0.04859399501203421
2022-12-01,148.2100067138672,149.1300048828125,146.61000061035156,148.30999755859375,145.70919799804688,71250400,0.0,0.0,0.0018913730537413187
2022-12-02,145.9600067138672,148.0,145.64999389648438,147.80999755859375,145.21798706054688,65447400,0.0,0.0,-0.0033711731603009998
2022-12-05,147.77000427246094,150.9199981689453,145.77000427246094,146.6300048828125,144.05868530273438,68826400,0.0,0.0,-0.007983182946401435
2022-12-06,147.07000732421875,147.3000030517578,141.9199981689453,142.91000366210938,140.40391540527344,64727200,0.0,0.0,-0.025370007297932484
2022-12-07,142.19000244140625,143.3699951171875,140.0,140.94000244140625,138.46844482421875,69721100,0.0,0.0,-0.013785018569232865
2022-12-08,142.36000061035156,143.52000427246094,141.10000610351562,142.64999389648438,140.1484375,62128300,0.0,0.0,0.012132675267018111
2022-12-09,142.33999633789062,145.57000732421875,140.89999389648438,142.16000366210938,139.6670684814453,76097000,0.0,0.0,-0.0034347084215954338
2022-12-12,142.6999969482422,144.5,141.05999755859375,144.49000549316406,141.95620727539062,70462700,0.0,0.0,0.01638996807790405
2022-12-13,149.5,149.97000122070312,144.24000549316406,145.47000122070312,142.9190216064453,93886200,0.0,0.0,0.006782474324541932
2022-12-14,145.35000610351562,146.66000366210938,141.16000366210938,143.2100067138672,140.69862365722656,82291200,0.0,0.0,-0.015536056182451574
2022-12-15,141.11000061035156,141.8000030517578,136.02999877929688,136.5,134.1062774658203,98931900,0.0,0.0,-0.04685437582862706
2022-12-16,136.69000244140625,137.64999389648438,133.72999572753906,134.50999450683594,132.15118408203125,160156900,0.0,0.0,-0.014578686551696696
2022-12-19,135.11000061035156,135.1999969482422,131.32000732421875,132.3699951171875,130.0487060546875,79592600,0.0,0.0,-0.01590964199033329
2022-12-20,131.38999938964844,133.25,129.88999938964844,132.3000030517578,129.97994995117188,77432800,0.0,0.0,-0.0005286950220535491
2022-12-21,132.97999572753906,136.80999755859375,132.75,135.4499969482422,133.07470703125,85928000,0.0,0.0,0.023809495858712726
2022-12-22,134.35000610351562,134.55999755859375,130.3000030517578,132.22999572753906,129.91114807128906,77852100,0.0,0.0,-0.02377280424309358
2022-12-23,130.9199981689453,132.4199981689453,129.63999938964844,131.86000061035156,129.54769897460938,63814900,0.0,0.0,-0.00279767442652612
2022-12-27,131.3800048828125,131.41000366210938,128.72000122070312,130.02999877929688,127.749755859375,69007800,0.0,0.0,-0.013878618682272137
2022-12-28,129.6699981689453,131.02999877929688,125.87000274658203,126.04000091552734,123.82972717285156,85438400,0.0,0.0,-0.03068521470082919
2022-12-29,127.98999786376953,130.47999572753906,127.7300033569336,129.61000061035156,127.33715057373047,75703700,0.0,0.0,0.02832456697560959
2022-12-30,128.41000366210938,129.9499969482422,127.43000030517578,129.92999267578125,127.65150451660156,77034200,0.0,0.0,0.002468674235717838
2023-01-03,130.27999877929688,130.89999389648438,124.16999816894531,125.06999969482422,122.87673950195312,112117500,0.0,0.0,-0.03740469047137207
2023-01-04,126.88999938964844,128.66000366210938,125.08000183105469,126.36000061035156,124.14413452148438,89113600,0.0,0.0,0.01031436075426706
2023-01-05,127.12999725341797,127.7699966430664,124.76000213623047,125.0199966430664,122.8276138305664,80962700,0.0,0.0,-0.010604775618216045
2023-01-06,126.01000213623047,130.2899932861328,124.88999938964844,129.6199951171875,127.3469467163086,87754700,0.0,0.0,0.036794111232807625
2023-01-09,130.47000122070312,133.41000366210938,129.88999938964844,130.14999389648438,127.86766052246094,70790800,0.0,0.0,0.00408893828693313
2023-01-10,130.25999450683594,131.25999450683594,128.1199951171875,130.72999572753906,128.43746948242188,63896200,0.0,0.0,0.004456239815702645
2023-01-11,131.25,133.50999450683594,130.4600067138672,133.49000549316406,131.1490936279297,69458900,0.0,0.0,0.021112407122587662
2023-01-12,133.8800048828125,134.25999450683594,131.44000244140625,133.41000366210938,131.0704803466797,71379600,0.0,0.0,-0.0005994191730598342
2023-01-13,132.02999877929688,134.9199981689453,131.66000366210938,134.75999450683594,132.3968048095703,57809700,0.0,0.0,0.010119169925848492
2023-01-17,134.8300018310547,137.2899932861328,134.1300048828125,135.94000244140625,133.55615234375,63646600,0.0,0.0,0.008756612637647931
2023-01-18,136.82000732421875,138.61000061035156,135.02999877929688,135.2100067138672,132.8389434814453,69672800,0.0,0.0,-0.005370092277431904
2023-01-19,134.0800018310547,136.25,133.77000427246094,135.27000427246094,132.8978729248047,58280400,0.0,0.0,0.0004436157185156997
2023-01-20,135.27999877929688,138.02000427246094,134.22000122070312,137.8699951171875,135.45228576660156,80223600,0.0,0.0,0.019220870775277232
2023-01-23,138.1199951171875,143.32000732421875,137.89999389648438,141.11000061035156,138.6354522705078,81760300,0.0,0.0,0.023500278979353473
2023-01-24,140.30999755859375,143.16000366210938,140.3000030517578,142.52999877929688,140.03054809570312,66435100,0.0,0.0,0.010063052432455644
2023-01-25,140.88999938964844,142.42999267578125,138.80999755859375,141.86000061035156,139.37228393554688,65799300,0.0,0.0,-0.004700861127147515
2023-01-26,143.1699981689453,144.25,141.89999389648438,143.9600067138672,141.43545532226562,54105100,0.0,0.0,0.014803311881384396
2023-01-27,143.16000366210938,147.22999572753906,143.0800018310547,145.92999267578125,143.3709259033203,70555800,0.0,0.0,0.013684479444313613
2023-01-30,144.9600067138672,145.5500030517578,142.85000610351562,143.0,140.49229431152344,64015300,0.0,0.0,-0.020078210234465765
2023-01-31,142.6999969482422,144.33999633789062,142.27999877929688,144.2899932861328,141.7596893310547,65874500,0.0,0.0,0.00902109988125721
2023-02-01,143.97000122070312,146.61000061035156,141.32000732421875,145.42999267578125,142.8796844482422,77663600,0.0,0.0,0.007900660071086474
2023-02-02,148.89999389648438,151.17999267578125,148.1699981689453,150.82000732421875,148.1751708984375,118339000,0.0,0.0,0.03706255700833094
2023-02-03,148.02999877929688,157.3800048828125,147.8300018310547,154.5,151.7906494140625,154357300,0.0,0.0,0.024400029328146555
2023-02-06,152.57000732421875,153.10000610351562,150.77999877929688,151.72999572753906,149.06922912597656,69858300,0.0,0.0,-0.017928774259752367
2023-02-07,150.63999938964844,155.22999572753906,150.63999938964844,154.64999389648438,151.93801879882812,83322600,0.0,0.0,0.019244680405687165
2023-02-08,153.8800048828125,154.5800018310547,151.1699981689453,151.9199981689453,149.25588989257812,64120100,0.0,0.0,-0.01765278320366437
2023-02-09,153.77999877929688,154.3300018310547,150.4199981689453,150.8699951171875,148.22430419921875,56007100,0.0,0.0,-0.006911524189107898
2023-02-10,149.4600067138672,151.33999633789062,149.22000122070312,151.00999450683594,148.58836364746094,57450700,0.23,0.0,0.0024561386893264814
2023-02-13,150.9499969482422,154.25999450683594,150.9199981689453,153.85000610351562,151.38284301757812,62199000,0.0,0.0,0.018806852040899713
2023-02-14,152.1199951171875,153.77000427246094,150.86000061035156,153.1999969482422,150.74325561523438,61707600,0.0,0.0,-0.004224966248450479
2023-02-15,153.11000061035156,155.5,152.8800048828125,155.3300018310547,152.83909606933594,65573800,0.0,0.0,0.013903377935866601
2023-02-16,153.50999450683594,156.3300018310547,153.35000610351562,153.7100067138672,151.24510192871094,68167900,0.0,0.0,-0.010429230358061536
2023-02-17,152.35000610351562,153.0,150.85000610351562,152.5500030517578,150.1036834716797,59144100,0.0,0.0,-0.007546812706498485
2023-02-21,150.1999969482422,151.3000030517578,148.41000366210938,148.47999572753906,146.0989532470703,58867200,0.0,0.0,-0.026679759829910887
2023-02-22,148.8699951171875,149.9499969482422,147.16000366210938,148.91000366210938,146.52207946777344,51011300,0.0,0.0,0.0028961618909586484
2023-02-23,150.08999633789062,150.33999633789062,147.24000549316406,149.39999389648438,147.00418090820312,48394200,0.0,0.0,0.0032902989240999325
2023-02-24,147.11000061035156,147.19000244140625,145.72000122070312,146.7100067138672,144.3573455810547,55469600,0.0,0.0,-0.01800517040261085
2023-02-27,147.7100067138672,149.1699981689453,147.4499969482422,147.9199981689453,145.54791259765625,44998500,0.0,0.0,0.008247360131272918
2023-02-28,147.0500030517578,149.0800018310547,146.8300018310547,147.41000366210938,145.0460968017578,50547000,0.0,0.0,-0.0034477704760055294
2023-03-01,146.8300018310547,147.22999572753906,145.00999450683594,145.30999755859375,142.97976684570312,55479000,0.0,0.0,-0.014246022482623966
2023-03-02,144.3800048828125,146.7100067138672,143.89999389648438,145.91000366210938,143.5701446533203,52238100,0.0,0.0,0.004129100366027982
2023-03-03,148.0399932861328,151.11000061035156,147.3300018310547,151.02999877929688,148.60804748535156,70732300,0.0,0.0,0.03509018427331334
2023-03-06,153.7899932861328,156.3000030517578,153.4600067138672,153.8300018310547,151.36314392089844,87558000,0.0,0.0,0.018539348858738203
2023-03-07,153.6999969482422,154.02999877929688,151.1300048828125,151.60000610351562,149.16891479492188,56182000,0.0,0.0,-0.014496455802498809
2023-03-08,152.80999755859375,153.47000122070312,151.8300018310547,152.8699951171875,150.4185333251953,47204800,0.0,0.0,0.008377204674254068
2023-03-09,153.55999755859375,154.5399932861328,150.22999572753906,150.58999633789062,148.1750946044922,53833600,0.0,0.0,-0.014914642970576986
2023-03-10,150.2100067138672,150.94000244140625,147.61000061035156,148.5,146.1186065673828,68572400,0.0,0.0,-0.013878769860741658
2023-03-13,147.80999755859375,153.13999938964844,147.6999969482422,150.47000122070312,148.05703735351562,84457100,0.0,0.0,0.013266146123826594
2023-03-14,151.27999877929688,153.39999389648438,150.10000610351562,152.58999633789062,150.1430206298828,73695900,0.0,0.0,0.014089051852270273
2023-03-15,151.19000244140625,153.25,149.9199981689453,152.99000549316406,150.53663635253906,77167900,0.0,0.0,0.002621605193534382
2023-03-16,152.16000366210938,156.4600067138672,151.63999938964844,155.85000610351562,153.35076904296875,76161100,0.0,0.0,0.018694005383774526
2023-03-17,156.0800018310547,156.74000549316406,154.27999877929688,155.0,152.514404296875,98944600,0.0,0.0,-0.005453932518978077
2023-03-20,155.07000732421875,157.82000732421875,154.14999389648438,157.39999389648438,154.8759002685547,73641400,0.0,0.0,0.015483756977360263
2023-03-21,157.32000732421875,159.39999389648438,156.5399932861328,159.27999877929688,156.7257537841797,73938300,0.0,0.0,0.01194410177708316
2023-03-22,159.3000030517578,162.13999938964844,157.80999755859375,157.8300018310547,155.2989959716797,75701800,0.0,0.0,-0.009103531347277705
2023-03-23,158.8300018310547,161.5500030517578,157.67999267578125,158.92999267578125,156.38137817382812,67622100,0.0,0.0,0.006969666451326129
2023-03-24,158.86000061035156,160.33999633789062,157.85000610351562,160.25,157.68019104003906,59196500,0.0,0.0,0.008305418978768797
2023-03-27,159.94000244140625,160.77000427246094,157.8699951171875,158.27999877929688,155.7417755126953,52390300,0.0,0.0,-0.01229333573582203
2023-03-28,157.97000122070312,158.49000549316406,155.97999572753906,157.64999389648438,155.1218719482422,45992200,0.0,0.0,-0.003980329377987535
2023-03-29,159.3699951171875,161.0500030517578,159.35000610351562,160.77000427246094,158.19186401367188,51305700,0.0,0.0,0.019790839466236054
2023-03-30,161.52999877929688,162.47000122070312,161.27000427246094,162.36000061035156,159.75637817382812,49501700,0.0,0.0,0.00988997866553376
2023-03-31,162.44000244140625,165.0,161.91000366210938,164.89999389648438,162.25563049316406,68749800,0.0,0.0,0.015644147344255233
2023-04-03,164.27000427246094,166.2899932861328,164.22000122070312,166.1699981689453,163.5052490234375,56976200,0.0,0.0,0.0077015418600594465
2023-04-04,166.60000610351562,166.83999633789062,165.11000061035156,165.6300048828125,162.9739227294922,46278300,0.0,0.0,-0.00324959777816769
2023-04-05,164.74000549316406,165.0500030517578,161.8000030517578,163.75999450683594,161.13392639160156,51511700,0.0,0.0,-0.011290127322667987
2023-04-06,162.42999267578125,164.9600067138672,162.0,164.66000366210938,162.0194854736328,45390100,0.0,0.0,0.00549579534156619
2023-04-10,161.4199981689453,162.02999877929688,160.0800018310547,162.02999877929688,159.431640625,47716900,0.0,0.0,-0.015972429742433403
2023-04-11,162.35000610351562,162.36000061035156,160.50999450683594,160.8000030517578,158.22137451171875,47644200,0.0,0.0,-0.007591128765512267
2023-04-12,161.22000122070312,162.05999755859375,159.77999877929688,160.10000610351562,157.53262329101562,50133100,0.0,0.0,-0.004353085813017743
2023-04-13,161.6300048828125,165.8000030517578,161.4199981689453,165.55999755859375,162.905029296875,68445600,0.0,0.0,0.03410345040680718
2023-04-14,164.58999633789062,166.32000732421875,163.82000732421875,165.2100067138672,162.56063842773438,49386500,0.0,0.0,-0.0021140591584377644
2023-04-17,165.08999633789062,165.38999938964844,164.02999877929688,165.22999572753906,162.5803680419922,41516200,0.0,0.0,0.00012136772129234252
2023-04-18,166.10000610351562,167.41000366210938,165.64999389648438,166.47000122070312,163.8004608154297,49923000,0.0,0.0,0.007504551675774129
2023-04-19,165.8000030517578,168.16000366210938,165.5399932861328,167.6300048828125,164.94186401367188,47720200,0.0,0.0,0.006968253889885645
2023-04-20,166.08999633789062,167.8699951171875,165.55999755859375,166.64999389648438,163.97755432128906,52456400,0.0,0.0,-0.005846361068787775
2023-04-21,165.0500030517578,166.4499969482422,164.49000549316406,165.02000427246094,162.3737335205078,58337300,0.0,0.0,-0.009780733756028615
2023-04-24,165.0,165.60000610351562,163.88999938964844,165.3300018310547,162.6787567138672,41949600,0.0,0.0,0.001878525465578873
2023-04-25,165.19000244140625,166.30999755859375,163.72999572753906,163.77000427246094,161.1437530517578,48714100,0.0,0.0,-0.009435796616083514
2023-04-26,163.05999755859375,165.27999877929688,162.8000030517578,163.75999450683594,161.13392639160156,45498800,0.0,0.0,-6.0980708033397946e-05
2023-04-27,165.19000244140625,168.55999755859375,165.19000244140625,168.41000366210938,165.7093505859375,64902300,0.0,0.0,0.028395163556161007
2023-04-28,168.49000549316406,169.85000610351562,167.8800048828125,169.67999267578125,166.95896911621094,55275900,0.0,0.0,0.007541026054684652
2023-05-01,169.27999877929688,170.4499969482422,168.63999938964844,169.58999633789062,166.8704071044922,52472900,0.0,0.0,-0.0005304417737337364
2023-05-02,170.08999633789062,170.35000610351562,167.5399932861328,168.5399932861328,165.83724975585938,48425700,0.0,0.0,-0.0061913754904778795
2023-05-03,169.5,170.9199981689453,167.16000366210938,167.4499969482422,164.7647247314453,65136000,0.0,0.0,-0.006467334847828243
2023-05-04,164.88999938964844,167.0399932861328,164.30999755859375,165.7899932861328,163.13134765625,81235400,0.0,0.0,-0.00991339061111296
2023-05-05,170.97999572753906,174.3000030517578,170.75999450683594,173.57000732421875,170.78662109375,113453200,0.0,0.0,0.04692705324565316
2023-05-08,172.47999572753906,173.85000610351562,172.11000061035156,173.5,170.71771240234375,55962800,0.0,0.0,-0.0004034782757861288
2023-05-09,173.0500030517578,173.5399932861328,171.60000610351562,171.77000427246094,169.01547241210938,45326900,0.0,0.0,-0.009971080131524812
2023-05-10,173.02000427246094,174.02999877929688,171.89999389648438,173.55999755859375,170.7767791748047,53724500,0.0,0.0,0.010420979437910427
2023-05-11,173.85000610351562,174.58999633789062,172.1699981689453,173.75,170.9636993408203,49514700,0.0,0.0,0.0010945291679513858
2023-05-12,173.6199951171875,174.05999755859375,171.0,172.57000732421875,170.03750610351562,45533100,0.24,0.0,-0.005417484769432268
2023-05-15,173.16000366210938,173.2100067138672,171.47000122070312,172.07000732421875,169.5448455810547,37266700,0.0,0.0,-0.0028973638448979155
2023-05-16,171.99000549316406,173.13999938964844,171.8000030517578,172.07000732421875,169.5448455810547,42110300,0.0,0.0,0.0
2023-05-17,171.7100067138672,172.92999267578125,170.4199981689453,172.69000244140625,170.15574645996094,57951600,0.0,0.0,0.003603181664488808
2023-05-18,173.0,175.24000549316406,172.5800018310547,175.0500030517578,172.4811248779297,65496700,0.0,0.0,0.013666176231761584
2023-05-19,176.38999938964844,176.38999938964844,174.94000244140625,175.16000366210938,172.58949279785156,55809500,0.0,0.0,0.000628288573596425
2023-05-22,173.97999572753906,174.7100067138672,173.4499969482422,174.1999969482422,171.64356994628906,43570900,0.0,0.0,-0.005480767318033819
2023-05-23,173.1300048828125,173.3800048828125,171.27999877929688,171.55999755859375,169.04232788085938,50747300,0.0,0.0,-0.015154905402187002
2023-05-24,171.08999633789062,172.4199981689453,170.52000427246094,171.83999633789062,169.31822204589844,45143500,0.0,0.0,0.0016321010749065223
2023-05-25,172.41000366210938,173.89999389648438,171.69000244140625,172.99000549316406,170.45135498046875,56058300,0.0,0.0,0.006692327151079702
2023-05-26,173.32000732421875,175.77000427246094,173.11000061035156,175.42999267578125,172.85552978515625,54835000,0.0,0.0,0.01410475619253937
2023-05-30,176.9600067138672,178.99000549316406,176.57000732421875,177.3000030517578,174.69808959960938,55964400,0.0,0.0,0.010659536416007365
2023-05-31,177.3300018310547,179.35000610351562,176.75999450683594,177.25,174.6488494873047,99625300,0.0,0.0,-0.00028185833295335527
2023-06-01,177.6999969482422,180.1199951171875,176.92999267578125,180.08999633789062,177.4471435546875,68901800,0.0,0.0,0.01602240195453586
2023-06-02,181.02999877929688,181.77999877929688,179.25999450683594,180.9499969482422,178.29452514648438,61996900,0.0,0.0,0.004775402831636466
2023-06-05,182.6300048828125,184.9499969482422,178.0399932861328,179.5800018310547,176.9446258544922,121946500,0.0,0.0,-0.007571176349263298
2023-06-06,179.97000122070312,180.1199951171875,177.42999267578125,179.2100067138672,176.58006286621094,64848400,0.0,0.0,-0.002060322468233844
2023-06-07,178.44000244140625,181.2100067138672,177.32000732421875,177.82000732421875,175.2104949951172,61944600,0.0,0.0,-0.00775607307452042
2023-06-08,177.89999389648438,180.83999633789062,177.4600067138672,180.57000732421875,177.92007446289062,50214900,0.0,0.0,0.015464709849994707
2023-06-09,181.5,182.22999572753906,180.6300048828125,180.9600067138672,178.30438232421875,48900000,0.0,0.0,0.00216000281299511
2023-06-12,181.27000427246094,183.88999938964844,180.97000122070312,183.7899932861328,181.0928497314453,54274900,0.0,0.0,0.015638804671419537
2023-06-13,182.8000030517578,184.14999389648438,182.44000244140625,183.30999755859375,180.61990356445312,54929100,0.0,0.0,-0.0026116225333775445
2023-06-14,183.3699951171875,184.38999938964844,182.02000427246094,183.9499969482422,181.25050354003906,57462900,0.0,0.0,0.003491309446751689
2023-06-15,183.9600067138672,186.52000427246094,183.77999877929688,186.00999450683594,183.28025817871094,65433200,0.0,0.0,0.011198615170873172
2023-06-16,186.72999572753906,186.99000549316406,184.27000427246094,184.9199981689453,182.20626831054688,101256200,0.0,0.0,-0.0058598229773162425
2023-06-20,184.41000366210938,186.10000610351562,184.41000366210938,185.00999450683594,182.29493713378906,49799100,0.0,0.0,0.00048663980698537834
2023-06-21,184.89999389648438,185.41000366210938,182.58999633789062,183.9600067138672,181.2603302001953,49515700,0.0,0.0,-0.005675456213215857
2023-06-22,183.74000549316406,187.0500030517578,183.6699981689453,187.0,184.2557373046875,51245300,0.0,0.0,0.0165254421702965
2023-06-23,185.5500030517578,187.55999755859375,185.00999450683594,186.67999267578125,183.94039916992188,53117000,0.0,0.0,-0.0017114155541554377
2023-06-26,186.8300018310547,188.0500030517578,185.22999572753906,185.27000427246094,182.55113220214844,48088700,0.0,0.0,-0.007552810443180791
2023-06-27,185.88999938964844,188.38999938964844,185.6699981689453,188.05999755859375,185.30018615722656,50730800,0.0,0.0,0.015059090140476128
2023-06-28,187.92999267578125,189.89999389648438,187.60000610351562,189.25,186.4727325439453,51216800,0.0,0.0,0.0063278208783008605
2023-06-29,189.0800018310547,190.07000732421875,188.94000244140625,189.58999633789062,186.8077392578125,46347300,0.0,0.0,0.001796545314142639
2023-06-30,191.6300048828125,194.47999572753906,191.25999450683594,193.97000122070312,191.1234588623047,85213200,0.0,0.0,0.02310246685516648
2023-07-03,193.77999877929688,193.8800048828125,191.75999450683594,192.4600067138672,189.6356201171875,31458200,0.0,0.0,-0.007784699764088687
2023-07-05,191.57000732421875,192.97999572753906,190.6199951171875,191.3300018310547,188.52215576171875,46920300,0.0,0.0,-0.00587159920051239
2023-07-06,189.83999633789062,192.02000427246094,189.1999969482422,191.80999755859375,188.9951629638672,45094300,0.0,0.0,0.00250902712329637
2023-07-07,191.41000366210938,192.6699981689453,190.24000549316406,190.67999267578125,187.8817596435547,46815000,0.0,0.0,-0.005891173630329205
2023-07-10,189.25999450683594,189.99000549316406,187.0399932861328,188.61000061035156,185.84213256835938,59922200,0.0,0.0,-0.010855907880918614
2023-07-11,189.16000366210938,189.3000030517578,186.60000610351562,188.0800018310547,185.3199005126953,46638100,0.0,0.0,-0.0028100842820019123
2023-07-12,189.67999267578125,191.6999969482422,188.47000122070312,189.77000427246094,186.98509216308594,60750200,0.0,0.0,0.008985498296641747
2023-07-13,190.5,191.19000244140625,189.77999877929688,190.5399932861328,187.7437744140625,41342300,0.0,0.0,0.0040574478007842085
2023-07-14,190.22999572753906,191.17999267578125,189.6300048828125,190.69000244140625,187.8916015625,41616200,0.0,0.0,0.0007873877517317052
2023-07-17,191.89999389648438,194.32000732421875,191.80999755859375,193.99000549316406,191.1431427001953,50520200,0.0,0.0,0.01730540966523053
2023-07-18,193.35000610351562,194.3300018310547,192.4199981689453,193.72999572753906,190.886962890625,48288200,0.0,0.0,-0.0013402511120795824
2023-07-19,193.10000610351562,198.22999572753906,192.64999389648438,195.10000610351562,192.2368621826172,80507300,0.0,0.0,0.007071720727023445
2023-07-20,195.08999633789062,196.47000122070312,192.5,193.1300048828125,190.29579162597656,59581200,0.0,0.0,-0.010097285893049368
2023-07-21,194.10000610351562,194.97000122070312,191.22999572753906,191.94000244140625,189.12322998046875,71951700,0.0,0.0,-0.006161784427752726
2023-07-24,193.41000366210938,194.91000366210938,192.25,192.75,189.92135620117188,45377800,0.0,0.0,0.004220138482118552
2023-07-25,193.3300018310547,194.44000244140625,192.9199981689453,193.6199951171875,190.77859497070312,37283200,0.0,0.0,0.004513651264280272
2023-07-26,193.6699981689453,195.63999938964844,193.32000732421875,194.5,191.64569091796875,47471900,0.0,0.0,0.004545037913707084
2023-07-27,196.02000427246094,197.1999969482422,192.5500030517578,193.22000122070312,190.3844757080078,47460200,0.0,0.0,-0.0065809734824707755
2023-07-28,194.6699981689453,196.6300048828125,194.13999938964844,195.8300018310547,192.95616149902344,48291400,0.0,0.0,0.013507854468973735
2023-07-31,196.05999755859375,196.49000549316406,195.25999450683594,196.4499969482422,193.56707763671875,38824100,0.0,0.0,0.003166087742154877
2023-08-01,196.24000549316406,196.72999572753906,195.27999877929688,195.61000061035156,192.73939514160156,35175100,0.0,0.0,-0.004275946639389572
2023-08-02,195.0399932861328,195.17999267578125,191.85000610351562,192.5800018310547,189.7538299560547,50389300,0.0,0.0,-0.015490165792797272
2023-08-03,191.57000732421875,192.3699951171875,190.69000244140625,191.1699981689453,188.3645477294922,61235200,0.0,0.0,-0.007321497684047995
2023-08-04,185.52000427246094,187.3800048828125,181.9199981689453,181.99000549316406,179.3192901611328,115956800,0.0,0.0,-0.048019957456905016
2023-08-07,182.1300048828125,183.1300048828125,177.35000610351562,178.85000610351562,176.22535705566406,97576100,0.0,0.0,-0.01725376618816976
2023-08-08,179.69000244140625,180.27000427246094,177.5800018310547,179.8000030517578,177.16140747070312,67823000,0.0,0.0,0.005311667007962928
2023-08-09,180.8699951171875,180.92999267578125,177.00999450683594,178.19000244140625,175.5750274658203,60378500,0.0,0.0,-0.008954433290699337
2023-08-10,179.47999572753906,180.75,177.60000610351562,177.97000122070312,175.35826110839844,54686900,0.0,0.0,-0.0012346081361944705
2023-08-11,177.32000732421875,178.6199951171875,176.5500030517578,177.7899932861328,175.41744995117188,52036700,0.24,0.0,0.00033753096317967746
2023-08-14,177.97000122070312,179.69000244140625,177.30999755859375,179.4600067138672,177.06517028808594,43675600,0.0,0.0,0.009393138124928369
2023-08-15,178.8800048828125,179.47999572753906,177.0500030517578,177.4499969482422,175.0819854736328,43622600,0.0,0.0,-0.011200310096144084
2023-08-16,177.1300048828125,178.5399932861328,176.5,176.57000732421875,174.2137451171875,46964900,0.0,0.0,-0.004959050207801519
2023-08-17,177.13999938964844,177.50999450683594,173.47999572753906,174.0,171.6780242919922,66062900,0.0,0.0,-0.014555228254174879
2023-08-18,172.3000030517578,175.10000610351562,171.9600067138672,174.49000549316406,172.16151428222656,61172200,0.0,0.0,0.002816260218675648
2023-08-21,175.07000732421875,176.1300048828125,173.74000549316406,175.83999633789062,173.49346923828125,46311900,0.0,0.0,0.0077366591575815935
2023-08-22,177.05999755859375,177.67999267578125,176.25,177.22999572753906,174.8649139404297,42038900,0.0,0.0,0.007904877965549506
2023-08-23,178.52000427246094,181.5500030517578,178.3300018310547,181.1199951171875,178.70301818847656,52722800,0.0,0.0,0.021948967128730956
2023-08-24,180.6699981689453,181.10000610351562,176.00999450683594,176.3800048828125,174.0262908935547,54945800,0.0,0.0,-0.02617038784420178
2023-08-25,177.3800048828125,179.14999389648438,175.82000732421875,178.61000061035156,176.22653198242188,51449600,0.0,0.0,0.012643153385444528
2023-08-28,180.08999633789062,180.58999633789062,178.5500030517578,180.19000244140625,177.78543090820312,43820700,0.0,0.0,0.008845994460906503
2023-08-29,179.6999969482422,184.89999389648438,179.5,184.1199951171875,181.66297912597656,53003900,0.0,0.0,0.021810269817753136
2023-08-30,184.94000244140625,187.85000610351562,184.74000549316406,187.64999389648438,185.14585876464844,60813900,0.0,0.0,0.019172203689650003
2023-08-31,187.83999633789062,189.1199951171875,187.47999572753906,187.8699951171875,185.36293029785156,60794500,0.0,0.0,0.001172435260780258
2023-09-01,189.49000549316406,189.9199981689453,188.27999877929688,189.4600067138672,186.9317626953125,45766500,0.0,0.0,0.008463571410637805
2023-09-05,188.27999877929688,189.97999572753906,187.61000061035156,189.6999969482422,187.1685333251953,45280000,0.0,0.0,0.0012666152957041543
2023-09-06,188.39999389648438,188.85000610351562,181.47000122070312,182.91000366210938,180.46914672851562,81755800,0.0,0.0,-0.035793338109028516
2023-09-07,175.17999267578125,178.2100067138672,173.5399932861328,177.55999755859375,175.1905059814453,112488800,0.0,0.0,-0.02924954676608027
2023-09-08,178.35000610351562,180.24000549316406,177.7899932861328,178.17999267578125,175.80224609375,65551300,0.0,0.0,0.0034918565299963955
2023-09-11,180.07000732421875,180.3000030517578,177.33999633789062,179.36000061035156,176.9665069580078,58953100,0.0,0.0,0.0066225596664841735
2023-09-12,179.49000549316406,180.1300048828125,174.82000732421875,176.3000030517578,173.94732666015625,90370200,0.0,0.0,-0.017060744147297746
2023-09-13,176.50999450683594,177.3000030517578,173.97999572753906,174.2100067138672,171.88522338867188,84267900,0.0,0.0,-0.011854756903008523
2023-09-14,174.0,176.10000610351562,173.5800018310547,175.74000549316406,173.3948516845703,60895800,0.0,0.0,0.008782769490806253
2023-09-15,176.47999572753906,176.5,173.82000732421875,175.00999450683594,172.674560546875,109259500,0.0,0.0,-0.004154051465181996
2023-09-18,176.47999572753906,179.3800048828125,176.1699981689453,177.97000122070312,175.59506225585938,67257600,0.0,0.0,0.016913329327348015
2023-09-19,177.52000427246094,179.6300048828125,177.1300048828125,179.07000732421875,176.6803741455078,51826900,0.0,0.0,0.006180765425322976
2023-09-20,179.25999450683594,179.6999969482422,175.39999389648438,175.49000549316406,173.14816284179688,58436200,0.0,0.0,-0.01999209771200694
2023-09-21,174.5500030517578,176.3000030517578,173.86000061035156,173.92999267578125,171.6089324951172,63149100,0.0,0.0,-0.008889671836056712
2023-09-22,174.6699981689453,177.0800018310547,174.0500030517578,174.7899932861328,172.4574737548828,56725400,0.0,0.0,0.00494462174799537
2023-09-25,174.1999969482422,176.97000122070312,174.14999389648438,176.0800018310547,173.73028564453125,46172700,0.0,0.0,0.007380439142101292
2023-09-26,174.82000732421875,175.1999969482422,171.66000366210938,171.9600067138672,169.66526794433594,64588900,0.0,0.0,-0.023398440203527437
2023-09-27,172.6199951171875,173.0399932861328,169.0500030517578,170.42999267578125,168.1556854248047,66921800,0.0,0.0,-0.008897416293984883
2023-09-28,169.33999633789062,172.02999877929688,167.6199951171875,170.69000244140625,168.41220092773438,56294400,0.0,0.0,0.001525464347409189
2023-09-29,172.02000427246094,173.07000732421875,170.33999633789062,171.2100067138672,168.9252471923828,51861100,0.0,0.0,0.003046372304513545
2023-10-02,171.22000122070312,174.3000030517578,170.92999267578125,173.75,171.4313507080078,52164500,0.0,0.0,0.014835577021656832
2023-10-03,172.25999450683594,173.6300048828125,170.82000732421875,172.39999389648438,170.09939575195312,49594600,0.0,0.0,-0.007769611279114019
2023-10-04,171.08999633789062,174.2100067138672,170.97000122070312,173.66000366210938,171.3425750732422,53020300,0.0,0.0,0.007308546369570346
2023-10-05,173.7899932861328,175.4499969482422,172.67999267578125,174.91000366210938,172.5758819580078,48527900,0.0,0.0,0.0071979009550804385
2023-10-06,173.8000030517578,177.99000549316406,173.17999267578125,177.49000549316406,175.1214599609375,57266700,0.0,0.0,0.014750485259285018
2023-10-09,176.80999755859375,179.0500030517578,175.8000030517578,178.99000549316406,176.60145568847656,42390800,0.0,0.0,0.00845125279259995
2023-10-10,178.10000610351562,179.72000122070312,177.9499969482422,178.38999938964844,176.0094757080078,43698000,0.0,0.0,-0.0033520673890310437
2023-10-11,178.1999969482422,179.85000610351562,177.60000610351562,179.8000030517578,177.40065002441406,47551100,0.0,0.0,0.007903973981004064
2023-10-12,180.07000732421875,182.33999633789062,179.0399932861328,180.7100067138672,178.29849243164062,56743100,0.0,0.0,0.0050610998725371115
2023-10-13,181.4199981689453,181.92999267578125,178.13999938964844,178.85000610351562,176.4633331298828,51427100,0.0,0.0,-0.0102926237722476
2023-10-16,176.75,179.0800018310547,176.50999450683594,178.72000122070312,176.33505249023438,52517000,0.0,0.0,-0.0007269535113791914
2023-10-17,176.64999389648438,178.4199981689453,174.8000030517578,177.14999389648438,174.78599548339844,57549400,0.0,0.0,-0.008784736698460582
2023-10-18,175.5800018310547,177.5800018310547,175.11000061035156,175.83999633789062,173.49346923828125,54764400,0.0,0.0,-0.007394907363959535
2023-10-19,176.0399932861328,177.83999633789062,175.19000244140625,175.4600067138672,173.11856079101562,59302900,0.0,0.0,-0.0021609369442645576
2023-10-20,175.30999755859375,175.4199981689453,172.63999938964844,172.8800048828125,170.57298278808594,64244000,0.0,0.0,-0.014704246565465873
2023-10-23,170.91000366210938,174.00999450683594,169.92999267578125,173.0,170.69139099121094,55980100,0.0,0.0,0.000694179120219296
2023-10-24,173.0500030517578,173.6699981689453,171.4499969482422,173.44000244140625,171.12548828125,43816600,0.0,0.0,0.0025431703820459894
2023-10-25,171.8800048828125,173.05999755859375,170.64999389648438,171.10000610351562,168.8167266845703,57157000,0.0,0.0,-0.013491628978642645
2023-10-26,170.3699951171875,171.3800048828125,165.6699981689453,166.88999938964844,164.66290283203125,70625300,0.0,0.0,-0.024605523007802277
2023-10-27,166.91000366210938,168.9600067138672,166.8300018310547,168.22000122070312,165.97518920898438,58499100,0.0,0.0,0.007969532629287901
2023-10-30,169.02000427246094,171.1699981689453,168.8699951171875,170.2899932861328,168.01754760742188,51131000,0.0,0.0,0.012305203013601718
2023-10-31,169.35000610351562,170.89999389648438,167.89999389648438,170.77000427246094,168.4911651611328,44846000,0.0,0.0,0.0028188576756134065
2023-11-01,171.0,174.22999572753906,170.1199951171875,173.97000122070312,171.6484375,56934900,0.0,0.0,0.01873850380135833
2023-11-02,175.52000427246094,177.77999877929688,175.4600067138672,177.57000732421875,175.2003936767578,77334800,0.0,0.0,0.020693204252196118
2023-11-03,174.24000549316406,176.82000732421875,173.35000610351562,176.64999389648438,174.29266357421875,79829200,0.0,0.0,-0.005181096249211703
2023-11-06,176.3800048828125,179.42999267578125,176.2100067138672,179.22999572753906,176.8382568359375,63841300,0.0,0.0,0.014605280621205141
2023-11-07,179.17999267578125,182.44000244140625,178.97000122070312,181.82000732421875,179.39370727539062,70530000,0.0,0.0,0.014450778271491105
2023-11-08,182.35000610351562,183.4499969482422,181.58999633789062,182.88999938964844,180.44940185546875,49340300,0.0,0.0,0.005884791591142635
2023-11-09,182.9600067138672,184.1199951171875,181.80999755859375,182.41000366210938,179.9757843017578,53763500,0.0,0.0,-0.002624655714238866
2023-11-10,183.97000122070312,186.57000732421875,183.52999877929688,186.39999389648438,184.15484619140625,66133400,0.24,0.0,0.0232201343411933
2023-11-13,185.82000732421875,186.02999877929688,184.2100067138672,184.8000030517578,182.57415771484375,43627500,0.0,0.0,-0.008583474772744015
2023-11-14,187.6999969482422,188.11000061035156,186.3000030517578,187.44000244140625,185.1823272705078,60108400,0.0,0.0,0.014285535194623167
2023-11-15,187.85000610351562,189.5,187.77999877929688,188.00999450683594,185.74546813964844,53790500,0.0,0.0,0.003041007624437153
2023-11-16,189.57000732421875,190.9600067138672,188.64999389648438,189.7100067138672,187.42498779296875,54412900,0.0,0.0,0.009042049155447485
2023-11-17,190.25,190.3800048828125,188.57000732421875,189.69000244140625,187.40524291992188,50922700,0.0,0.0,-0.00010534813569618162
2023-11-20,189.88999938964844,191.91000366210938,189.8800048828125,191.4499969482422,189.14402770996094,46505100,0.0,0.0,0.009278207818241402
2023-11-21,191.41000366210938,191.52000427246094,189.74000549316406,190.63999938964844,188.34378051757812,38134500,0.0,0.0,-0.004230887975008812
2023-11-22,191.49000549316406,192.92999267578125,190.8300018310547,191.30999755859375,189.00570678710938,39617700,0.0,0.0,0.003514457805361193
2023-11-24,190.8699951171875,190.89999389648438,189.25,189.97000122070312,187.68186950683594,24048300,0.0,0.0,-0.007004218564493292
2023-11-27,189.9199981689453,190.6699981689453,188.89999389648438,189.7899932861328,187.50404357910156,40552600,0.0,0.0,-0.0009474859143381309
2023-11-28,189.77999877929688,191.0800018310547,189.39999389648438,190.39999389648438,188.10667419433594,38415400,0.0,0.0,0.0032139606364283146
2023-11-29,190.89999389648438,192.08999633789062,188.97000122070312,189.3699951171875,187.08908081054688,43014200,0.0,0.0,-0.005409661236888241
2023-11-30,189.83999633789062,190.32000732421875,188.19000244140625,189.9499969482422,187.66209411621094,48794400,0.0,0.0,0.003062783264429658
2023-12-01,190.3300018310547,191.55999755859375,189.22999572753906,191.24000549316406,188.93653869628906,45704800,0.0,0.0,0.006791166783468361
2023-12-04,189.97999572753906,190.0500030517578,187.4499969482422,189.42999267578125,187.14834594726562,43389500,0.0,0.0,-0.009464515235445892
2023-12-05,190.2100067138672,194.39999389648438,190.17999267578125,193.4199981689453,191.09030151367188,66628400,0.0,0.0,0.021063266931127478
2023-12-06,194.4499969482422,194.75999450683594,192.11000061035156,192.32000732421875,190.00357055664062,41089700,0.0,0.0,-0.005687002157738985
2023-12-07,193.6300048828125,195.0,193.58999633789062,194.27000427246094,191.93003845214844,47477700,0.0,0.0,0.010139114174875674
2023-12-08,194.1999969482422,195.99000549316406,193.6699981689453,195.7100067138672,193.3527374267578,53406400,0.0,0.0,0.007412591515548961
2023-12-11,193.11000061035156,193.49000549316406,191.4199981689453,193.17999267578125,190.85317993164062,60943700,0.0,0.0,-0.012927448188128299
2023-12-12,193.0800018310547,194.72000122070312,191.72000122070312,194.7100067138672,192.36477661132812,52696900,0.0,0.0,0.00792020693723261
2023-12-13,195.08999633789062,198.0,194.85000610351562,197.9600067138672,195.5756378173828,70404200,0.0,0.0,0.016691523586681356
2023-12-14,198.02000427246094,199.6199951171875,196.16000366210938,198.11000061035156,195.7238006591797,66831600,0.0,0.0,0.0007575730978068851
2023-12-15,197.52999877929688,198.39999389648438,197.0,197.57000732421875,195.1903076171875,128538400,0.0,0.0,-0.002725744340726255
2023-12-18,196.08999633789062,196.6300048828125,194.38999938964844,195.88999938964844,193.5305938720703,55751900,0.0,0.0,-0.008503054098220164
2023-12-19,196.16000366210938,196.9499969482422,195.88999938964844,196.94000244140625,194.5679168701172,40714100,0.0,0.0,0.005359994909810428
2023-12-20,196.89999389648438,197.67999267578125,194.8300018310547,194.8300018310547,192.48330688476562,52242800,0.0,0.0,-0.010714047921596137
2023-12-21,196.10000610351562,197.0800018310547,193.5,194.67999267578125,192.33509826660156,46482500,0.0,0.0,-0.0007699816704249685
2023-12-22,195.17999267578125,195.41000366210938,192.97000122070312,193.60000610351562,191.26812744140625,37149600,0.0,0.0,-0.0055474577173446615
2023-12-26,193.61000061035156,193.88999938964844,192.8300018310547,193.0500030517578,190.7247772216797,28919300,0.0,0.0,-0.0028407776402422646
2023-12-27,192.49000549316406,193.5,191.08999633789062,193.14999389648438,190.82354736328125,48087700,0.0,0.0,0.0005178673848273974
2023-12-28,194.13999938964844,194.66000366210938,193.1699981689453,193.5800018310547,191.2484130859375,34049900,0.0,0.0,0.0022264847736397364
2023-12-29,193.89999389648438,194.39999389648438,191.72999572753906,192.52999877929688,190.2110137939453,42672100,0.0,0.0,-0.0054243550325618894
2024-01-02,187.14999389648438,188.44000244140625,183.88999938964844,185.63999938964844,183.40399169921875,82488700,0.0,0.0,-0.03578668742126878
2024-01-03,184.22000122070312,185.8800048828125,183.42999267578125,184.25,182.03073120117188,58414500,0.0,0.0,-0.007487626007066428
2024-01-04,182.14999389648438,183.08999633789062,180.8800048828125,181.91000366210938,179.7189483642578,71983600,0.0,0.0,-0.012699959076466039
2024-01-05,181.99000549316406,182.75999450683594,180.1699981689453,181.17999267578125,178.9977264404297,62379700,0.0,0.0,-0.004013054440794583
2024-01-08,182.08999633789062,185.60000610351562,181.5,185.55999755859375,183.32496643066406,59144500,0.0,0.0,0.02417483214053262
2024-01-09,183.9199981689453,185.14999389648438,182.72999572753906,185.13999938964844,182.9100341796875,42841800,0.0,0.0,-0.00226337011840394
2024-01-10,184.35000610351562,186.39999389648438,183.9199981689453,186.19000244140625,183.94740295410156,46792900,0.0,0.0,0.005671470015663482
2024-01-11,186.5399932861328,187.0500030517578,183.6199951171875,185.58999633789062,183.3546142578125,49128400,0.0,0.0,-0.0032225988884277967
2024-01-12,186.05999755859375,186.74000549316406,185.19000244140625,185.9199981689453,183.68063354492188,40477800,0.0,0.0,0.0017780806249629855
2024-01-16,182.16000366210938,184.25999450683594,180.92999267578125,183.6300048828125,181.41824340820312,65603000,0.0,0.0,-0.012316976989114381
2024-01-17,181.27000427246094,182.92999267578125,180.3000030517578,182.67999267578125,180.47962951660156,47317400,0.0,0.0,-0.005173756916439842
2024-01-18,186.08999633789062,189.13999938964844,185.8300018310547,188.6300048828125,186.35801696777344,78005800,0.0,0.0,0.03257091931602818
2024-01-19,189.3300018310547,191.9499969482422,188.82000732421875,191.55999755859375,189.25271606445312,68903000,0.0,0.0,0.015533000102594174
2024-01-22,192.3000030517578,195.3300018310547,192.25999450683594,193.88999938964844,191.55462646484375,60133900,0.0,0.0,0.012163156483348203
2024-01-23,195.02000427246094,195.75,193.8300018310547,195.17999267578125,192.82907104492188,42355600,0.0,0.0,0.006653165228102775
2024-01-24,195.4199981689453,196.3800048828125,194.33999633789062,194.5,192.1573028564453,53631300,0.0,0.0,-0.0034837495447980205
2024-01-25,195.22000122070312,196.27000427246094,193.11000061035156,194.1699981689453,191.8312530517578,54822100,0.0,0.0,-0.001696785913627652
2024-01-26,194.27000427246094,194.75999450683594,191.94000244140625,192.4199981689453,190.10232543945312,44594000,0.0,0.0,-0.009012752535366153
2024-01-29,192.00999450683594,192.1999969482422,189.5800018310547,191.72999572753906,189.42063903808594,47145600,0.0,0.0,-0.0035858919652421717
2024-01-30,190.94000244140625,191.8000030517578,187.47000122070312,188.0399932861328,185.7751007080078,55859400,0.0,0.0,-0.019245729233049014
2024-01-31,187.0399932861328,187.10000610351562,184.35000610351562,184.39999389648438,182.178955078125,55467800,0.0,0.0,-0.01935752216619735
2024-02-01,183.99000549316406,186.9499969482422,183.82000732421875,186.86000061035156,184.60931396484375,64885400,0.0,0.0,0.01334050294490119
2024-02-02,179.86000061035156,187.3300018310547,179.25,185.85000610351562,183.61148071289062,102551700,0.0,0.0,-0.005405107849234203
2024-02-05,188.14999389648438,189.25,185.83999633789062,187.67999267578125,185.41944885253906,69668800,0.0,0.0,0.009846705296579605
2024-02-06,186.86000061035156,189.30999755859375,186.77000427246094,189.3000030517578,187.01991271972656,43490800,0.0,0.0,0.008631585721411206
2024-02-07,190.63999938964844,191.0500030517578,188.61000061035156,189.41000366210938,187.1286163330078,53439000,0.0,0.0,0.000581240851310616
2024-02-08,189.38999938964844,189.5399932861328,187.35000610351562,188.32000732421875,186.0517578125,40962000,0.0,0.0,-0.005754643739744547
2024-02-09,188.64999389648438,189.99000549316406,188.0,188.85000610351562,186.8134307861328,45155200,0.24,0.0,0.0040938767931471
2024-02-12,188.4199981689453,188.6699981689453,186.7899932861328,187.14999389648438,185.1317596435547,41781900,0.0,0.0,-0.009001874948184718
2024-02-13,185.77000427246094,186.2100067138672,183.50999450683594,185.0399932861328,183.04449462890625,56529500,0.0,0.0,-0.011274483744264985
2024-02-14,185.32000732421875,185.52999877929688,182.44000244140625,184.14999389648438,182.1641082763672,54630500,0.0,0.0,-0.004809684958424487
2024-02-15,183.5500030517578,184.49000549316406,181.35000610351562,183.86000061035156,181.87722778320312,65434500,0.0,0.0,-0.0015748464166652765
2024-02-16,183.4199981689453,184.85000610351562,181.6699981689453,182.30999755859375,180.3439483642578,49752500,0.0,0.0,-0.008430299040916633
2024-02-20,181.7899932861328,182.42999267578125,180.0,181.55999755859375,179.60203552246094,53665600,0.0,0.0,-0.004113877113848918
2024-02-21,181.94000244140625,182.88999938964844,180.66000366210938,182.32000732421875,180.35386657714844,41371400,0.0,0.0,0.00418609428618355
2024-02-22,183.47999572753906,184.9600067138672,182.4600067138672,184.3699951171875,182.3817596435547,52292200,0.0,0.0,0.011243967788951093
2024-02-23,185.00999450683594,185.0399932861328,182.22999572753906,182.52000427246094,180.5516815185547,45119700,0.0,0.0,-0.010034326505987679
2024-02-26,182.24000549316406,182.75999450683594,180.64999389648438,181.16000366210938,179.20635986328125,40867400,0.0,0.0,-0.007451172118467242
2024-02-27,181.10000610351562,183.9199981689453,179.55999755859375,182.6300048828125,180.6604766845703,54318900,0.0,0.0,0.008114203214653948
2024-02-28,182.50999450683594,183.1199951171875,180.1300048828125,181.4199981689453,179.4635467529297,48953900,0.0,0.0,-0.006625300417702595
2024-02-29,181.27000427246094,182.57000732421875,179.52999877929688,180.75,178.80078125,136682600,0.0,0.0,-0.0036930369142995634
2024-03-01,179.5500030517578,180.52999877929688,177.3800048828125,179.66000366210938,177.7225341796875,73563100,0.0,0.0,-0.006030438249623127
2024-03-04,176.14999389648438,176.89999389648438,173.7899932861328,175.10000610351562,173.21173095703125,81510100,0.0,0.0,-0.025381155200586814
2024-03-05,170.75999450683594,172.0399932861328,169.6199951171875,170.1199951171875,168.28538513183594,95132400,0.0,0.0,-0.028441178885380447
2024-03-06,171.05999755859375,171.24000549316406,168.67999267578125,169.1199951171875,167.29620361328125,68587700,0.0,0.0,-0.005878000147070184
2024-03-07,169.14999389648438,170.72999572753906,168.49000549316406,169.0,167.177490234375,71765100,0.0,0.0,-0.0007095999570956302
2024-03-08,169.0,173.6999969482422,168.94000244140625,170.72999572753906,168.88885498046875,76267000,0.0,0.0,0.01023681324378356
2024-03-11,172.94000244140625,174.3800048828125,172.0500030517578,172.75,170.8870391845703,60139500,0.0,0.0,0.011831356215498356
2024-03-12,173.14999389648438,174.02999877929688,171.00999450683594,173.22999572753906,171.3618621826172,59825400,0.0,0.0,0.0027785781783837837
2024-03-13,172.77000427246094,173.19000244140625,170.75999450683594,171.1300048828125,169.28451538085938,52488700,0.0,0.0,-0.012122573688794436
2024-03-14,172.91000366210938,174.30999755859375,172.0500030517578,173.0,171.1343536376953,72913500,0.0,0.0,0.010927391986645274
2024-03-15,171.1699981689453,172.6199951171875,170.2899932861328,172.6199951171875,170.7584686279297,121752700,0.0,0.0,-0.002196432228688594
2024-03-18,175.57000732421875,177.7100067138672,173.52000427246094,173.72000122070312,171.84658813476562,75604200,0.0,0.0,0.006372272576459226
2024-03-19,174.33999633789062,176.61000061035156,173.02999877929688,176.0800018310547,174.18116760253906,55215200,0.0,0.0,0.013585253528237695
2024-03-20,175.72000122070312,178.6699981689453,175.08999633789062,178.6699981689453,176.7432098388672,53423100,0.0,0.0,0.014709065690582612
2024-03-21,177.0500030517578,177.49000549316406,170.83999633789062,171.3699951171875,169.5219268798828,106181300,0.0,0.0,-0.040857484514216225
2024-03-22,171.75999450683594,173.0500030517578,170.05999755859375,172.27999877929688,170.422119140625,71160100,0.0,0.0,0.005310181858539265
2024-03-25,170.57000732421875,171.94000244140625,169.4499969482422,170.85000610351562,169.00753784179688,54288300,0.0,0.0,-0.008300455985181587
2024-03-26,170.0,171.4199981689453,169.5800018310547,169.7100067138672,167.8798370361328,57388400,0.0,0.0,-0.006672488221913908
2024-03-27,170.41000366210938,173.60000610351562,170.11000061035156,173.30999755859375,171.4409942626953,60273300,0.0,0.0,0.021212536832496687
2024-03-28,171.75,172.22999572753906,170.50999450683594,171.47999572753906,169.6307373046875,65672700,0.0,0.0,-0.01055906707606935
2024-04-01,171.19000244140625,171.25,169.47999572753906,170.02999877929688,168.19639587402344,46240500,0.0,0.0,-0.008455669376050245
2024-04-02,169.0800018310547,169.33999633789062,168.22999572753906,168.83999633789062,167.01919555664062,49329500,0.0,0.0,-0.006998962797422403
2024-04-03,168.7899932861328,170.67999267578125,168.5800018310547,169.64999389648438,167.8204803466797,47691700,0.0,0.0,0.004797561066969269
2024-04-04,170.2899932861328,171.9199981689453,168.82000732421875,168.82000732421875,166.99945068359375,53704400,0.0,0.0,-0.00489230909952032
2024-04-05,169.58999633789062,170.38999938964844,168.9499969482422,169.5800018310547,167.751220703125,42104800,0.0,0.0,0.004501631690726926
2024-04-08,169.02999877929688,169.1999969482422,168.24000549316406,168.4499969482422,166.63340759277344,37425500,0.0,0.0,-0.006663516996575525
2024-04-09,168.6999969482422,170.0800018310547,168.35000610351562,169.6699981689453,167.8402557373047,42373800,0.0,0.0,0.0072425341470576665
2024-04-10,168.8000030517578,169.08999633789062,167.11000061035156,167.77999877929688,165.97061157226562,49709300,0.0,0.0,-0.01113942633622611
2024-04-11,168.33999633789062,175.4600067138672,168.16000366210938,175.0399932861328,173.15232849121094,91070300,0.0,0.0,0.043271015578672634
2024-04-12,174.25999450683594,178.36000061035156,174.2100067138672,176.5500030517578,174.6460723876953,101670900,0.0,0.0,0.00862676182007105
2024-04-15,175.36000061035156,176.6300048828125,172.5,172.69000244140625,170.8277130126953,73531800,0.0,0.0,-0.021863413947973864
2024-04-16,171.75,173.75999450683594,168.27000427246094,169.3800048828125,167.55340576171875,73711200,0.0,0.0,-0.019167307184714377
2024-04-17,169.61000061035156,170.64999389648438,168.0,168.0,166.1883087158203,50901200,0.0,0.0,-0.008147235442291012
2024-04-18,168.02999877929688,168.63999938964844,166.5500030517578,167.0399932861328,165.2386016845703,43122900,0.0,0.0,-0.005714644060034191
2024-04-19,166.2100067138672,166.39999389648438,164.0800018310547,165.0,163.22064208984375,68149400,0.0,0.0,-0.012212398157294468
2024-04-22,165.52000427246094,167.25999450683594,164.77000427246094,165.83999633789062,164.0515594482422,48116400,0.0,0.0,0.005090761485554429
2024-04-23,165.35000610351562,167.0500030517578,164.9199981689453,166.89999389648438,165.10012817382812,49537800,0.0,0.0,0.0063917022740449525
2024-04-24,166.5399932861328,169.3000030517578,166.2100067138672,169.02000427246094,167.19725036621094,48251800,0.0,0.0,0.012702123345263772
2024-04-25,169.52999877929688,170.61000061035156,168.14999389648438,169.88999938964844,168.0579071044922,50558300,0.0,0.0,0.005147553182819342
2024-04-26,169.8800048828125,171.33999633789062,169.17999267578125,169.3000030517578,167.47425842285156,44838400,0.0,0.0,-0.0034729022376658314
2024-04-29,173.3699951171875,176.02999877929688,173.10000610351562,173.5,171.6289520263672,68169400,0.0,0.0,0.024807953429031082
2024-04-30,173.3300018310547,174.99000549316406,170.0,170.3300018310547,168.4931640625,65934800,0.0,0.0,-0.018270740028672128
2024-05-01,169.5800018310547,172.7100067138672,169.11000061035156,169.3000030517578,167.47425842285156,50383100,0.0,0.0,-0.006047163072268602
2024-05-02,172.50999450683594,173.4199981689453,170.88999938964844,173.02999877929688,171.16404724121094,94214900,0.0,0.0,0.022031975857705444
2024-05-03,186.64999389648438,187.0,182.66000366210938,183.3800048828125,181.40243530273438,163224100,0.0,0.0,0.05981623025713523
2024-05-06,182.35000610351562,184.1999969482422,180.4199981689453,181.7100067138672,179.7504425048828,78569700,0.0,0.0,-0.009106784013646951
2024-05-07,183.4499969482422,184.89999389648438,181.32000732421875,182.39999389648438,180.43296813964844,77305800,0.0,0.0,0.003797073460595657
2024-05-08,182.85000610351562,183.07000732421875,181.4499969482422,182.74000549316406,180.7693328857422,45057100,0.0,0.0,0.0018642089057328004
2024-05-09,182.55999755859375,184.66000366210938,182.11000061035156,184.57000732421875,182.57957458496094,48983000,0.0,0.0,0.010014097359992702
2024-05-10,184.89999389648438,185.08999633789062,182.1300048828125,183.0500030517578,181.3215789794922,50759500,0.25,0.0,-0.006890122338867433
2024-05-13,185.44000244140625,187.10000610351562,184.6199951171875,186.27999877929688,184.52105712890625,72044800,0.0,0.0,0.017645324772822102
2024-05-14,187.50999450683594,188.3000030517578,186.2899932861328,187.42999267578125,185.6602020263672,52393600,0.0,0.0,0.006173522497571193
2024-05-15,187.91000366210938,190.64999389648438,187.3699951171875,189.72000122070312,187.9285888671875,70400000,0.0,0.0,0.012217948790652189
2024-05-16,190.47000122070312,191.10000610351562,189.66000366210938,189.83999633789062,188.04745483398438,52845200,0.0,0.0,0.0006325060360075074
2024-05-17,189.50999450683594,190.80999755859375,189.17999267578125,189.8699951171875,188.0771942138672,41282900,0.0,0.0,0.00015814827118543207
2024-05-20,189.3300018310547,191.9199981689453,189.00999450683594,191.0399932861328,189.23611450195312,44361300,0.0,0.0,0.006161939478787071
2024-05-21,191.08999633789062,192.72999572753906,190.9199981689453,192.35000610351562,190.53378295898438,42309400,0.0,0.0,0.00685740383354716
2024-05-22,192.27000427246094,192.82000732421875,190.27000427246094,190.89999389648438,189.0974578857422,34648500,0.0,0.0,-0.007538427311609031
2024-05-23,190.97999572753906,191.0,186.6300048828125,186.8800048828125,185.1154022216797,51005900,0.0,0.0,-0.02105821891306736
2024-05-24,188.82000732421875,190.5800018310547,188.0399932861328,189.97999572753906,188.18614196777344,36327000,0.0,0.0,0.016588245544346902
2024-05-28,191.50999450683594,193.0,189.10000610351562,189.99000549316406,188.19602966308594,52280100,0.0,0.0,5.254210118299518e-05
2024-05-29,189.61000061035156,192.25,189.50999450683594,190.2899932861328,188.4932098388672,53068000,0.0,0.0,0.0015790990719266595
2024-05-30,190.75999450683594,192.17999267578125,190.6300048828125,191.2899932861328,189.4837646484375,49889100,0.0,0.0,0.0052551219771634905
2024-05-31,191.44000244140625,192.57000732421875,189.91000366210938,192.25,190.43470764160156,75158300,0.0,0.0,0.0050185987961999245
2024-06-03,192.89999389648438,194.99000549316406,192.52000427246094,194.02999877929688,192.19789123535156,50080500,0.0,0.0,0.009258730278664862
2024-06-04,194.63999938964844,195.32000732421875,193.02999877929688,194.35000610351562,192.51487731933594,47471400,0.0,0.0,0.0016492693127221347
2024-06-05,195.39999389648438,196.89999389648438,194.8699951171875,195.8699951171875,194.0205078125,54156800,0.0,0.0,0.0078208526745005
2024-06-06,195.69000244140625,196.5,194.1699981689453,194.47999572753906,192.6436309814453,41181800,0.0,0.0,-0.007096553073581702
2024-06-07,194.64999389648438,196.94000244140625,194.13999938964844,196.88999938964844,195.03089904785156,53103900,0.0,0.0,0.012392146339040844
2024-06-10,196.89999389648438,197.3000030517578,192.14999389648438,193.1199951171875,191.29647827148438,97010200,0.0,0.0,-0.019147841673287536
2024-06-11,193.64999389648438,207.16000366210938,193.6300048828125,207.14999389648438,205.1940155029297,172373300,0.0,0.0,0.07264920586631085
2024-06-12,207.3699951171875,220.1999969482422,206.89999389648438,213.07000732421875,211.05812072753906,198134300,0.0,0.0,0.02857834430617512
2024-06-13,214.74000549316406,216.75,211.60000610351562,214.24000549316406,212.21707153320312,97862700,0.0,0.0,0.005491145290543953
2024-06-14,213.85000610351562,215.1699981689453,211.3000030517578,212.49000549316406,210.48361206054688,70122700,0.0,0.0,-0.00816833188834687
2024-06-17,213.3699951171875,218.9499969482422,212.72000122070312,216.6699981689453,214.62411499023438,93728300,0.0,0.0,0.019671379111911413
2024-06-18,217.58999633789062,218.6300048828125,213.0,214.2899932861328,212.26657104492188,79943300,0.0,0.0,-0.010984524946881069
2024-06-20,213.92999267578125,214.24000549316406,208.85000610351562,209.67999267578125,207.70010375976562,86172500,0.0,0.0,-0.021512889489272657
2024-06-21,210.38999938964844,211.88999938964844,207.11000061035156,207.49000549316406,205.53079223632812,241805100,0.0,0.0,-0.010444441211963085
2024-06-24,207.72000122070312,212.6999969482422,206.58999633789062,208.13999938964844,206.17466735839844,80727000,0.0,0.0,0.0031327428608844965
2024-06-25,209.14999389648438,211.3800048828125,208.61000061035156,209.07000732421875,207.0959014892578,55549700,0.0,0.0,0.004468221739666767
2024-06-26,211.5,214.86000061035156,210.63999938964844,213.25,211.23641967773438,66213200,0.0,0.0,0.019993240613172425
2024-06-27,214.69000244140625,215.74000549316406,212.35000610351562,214.10000610351562,212.0784149169922,49772700,0.0,0.0,0.0039860325248002315
2024-06-28,215.77000427246094,216.07000732421875,210.3000030517578,210.6199951171875,208.63124084472656,82542700,0.0,0.0,-0.016254242911117878
2024-07-01,212.08999633789062,217.50999450683594,211.9199981689453,216.75,214.70335388183594,60402900,0.0,0.0,0.029104524387258746
2024-07-02,216.14999389648438,220.3800048828125,215.10000610351562,220.27000427246094,218.1901092529297,58046200,0.0,0.0,0.016239873798211457
2024-07-03,220.0,221.5500030517578,219.02999877929688,221.5500030517578,219.4580535888672,37369800,0.0,0.0,0.005811190710151237
2024-07-05,221.64999389648438,226.4499969482422,221.64999389648438,226.33999633789062,224.2028045654297,60412400,0.0,0.0,0.02162030920702196
2024-07-08,227.08999633789062,227.85000610351562,223.25,227.82000732421875,225.66883850097656,59085900,0.0,0.0,0.006538874205380685
2024-07-09,227.92999267578125,229.39999389648438,226.3699951171875,228.67999267578125,226.52072143554688,48076100,0.0,0.0,0.0037749249751495295
2024-07-10,229.3000030517578,233.0800018310547,229.25,232.97999572753906,230.78012084960938,62627700,0.0,0.0,0.01880357517435538
2024-07-11,231.38999938964844,232.38999938964844,225.77000427246094,227.57000732421875,225.4212188720703,64710600,0.0,0.0,-0.023220812771093335
2024-07-12,228.9199981689453,232.63999938964844,228.67999267578125,230.5399932861328,228.3631591796875,53046500,0.0,0.0,0.013050857955331896
2024-07-15,236.47999572753906,237.22999572753906,233.08999633789062,234.39999389648438,232.18670654296875,62631300,0.0,0.0,0.0167432758287982
2024-07-16,235.0,236.27000427246094,232.3300018310547,234.82000732421875,232.6027374267578,43234300,0.0,0.0,0.0017917945862764295
2024-07-17,229.4499969482422,231.4600067138672,226.63999938964844,228.8800048828125,226.71884155273438,57345900,0.0,0.0,-0.02529590123966685
2024-07-18,230.27999877929688,230.44000244140625,222.27000427246094,224.17999267578125,222.0631866455078,66034600,0.0,0.0,-0.020534927204731934
2024-07-19,224.82000732421875,226.8000030517578,223.27999877929688,224.30999755859375,222.19198608398438,49151500,0.0,0.0,0.0005800125649919607
2024-07-22,227.00999450683594,227.77999877929688,223.08999633789062,223.9600067138672,221.8452911376953,48201800,0.0,0.0,-0.001560339562192925
2024-07-23,224.3699951171875,226.94000244140625,222.67999267578125,225.00999450683594,222.8853759765625,39960300,0.0,0.0,0.004688334079724132
2024-07-24,224.0,224.8000030517578,217.1300048828125,218.5399932861328,216.47645568847656,61777600,0.0,0.0,-0.028754332849365016
2024-07-25,218.92999267578125,220.85000610351562,214.6199951171875,217.49000549316406,215.4364013671875,51391200,0.0,0.0,-0.0048044685413076715
2024-07-26,218.6999969482422,219.49000549316406,216.00999450683594,217.9600067138672,215.90194702148438,41601300,0.0,0.0,0.0021609424003672384
2024-07-29,216.9600067138672,219.3000030517578,215.75,218.24000549316406,216.1793212890625,36311800,0.0,0.0,0.001284723326513193
2024-07-30,219.19000244140625,220.3300018310547,216.1199951171875,218.8000030517578,216.7340087890625,41643800,0.0,0.0,0.0025658675246662543
2024-07-31,221.44000244140625,223.82000732421875,220.6300048828125,222.0800018310547,219.98304748535156,50036300,0.0,0.0,0.014990903893865593
2024-08-01,224.3699951171875,224.47999572753906,217.02000427246094,218.36000061035156,216.29815673828125,62501000,0.0,0.0,-0.016750794159789417
2024-08-02,219.14999389648438,225.60000610351562,217.7100067138672,219.86000061035156,217.7840118408203,105568600,0.0,0.0,0.0068694764899772665
2024-08-05,199.08999633789062,213.5,196.0,209.27000427246094,207.29400634765625,119548600,0.0,0.0,-0.04816701375136423
2024-08-06,205.3000030517578,209.99000549316406,201.07000732421875,207.22999572753906,205.27325439453125,69660500,0.0,0.0,-0.00974824110319894
2024-08-07,206.89999389648438,213.63999938964844,206.38999938964844,209.82000732421875,207.83880615234375,63516400,0.0,0.0,0.012498227133290074
2024-08-08,213.11000061035156,214.1999969482422,208.8300018310547,213.30999755859375,211.2958526611328,47161100,0.0,0.0,0.016633306227976874
2024-08-09,212.10000610351562,216.77999877929688,211.97000122070312,216.24000549316406,214.1981964111328,42201600,0.0,0.0,0.013735923887983947
2024-08-12,216.07000732421875,219.50999450683594,215.60000610351562,217.52999877929688,215.72540283203125,38028100,0.25,0.0,0.0071298752579929126
2024-08-13,219.00999450683594,221.88999938964844,219.00999450683594,221.27000427246094,219.4344024658203,44155300,0.0,0.0,0.017193151965867237
2024-08-14,220.57000732421875,223.02999877929688,219.6999969482422,221.72000122070312,219.88063049316406,41960600,0.0,0.0,0.0020335372317623612
2024-08-15,224.60000610351562,225.35000610351562,222.75999450683594,224.72000122070312,222.85577392578125,46414000,0.0,0.0,0.013530720854967093
2024-08-16,223.9199981689453,226.8300018310547,223.64999389648438,226.0500030517578,224.1747589111328,44340200,0.0,0.0,0.005918558725747092
2024-08-19,225.72000122070312,225.99000549316406,223.0399932861328,225.88999938964844,224.01605224609375,40687800,0.0,0.0,-0.0007079595660542948
2024-08-20,225.77000427246094,227.1699981689453,225.4499969482422,226.50999450683594,224.6309356689453,30299000,0.0,0.0,0.0027448185819116677
2024-08-21,226.52000427246094,227.97999572753906,225.0500030517578,226.39999389648438,224.52183532714844,34765500,0.0,0.0,-0.0004856870736524854
2024-08-22,227.7899932861328,228.33999633789062,223.89999389648438,224.52999877929688,222.66734313964844,43695300,0.0,0.0,-0.008259740905813606
2024-08-23,225.66000366210938,228.22000122070312,224.3300018310547,226.83999633789062,224.9581756591797,38677300,0.0,0.0,0.010288138741991082
2024-08-26,226.75999450683594,227.27999877929688,223.88999938964844,227.17999267578125,225.2953643798828,30602200,0.0,0.0,0.001498895160022995
2024-08-27,226.0,228.85000610351562,224.88999938964844,228.02999877929688,226.13832092285156,35934600,0.0,0.0,0.0037415618616429835
2024-08-28,227.9199981689453,229.86000061035156,225.67999267578125,226.49000549316406,224.61109924316406,38052200,0.0,0.0,-0.006753484652468611
2024-08-29,230.10000610351562,232.9199981689453,228.8800048828125,229.7899932861328,227.88369750976562,51906300,0.0,0.0,0.014570064781431968
2024-08-30,230.19000244140625,230.39999389648438,227.47999572753906,229.0,227.10028076171875,52990800,0.0,0.0,-0.0034377919816458435
2024-09-03,228.5500030517578,229.0,221.1699981689453,222.77000427246094,220.9219512939453,50190600,0.0,0.0,-0.02720529207207778
2024-09-04,221.66000366210938,221.77999877929688,217.47999572753906,220.85000610351562,219.01788330078125,43840200,0.0,0.0,-0.008618736083091272
2024-09-05,221.6300048828125,225.47999572753906,221.52000427246094,222.3800048828125,220.5352020263672,36615400,0.0,0.0,0.006927830288187886
2024-09-06,223.9499969482422,225.24000549316406,219.77000427246094,220.82000732421875,218.9881134033203,48423000,0.0,0.0,-0.0070151549903670896
2024-09-09,220.82000732421875,221.27000427246094,216.7100067138672,220.91000366210938,219.07737731933594,67180000,0.0,0.0,0.00040761991428839295
2024-09-10,218.9199981689453,221.47999572753906,216.72999572753906,220.11000061035156,218.28399658203125,51591000,0.0,0.0,-0.0036214635532551
2024-09-11,221.4600067138672,223.08999633789062,217.88999938964844,222.66000366210938,220.81288146972656,44587100,0.0,0.0,0.011585296802759215
2024-09-12,222.5,223.5500030517578,219.82000732421875,222.77000427246094,220.9219512939453,37455600,0.0,0.0,0.0004939468363112098
2024-09-13,223.5800018310547,224.0399932861328,221.91000366210938,222.5,220.6541748046875,36766600,0.0,0.0,-0.0012120863847591146
2024-09-16,216.5399932861328,217.22000122070312,213.9199981689453,216.32000732421875,214.5254669189453,59357400,0.0,0.0,-0.027775173033399603
2024-09-17,215.75,216.89999389648438,214.5,216.7899932861328,214.99156188964844,45519300,0.0,0.0,0.0021726789709271
2024-09-18,217.5500030517578,222.7100067138672,217.5399932861328,220.69000244140625,218.8592071533203,59894900,0.0,0.0,0.01798975378232326
2024-09-19,224.99000549316406,229.82000732421875,224.6300048828125,228.8699951171875,226.97134399414062,66781300,0.0,0.0,0.03706554979493015
2024-09-20,229.97000122070312,233.08999633789062,227.6199951171875,228.1999969482422,226.30690002441406,318679900,0.0,0.0,-0.0029274354992747664
2024-09-23,227.33999633789062,229.4499969482422,225.80999755859375,226.47000122070312,224.59124755859375,54146000,0.0,0.0,-0.007581087742509096
2024-09-24,228.64999389648438,229.35000610351562,225.72999572753906,227.3699951171875,225.48377990722656,43556100,0.0,0.0,0.003974029969266546
2024-09-25,224.92999267578125,227.2899932861328,224.02000427246094,226.3699951171875,224.4920654296875,42308700,0.0,0.0,-0.004398163264546562
2024-09-26,227.3000030517578,228.5,225.41000366210938,227.52000427246094,225.632568359375,36636700,0.0,0.0,0.005080370780608856
2024-09-27,228.4600067138672,229.52000427246094,227.3000030517578,227.7899932861328,225.90028381347656,34026000,0.0,0.0,0.001186510688807818
2024-09-30,230.0399932861328,233.0,229.64999389648438,233.0,231.06707763671875,54541900,0.0,0.0,0.022872011207867082
2024-10-01,229.52000427246094,229.64999389648438,223.74000549316406,226.2100067138672,224.3334197998047,63285000,0.0,0.0,-0.029141571814486955
2024-10-02,225.88999938964844,227.3699951171875,223.02000427246094,226.77999877929688,224.898681640625,32880600,0.0,0.0,0.0025197397753966566
2024-10-03,225.13999938964844,226.80999755859375,223.32000732421875,225.6699981689453,223.79788208007812,34044200,0.0,0.0,-0.004894646569364447
2024-10-04,227.89999389648438,228.0,224.1300048828125,226.8000030517578,224.9185028076172,37245100,0.0,0.0,0.005007289242970003
2024-10-07,224.5,225.69000244140625,221.3300018310547,221.69000244140625,219.8509063720703,39505400,0.0,0.0,-0.02253081170419058
2024-10-08,224.3000030517578,225.97999572753906,223.25,225.77000427246094,223.8970489501953,31855700,0.0,0.0,0.018404029552998136
2024-10-09,225.22999572753906,229.75,224.8300018310547,229.5399932861328,227.63577270507812,33591100,0.0,0.0,0.016698405684277162
2024-10-10,227.77999877929688,229.5,227.1699981689453,229.0399932861328,227.13992309570312,28183500,0.0,0.0,-0.0021782587309658874
2024-10-11,229.3000030517578,229.41000366210938,227.33999633789062,227.5500030517578,225.6623077392578,31759200,0.0,0.0,-0.006505308869998783
2024-10-14,228.6999969482422,231.72999572753906,228.60000610351562,231.3000030517578,229.38119506835938,39882100,0.0,0.0,0.016479878125675196
2024-10-15,233.61000061035156,237.49000549316406,232.3699951171875,233.85000610351562,231.9100341796875,64751400,0.0,0.0,0.011024613899035973
2024-10-16,231.60000610351562,232.1199951171875,229.83999633789062,231.77999877929688,229.857177734375,34082200,0.0,0.0,-0.008851951803525271
2024-10-17,233.42999267578125,233.85000610351562,230.52000427246094,232.14999389648438,230.22412109375,32993800,0.0,0.0,0.001596397219316037
2024-10-18,236.17999267578125,236.17999267578125,234.00999450683594,235.0,233.05047607421875,46431500,0.0,0.0,0.012276537171870938
2024-10-21,234.4499969482422,236.85000610351562,234.4499969482422,236.47999572753906,234.51821899414062,36254500,0.0,0.0,0.006297961474468039
2024-10-22,233.88999938964844,236.22000122070312,232.60000610351562,235.86000061035156,233.9033660888672,38846600,0.0,0.0,-0.002621770316654115
2024-10-23,234.0800018310547,235.13999938964844,227.75999450683594,230.75999450683594,228.8456573486328,52287000,0.0,0.0,-0.021623069495771197
2024-10-24,229.97999572753906,230.82000732421875,228.41000366210938,230.57000732421875,228.6572265625,31109500,0.0,0.0,-0.0008233968182570495
2024-10-25,229.74000549316406,233.22000122070312,229.57000732421875,231.41000366210938,229.49026489257812,38802300,0.0,0.0,0.0036431751692327374
2024-10-28,233.32000732421875,234.72999572753906,232.5500030517578,233.39999389648438,231.4637451171875,36087100,0.0,0.0,0.00859940714928853
2024-10-29,233.10000610351562,234.3300018310547,232.32000732421875,233.6699981689453,231.73153686523438,35417200,0.0,0.0,0.0011569489982601322
2024-10-30,232.61000061035156,233.47000122070312,229.5500030517578,230.10000610351562,228.19114685058594,47070900,0.0,0.0,-0.015277980988437467
2024-10-31,229.33999633789062,229.8300018310547,225.3699951171875,225.91000366210938,224.03590393066406,64370100,0.0,0.0,-0.018209483484662226
2024-11-01,220.97000122070312,225.35000610351562,220.27000427246094,222.91000366210938,221.06080627441406,65276700,0.0,0.0,-0.013279557446161605
2024-11-04,220.99000549316406,222.7899932861328,219.7100067138672,222.00999450683594,220.16824340820312,44944500,0.0,0.0,-0.004037635079928936
2024-11-05,221.8000030517578,223.9499969482422,221.13999938964844,223.4499969482422,221.5963134765625,28111300,0.0,0.0,0.006486267257497458
2024-11-06,222.61000061035156,226.07000732421875,221.19000244140625,222.72000122070312,220.87234497070312,54561100,0.0,0.0,-0.0032670602434726748
2024-11-07,224.6300048828125,227.8800048828125,224.57000732421875,227.47999572753906,225.59286499023438,42137700,0.0,0.0,0.02137216417998089
2024-11-08,227.1699981689453,228.66000366210938,226.41000366210938,226.9600067138672,225.32479858398438,38328800,0.25,0.0,-0.001188275197717803
2024-11-11,225.0,225.6999969482422,221.5,224.22999572753906,222.61448669433594,42005600,0.0,0.0,-0.012028466936089277
2024-11-12,224.5500030517578,225.58999633789062,223.36000061035156,224.22999572753906,222.61448669433594,40398300,0.0,0.0,0.0
2024-11-13,224.00999450683594,226.64999389648438,222.75999450683594,225.1199951171875,223.49807739257812,48566200,0.0,0.0,0.003969151834468887
2024-11-14,225.02000427246094,228.8699951171875,225.0,228.22000122070312,226.57574462890625,44923900,0.0,0.0,0.01377044166210939
2024-11-15,226.39999389648438,226.9199981689453,224.27000427246094,225.0,223.3789520263672,47923700,0.0,0.0,-0.0141091563343414
2024-11-18,225.25,229.74000549316406,225.1699981689453,228.02000427246094,226.37718200683594,44633700,0.0,0.0,0.01342216871048274
2024-11-19,226.97999572753906,230.16000366210938,226.66000366210938,228.27999877929688,226.6352996826172,36211800,0.0,0.0,0.0011402106585700622
2024-11-20,228.05999755859375,229.92999267578125,225.88999938964844,229.0,227.35011291503906,35169600,0.0,0.0,0.0031540242558105724
2024-11-21,228.8800048828125,230.16000366210938,225.7100067138672,228.52000427246094,226.87356567382812,42108300,0.0,0.0,-0.002096094147923444
2024-11-22,228.05999755859375,230.72000122070312,228.05999755859375,229.8699951171875,228.21385192871094,38168300,0.0,0.0,0.005907635166318759
2024-11-25,231.4600067138672,233.25,229.74000549316406,232.8699951171875,231.19224548339844,90152800,0.0,0.0,0.013050888583300724
2024-11-26,233.3300018310547,235.57000732421875,233.3300018310547,235.05999755859375,233.366455078125,45986200,0.0,0.0,0.00940433616266212
2024-11-27,234.47000122070312,235.69000244140625,233.80999755859375,234.92999267578125,233.2373809814453,33498400,0.0,0.0,-0.0005530961878666973
2024-11-29,234.80999755859375,237.80999755859375,233.97000122070312,237.3300018310547,235.6201171875,28481400,0.0,0.0,0.010215927635734534
2024-12-02,237.27000427246094,240.7899932861328,237.16000366210938,239.58999633789062,237.86376953125,48137100,0.0,0.0,0.009522329292301235
2024-12-03,239.80999755859375,242.75999450683594,238.89999389648438,242.64999389648438,240.90176391601562,38861000,0.0,0.0,0.012771992938447552
2024-12-04,242.8699951171875,244.11000061035156,241.25,243.00999450683594,241.25917053222656,44383900,0.0,0.0,0.0014836197560410547
2024-12-05,243.99000549316406,244.5399932861328,242.1300048828125,243.0399932861328,241.2889404296875,40033900,0.0,0.0,0.0001233938481810526
2024-12-06,242.91000366210938,244.6300048828125,242.0800018310547,242.83999633789062,241.0903778076172,36870600,0.0,0.0,-0.0008229246716269234
2024-12-09,241.8300018310547,247.24000549316406,241.75,246.75,244.9722442626953,44649200,0.0,0.0,0.01610129151722406
2024-12-10,246.88999938964844,248.2100067138672,245.33999633789062,247.77000427246094,245.98487854003906,36914800,0.0,0.0,0.004133669430149256
2024-12-11,247.9600067138672,250.8000030517578,246.25999450683594,246.49000549316406,244.71409606933594,45205800,0.0,0.0,-0.005166099958035741
2024-12-12,246.88999938964844,248.74000549316406,245.67999267578125,247.9600067138672,246.1735076904297,32777500,0.0,0.0,0.005963741543847378
2024-12-13,247.82000732421875,249.2899932861328,246.24000549316406,248.1300048828125,246.34230041503906,33155300,0.0,0.0,0.0006856656761848878
2024-12-16,247.99000549316406,251.3800048828125,247.64999389648438,251.0399932861328,249.23130798339844,51694800,0.0,0.0,0.011727614638216588
2024-12-17,250.0800018310547,253.8300018310547,249.77999877929688,253.47999572753906,251.65374755859375,51356400,0.0,0.0,0.009719643951620505
2024-12-18,252.16000366210938,254.27999877929688,247.74000549316406,248.0500030517578,246.2628631591797,56774100,0.0,0.0,-0.021421832385622896
2024-12-19,247.5,252.0,247.08999633789062,249.7899932861328,247.99032592773438,60882300,0.0,0.0,0.007014710811017011
2024-12-20,248.0399932861328,255.0,245.69000244140625,254.49000549316406,252.65646362304688,147495300,0.0,0.0,0.018815805325697488
2024-12-23,254.77000427246094,255.64999389648438,253.4499969482422,255.27000427246094,253.4308624267578,40858800,0.0,0.0,0.003065026687250283
2024-12-24,255.49000549316406,258.2099914550781,255.2899932861328,258.20001220703125,256.3397521972656,23234700,0.0,0.0,0.011478040766832454
2024-12-26,258.19000244140625,260.1000061035156,257.6300048828125,259.0199890136719,257.15380859375,27237100,0.0,0.0,0.0031756931553008627
2024-12-27,257.8299865722656,258.70001220703125,253.05999755859375,255.58999633789062,253.74851989746094,42355300,0.0,0.0,-0.01324222540164166
2024-12-30,252.22999572753906,253.5,250.75,252.1999969482422,250.3829803466797,35557500,0.0,0.0,-0.013263287415986702
2024-12-31,252.44000244140625,253.27999877929688,249.42999267578125,250.4199981689453,248.6157989501953,39480700,0.0,0.0,-0.007057913417427786
2025-01-02,248.92999267578125,249.10000610351562,241.82000732421875,243.85000610351562,242.09312438964844,55740700,0.0,0.0,-0.02623596162468156
2025-01-03,243.36000061035156,244.17999267578125,241.88999938964844,243.36000061035156,241.60665893554688,40244100,0.0,0.0,-0.0020094145809717023
2025-01-06,244.30999755859375,247.3300018310547,243.1999969482422,245.0,243.23484802246094,45045600,0.0,0.0,0.006739007501231242
2025-01-07,242.97999572753906,245.5500030517578,241.35000610351562,242.2100067138672,240.46495056152344,40856000,0.0,0.0,-0.01138774926149444
2025-01-08,241.9199981689453,243.7100067138672,240.0500030517578,242.6999969482422,240.95140075683594,37628900,0.0,0.0,0.002022956751811744
2025-01-10,240.00999450683594,240.16000366210938,233.0,236.85000610351562,235.14356994628906,61710900,0.0,0.0,-0.02410374371057522
2025-01-13,233.52999877929688,234.6699981689453,229.72000122070312,234.39999389648438,232.711181640625,49630700,0.0,0.0,-0.01034426884911066
2025-01-14,234.75,236.1199951171875,232.47000122070312,233.27999877929688,231.59927368164062,39435300,0.0,0.0,-0.004778059872952212
2025-01-15,234.63999938964844,238.9600067138672,234.42999267578125,237.8699951171875,236.1562042236328,39832000,0.0,0.0,0.01967592760353898
2025-01-16,237.35000610351562,238.00999450683594,228.02999877929688,228.25999450683594,226.61544799804688,71759100,0.0,0.0,-0.04040019298646558
2025-01-17,232.1199951171875,232.2899932861328,228.47999572753906,229.97999572753906,228.32305908203125,68488300,0.0,0.0,0.007535281019319884
2025-01-21,224.0,224.4199981689453,219.3800048828125,222.63999938964844,221.03591918945312,98070400,0.0,0.0,-0.031915917392995485
2025-01-22,219.7899932861328,224.1199951171875,219.7899932861328,223.8300018310547,222.21734619140625,64126500,0.0,0.0,0.005344954821304482
2025-01-23,224.74000549316406,227.02999877929688,222.3000030517578,223.66000366210938,222.048583984375,60234800,0.0,0.0,-0.0007594465955231833
2025-01-24,224.77999877929688,225.6300048828125,221.41000366210938,222.77999877929688,221.1749267578125,54697900,0.0,0.0,-0.003934531852830769
2025-01-27,224.02000427246094,232.14999389648438,223.97999572753906,229.86000061035156,228.20391845703125,94863400,0.0,0.0,0.03178023749009995
2025-01-28,230.85000610351562,240.19000244140625,230.80999755859375,238.25999450683594,236.54339599609375,75707600,0.0,0.0,0.036543971704994016
2025-01-29,234.1199951171875,239.86000061035156,234.00999450683594,239.36000061035156,237.6354522705078,45486100,0.0,0.0,0.004616726963842632
2025-01-30,238.6699981689453,240.7899932861328,237.2100067138672,237.58999633789062,235.87820434570312,55658300,0.0,0.0,-0.007394721233784374
2025-01-31,247.19000244140625,247.19000244140625,233.44000244140625,236.0,234.2996826171875,100959800,0.0,0.0,-0.006692105075559063
2025-02-03,229.99000549316406,231.8300018310547,225.6999969482422,228.00999450683594,226.36721801757812,73063300,0.0,0.0,-0.0338560620782824
2025-02-04,227.25,233.1300048828125,226.64999389648438,232.8000030517578,231.1227569580078,45067300,0.0,0.0,0.021008072556073065
2025-02-05,228.52999877929688,232.6699981689453,228.27000427246094,232.47000122070312,230.79513549804688,39620300,0.0,0.0,-0.0014175214257263757
2025-02-06,231.2899932861328,233.8000030517578,230.42999267578125,233.22000122070312,231.5397186279297,29925300,0.0,0.0,0.0032261647468263543
2025-02-07,232.60000610351562,234.0,227.25999450683594,227.6300048828125,225.989990234375,39707200,0.0,0.0,-0.02396879648313288
2025-02-10,229.57000732421875,230.58999633789062,227.1999969482422,227.64999389648438,226.25831604003906,33115600,0.25,0.0,0.001187334914195981
2025-02-11,228.1999969482422,235.22999572753906,228.1300048828125,232.6199951171875,231.19793701171875,53718400,0.0,0.0,0.02183177643205636
2025-02-12,231.1999969482422,236.9600067138672,230.67999267578125,236.8699951171875,235.42196655273438,45243300,0.0,0.0,0.01827018699047267
2025-02-13,236.91000366210938,242.33999633789062,235.57000732421875,241.52999877929688,240.053466796875,53614100,0.0,0.0,0.019673186457318748
2025-02-14,241.25,245.5500030517578,240.99000549316406,244.60000610351562,243.10472106933594,40896200,0.0,0.0,0.012710727793999288
2025-02-18,244.14999389648438,245.17999267578125,241.83999633789062,244.47000122070312,242.97552490234375,48822500,0.0,0.0,-0.0005314424435028942
2025-02-19,244.66000366210938,246.00999450683594,243.16000366210938,244.8699951171875,243.37306213378906,32204200,0.0,0.0,0.001636120475941416
2025-02-20,244.94000244140625,246.77999877929688,244.2899932861328,245.8300018310547,244.32720947265625,32316900,0.0,0.0,0.00392051334893706
2025-02-21,245.9499969482422,248.69000244140625,245.22000122070312,245.5500030517578,244.04893493652344,53197400,0.0,0.0,-0.0011389420635279368
2025-02-24,244.92999267578125,248.86000061035156,244.4199981689453,247.10000610351562,245.5894317626953,51326400,0.0,0.0,0.006312245642754233
2025-02-25,248.0,250.0,244.91000366210938,247.0399932861328,245.52978515625,48013300,0.0,0.0,-0.00024287122624622182
2025-02-26,244.3300018310547,244.97999572753906,239.1300048828125,240.36000061035156,238.89064025878906,44433600,0.0,0.0,-0.02704007944794118
2025-02-27,239.41000366210938,242.4600067138672,237.05999755859375,237.3000030517578,235.849365234375,41153600,0.0,0.0,-0.012730825373147625
2025-02-28,236.9499969482422,242.08999633789062,230.1999969482422,241.83999633789062,240.361572265625,56833400,0.0,0.0,0.01913173277683411
2025-03-03,241.7899932861328,244.02999877929688,236.11000061035156,238.02999877929688,236.5748748779297,47184000,0.0,0.0,-0.015754171317828636
2025-03-04,237.7100067138672,240.07000732421875,234.67999267578125,235.92999267578125,234.4877166748047,53798100,0.0,0.0,-0.008822400114137041
2025-03-05,235.4199981689453,236.5500030517578,229.22999572753906,235.74000549316406,234.2988739013672,47227600,0.0,0.0,-0.0008053418580530325
2025-03-06,234.44000244140625,237.86000061035156,233.16000366210938,235.3300018310547,233.89137268066406,45170400,0.0,0.0,-0.001739236787261178
2025-03-07,235.11000061035156,241.3699951171875,234.75999450683594,239.07000732421875,237.6085205078125,46273600,0.0,0.0,0.015892624787933185
2025-03-10,235.5399932861328,236.16000366210938,224.22000122070312,227.47999572753906,226.08938598632812,72071200,0.0,0.0,-0.0484794673897464
2025-03-11,223.80999755859375,225.83999633789062,217.4499969482422,220.83999633789062,219.48997497558594,76137400,0.0,0.0,-0.02918938888684164
2025-03-12,220.13999938964844,221.75,214.91000366210938,216.97999572753906,215.65354919433594,62547500,0.0,0.0,-0.017478820076756274
2025-03-13,215.9499969482422,216.83999633789062,208.4199981689453,209.67999267578125,208.39817810058594,61368300,0.0,0.0,-0.03364364333837988
2025-03-14,211.25,213.9499969482422,209.5800018310547,213.49000549316406,212.18490600585938,60107600,0.0,0.0,0.018170638245434745
2025-03-17,213.30999755859375,215.22000122070312,209.97000122070312,214.0,212.6917724609375,48073400,0.0,0.0,0.002388796001653981
2025-03-18,214.16000366210938,215.14999389648438,211.49000549316406,212.69000244140625,211.38978576660156,42432400,0.0,0.0,-0.006121471833495873
2025-03-19,214.22000122070312,218.75999450683594,213.75,215.24000549316406,213.92420959472656,54385400,0.0,0.0,0.011989339120307863
2025-03-20,213.99000549316406,217.49000549316406,212.22000122070312,214.10000610351562,212.7911834716797,48862900,0.0,0.0,-0.005296390367379944
2025-03-21,211.55999755859375,218.83999633789062,211.27999877929688,218.27000427246094,216.93568420410156,94127800,0.0,0.0,0.019476844222606093
2025-03-24,221.0,221.47999572753906,218.5800018310547,220.72999572753906,219.38063049316406,44299500,0.0,0.0,0.011270373972970704
2025-03-25,220.77000427246094,224.10000610351562,220.0800018310547,223.75,222.38217163085938,34493600,0.0,0.0,0.013681887644081847
2025-03-26,223.50999450683594,225.02000427246094,220.47000122070312,221.52999877929688,220.1757354736328,34466100,0.0,0.0,-0.00992182125502894
2025-03-27,221.38999938964844,224.99000549316406,220.55999755859375,223.85000610351562,222.4815673828125,37094800,0.0,0.0,0.010472688574058697
2025-03-28,221.6699981689453,223.80999755859375,217.67999267578125,217.89999389648438,216.5679168701172,39818600,0.0,0.0,-0.026580406557995873
2025-03-31,217.00999450683594,225.6199951171875,216.22999572753906,222.1300048828125,220.77207946777344,65299300,0.0,0.0,0.01941267505554678
2025-04-01,219.80999755859375,223.67999267578125,218.89999389648438,223.19000244140625,221.82562255859375,36412700,0.0,0.0,0.004772084827756151
2025-04-02,221.32000732421875,225.19000244140625,221.02000427246094,223.88999938964844,222.52133178710938,35905900,0.0,0.0,0.0031362888582984194
2025-04-03,205.5399932861328,207.49000549316406,201.25,203.19000244140625,201.9478759765625,103419000,0.0,0.0,-0.09245610587226716
2025-04-04,193.88999938964844,199.8800048828125,187.33999633789062,188.3800048828125,187.22842407226562,125910900,0.0,0.0,-0.07288738162319253
2025-04-07,177.1999969482422,194.14999389648438,174.6199951171875,181.4600067138672,180.3507080078125,160466300,0.0,0.0,-0.03673435857046203
2025-04-08,186.6999969482422,190.33999633789062,169.2100067138672,172.4199981689453,171.365966796875,120859500,0.0,0.0,-0.04981816434315467
2025-04-09,171.9499969482422,200.61000061035156,171.88999938964844,198.85000610351562,197.6343994140625,184395900,0.0,0.0,0.1532885035937399
2025-04-10,189.07000732421875,194.77999877929688,183.0,190.4199981689453,189.2559356689453,121880000,0.0,0.0,-0.04239375215021912
2025-04-11,186.10000610351562,199.5399932861328,186.05999755859375,198.14999389648438,196.93865966796875,87435900,0.0,0.0,0.04059436218931811
2025-04-14,211.44000244140625,212.94000244140625,201.16000366210938,202.52000427246094,201.28195190429688,101352900,0.0,0.0,0.022054035726915
2025-04-15,201.86000061035156,203.50999450683594,199.8000030517578,202.13999938964844,200.904296875,51343900,0.0,0.0,-0.0018762488426008472
2025-04-16,198.36000061035156,200.6999969482422,192.3699951171875,194.27000427246094,193.0823974609375,59732400,0.0,0.0,-0.03893346003908116
2025-04-17,197.1999969482422,198.8300018310547,194.4199981689453,196.97999572753906,195.77581787109375,52164700,0.0,0.0,0.013949590669968481
2025-04-21,193.27000427246094,193.8000030517578,189.80999755859375,193.16000366210938,191.9791717529297,46742500,0.0,0.0,-0.019392824708636458
2025-04-22,196.1199951171875,201.58999633789062,195.97000122070312,199.74000549316406,198.51895141601562,52976400,0.0,0.0,0.03406504780373987
2025-04-23,206.0,208.0,202.8000030517578,204.60000610351562,203.3492431640625,52929200,0.0,0.0,0.024331640448394865
2025-04-24,204.88999938964844,208.8300018310547,202.94000244140625,208.3699951171875,207.09619140625,47311000,0.0,0.0,0.01842617254869472
2025-04-25,206.3699951171875,209.75,206.1999969482422,209.27999877929688,208.00064086914062,38222300,0.0,0.0,0.004367291627862091
2025-04-28,210.0,211.5,207.4600067138672,210.13999938964844,208.85537719726562,38743100,0.0,0.0,0.00410929660867132
2025-04-29,208.69000244140625,212.24000549316406,208.3699951171875,211.2100067138672,209.91883850097656,36827600,0.0,0.0,0.0050918550337657464
2025-04-30,209.3000030517578,213.5800018310547,206.6699981689453,212.5,211.2009735107422,52286500,0.0,0.0,0.006107765357894035
2025-05-01,209.0800018310547,214.55999755859375,208.89999389648438,213.32000732421875,212.01597595214844,57365700,0.0,0.0,0.0038588952875484583
2025-05-02,206.08999633789062,206.99000549316406,202.16000366210938,205.35000610351562,204.09466552734375,101010600,0.0,0.0,-0.03736185629045474
2025-05-05,203.10000610351562,204.10000610351562,198.2100067138672,198.88999938964844,197.6741485595703,69018500,0.0,0.0,-0.03145852416663597
2025-05-06,198.2100067138672,200.64999389648438,197.02000427246094,198.50999450683594,197.29644775390625,51216500,0.0,0.0,-0.0019107243330315216
2025-05-07,199.1699981689453,199.44000244140625,193.25,196.25,195.05029296875,68536700,0.0,0.0,-0.011384669165244943
2025-05-08,197.72000122070312,200.0500030517578,194.67999267578125,197.49000549316406,196.28271484375,50478900,0.0,0.0,0.006318482562840622
2025-05-09,199.0,200.5399932861328,197.5399932861328,198.52999877929688,197.3163604736328,36453900,0.0,0.0,0.005266106242241664
2025-05-12,210.97000122070312,211.27000427246094,206.75,210.7899932861328,209.776123046875,63775800,0.26,0.0,0.06314611998383768
2025-05-13,210.42999267578125,213.39999389648438,209.0,212.92999267578125,211.9058380126953,51909300,0.0,0.0,0.010152323033181476
2025-05-14,212.42999267578125,213.94000244140625,210.5800018310547,212.3300018310547,211.30873107910156,49325800,0.0,0.0,-0.0028177936917338497
2025-05-15,210.9499969482422,212.9600067138672,209.5399932861328,211.4499969482422,210.43295288085938,45029500,0.0,0.0,-0.004144543359707931
2025-05-16,212.36000061035156,212.57000732421875,209.77000427246094,211.25999450683594,210.24388122558594,54737900,0.0,0.0,-0.0008984888188138251
2025-05-19,207.91000366210938,209.47999572753906,204.25999450683594,208.77999877929688,207.7758026123047,46140500,0.0,0.0,-0.011739122198914598
2025-05-20,207.6699981689453,208.47000122070312,205.02999877929688,206.86000061035156,205.8650360107422,42496600,0.0,0.0,-0.009196290316480504
2025-05-21,205.1699981689453,207.0399932861328,200.7100067138672,202.08999633789062,201.11798095703125,59211800,0.0,0.0,-0.02305906406303615
2025-05-22,200.7100067138672,202.75,199.6999969482422,201.36000061035156,200.39149475097656,46742400,0.0,0.0,-0.003612238958434544
2025-05-23,193.6699981689453,197.6999969482422,193.4600067138672,195.27000427246094,194.3307647705078,78432900,0.0,0.0,-0.030244447190736934
2025-05-27,198.3000030517578,200.74000549316406,197.42999267578125,200.2100067138672,199.24703979492188,56288500,0.0,0.0,0.025298490592675194
2025-05-28,200.58999633789062,202.72999572753906,199.89999389648438,200.4199981689453,199.45602416992188,45339700,0.0,0.0,0.0010488706643525525
2025-05-29,203.5800018310547,203.80999755859375,198.50999450683594,199.9499969482422,198.98825073242188,51396800,0.0,0.0,-0.0023452459731247988
2025-05-30,199.3699951171875,201.9600067138672,196.77999877929688,200.85000610351562,199.8839569091797,70819900,0.0,0.0,0.00450130182792674
2025-06-02,200.27999877929688,202.1300048828125,200.1199951171875,201.6999969482422,200.7298583984375,35423300,0.0,0.0,0.004231962896562802
2025-06-03,201.35000610351562,203.77000427246094,200.9600067138672,203.27000427246094,202.2923126220703,46381600,0.0,0.0,0.007783865520053501
2025-06-04,202.91000366210938,206.24000549316406,202.10000610351562,202.82000732421875,201.84445190429688,43604000,0.0,0.0,-0.0022139285075559734
2025-06-05,203.5,204.75,200.14999389648438,200.6300048828125,199.66500854492188,55126100,0.0,0.0,-0.010797638175402358
2025-06-06,203.0,205.6999969482422,202.0500030517578,203.9199981689453,202.9391632080078,46607700,0.0,0.0,0.016398239666262304
2025-06-09,204.38999938964844,206.0,200.02000427246094,201.4499969482422,200.48106384277344,72862600,0.0,0.0,-0.01211249384484192
2025-06-10,200.60000610351562,204.35000610351562,200.57000732421875,202.6699981689453,201.6951904296875,54672600,0.0,0.0,0.006056066162269724
2025-06-11,203.5,204.5,198.41000366210938,198.77999877929688,197.8238983154297,60989900,0.0,0.0,-0.019193775052397055
2025-06-12,199.0800018310547,199.67999267578125,197.36000061035156,199.1999969482422,198.24188232421875,43904600,0.0,0.0,0.00211290957436594
2025-06-13,199.72999572753906,200.3699951171875,195.6999969482422,196.4499969482422,195.50511169433594,51447300,0.0,0.0,-0.013805209059743029
2025-06-16,197.3000030517578,198.69000244140625,196.55999755859375,198.4199981689453,197.4656524658203,43020700,0.0,0.0,0.01002807934019434
2025-06-17,197.1999969482422,198.38999938964844,195.2100067138672,195.63999938964844,194.69898986816406,38856200,0.0,0.0,-0.014010854865684208
2025-06-18,195.94000244140625,197.57000732421875,195.07000732421875,196.5800018310547,195.6344757080078,45394700,0.0,0.0,0.004804780140241993
2025-06-20,198.24000549316406,201.6999969482422,196.86000061035156,201.0,200.03321838378906,96813500,0.0,0.0,0.022484496456271597
2025-06-23,201.6300048828125,202.3000030517578,198.9600067138672,201.5,200.53082275390625,55814300,0.0,0.0,0.0024876086788869767
2025-06-24,202.58999633789062,203.44000244140625,200.1999969482422,200.3000030517578,199.33657836914062,54064000,0.0,0.0,-0.005955415573351663
2025-06-25,201.4499969482422,203.6699981689453,200.6199951171875,201.55999755859375,200.59051513671875,39525700,0.0,0.0,0.006290550273497786
2025-06-26,201.42999267578125,202.63999938964844,199.4600067138672,201.0,200.03321838378906,50799100,0.0,0.0,-0.0027782806806685434
2025-06-27,201.88999938964844,203.22000122070312,200.0,201.0800018310547,200.11282348632812,73188600,0.0,0.0,0.00039795941485243347
2025-06-30,202.00999450683594,207.38999938964844,199.25999450683594,205.1699981689453,204.18316650390625,91912800,0.0,0.0,0.020340240803489618
2025-07-01,206.6699981689453,210.19000244140625,206.13999938964844,207.82000732421875,206.8204345703125,78788900,0.0,0.0,0.012916187517131972
2025-07-02,208.91000366210938,213.33999633789062,208.13999938964844,212.44000244140625,211.418212890625,67941800,0.0,0.0,0.022230773907156554
2025-07-03,212.14999389648438,214.64999389648438,211.80999755859375,213.5500030517578,212.52285766601562,34955800,0.0,0.0,0.0052249272202584685
2025-07-07,212.67999267578125,216.22999572753906,208.8000030517578,209.9499969482422,208.94017028808594,50229000,0.0,0.0,-0.01685789198054155
2025-07-08,210.10000610351562,211.42999267578125,208.4499969482422,210.00999450683594,208.99989318847656,42848900,0.0,0.0,0.0002858373299317041
2025-07-09,209.52999877929688,211.3300018310547,207.22000122070312,211.13999938964844,210.12445068359375,48749400,0.0,0.0,0.005380660621214117
2025-07-10,210.50999450683594,213.47999572753906,210.02999877929688,212.41000366210938,211.38833618164062,44443600,0.0,0.0,0.006014937785369989
2025-07-11,210.57000732421875,212.1300048828125,209.86000061035156,211.16000366210938,210.1443634033203,39765800,0.0,0.0,-0.0058847749161117235
2025-07-14,209.92999267578125,210.91000366210938,207.5399932861328,208.6199951171875,207.61654663085938,38840100,0.0,0.0,-0.012028953484749971
2025-07-15,209.22000122070312,211.88999938964844,208.9199981689453,209.11000061035156,208.1042022705078,42296300,0.0,0.0,0.002348828393314406
2025-07-16,210.3000030517578,212.39999389648438,208.63999938964844,210.16000366210938,209.14915466308594,47490500,0.0,0.0,0.0050212940496983105
2025-07-17,210.57000732421875,211.8000030517578,209.58999633789062,210.02000427246094,209.0098419189453,48068100,0.0,0.0,-0.000666092790884254
2025-07-18,210.8699951171875,211.7899932861328,209.6999969482422,211.17999267578125,210.1642608642578,48974600,0.0,0.0,0.005523275529580873
2025-07-21,212.10000610351562,215.77999877929688,211.6300048828125,212.47999572753906,211.45799255371094,51377400,0.0,0.0,0.006155812049741138
2025-07-22,213.13999938964844,214.9499969482422,212.22999572753906,214.39999389648438,213.3687744140625,46404100,0.0,0.0,0.009036224345439381
2025-07-23,215.0,215.14999389648438,212.41000366210938,214.14999389648438,213.11996459960938,46989300,0.0,0.0,-0.001166102280600323
2025-07-24,213.89999389648438,215.69000244140625,213.52999877929688,213.75999450683594,212.73184204101562,46022600,0.0,0.0,-0.0018211459415494735
2025-07-25,214.6999969482422,215.24000549316406,213.39999389648438,213.8800048828125,212.85125732421875,40268800,0.0,0.0,0.0005613418379561974
2025-07-28,214.02999877929688,214.85000610351562,213.05999755859375,214.0500030517578,213.02047729492188,37858000,0.0,0.0,0.0007950151332456468
2025-07-29,214.17999267578125,214.80999755859375,210.82000732421875,211.27000427246094,210.25384521484375,51411700,0.0,0.0,-0.012987634405906334
2025-07-30,211.89999389648438,212.38999938964844,207.72000122070312,209.0500030517578,208.0445098876953,45512500,0.0,0.0,-0.010507942553397154
2025-07-31,208.49000549316406,209.83999633789062,207.16000366210938,207.57000732421875,206.57162475585938,80698400,0.0,0.0,-0.007079663542340131
2025-08-01,210.8699951171875,213.5800018310547,201.5,202.3800048828125,201.40658569335938,104434500,0.0,0.0,-0.025003623167530353
2025-08-04,204.50999450683594,207.8800048828125,201.67999267578125,203.35000610351562,202.37191772460938,75109300,0.0,0.0,0.004792951670010037
2025-08-05,203.39999389648438,205.33999633789062,202.16000366210938,202.9199981689453,201.94398498535156,44155100,0.0,0.0,-0.0021145855811879333
2025-08-06,205.6300048828125,215.3800048828125,205.58999633789062,213.25,212.22430419921875,108483100,0.0,0.0,0.05090678593181619
2025-08-07,218.8800048828125,220.85000610351562,216.5800018310547,220.02999877929688,218.9716796875,90224800,0.0,0.0,0.031793604006576714
2025-08-08,220.8300018310547,231.0,219.25,229.35000610351562,228.2468719482422,113854000,0.0,0.0,0.0423579536585692
2025-08-11,227.9199981689453,229.55999755859375,224.75999450683594,227.17999267578125,226.34388732910156,61806100,0.26,0.0,-0.008337396271402842
2025-08-12,228.00999450683594,230.8000030517578,227.07000732421875,229.64999389648438,228.80479431152344,55626200,0.0,0.0,0.010872425190982637
2025-08-13,231.07000732421875,235.0,230.42999267578125,233.3300018310547,232.47125244140625,69878500,0.0,0.0,0.016024393810956772
2025-08-14,234.05999755859375,235.1199951171875,230.85000610351562,232.77999877929688,231.92327880859375,51916300,0.0,0.0,-0.0023571672929779686
2025-08-15,234.0,234.27999877929688,229.33999633789062,231.58999633789062,230.73764038085938,56038700,0.0,0.0,-0.005112201042625331
2025-08-18,231.6999969482422,233.1199951171875,230.11000061035156,230.88999938964844,230.0402374267578,37476200,0.0,0.0,-0.0030224932219572453
2025-08-19,231.27999877929688,232.8699951171875,229.35000610351562,230.55999755859375,229.71144104003906,39402600,0.0,0.0,-0.0014292994582021379
2025-08-20,229.97999572753906,230.47000122070312,225.77000427246094,226.00999450683594,225.1781768798828,42263900,0.0,0.0,-0.019734603290247454
2025-08-21,226.27000427246094,226.52000427246094,223.77999877929688,224.89999389648438,224.07228088378906,30621200,0.0,0.0,-0.004911204146943904
2025-08-22,226.1699981689453,229.08999633789062,225.41000366210938,227.75999450683594,226.92173767089844,42477800,0.0,0.0,0.012716685775993941
2025-08-25,226.47999572753906,229.3000030517578,226.22999572753906,227.16000366210938,226.32395935058594,30983100,0.0,0.0,-0.002634292890791534
2025-08-26,226.8699951171875,229.49000549316406,224.69000244140625,229.30999755859375,228.46604919433594,54575100,0.0,0.0,0.009464706476046691
2025-08-27,228.61000061035156,230.89999389648438,228.25999450683594,230.49000549316406,229.64170837402344,31259500,0.0,0.0,0.005145881341378056
2025-08-28,230.82000732421875,233.41000366210938,229.33999633789062,232.55999755859375,231.70408630371094,38074700,0.0,0.0,0.008980850840599297
2025-08-29,232.50999450683594,233.3800048828125,231.3699951171875,232.13999938964844,231.28562927246094,39418400,0.0,0.0,-0.0018059976322623017
2025-09-02,229.25,230.85000610351562,226.97000122070312,229.72000122070312,228.8745574951172,44075600,0.0,0.0,-0.01042465018223615
2025-09-03,237.2100067138672,238.85000610351562,234.36000061035156,238.47000122070312,237.59234619140625,66427800,0.0,0.0,0.038089811255997974
2025-09-04,238.4499969482422,239.89999389648438,236.74000549316406,239.77999877929688,238.8975067138672,47549400,0.0,0.0,0.005493276796928015
2025-09-05,240.0,241.32000732421875,238.49000549316406,239.69000244140625,238.80784606933594,54870400,0.0,0.0,-0.0003753100891029648
2025-09-08,239.3000030517578,240.14999389648438,236.33999633789062,237.8800048828125,237.00450134277344,48999500,0.0,0.0,-0.007551446722730004
2025-09-09,237.0,238.77999877929688,233.36000061035156,234.35000610351562,233.4875030517578,66313900,0.0,0.0,-0.014839373392023014
2025-09-10,232.19000244140625,232.4199981689453,225.9499969482422,226.7899932861328,225.955322265625,83440800,0.0,0.0,-0.032259460089661185
2025-09-11,226.8800048828125,230.4499969482422,226.64999389648438,230.02999877929688,229.1833953857422,50208600,0.0,0.0,0.014286333633347192
2025-09-12,229.22000122070312,234.50999450683594,229.02000427246094,234.07000732421875,233.2085418701172,55824200,0.0,0.0,0.017562993503958735
2025-09-15,237.0,238.19000244140625,235.02999877929688,236.6999969482422,235.82884216308594,42699500,0.0,0.0,0.011235867571386393
2025-09-16,237.17999267578125,241.22000122070312,236.32000732421875,238.14999389648438,237.2735137939453,63421100,0.0,0.0,0.00612593276381479
2025-09-17,238.97000122070312,240.10000610351562,237.72999572753906,238.99000549316406,238.1104278564453,46508000,0.0,0.0,0.003527212326053464
2025-09-18,239.97000122070312,241.1999969482422,236.64999389648438,237.8800048828125,237.00450134277344,44249600,0.0,0.0,-0.004644595046205291
2025-09-19,241.22999572753906,246.3000030517578,240.2100067138672,245.5,244.59645080566406,163741300,0.0,0.0,0.03203293363576498
2025-09-22,248.3000030517578,256.6400146484375,248.1199951171875,256.0799865722656,255.1374969482422,105517400,0.0,0.0,0.04309566270425225
2025-09-23,255.8800048828125,257.3399963378906,253.5800018310547,254.42999267578125,253.4936065673828,60275200,0.0,0.0,-0.006443154771534232
2025-09-24,255.22000122070312,255.74000549316406,251.0399932861328,252.30999755859375,251.3813934326172,42303700,0.0,0.0,-0.008332411863824163
2025-09-25,253.2100067138672,257.1700134277344,251.7100067138672,256.8699951171875,255.92459106445312,55202100,0.0,0.0,0.018072927235379233
2025-09-26,254.10000610351562,257.6000061035156,253.77999877929688,255.4600067138672,254.51980590820312,46076300,0.0,0.0,-0.005489058907575672
2025-09-29,254.55999755859375,255.0,253.00999450683594,254.42999267578125,253.4936065673828,40127700,0.0,0.0,-0.004031903675073667
2025-09-30,254.86000061035156,255.9199981689453,253.11000061035156,254.6300048828125,253.69287109375,37704300,0.0,0.0,0.0007860731837203705
2025-10-01,255.0399932861328,258.7900085449219,254.92999267578125,255.4499969482422,254.5098419189453,48713900,0.0,0.0,0.0032203144758191637
2025-10-02,256.5799865722656,258.17999267578125,254.14999389648438,257.1300048828125,256.1836853027344,42630200,0.0,0.0,0.006576733422836156
2025-10-03,254.6699981689453,259.239990234375,253.9499969482422,258.0199890136719,257.0704040527344,49155600,0.0,0.0,0.0034612615903004684
2025-10-06,257.989990234375,259.07000732421875,255.0500030517578,256.69000244140625,255.7452850341797,44664100,0.0,0.0,-0.005154693024416956
2025-10-07,256.80999755859375,257.3999938964844,255.42999267578125,256.4800109863281,255.53607177734375,31955800,0.0,0.0,-0.0008180532313938338
2025-10-08,256.5199890136719,258.5199890136719,256.1099853515625,258.05999755859375,257.1102600097656,36496900,0.0,0.0,0.006160336665868016
2025-10-09,257.80999755859375,258.0,253.13999938964844,254.0399932861328,253.1050262451172,38322000,0.0,0.0,-0.01557788384056047
2025-10-10,254.94000244140625,256.3800048828125,244.0,245.27000427246094,244.3673095703125,61999100,0.0,0.0,-0.034522098610332286
2025-10-13,249.3800048828125,249.69000244140625,245.55999755859375,247.66000366210938,246.74851989746094,38142900,0.0,0.0,0.009744389834039024
2025-10-14,246.60000610351562,248.85000610351562,244.6999969482422,247.77000427246094,246.8581085205078,35478000,0.0,0.0,0.00044413082231420375
2025-10-15,249.49000549316406,251.82000732421875,247.47000122070312,249.33999633789062,248.42233276367188,33893600,0.0,0.0,0.0063365317531554055
2025-10-16,248.25,249.0399932861328,245.1300048828125,247.4499969482422,246.53927612304688,39777000,0.0,0.0,-0.007580061823251549
2025-10-17,248.02000427246094,253.3800048828125,247.27000427246094,252.2899932861328,251.36146545410156,49147000,0.0,0.0,0.019559517683697347
2025-10-20,255.88999938964844,264.3800048828125,255.6300048828125,262.239990234375,261.27484130859375,90483000,0.0,0.0,0.03943872556830863
2025-10-21,261.8800048828125,265.2900085449219,261.8299865722656,262.7699890136719,261.80291748046875,46695900,0.0,0.0,0.0020211520145994033
2025-10-22,262.6499938964844,262.8500061035156,255.42999267578125,258.45001220703125,257.4988098144531,45015300,0.0,0.0,-0.016440258601536528
2025-10-23,259.94000244140625,260.6199951171875,258.010009765625,259.5799865722656,258.6246337890625,32754900,0.0,0.0,0.004372152148666597
2025-10-24,261.19000244140625,264.1300048828125,259.17999267578125,262.82000732421875,261.85272216796875,38253700,0.0,0.0,0.01248175137693619
2025-10-27,264.8800048828125,269.1199951171875,264.6499938964844,268.80999755859375,267.8206481933594,44888200,0.0,0.0,0.022791155180591938
2025-10-28,268.989990234375,269.8900146484375,268.1499938964844,269.0,268.00994873046875,41534800,0.0,0.0,0.0007068183069018907
2025-10-29,269.2799987792969,271.4100036621094,267.1099853515625,269.70001220703125,268.7073974609375,51086700,0.0,0.0,0.002602324032269898
2025-10-30,271.989990234375,274.1400146484375,268.4800109863281,271.3999938964844,270.401123046875,69886500,0.0,0.0,0.0063032339337949495
2025-10-31,276.989990234375,277.32000732421875,269.1600036621094,270.3699951171875,269.37493896484375,86167100,0.0,0.0,-0.00379504371308903
2025-11-03,270.4200134277344,270.8500061035156,266.25,269.04998779296875,268.0597839355469,50194600,0.0,0.0,-0.0048822471546564605
2025-11-04,268.3299865722656,271.489990234375,267.6199951171875,270.0400085449219,269.046142578125,49274800,0.0,0.0,0.003679621866796934
2025-11-05,268.6099853515625,271.70001220703125,266.92999267578125,270.1400146484375,269.14581298828125,43683100,0.0,0.0,0.00037045842471905566
2025-11-06,267.8900146484375,273.3999938964844,267.8900146484375,269.7699890136719,268.7771301269531,51204000,0.0,0.0,-0.0013698257358518706
2025-11-07,269.79998779296875,272.2900085449219,266.7699890136719,268.4700012207031,267.48193359375,48227400,0.0,0.0,-0.004818849477972176
2025-11-10,268.9599914550781,273.7300109863281,267.4599914550781,269.42999267578125,268.6985778808594,41312400,0.26,0.0,0.004548510139593898
2025-11-11,269.80999755859375,275.9100036621094,269.79998779296875,275.25,274.5028076171875,46208300,0.0,0.0,0.021601267048394046
2025-11-12,275.0,275.7300109863281,271.70001220703125,273.4700012207031,272.7276611328125,48398000,0.0,0.0,-0.006466769865795197
2025-11-13,274.1099853515625,276.70001220703125,272.0899963378906,272.95001220703125,272.2090759277344,49602800,0.0,0.0,-0.0019014763772919885
2025-11-14,271.04998779296875,275.9599914550781,269.6000061035156,272.4100036621094,271.6705322265625,47431300,0.0,0.0,-0.0019784193430598673
2025-11-17,268.82000732421875,270.489990234375,265.7300109863281,267.4599914550781,266.7339782714844,45018300,0.0,0.0,-0.018171105694162026
2025-11-18,269.989990234375,270.7099914550781,265.32000732421875,267.44000244140625,266.7139892578125,45677300,0.0,0.0,-7.493988505480331e-05
2025-11-19,265.5299987792969,272.2099914550781,265.5,268.55999755859375,267.83099365234375,40424500,0.0,0.0,0.004188023274068087
2025-11-20,270.8299865722656,275.42999267578125,265.9200134277344,266.25,265.5272521972656,45823600,0.0,0.0,-0.008601474473370674
2025-11-21,265.95001220703125,273.3299865722656,265.6700134277344,271.489990234375,270.75299072265625,59030800,0.0,0.0,0.01968061086817685
2025-11-24,270.8999938964844,277.0,270.8999938964844,275.9200134277344,275.1710205078125,65585800,0.0,0.0,0.016317565960635383
2025-11-25,275.2699890136719,280.3800048828125,275.25,276.9700012207031,276.2181396484375,46914200,0.0,0.0,0.0038053394528705375
2025-11-26,276.9599914550781,279.5299987792969,276.6300048828125,277.54998779296875,276.79656982421875,33431400,0.0,0.0,0.002094106406326013
2025-11-28,277.260009765625,279.0,275.989990234375,278.8500061035156,278.0930480957031,20135600,0.0,0.0,0.00468386682792965
2025-12-01,278.010009765625,283.4200134277344,276.1400146484375,283.1000061035156,282.33148193359375,46587700,0.0,0.0,0.01524106361850519
2025-12-02,283.0,287.3999938964844,282.6300048828125,286.19000244140625,285.4131164550781,53669500,0.0,0.0,0.010914951816139329
2025-12-03,286.20001220703125,288.6199951171875,283.29998779296875,284.1499938964844,283.378662109375,43538700,0.0,0.0,-0.007128103890149506
2025-12-04,284.1000061035156,284.7300109863281,278.5899963378906,280.70001220703125,279.93804931640625,43989100,0.0,0.0,-0.012141396841095942
2025-12-05,280.5400085449219,281.1400146484375,278.04998779296875,278.7799987792969,278.0232238769531,47265800,0.0,0.0,-0.00684017568933204
2025-12-08,278.1300048828125,279.6700134277344,276.1499938964844,277.8900146484375,277.1356506347656,38211800,0.0,0.0,-0.003192442810390217
2025-12-09,278.1600036621094,280.0299987792969,276.9200134277344,277.17999267578125,276.42755126953125,32193300,0.0,0.0,-0.0025550641485947434
2025-12-10,277.75,279.75,276.44000244140625,278.7799987792969,278.0232238769531,33038300,0.0,0.0,0.005772480348263054
2025-12-11,279.1000061035156,279.5899963378906,273.80999755859375,278.0299987792969,277.2752380371094,33248000,0.0,0.0,-0.002690371794892954
2025-12-12,277.8999938964844,279.2200012207031,276.82000732421875,278.2799987792969,277.52459716796875,39532900,0.0,0.0,0.0008993198694000615
2025-12-15,280.1499938964844,280.1499938964844,272.8399963378906,274.1099853515625,273.3658752441406,50409100,0.0,0.0,-0.014985057058964357
2025-12-16,272.82000732421875,275.5,271.7900085449219,274.6099853515625,273.8645324707031,37648600,0.0,0.0,0.0018241385327160131
2025-12-17,275.010009765625,276.1600036621094,271.6400146484375,271.8399963378906,271.1020812988281,50138700,0.0,0.0,-0.010086925630541477
2025-12-18,273.6099853515625,273.6300048828125,266.95001220703125,272.19000244140625,271.45111083984375,51630700,0.0,0.0,0.0012874469253185694
2025-12-19,272.1499938964844,274.6000061035156,269.8999938964844,273.6700134277344,272.9271545410156,144632000,0.0,0.0,0.005437604202852997
2025-12-22,272.8599853515625,273.8800048828125,270.510009765625,270.9700012207031,270.23443603515625,36571800,0.0,0.0,-0.009866070345355471
2025-12-23,270.8399963378906,272.5,269.55999755859375,272.3599853515625,271.62066650390625,29642000,0.0,0.0,0.005129732868573544
2025-12-24,272.3399963378906,275.42999267578125,272.20001220703125,273.80999755859375,273.06671142578125,17910600,0.0,0.0,0.005323766193815027
2025-12-26,274.1600036621094,275.3699951171875,272.8599853515625,273.3999938964844,272.6578369140625,21521800,0.0,0.0,-0.0014973429371301084
2025-12-29,272.69000244140625,274.3599853515625,272.3500061035156,273.760009765625,273.0168762207031,23715200,0.0,0.0,0.0013168127155420706
2025-12-30,272.80999755859375,274.0799865722656,272.2799987792969,273.0799865722656,272.33868408203125,22139600,0.0,0.0,-0.0024840667289872664
2025-12-31,273.05999755859375,273.67999267578125,271.75,271.8599853515625,271.12200927734375,27293600,0.0,0.0,-0.004467506365423368
2026-01-02,272.260009765625,277.8399963378906,269.0,271.010009765625,270.27435302734375,37838100,0.0,0.0,-0.0031264752435974374
2026-01-05,270.6400146484375,271.510009765625,266.1400146484375,267.260009765625,266.5345458984375,45647200,0.0,0.0,-0.013837077351279037
2026-01-06,267.0,267.54998779296875,262.1199951171875,262.3599853515625,261.64776611328125,52352100,0.0,0.0,-0.01833450807918291
2026-01-07,263.20001220703125,263.67999267578125,259.80999755859375,260.3299865722656,259.6233215332031,48309800,0.0,0.0,-0.007737289754660592
2026-01-08,257.0199890136719,259.2900085449219,255.6999969482422,259.0400085449219,258.33685302734375,50419300,0.0,0.0,-0.004955134609102685
2026-01-09,259.0799865722656,260.2099914550781,256.2200012207031,259.3699951171875,258.6659240722656,39997000,0.0,0.0,0.0012738060445718347
2026-01-12,259.1600036621094,261.29998779296875,256.79998779296875,260.25,259.54351806640625,45263800,0.0,0.0,0.0033927700267757377
2026-01-13,258.7200012207031,261.80999755859375,258.3900146484375,261.04998779296875,260.34136962890625,45730800,0.0,0.0,0.0030740569768183956
2026-01-14,259.489990234375,261.82000732421875,256.7099914550781,259.9599914550781,259.25433349609375,40019400,0.0,0.0,-0.004175426035293528
2026-01-15,260.6499938964844,261.0400085449219,257.04998779296875,258.2099914550781,257.5090637207031,39388600,0.0,0.0,-0.006731882749481333
2026-01-16,257.8999938964844,258.8999938964844,254.92999267578125,255.52999877929688,254.83636474609375,72142800,0.0,0.0,-0.010379048162390991
2026-01-20,252.72999572753906,254.7899932861328,243.4199981689453,246.6999969482422,246.0303192138672,80267500,0.0,0.0,-0.03455568651279606
2026-01-21,248.6999969482422,251.55999755859375,245.17999267578125,247.64999389648438,246.97775268554688,54641700,0.0,0.0,0.0038508809593345017
2026-01-22,249.1999969482422,251.0,248.14999389648438,248.35000610351562,247.67584228515625,39708300,0.0,0.0,0.00282652826830998
2026-01-23,247.32000732421875,249.41000366210938,244.67999267578125,248.0399932861328,247.36668395996094,41689000,0.0,0.0,-0.0012482377059582772
2026-01-26,251.47999572753906,256.55999755859375,249.8000030517578,255.41000366210938,254.7166748046875,55969200,0.0,0.0,0.02971293759961724
2026-01-27,259.1700134277344,261.95001220703125,258.2099914550781,258.2699890136719,257.56890869140625,49648300,0.0,0.0,0.01119767242920311
2026-01-28,257.6499938964844,258.8599853515625,254.50999450683594,256.44000244140625,255.74388122558594,41288000,0.0,0.0,-0.0070855891539567395
2026-01-29,258.0,259.6499938964844,254.41000366210938,258.2799987792969,257.578857421875,67253000,0.0,0.0,0.007175054149860527
2026-01-30,255.1699981689453,261.8999938964844,252.17999267578125,259.4800109863281,258.775634765625,92443400,0.0,0.0,0.0046462561241580325
2026-02-02,260.0299987792969,270.489990234375,259.2099914550781,270.010009765625,269.2770690917969,73913400,0.0,0.0,0.040581232988504023
2026-02-03,269.20001220703125,271.8800048828125,267.6099853515625,269.4800109863281,268.7485046386719,64394700,0.0,0.0,-0.0019629018353019
2026-02-04,272.2900085449219,278.95001220703125,272.2900085449219,276.489990234375,275.73944091796875,90545700,0.0,0.0,0.02601293089498702
2026-02-05,278.1300048828125,279.5,273.2300109863281,275.9100036621094,275.1610107421875,52977400,0.0,0.0,-0.0020977418894285726
2026-02-06,277.1199951171875,280.9100036621094,276.92999267578125,278.1199951171875,277.36505126953125,50453400,0.0,0.0,0.00801000302113608
2026-02-09,277.9100036621094,278.20001220703125,271.70001220703125,274.6199951171875,274.13079833984375,44623400,0.26,0.0,-0.011660636099912192
2026-02-10,274.8900146484375,275.3699951171875,272.94000244140625,273.67999267578125,273.19244384765625,34376900,0.0,0.0,-0.003423017398520134
2026-02-11,274.70001220703125,280.17999267578125,274.45001220703125,275.5,275.00921630859375,51931300,0.0,0.0,0.0066501563343039916
2026-02-12,275.5899963378906,275.7200012207031,260.17999267578125,261.7300109863281,261.2637634277344,81077200,0.0,0.0,-0.0499817899391245
2026-02-13,262.010009765625,262.2300109863281,255.4499969482422,255.77999877929688,255.32435607910156,56290700,0.0,0.0,-0.022733375921363264
2026-02-17,258.04998779296875,266.2900085449219,255.5399932861328,263.8800048828125,263.4099426269531,58469100,0.0,0.0,0.03166790145686926
2026-02-18,263.6000061035156,266.82000732421875,262.45001220703125,264.3500061035156,263.8791198730469,34203300,0.0,0.0,0.001781167564954833
2026-02-19,262.6000061035156,264.4800109863281,260.04998779296875,260.5799865722656,260.11578369140625,30845300,0.0,0.0,-0.01426159138112626
2026-02-20,258.9700012207031,264.75,258.1600036621094,264.5799865722656,264.1086730957031,42070500,0.0,0.0,0.015350431056632585
2026-02-23,263.489990234375,269.42999267578125,263.3800048828125,266.17999267578125,265.705810546875,37308200,0.0,0.0,0.006047273769737682
2026-02-24,267.8599853515625,274.8900146484375,267.7099914550781,272.1400146484375,271.6552429199219,47014600,0.0,0.0,0.02239105106810335
2026-02-25,271.7799987792969,274.94000244140625,271.04998779296875,274.2300109863281,273.74151611328125,33714300,0.0,0.0,0.007679856169661159
2026-02-26,274.95001220703125,276.1099853515625,270.79998779296875,272.95001220703125,272.4637756347656,32345100,0.0,0.0,-0.004667689785084916
2026-02-27,272.80999755859375,272.80999755859375,262.8900146484375,264.17999267578125,263.70941162109375,72366500,0.0,0.0,-0.03213037767415727
2026-03-02,262.4100036621094,266.5299987792969,260.20001220703125,264.7200012207031,264.2484130859375,41827900,0.0,0.0,0.0020439219879577752
2026-03-03,263.4800109863281,265.55999755859375,260.1300048828125,263.75,263.2801818847656,38568900,0.0,0.0,-0.003664094667077511
2026-03-04,264.6499938964844,266.1499938964844,261.4200134277344,262.5199890136719,262.0523376464844,39803100,0.0,0.0,-0.004663640952734749
2026-03-05,260.7900085449219,261.55999755859375,257.25,260.2900085449219,259.8263244628906,49658600,0.0,0.0,-0.008494536639458317
2026-03-06,258.6300048828125,258.7699890136719,254.3699951171875,257.4599914550781,257.0013427734375,41120000,0.0,0.0,-0.010872576884936036
2026-03-09,255.69000244140625,261.1499938964844,253.67999267578125,259.8800048828125,259.41705322265625,38218500,0.0,0.0,0.009399602442343502
2026-03-10,257.6499938964844,262.4800109863281,256.95001220703125,260.8299865722656,260.3653564453125,30590800,0.0,0.0,0.003655516130785408
2026-03-11,261.0899963378906,262.1300048828125,259.54998779296875,260.80999755859375,260.34539794921875,26218900,0.0,0.0,-7.665572857407099e-05
2026-03-12,258.6600036621094,258.95001220703125,254.17999267578125,255.75999450683594,255.3043975830078,40794000,0.0,0.0,-0.01936274044373243
2026-03-13,255.47999572753906,256.3299865722656,249.52000427246094,250.1199951171875,249.6744384765625,36930000,0.0,0.0,-0.022051947243152514
2026-03-16,252.11000061035156,253.88999938964844,249.8800048828125,252.82000732421875,252.36964416503906,32074200,0.0,0.0,0.010794880344667579
2026-03-17,252.9600067138672,255.1300048828125,252.17999267578125,254.22999572753906,253.77711486816406,32361600,0.0,0.0,0.0055770205952525576
2026-03-18,252.6300048828125,254.94000244140625,249.0,249.94000244140625,249.49476623535156,35757900,0.0,0.0,-0.01687444762321122
2026-03-19,249.39999389648438,251.8300018310547,247.3000030517578,248.9600067138672,248.5165252685547,34864100,0.0,0.0,-0.003920887726655109
2026-03-20,247.97999572753906,249.1999969482422,246.0,247.99000549316406,247.54823303222656,88331100,0.0,0.0,-0.003896289131202657
2026-03-23,253.97000122070312,254.60000610351562,250.27999877929688,251.49000549316406,251.04200744628906,40546100,0.0,0.0,0.01411350980480508
2026-03-24,250.35000610351562,254.8300018310547,249.5500030517578,251.63999938964844,251.1917266845703,45152300,0.0,0.0,0.0005963911769359953
2026-03-25,254.10000610351562,255.0,251.60000610351562,252.6199951171875,252.16998291015625,28476700,0.0,0.0,0.003894460372950048
2026-03-26,252.1199951171875,257.0,250.77000427246094,252.88999938964844,252.43951416015625,41796700,0.0,0.0,0.001068847476965784
2026-03-27,253.89999389648438,255.49000549316406,248.07000732421875,248.8000030517578,248.35679626464844,47900000,0.0,0.0,-0.016173054004998577
2026-03-30,250.07000732421875,250.8699951171875,245.50999450683594,246.6300048828125,246.19065856933594,39446200,0.0,0.0,-0.008721878071757172
2026-03-31,247.91000366210938,255.47999572753906,247.10000610351562,253.7899932861328,253.33790588378906,49598100,0.0,0.0,0.02903135056377537
2026-04-01,254.0800018310547,256.17999267578125,253.3300018310547,255.6300048828125,255.1746368408203,40059400,0.0,0.0,0.007250122916362178
2026-04-02,254.1999969482422,256.1300048828125,250.64999389648438,255.9199981689453,255.464111328125,31289400,0.0,0.0,0.0011344171618641319
2026-04-06,256.510009765625,262.1600036621094,256.4599914550781,258.8599853515625,258.39886474609375,29329900,0.0,0.0,0.011487928393195235
2026-04-07,256.1600036621094,256.20001220703125,245.6999969482422,253.5,253.0484161376953,62148000,0.0,0.0,-0.020706161436335524
2026-04-08,258.45001220703125,259.75,256.5299987792969,258.8999938964844,258.4388122558594,41032800,0.0,0.0,0.02130183701774646
2026-04-09,259.0,261.1199951171875,256.07000732421875,260.489990234375,260.0259704589844,28121600,0.0,0.0,0.0061413306665165646
2026-04-10,259.9800109863281,262.19000244140625,259.0199890136719,260.4800109863281,260.0159912109375,31291500,0.0,0.0,-3.837788982874457e-05
2026-04-13,259.7300109863281,260.17999267578125,256.6600036621094,259.20001220703125,258.73828125,36234700,0.0,0.0,-0.004913966848681062
2026-04-14,259.25,261.92999267578125,257.19000244140625,258.8299865722656,258.3689270019531,48370700,0.0,0.0,-0.0014275206833038734
2026-04-15,258.1600036621094,266.55999755859375,257.80999755859375,266.42999267578125,265.95538330078125,49913500,0.0,0.0,0.029362881933440832
2026-04-16,266.79998779296875,267.1600036621094,261.2699890136719,263.3999938964844,262.9307861328125,43323100,0.0,0.0,-0.011372573588962043
2026-04-17,266.9599914550781,272.29998779296875,266.7200012207031,270.2300109863281,269.7486267089844,61436200,0.0,0.0,0.025930172257302875
2026-04-20,270.3299865722656,274.2799987792969,270.2900085449219,273.04998779296875,272.5635681152344,36590200,0.0,0.0,0.010435424419368289
2026-04-21,271.5,272.79998779296875,265.3999938964844,266.1700134277344,265.69586181640625,50209800,0.0,0.0,-0.025196714096157535
2026-04-22,267.82000732421875,273.739990234375,266.8699951171875,273.1700134277344,272.68341064453125,43249200,0.0,0.0,0.026299050276339386
2026-04-23,275.04998779296875,275.7699890136719,271.6499938964844,273.42999267578125,272.9429016113281,33399600,0.0,0.0,0.0009516199250387825
2026-04-24,272.760009765625,273.05999755859375,269.6499938964844,271.05999755859375,270.5771179199219,38157100,0.0,0.0,-0.008667687188198547
2026-04-27,266.0899963378906,268.3599853515625,265.07000732421875,267.6099853515625,267.1332702636719,41466800,0.0,0.0,-0.012727786010601316
2026-04-28,272.3399963378906,273.2300109863281,268.6600036621094,270.7099914550781,270.2277526855469,40018900,0.0,0.0,0.011584039752220443
2026-04-29,267.54998779296875,271.0400085449219,267.0400085449219,270.1700134277344,269.688720703125,30047900,0.0,0.0,-0.001994732136373578
2026-04-30,270.5,276.0,268.1400146484375,271.3500061035156,270.86663818359375,91848200,0.0,0.0,0.0043676927881808325
2026-05-01,278.8599853515625,287.2200012207031,278.3699951171875,280.1400146484375,279.6409912109375,79915400,0.0,0.0,0.032393627676644554
2026-05-04,279.6600036621094,280.6300048828125,274.8599853515625,276.8299865722656,276.3368225097656,46668400,0.0,0.0,-0.011815752357562936
2026-05-05,276.92999267578125,284.57000732421875,276.5,284.17999267578125,283.67376708984375,49311700,0.0,0.0,0.026550730783693632
2026-05-06,281.9200134277344,288.0299987792969,281.07000732421875,287.510009765625,286.99786376953125,58336100,0.0,0.0,0.011718026357490752
2026-05-07,289.2699890136719,292.1300048828125,285.7799987792969,287.44000244140625,286.927978515625,45224300,0.0,0.0,-0.0002435044393305219
2026-05-08,290.010009765625,294.760009765625,290.0,293.32000732421875,292.7974853515625,52692800,0.0,0.0,0.020456376775462637
2026-05-11,291.9800109863281,293.8800048828125,290.2300109863281,292.67999267578125,292.42779541015625,42247300,0.27,0.0,-0.0012626131025762488
2026-05-12,292.55999755859375,295.2699890136719,292.55999755859375,294.79998779296875,294.54595947265625,45748100,0.0,0.0,0.007243374589372076
2026-05-13,293.5,300.9200134277344,293.5,298.8699951171875,298.6124572753906,52684300,0.0,0.0,0.013805987391627639
2026-05-14,299.82000732421875,300.45001220703125,295.3800048828125,298.2099914550781,297.9530334472656,35324900,0.0,0.0,-0.002208293097152536
2026-05-15,297.8999938964844,303.20001220703125,296.5199890136719,300.2300109863281,299.9713134765625,54862800,0.0,0.0,0.006773819369938039
2026-05-18,300.239990234375,300.6600036621094,294.9100036621094,297.8399963378906,297.5833435058594,34483000,0.0,0.0,-0.007960661114649215
2026-05-19,296.9700012207031,300.510009765625,296.3500061035156,298.9700012207031,298.7123718261719,42243600,0.0,0.0,0.0037939903054091673
2026-05-20,298.17999267578125,302.79998779296875,298.0799865722656,302.25,301.98956298828125,38229800,0.0,0.0,0.010971059357449242
2026-05-21,301.05999755859375,305.5400085449219,300.3999938964844,304.989990234375,304.7271728515625,42965100,0.0,0.0,0.00906524661379593
2026-05-22,306.1199951171875,311.3999938964844,305.8399963378906,308.82000732421875,308.55389404296875,43670200,0.0,0.0,0.012557860054279724
2026-05-26,309.55999755859375,311.82000732421875,307.6700134277344,308.3299865722656,308.0643005371094,48000500,0.0,0.0,-0.001586735786880733
2026-05-27,308.3299865722656,313.260009765625,308.29998779296875,310.8500061035156,310.5821533203125,50430900,0.0,0.0,0.008173140408717527
2026-05-28,310.67999267578125,312.79998779296875,309.57000732421875,312.510009765625,312.24072265625,48220400,0.0,0.0,0.00534019523725493
2026-05-29,311.7799987792969,315.0,309.5299987792969,312.05999755859375,311.7911071777344,70026800,0.0,0.0,-0.0014399642515899869
2026-06-01,309.6300048828125,310.94000244140625,305.0199890136719,306.30999755859375,306.0460510253906,48849900,0.0,0.0,-0.01842597822736758
2026-06-02,307.4599914550781,315.45001220703125,306.69000244140625,315.20001220703125,314.92840576171875,44534700,0.0,0.0,0.029022935295418106
2026-06-03,314.17999267578125,316.94000244140625,308.8500061035156,310.260009765625,309.9926452636719,50836700,0.0,0.0,-0.01567264307615801
2026-06-04,313.2300109863281,313.5400085449219,309.6499938964844,311.2300109863281,310.9618225097656,44869100,0.0,0.0,0.00312645238815068
2026-06-05,312.8599853515625,315.1700134277344,307.1499938964844,307.3399963378906,307.0751647949219,65310500,0.0,0.0,-0.012498826008526143
2026-06-08,308.739990234375,317.3999938964844,301.1700134277344,301.5400085449219,301.2801818847656,77949100,0.0,0.0,-0.018871545388655542
2026-06-09,300.2799987792969,300.75,287.7799987792969,290.54998779296875,290.29962158203125,70108800,0.0,0.0,-0.036446341189923515
2026-06-10,290.739990234375,294.75,287.3800048828125,291.5799865722656,291.3287353515625,52793300,0.0,0.0,0.0035450055495178656
2026-06-11,293.7200012207031,297.0,289.5899963378906,295.6300048828125,295.375244140625,42572500,0.0,0.0,0.01388983748609407
2026-06-12,296.0299987792969,297.1400146484375,289.6199951171875,291.1300048828125,290.879150390625,38742100,0.0,0.0,-0.015221633631081977
2026-06-15,294.1199951171875,297.7799987792969,291.70001220703125,296.4200134277344,296.1645812988281,45732600,0.0,0.0,0.018170538868479413
2026-06-16,295.25,300.4800109863281,293.9700012207031,299.239990234375,298.9821472167969,39874400,0.0,0.0,0.009513514092780229
2026-06-17,300.8500061035156,302.07000732421875,294.3599853515625,295.95001220703125,295.6949768066406,42745100,0.0,0.0,-0.010994537435617069
2026-06-18,298.1099853515625,300.57000732421875,295.6199951171875,298.010009765625,297.7532043457031,85962200,0.0,0.0,0.006960644246616354
2026-06-22,297.30999755859375,302.4200134277344,296.760009765625,297.010009765625,296.75408935546875,44879900,0.0,0.0,-0.003355513813629196
2026-06-23,297.5400085449219,301.6400146484375,294.17999267578125,294.29998779296875,294.04638671875,52010900,0.0,0.0,-0.009124398732296202
2026-06-24,295.3599853515625,299.70001220703125,292.94000244140625,293.0799865722656,292.8274230957031,53081900,0.0,0.0,-0.004145480706800209
2026-06-25,287.3999938964844,288.79998779296875,273.75,275.1499938964844,274.91290283203125,107013700,0.0,0.0,-0.06117774105404383
2026-06-26,275.0,285.95001220703125,274.2099914550781,283.7799987792969,283.53546142578125,261775500,0.0,0.0,0.03136469225316163
2026-06-29,286.7300109863281,288.3699951171875,279.8500061035156,281.739990234375,281.4972229003906,66427000,0.0,0.0,-0.007188654692930396
2026-06-30,281.1700134277344,289.94000244140625,280.70001220703125,289.3599853515625,289.11065673828125,65100200,0.0,0.0,0.027046212958856453
2026-07-01,293.44000244140625,296.5899963378906,289.20001220703125,294.3800048828125,294.1263427734375,50164200,0.0,0.0,0.017348672275670385
2026-07-02,294.1199951171875,309.4200134277344,293.67999267578125,308.6300048828125,308.3640441894531,75352800,0.0,0.0,0.04840675364798175
2026-07-06,307.3599853515625,314.20001220703125,307.0,312.6600036621094,312.3905944824219,53590000,0.0,0.0,0.01305778143996239
2026-07-07,315.2900085449219,315.4800109863281,310.1499938964844,310.6600036621094,310.3923034667969,42490000,0.0,0.0,-0.006396770744445224
2026-07-08,311.9100036621094,314.82000732421875,307.04998779296875,313.3900146484375,313.1199645996094,41323500,0.0,0.0,0.008787785980344909
2026-07-09,310.510009765625,316.5299987792969,308.1600036621094,316.2200012207031,315.947509765625,48124500,0.0,0.0,0.00903022957872146
2026-07-10,314.7200012207031,316.9100036621094,312.1700134277344,315.32000732421875,315.0483093261719,34132300,0.0,0.0,-0.002846043762522954
2026-07-13,317.0199890136719,323.45001220703125,315.7799987792969,317.30999755859375,317.03656005859375,43257800,0.0,0.0,0.006310939222858858
2026-07-14,313.760009765625,316.19000244140625,311.9100036621094,314.8599853515625,314.58868408203125,36336800,0.0,0.0,-0.007721115748007379
2026-07-15,317.6199951171875,328.7300109863281,317.32000732421875,327.5,327.2178039550781,60957600,0.0,0.0,0.04014486379221993
2026-07-16,328.010009765625,334.67999267578125,326.7900085449219,333.260009765625,332.97283935546875,62970600,0.0,0.0,0.017587781993612772
2026-07-17,331.9800109863281,334.989990234375,329.0,333.739990234375,333.452392578125,63407100,0.0,0.0,0.0014402172368908062
2026-07-20,333.510009765625,333.7099914550781,323.67999267578125,326.5899963378906,326.3085632324219,53468000,0.0,0.0,-0.02142383591993391
2026-07-21,323.1300048828125,329.6000061035156,322.2200012207031,327.739990234375,327.45758056640625,41338900,0.0,0.0,0.0035212601306020552
2026-07-22,327.8699951171875,329.0,323.3399963378906,325.8900146484375,325.60919189453125,38755900,0.0,0.0,-0.005644666001250687
2026-07-23,321.7300109863281,323.29998779296875,319.3500061035156,321.6600036621094,321.3828430175781,40840800,0.0,0.0,-0.012979820539962161
2026-07-24,321.7900085449219,334.3699951171875,321.6199951171875,333.0199890136719,332.7330322265625,47489400,0.0,0.0,0.03531672413627751
2026-07-27,334.5400085449219,339.57000732421875,334.0199890136719,336.9100036621094,336.61968994140625,49604300,0.0,0.0,0.011681009513348384
2026-07-28,340.0299987792969,342.8900146484375,335.6000061035156,340.0799865722656,339.78692626953125,51859000,0.0,0.0,0.009408945533389002
2026-07-29,339.7300109863281,344.57000732421875,337.3500061035156,338.19000244140625,337.8985900878906,56090800,0.0,0.0,-0.005557412706758247
2026-07-30,333.1000061035156,334.75,329.5899963378906,333.42999267578125,333.1426696777344,74817800,0.0,0.0,-0.014074993355015719
2026-07-31,304.80999755859375,310.69000244140625,300.0,308.9100036621094,308.6438293457031,132489100,0.0,0.0,-0.07353858440208272
2026-08-03,309.5799865722656,311.79998779296875,302.55999755859375,303.4200134277344,303.1585693359375,75052000,0.0,0.0,-0.017772135672998512
2026-08-04,302.7300109863281,310.4200134277344,301.32000732421875,309.3800048828125,309.1134033203125,68001000,0.0,0.0,0.019642637836096544
2026-08-05,309.3599853515625,311.7099914550781,305.6700134277344,311.0,310.7320251464844,49438800,0.0,0.0,0.005236336596166957
2026-08-06,314.3399963378906,316.2900085449219,309.2300109863281,312.4100036621094,312.14080810546875,46139900,0.0,0.0,0.004533755277783991
2026-08-07,311.45001220703125,314.80999755859375,310.739990234375,313.3299865722656,313.05999755859375,34437200,0.0,0.0,0.0029447910342259576
2026-08-10,306.8299865722656,308.260009765625,304.6099853515625,308.260009765625,308.260009765625,44812500,0.27,0.0,-0.015332485243728322
2026-08-11,307.75,309.9700012207031,302.7900085449219,304.9100036621094,304.9100036621094,37476700,0.0,0.0,-0.010867469011185404
2026-08-12,305.1000061035156,305.6600036621094,300.57000732421875,302.25,302.25,41657800,0.0,0.0,-0.008723897642456846
2026-08-13,304.2099914550781,306.0,302.04998779296875,305.260009765625,305.260009765625,40349300,0.0,0.0,0.009958675816790663
2026-08-14,306.0,307.489990234375,304.29998779296875,305.92999267578125,305.92999267578125,28229400,0.0,0.0,0.002194794236790587
2026-08-17,306.2099914550781,307.6600036621094,302.94000244140625,305.5899963378906,305.5899963378906,38169300,0.0,0.0,-0.0011113534012042736
2026-08-18,307.5799865722656,311.489990234375,305.739990234375,310.0299987792969,310.0299987792969,53424500,0.0,0.0,0.014529279409058127
2026-08-19,310.1400146484375,319.2799987792969,309.6000061035156,316.8299865722656,316.8299865722656,50505600,0.0,0.0,0.021933322000267097
2026-08-20,317.4599914550781,320.2799987792969,310.6499938964844,311.29998779296875,311.29998779296875,40959200,0.0,0.0,-0.017454152112068244
2026-08-21,312.04998779296875,312.3800048828125,307.010009765625,309.3500061035156,309.3500061035156,46876800,0.0,0.0,-0.006263995393247401
2026-08-24,311.4700012207031,313.3599853515625,309.9700012207031,310.3399963378906,310.3399963378906,34673600,0.0,0.0,0.0032002269754076718
2026-08-25,310.7900085449219,313.5899963378906,308.2099914550781,309.8999938964844,309.8999938964844,25869800,0.0,0.0,-0.0014178077160482694
2026-08-26,310.29998779296875,315.42999267578125,308.79998779296875,313.45001220703125,313.45001220703125,34024500,0.0,0.0,0.011455367474878742
2026-08-27,310.54998779296875,315.3999938964844,309.3999938964844,314.5799865722656,314.5799865722656,32419200,0.0,0.0,0.003604958753321119
2026-08-28,316.8500061035156,322.3699951171875,315.45001220703125,319.70001220703125,319.70001220703125,38649400,0.0,0.0,0.01627575132974779
2026-08-31,319.6000061035156,321.239990234375,312.79998779296875,316.8500061035156,316.8500061035156,41242700,0.0,0.0,-0.008914626195478559
2026-09-01,316.9800109863281,327.29998779296875,314.7300109863281,325.1300048828125,325.1300048828125,53167400,0.0,0.0,0.02613223487390992
2026-09-02,326.8699951171875,328.3999938964844,323.5299987792969,324.9599914550781,324.9599914550781,33776400,0.0,0.0,-0.000522909067699362
2026-09-03,324.8699951171875,330.80999755859375,324.1099853515625,328.2099914550781,328.2099914550781,37225800,0.0,0.0,0.010001231183714099
2026-09-04,328.30999755859375,328.92999267578125,317.8599853515625,319.9700012207031,319.9700012207031,39606900,0.0,0.0,-0.025105848234065142
2026-09-08,317.1000061035156,320.70001220703125,314.8999938964844,316.2200012207031,316.2200012207031,35477100,0.0,0.0,-0.011719848691107093
2026-09-09,315.489990234375,319.1499938964844,309.8999938964844,315.3399963378906,315.3399963378906,65640000,0.0,0.0,-0.0027828881140200545
2026-09-10,316.6700134277344,326.739990234375,316.510009765625,326.57000732421875,326.57000732421875,70011900,0.0,0.0,0.03561239017170226
2026-09-11,327.45001220703125,336.2200012207031,326.29998779296875,332.2699890136719,332.2699890136719,50716900,0.0,0.0,0.017454088133066703
2026-09-14,334.7900085449219,335.5,331.3399963378906,333.0799865722656,333.0799865722656,39269100,0.0,0.0,0.0024377692400032736
2026-09-15,330.1400146484375,331.7799987792969,328.3500061035156,331.3399963378906,331.3399963378906,31748200,0.0,0.0,-0.005223941108804753
2026-09-16,332.5299987792969,335.4800109863281,330.70001220703125,332.4100036621094,332.4100036621094,35981000,0.0,0.0,0.0032293334219983816
2026-09-17,334.7699890136719,338.3399963378906,330.17999267578125,337.0,337.0,36700200,0.0,0.0,0.01380823768034456
2026-09-18,337.9100036621094,338.489990234375,332.5299987792969,336.1300048828125,336.1300048828125,86588200,0.0,0.0,-0.0025815878848294282
2026-09-21,335.2799987792969,339.6400146484375,333.04998779296875,338.9800109863281,338.9800109863281,34999200,0.0,0.0,0.0084788803799567
2026-09-22,340.1400146484375,345.3399963378906,338.75,339.75,339.75,40711800,0.0,0.0,0.002271487960105567
2026-09-23,341.0799865722656,341.79998779296875,335.5,337.0199890136719,337.0199890136719,31658800,0.0,0.0,-0.008035352424806796
2026-09-24,336.7200012207031,338.9100036621094,334.29998779296875,335.9200134277344,335.9200134277344,24733100,0.0,0.0,-0.0032638289175568325
2026-09-25,336.0400085449219,341.6700134277344,334.5299987792969,341.07000732421875,341.07000732421875,30002500,0.0,0.0,0.015331012415526368
2026-09-28,340.3699951171875,342.989990234375,338.0400085449219,338.3999938964844,338.3999938964844,32820800,0.0,0.0,-0.007828344241351815
2026-09-29,336.9700012207031,337.0899963378906,328.70001220703125,329.3999938964844,329.3999938964844,38478000,0.0,0.0,-0.026595745160542417
2026-09-30,330.79998779296875,339.5,330.1400146484375,333.0199890136719,333.0199890136719,49988600,0.0,0.0,0.01098966358306952
2026-10-01,330.0,332.4800109863281,325.80999755859375,330.32000732421875,330.32000732421875,36306300,0.0,0.0,-0.008107566448037673
2026-10-02,333.260009765625,334.5400085449219,330.6099853515625,333.69000244140625,333.69000244140625,33278600,0.0,0.0,0.010202213134125282
2026-10-05,332.82000732421875,336.2099914550781,331.6499938964844,332.8900146484375,332.8900146484375,34400900,0.0,0.0,-0.002397398145331686
