Date,Open,High,Low,Close,Adj_Close,Volume,Dividends,Stock_Splits,Adj_Factor,Daily_Return,Log_Return,Cumulative_Return
2016-10-06,67.730003,67.970001,67.050003,67.870003,52.305008,17485000,0.000000,0.000000,0.770665,,,0.000000
2016-10-07,67.790001,68.180000,67.400002,68.110001,52.489979,18497000,0.000000,0.000000,0.770665,0.003536,0.003530,0.003536
2016-10-10,68.339996,69.059998,68.230003,68.639999,52.898411,13027500,0.000000,0.000000,0.770665,0.007781,0.007751,0.011345
2016-10-11,68.500000,68.820000,67.930000,68.309998,52.644088,15657100,0.000000,0.000000,0.770664,-0.004808,-0.004819,0.006483
2016-10-12,68.260002,68.589996,68.050003,68.129997,52.505368,11899800,0.000000,0.000000,0.770664,-0.002635,-0.002639,0.003831
2016-10-13,67.459999,67.870003,66.820000,67.739998,52.204815,17890000,0.000000,0.000000,0.770665,-0.005724,-0.005741,-0.001916
2016-10-14,68.800003,69.029999,67.300003,67.519997,52.035278,24163800,0.000000,0.000000,0.770665,-0.003248,-0.003253,-0.005157
2016-10-17,67.419998,67.790001,66.739998,67.169998,51.765544,14963400,0.000000,0.000000,0.770665,-0.005184,-0.005197,-0.010314
2016-10-18,67.849998,68.209999,67.540001,67.699997,52.173998,11870300,0.000000,0.000000,0.770665,0.007890,0.007859,-0.002505
2016-10-19,67.809998,68.500000,67.809998,68.349998,52.674917,12705800,0.000000,0.000000,0.770664,0.009601,0.009555,0.007072
2016-10-20,68.080002,68.680000,67.940002,68.260002,52.605572,14122000,0.000000,0.000000,0.770665,-0.001316,-0.001317,0.005746
2016-10-21,67.809998,68.529999,67.699997,68.489998,52.782807,12175700,0.000000,0.000000,0.770664,0.003369,0.003363,0.009135
2016-10-24,68.970001,69.050003,68.500000,68.870003,53.075669,10197100,0.000000,0.000000,0.770665,0.005548,0.005533,0.014734
2016-10-25,68.879997,68.930000,68.379997,68.800003,53.021720,9945100,0.000000,0.000000,0.770664,-0.001016,-0.001017,0.013703
2016-10-26,68.370003,69.250000,68.370003,69.129997,53.276032,9801300,0.000000,0.000000,0.770664,0.004796,0.004785,0.018565
2016-10-27,69.489998,69.769997,69.099998,69.230003,53.353120,14210700,0.000000,0.000000,0.770665,0.001447,0.001446,0.020038
2016-10-28,69.529999,69.550003,68.470001,69.110001,53.260637,12766500,0.000000,0.000000,0.770665,-0.001733,-0.001735,0.018270
2016-10-31,69.430000,69.580002,69.230003,69.260002,53.376229,14336300,0.000000,0.000000,0.770665,0.002170,0.002168,0.020480
2016-11-01,69.480003,69.779999,68.330002,68.970001,53.152727,15564500,0.000000,0.000000,0.770664,-0.004187,-0.004196,0.016207
2016-11-02,68.650002,68.849998,68.010002,68.680000,52.929252,12449800,0.000000,0.000000,0.770665,-0.004204,-0.004213,0.011935
2016-11-03,68.860001,69.190002,68.220001,68.379997,52.698036,10369700,0.000000,0.000000,0.770665,-0.004368,-0.004378,0.007514
2016-11-04,68.489998,68.559998,67.639999,67.760002,52.220234,13571300,0.000000,0.000000,0.770665,-0.009067,-0.009108,-0.001621
2016-11-07,69.080002,69.970001,69.000000,69.879997,53.854054,16515100,0.000000,0.000000,0.770665,0.031287,0.030808,0.029616
2016-11-08,69.699997,70.550003,69.239998,70.029999,53.969635,17531700,0.000000,0.000000,0.770665,0.002146,0.002144,0.031825
2016-11-09,71.459999,74.150002,71.320000,73.250000,56.451193,50948400,0.000000,0.000000,0.770665,0.045981,0.044955,0.079269
2016-11-10,74.220001,77.250000,74.220001,76.650002,59.071426,56192300,0.000000,0.000000,0.770664,0.046416,0.045371,0.129365
2016-11-11,76.300003,76.720001,75.769997,76.690002,59.102266,27574300,0.000000,0.000000,0.770665,0.000522,0.000522,0.129954
2016-11-14,77.250000,80.440002,77.250000,79.510002,61.275537,46130700,0.000000,0.000000,0.770665,0.036771,0.036111,0.171504
2016-11-15,78.370003,79.410004,77.779999,79.360001,61.159925,28126300,0.000000,0.000000,0.770664,-0.001887,-0.001889,0.169294
2016-11-16,78.220001,78.349998,76.879997,77.400002,59.649436,26054900,0.000000,0.000000,0.770665,-0.024697,-0.025007,0.140415
2016-11-17,77.930000,78.459999,77.599998,78.019997,60.127243,19306700,0.000000,0.000000,0.770665,0.008010,0.007978,0.149550
2016-11-18,77.959999,78.419998,77.550003,77.709999,59.888357,19770000,0.000000,0.000000,0.770665,-0.003973,-0.003981,0.144983
2016-11-21,78.000000,78.169998,77.290001,78.050003,60.150374,11983500,0.000000,0.000000,0.770665,0.004375,0.004366,0.149993
2016-11-22,78.349998,78.559998,77.760002,78.529999,60.520283,14410100,0.000000,0.000000,0.770665,0.006150,0.006131,0.157065
2016-11-23,78.870003,79.239998,77.889999,78.860001,60.774618,13373700,0.000000,0.000000,0.770665,0.004202,0.004194,0.161927
2016-11-25,79.099998,79.449997,78.470001,78.830002,60.751498,6185700,0.000000,0.000000,0.770665,-0.000380,-0.000380,0.161485
2016-11-28,78.180000,78.870003,78.019997,78.320000,60.358447,13007200,0.000000,0.000000,0.770665,-0.006470,-0.006491,0.153971
2016-11-29,78.389999,79.160004,78.389999,78.919998,60.820838,14144100,0.000000,0.000000,0.770664,0.007661,0.007632,0.162811
2016-11-30,79.919998,80.529999,79.699997,80.169998,61.784172,25351900,0.000000,0.000000,0.770665,0.015839,0.015715,0.181229
2016-12-01,80.650002,82.279999,80.650002,81.790001,63.032650,23823600,0.000000,0.000000,0.770665,0.020207,0.020006,0.205098
2016-12-02,81.800003,81.830002,80.900002,81.599998,62.886199,16931500,0.000000,0.000000,0.770664,-0.002323,-0.002326,0.202298
2016-12-05,82.300003,83.290001,82.290001,83.260002,64.165537,18529800,0.000000,0.000000,0.770665,0.020344,0.020140,0.226757
2016-12-06,83.599998,83.809998,82.430000,83.690002,64.496914,16130000,0.000000,0.000000,0.770665,0.005164,0.005151,0.233093
2016-12-07,83.550003,84.089996,82.849998,84.070000,64.789773,18996900,0.000000,0.000000,0.770665,0.004541,0.004530,0.238692
2016-12-08,84.230003,85.500000,83.940002,85.120003,65.598968,20844900,0.000000,0.000000,0.770665,0.012490,0.012412,0.254162
2016-12-09,85.019997,85.500000,84.139999,85.489998,65.884128,14567200,0.000000,0.000000,0.770665,0.004347,0.004338,0.259614
2016-12-12,85.360001,85.790001,84.290001,84.730003,65.298413,14511300,0.000000,0.000000,0.770665,-0.008890,-0.008930,0.248416
2016-12-13,84.980003,85.669998,83.820000,84.760002,65.321543,16669000,0.000000,0.000000,0.770665,0.000354,0.000354,0.248858
2016-12-14,83.879997,86.120003,83.760002,84.730003,65.298413,22622600,0.000000,0.000000,0.770665,-0.000354,-0.000354,0.248416
2016-12-15,85.400002,86.489998,84.900002,86.000000,66.277149,19438900,0.000000,0.000000,0.770665,0.014989,0.014877,0.267128
2016-12-16,86.290001,86.290001,84.889999,84.940002,65.460240,23008500,0.000000,0.000000,0.770664,-0.012326,-0.012402,0.251510
2016-12-19,84.800003,85.440002,84.190002,85.430000,65.837888,21685100,0.000000,0.000000,0.770665,0.005769,0.005753,0.258730
2016-12-20,85.790001,86.540001,85.550003,86.529999,66.685619,14587300,0.000000,0.000000,0.770665,0.012876,0.012794,0.274938
2016-12-21,86.430000,86.809998,86.029999,86.750000,66.855122,11400500,0.000000,0.000000,0.770664,0.002542,0.002539,0.278178
2016-12-22,86.440002,87.169998,86.209999,86.889999,66.963028,13924200,0.000000,0.000000,0.770664,0.001614,0.001613,0.280241
2016-12-23,87.000000,87.150002,86.400002,87.050003,67.086352,10759400,0.000000,0.000000,0.770665,0.001842,0.001840,0.282599
2016-12-27,87.050003,87.160004,86.750000,87.129997,67.147995,6946400,0.000000,0.000000,0.770664,0.000919,0.000918,0.283778
2016-12-28,87.160004,87.389999,86.349998,86.500000,66.662494,9455600,0.000000,0.000000,0.770665,-0.007230,-0.007257,0.274495
2016-12-29,86.580002,86.669998,85.040001,85.889999,66.192383,14689000,0.000000,0.000000,0.770665,-0.007052,-0.007077,0.265508
2016-12-30,86.099998,86.419998,85.660004,86.290001,66.500644,13617800,0.000000,0.000000,0.770665,0.004657,0.004646,0.271401
2017-01-03,87.339996,87.760002,85.980003,87.230003,67.225080,20550700,0.000000,0.000000,0.770665,0.010894,0.010835,0.285251
2017-01-04,86.959999,87.180000,86.400002,86.910004,67.349072,15266600,0.480000,0.000000,0.774929,0.001844,0.001843,0.287622
2017-01-05,86.809998,87.110001,85.260002,86.110001,66.729126,14300800,0.000000,0.000000,0.774929,-0.009205,-0.009248,0.275769
2017-01-06,86.389999,86.620003,85.940002,86.120003,66.736869,12893300,0.000000,0.000000,0.774929,0.000116,0.000116,0.275917
2017-01-09,85.730003,86.769997,85.519997,86.180000,66.783367,12806600,0.000000,0.000000,0.774929,0.000697,0.000696,0.276806
2017-01-10,86.070000,86.900002,85.720001,86.430000,66.977095,13989000,0.000000,0.000000,0.774929,0.002901,0.002897,0.280510
2017-01-11,86.430000,87.080002,85.910004,87.080002,67.480777,14713100,0.000000,0.000000,0.774929,0.007520,0.007492,0.290140
2017-01-12,86.760002,87.269997,86.019997,86.239998,66.829872,21337400,0.000000,0.000000,0.774929,-0.009646,-0.009693,0.277695
2017-01-13,87.110001,88.169998,86.099998,86.699997,67.186333,28296000,0.000000,0.000000,0.774929,0.005334,0.005320,0.284511
2017-01-17,84.930000,85.220001,83.279999,83.550003,64.745317,30024600,0.000000,0.000000,0.774929,-0.036332,-0.037008,0.237842
2017-01-18,83.629997,84.230003,83.029999,83.940002,65.047520,21270100,0.000000,0.000000,0.774929,0.004668,0.004657,0.243619
2017-01-19,84.059998,84.669998,83.120003,83.300003,64.551574,16555600,0.000000,0.000000,0.774929,-0.007624,-0.007654,0.234138
2017-01-20,83.430000,83.830002,83.290001,83.669998,64.838305,18436800,0.000000,0.000000,0.774929,0.004442,0.004432,0.239619
2017-01-23,83.300003,84.000000,83.209999,83.709999,64.869279,12179200,0.000000,0.000000,0.774929,0.000478,0.000478,0.240212
2017-01-24,83.919998,85.000000,83.559998,84.720001,65.651965,15175300,0.000000,0.000000,0.774929,0.012066,0.011993,0.255175
2017-01-25,85.839996,86.169998,85.169998,86.029999,66.667102,17551000,0.000000,0.000000,0.774929,0.015462,0.015344,0.274584
2017-01-26,85.949997,86.949997,85.949997,86.750000,67.225065,15962800,0.000000,0.000000,0.774929,0.008369,0.008335,0.285251
2017-01-27,86.660004,86.980003,86.269997,86.930000,67.364551,12535400,0.000000,0.000000,0.774929,0.002075,0.002073,0.287918
2017-01-30,86.190002,86.500000,85.320000,86.029999,66.667102,13661900,0.000000,0.000000,0.774929,-0.010353,-0.010407,0.274584
2017-01-31,85.599998,86.150002,84.089996,84.629997,65.582214,15655100,0.000000,0.000000,0.774929,-0.016273,-0.016407,0.253842
2017-02-01,85.540001,86.099998,84.680000,84.949997,65.830199,15430900,0.000000,0.000000,0.774929,0.003781,0.003774,0.258583
2017-02-02,84.339996,84.910004,84.160004,84.589996,65.551232,11081400,0.000000,0.000000,0.774929,-0.004238,-0.004247,0.253250
2017-02-03,86.190002,87.309998,85.870003,87.180000,67.558286,17885200,0.000000,0.000000,0.774929,0.030618,0.030159,0.291622
2017-02-06,86.790001,87.449997,86.610001,86.769997,67.240551,11828400,0.000000,0.000000,0.774929,-0.004703,-0.004714,0.285547
2017-02-07,87.139999,87.400002,86.480003,86.720001,67.201841,9392800,0.000000,0.000000,0.774929,-0.000576,-0.000576,0.284807
2017-02-08,86.180000,86.309998,85.370003,85.959999,66.612869,13970900,0.000000,0.000000,0.774929,-0.008764,-0.008803,0.273547
2017-02-09,85.959999,87.330002,85.959999,87.199997,67.573789,13749100,0.000000,0.000000,0.774929,0.014425,0.014322,0.291918
2017-02-10,87.480003,87.480003,86.889999,87.000000,67.418777,10992500,0.000000,0.000000,0.774928,-0.002294,-0.002297,0.288955
2017-02-13,87.440002,88.739998,87.430000,88.150002,68.309984,18739100,0.000000,0.000000,0.774929,0.013219,0.013132,0.305993
2017-02-14,88.300003,89.699997,88.110001,89.559998,69.402624,17932100,0.000000,0.000000,0.774929,0.015995,0.015869,0.326883
2017-02-15,90.080002,90.870003,89.349998,90.589996,70.200789,17381800,0.000000,0.000000,0.774929,0.011501,0.011435,0.342143
2017-02-16,90.400002,91.040001,89.769997,90.529999,70.154321,17672700,0.000000,0.000000,0.774929,-0.000662,-0.000662,0.341254
2017-02-17,89.820000,90.470001,89.690002,90.230003,69.921831,15776600,0.000000,0.000000,0.774929,-0.003314,-0.003319,0.336809
2017-02-21,90.510002,91.150002,90.459999,91.010002,70.526267,14068300,0.000000,0.000000,0.774929,0.008644,0.008607,0.348365
2017-02-22,90.519997,91.300003,90.419998,91.059998,70.565015,11839000,0.000000,0.000000,0.774929,0.000549,0.000549,0.349106
2017-02-23,91.180000,91.339996,90.519997,91.129997,70.619233,11067000,0.000000,0.000000,0.774929,0.000768,0.000768,0.350143
2017-02-24,90.180000,90.540001,89.730003,90.330002,69.999333,15062300,0.000000,0.000000,0.774929,-0.008778,-0.008817,0.338291
2017-02-27,90.320000,90.730003,90.019997,90.430000,70.076811,12361000,0.000000,0.000000,0.774929,0.001107,0.001106,0.339772
2017-02-28,89.849998,90.820000,89.589996,90.620003,70.224049,15183500,0.000000,0.000000,0.774929,0.002101,0.002099,0.342587
2017-03-01,92.790001,93.980003,92.610001,93.599998,72.533321,24451400,0.000000,0.000000,0.774929,0.032884,0.032355,0.386738
2017-03-02,93.870003,93.919998,92.029999,92.139999,71.401941,16862500,0.000000,0.000000,0.774929,-0.015598,-0.015721,0.365107
2017-03-03,92.139999,93.110001,92.139999,92.800003,71.913383,12817500,0.000000,0.000000,0.774929,0.007163,0.007137,0.374885
2017-03-06,92.250000,92.320000,91.099998,91.919998,71.231459,15059200,0.000000,0.000000,0.774929,-0.009483,-0.009528,0.361848
2017-03-07,91.639999,92.089996,91.209999,91.410004,70.836245,11156800,0.000000,0.000000,0.774929,-0.005548,-0.005564,0.354292
2017-03-08,92.680000,92.849998,91.099998,91.209999,70.681226,17378400,0.000000,0.000000,0.774928,-0.002188,-0.002191,0.351328
2017-03-09,91.599998,92.139999,91.150002,91.570000,70.960222,13726200,0.000000,0.000000,0.774929,0.003947,0.003939,0.356662
2017-03-10,91.949997,92.000000,90.529999,91.279999,70.735490,13729900,0.000000,0.000000,0.774929,-0.003167,-0.003172,0.352366
2017-03-13,91.309998,91.779999,90.930000,91.360001,70.797497,10004300,0.000000,0.000000,0.774929,0.000877,0.000876,0.353551
2017-03-14,91.019997,91.650002,90.769997,91.510002,70.913716,10237700,0.000000,0.000000,0.774929,0.001642,0.001640,0.355773
2017-03-15,91.800003,92.550003,91.129997,91.730003,71.084221,16601400,0.000000,0.000000,0.774929,0.002404,0.002402,0.359033
2017-03-16,92.029999,92.809998,91.570000,91.639999,71.014478,14492000,0.000000,0.000000,0.774929,-0.000981,-0.000982,0.357699
2017-03-17,91.830002,92.040001,90.650002,90.680000,70.270547,21734700,0.000000,0.000000,0.774929,-0.010476,-0.010531,0.343476
2017-03-20,90.269997,91.169998,89.790001,90.029999,69.766819,14623600,0.000000,0.000000,0.774929,-0.007168,-0.007194,0.333846
2017-03-21,90.360001,90.639999,87.059998,87.389999,67.721003,33089200,0.000000,0.000000,0.774929,-0.029324,-0.029762,0.294733
2017-03-22,86.889999,88.070000,86.010002,87.529999,67.829501,21741000,0.000000,0.000000,0.774929,0.001602,0.001601,0.296807
2017-03-23,87.209999,88.500000,87.089996,87.389999,67.721003,16090100,0.000000,0.000000,0.774929,-0.001600,-0.001601,0.294733
2017-03-24,87.790001,88.089996,86.769997,87.290001,67.643539,16093200,0.000000,0.000000,0.774929,-0.001144,-0.001145,0.293252
2017-03-27,85.529999,87.400002,85.230003,87.239998,67.604792,16689300,0.000000,0.000000,0.774929,-0.000573,-0.000573,0.292511
2017-03-28,87.019997,89.019997,86.980003,88.599998,68.658677,16264400,0.000000,0.000000,0.774929,0.015589,0.015469,0.312660
2017-03-29,88.599998,88.820000,88.080002,88.269997,68.402965,10207600,0.000000,0.000000,0.774929,-0.003724,-0.003731,0.307771
2017-03-30,88.199997,89.459999,88.120003,89.029999,68.991892,11631000,0.000000,0.000000,0.774929,0.008610,0.008573,0.319030
2017-03-31,88.709999,88.739998,87.750000,87.839996,68.069750,16987600,0.000000,0.000000,0.774929,-0.013366,-0.013456,0.301400
2017-04-03,87.989998,88.169998,86.599998,87.519997,67.821773,19831800,0.000000,0.000000,0.774929,-0.003643,-0.003650,0.296659
2017-04-04,86.889999,87.669998,86.720001,87.309998,68.047780,14280800,0.500000,0.000000,0.779381,0.003332,0.003327,0.300980
2017-04-05,88.419998,88.540001,86.129997,86.190002,67.174907,17635500,0.000000,0.000000,0.779382,-0.012827,-0.012910,0.284292
2017-04-06,85.980003,86.910004,85.250000,86.480003,67.400891,14379600,0.000000,0.000000,0.779381,0.003364,0.003358,0.288613
2017-04-07,85.930000,86.809998,85.709999,86.180000,67.167088,13097100,0.000000,0.000000,0.779381,-0.003469,-0.003475,0.284143
2017-04-10,86.080002,86.690002,85.400002,85.879997,66.933261,15081600,0.000000,0.000000,0.779381,-0.003481,-0.003487,0.279672
2017-04-11,85.540001,85.790001,84.800003,85.730003,66.816368,14690500,0.000000,0.000000,0.779381,-0.001746,-0.001748,0.277437
2017-04-12,85.930000,85.949997,85.029999,85.400002,66.559159,14730600,0.000000,0.000000,0.779381,-0.003849,-0.003857,0.272520
2017-04-13,85.500000,86.989998,84.400002,84.400002,65.779783,30529800,0.000000,0.000000,0.779381,-0.011710,-0.011779,0.257619
2017-04-17,84.440002,86.080002,84.370003,85.860001,66.917676,19071700,0.000000,0.000000,0.779381,0.017299,0.017151,0.279374
2017-04-18,85.360001,85.629997,84.739998,85.160004,66.372134,14127000,0.000000,0.000000,0.779382,-0.008152,-0.008186,0.268944
2017-04-19,85.500000,85.919998,84.360001,84.459999,65.826547,17588500,0.000000,0.000000,0.779381,-0.008220,-0.008254,0.258513
2017-04-20,84.980003,85.779999,84.550003,85.550003,66.676069,15635800,0.000000,0.000000,0.779381,0.012905,0.012823,0.274755
2017-04-21,85.500000,85.680000,84.510002,84.519997,65.873333,19820600,0.000000,0.000000,0.779382,-0.012039,-0.012112,0.259408
2017-04-24,86.550003,88.050003,86.419998,87.500000,68.195883,25468300,0.000000,0.000000,0.779382,0.035258,0.034650,0.303812
2017-04-25,88.550003,89.129997,88.260002,88.260002,68.788204,18253800,0.000000,0.000000,0.779381,0.008686,0.008648,0.315136
2017-04-26,88.349998,89.050003,88.139999,88.430000,68.920691,12832200,0.000000,0.000000,0.779381,0.001926,0.001924,0.317669
2017-04-27,88.370003,88.370003,87.010002,87.610001,68.281607,13329000,0.000000,0.000000,0.779381,-0.009273,-0.009316,0.305451
2017-04-28,87.599998,87.849998,86.949997,87.000000,67.806158,10755600,0.000000,0.000000,0.779381,-0.006963,-0.006987,0.296361
2017-05-01,87.360001,87.739998,86.559998,87.059998,67.852944,15712300,0.000000,0.000000,0.779381,0.000690,0.000690,0.297255
2017-05-02,86.709999,86.879997,86.019997,86.500000,67.416485,14414200,0.000000,0.000000,0.779381,-0.006432,-0.006453,0.288911
2017-05-03,86.059998,87.099998,86.019997,87.000000,67.806158,11540500,0.000000,0.000000,0.779381,0.005780,0.005763,0.296361
2017-05-04,87.690002,87.730003,86.570000,87.099998,67.884123,11540100,0.000000,0.000000,0.779381,0.001150,0.001149,0.297851
2017-05-05,87.250000,87.339996,86.419998,87.000000,67.806158,9436000,0.000000,0.000000,0.779381,-0.001149,-0.001149,0.296361
2017-05-08,87.040001,87.320000,86.650002,87.099998,67.884123,8162200,0.000000,0.000000,0.779381,0.001150,0.001149,0.297851
2017-05-09,87.260002,87.839996,86.500000,86.750000,67.611329,10273900,0.000000,0.000000,0.779381,-0.004019,-0.004027,0.292636
2017-05-10,86.529999,87.480003,86.470001,87.430000,68.141301,8334900,0.000000,0.000000,0.779381,0.007839,0.007808,0.302768
2017-05-11,87.089996,87.480003,86.349998,87.160004,67.930878,10907400,0.000000,0.000000,0.779381,-0.003088,-0.003093,0.298745
2017-05-12,86.680000,87.050003,86.339996,86.919998,67.743808,8738800,0.000000,0.000000,0.779381,-0.002754,-0.002758,0.295169
2017-05-15,87.099998,87.489998,86.860001,87.339996,68.071169,8835600,0.000000,0.000000,0.779381,0.004832,0.004821,0.301427
2017-05-16,87.360001,88.089996,87.339996,87.610001,68.281607,9795000,0.000000,0.000000,0.779381,0.003091,0.003087,0.305451
2017-05-17,87.610001,87.610001,83.970001,84.269997,65.678474,24679700,0.000000,0.000000,0.779381,-0.038123,-0.038869,0.255682
2017-05-18,84.070000,84.800003,83.360001,83.959999,65.436851,23350100,0.000000,0.000000,0.779381,-0.003679,-0.003686,0.251063
2017-05-19,84.209999,85.339996,84.150002,84.779999,66.075951,13412900,0.000000,0.000000,0.779381,0.009767,0.009719,0.263282
2017-05-22,85.180000,85.290001,84.209999,84.699997,66.013602,11636000,0.000000,0.000000,0.779381,-0.000944,-0.000944,0.262089
2017-05-23,84.750000,86.070000,84.510002,85.760002,66.839757,11753000,0.000000,0.000000,0.779381,0.012515,0.012437,0.277884
2017-05-24,85.879997,85.970001,85.239998,85.709999,66.800789,9833800,0.000000,0.000000,0.779382,-0.000583,-0.000583,0.277139
2017-05-25,85.989998,86.080002,85.080002,85.349998,66.520214,12238500,0.000000,0.000000,0.779382,-0.004200,-0.004209,0.271775
2017-05-26,85.110001,85.559998,85.019997,85.360001,66.527988,8113500,0.000000,0.000000,0.779381,0.000117,0.000117,0.271924
2017-05-30,85.129997,85.150002,83.779999,83.900002,65.390095,12603200,0.000000,0.000000,0.779381,-0.017104,-0.017252,0.250169
2017-05-31,83.730003,83.820000,81.639999,82.150002,64.026188,28327900,0.000000,0.000000,0.779381,-0.020858,-0.021079,0.224093
2017-06-01,82.459999,83.080002,81.650002,83.059998,64.735417,17123500,0.000000,0.000000,0.779381,0.011077,0.011016,0.237652
2017-06-02,82.290001,82.989998,81.980003,82.639999,64.408071,14998500,0.000000,0.000000,0.779381,-0.005057,-0.005070,0.231394
2017-06-05,82.639999,83.510002,82.580002,82.790001,64.524988,9080200,0.000000,0.000000,0.779381,0.001815,0.001814,0.233629
2017-06-06,82.290001,83.220001,82.129997,82.959999,64.657498,12196800,0.000000,0.000000,0.779382,0.002054,0.002052,0.236163
2017-06-07,83.309998,84.110001,83.099998,83.910004,65.397884,13711100,0.000000,0.000000,0.779381,0.011451,0.011386,0.250318
2017-06-08,83.910004,85.730003,83.889999,84.949997,66.208461,17951000,0.000000,0.000000,0.779382,0.012395,0.012318,0.265815
2017-06-09,85.510002,87.050003,85.389999,86.959999,67.774994,19120200,0.000000,0.000000,0.779381,0.023661,0.023385,0.295765
2017-06-12,86.959999,87.739998,86.889999,86.980003,67.790602,16053400,0.000000,0.000000,0.779381,0.000230,0.000230,0.296063
2017-06-13,87.550003,87.849998,86.980003,87.269997,68.016610,12557200,0.000000,0.000000,0.779381,0.003334,0.003328,0.300384
2017-06-14,86.769997,87.309998,85.820000,87.089996,67.876311,16175700,0.000000,0.000000,0.779381,-0.002063,-0.002065,0.297702
2017-06-15,86.250000,87.080002,86.239998,86.570000,67.471037,12509700,0.000000,0.000000,0.779381,-0.005971,-0.005989,0.289954
2017-06-16,86.849998,86.959999,86.019997,86.180000,67.167088,16936600,0.000000,0.000000,0.779381,-0.004505,-0.004515,0.284143
2017-06-19,86.970001,88.230003,86.849998,88.070000,68.640147,15972300,0.000000,0.000000,0.779382,0.021931,0.021694,0.312305
2017-06-20,87.750000,87.919998,87.370003,87.519997,68.211439,11197800,0.000000,0.000000,0.779381,-0.006246,-0.006265,0.304109
2017-06-21,87.480003,87.550003,86.760002,87.120003,67.899715,10005900,0.000000,0.000000,0.779381,-0.004570,-0.004580,0.298149
2017-06-22,86.930000,87.360001,86.650002,87.019997,67.821789,12180600,0.000000,0.000000,0.779382,-0.001148,-0.001148,0.296660
2017-06-23,87.660004,88.000000,86.610001,86.860001,67.697067,18812000,0.000000,0.000000,0.779381,-0.001839,-0.001841,0.294275
2017-06-26,87.010002,87.669998,86.620003,87.239998,67.993242,10082400,0.000000,0.000000,0.779382,0.004375,0.004365,0.299938
2017-06-27,87.709999,88.940002,87.500000,88.050003,68.624508,15415200,0.000000,0.000000,0.779381,0.009284,0.009241,0.312006
2017-06-28,88.599998,90.070000,88.599998,89.820000,70.004017,17466200,0.000000,0.000000,0.779381,0.020102,0.019903,0.338381
2017-06-29,92.339996,92.650002,90.309998,91.150002,71.040585,27697800,0.000000,0.000000,0.779381,0.014807,0.014699,0.358199
2017-06-30,91.959999,92.000000,91.160004,91.400002,71.235460,16892700,0.000000,0.000000,0.779381,0.002743,0.002739,0.361924
2017-07-03,91.559998,93.480003,91.410004,92.750000,72.685250,13208100,0.500000,0.000000,0.783668,0.020352,0.020148,0.389642
2017-07-05,93.120003,93.790001,92.610001,93.680000,73.414059,17535400,0.000000,0.000000,0.783668,0.010027,0.009977,0.403576
2017-07-06,93.540001,94.510002,92.879997,93.379997,73.178942,16596100,0.000000,0.000000,0.783668,-0.003203,-0.003208,0.399081
2017-07-07,93.959999,94.169998,93.230003,93.849998,73.547275,12817800,0.000000,0.000000,0.783668,0.005033,0.005021,0.406123
2017-07-10,93.500000,93.680000,93.089996,93.190002,73.030042,13987200,0.000000,0.000000,0.783668,-0.007033,-0.007058,0.396234
2017-07-11,93.330002,93.330002,92.279999,92.830002,72.747941,13262300,0.000000,0.000000,0.783668,-0.003863,-0.003870,0.390841
2017-07-12,92.610001,92.830002,92.070000,92.510002,72.497170,13540100,0.000000,0.000000,0.783668,-0.003447,-0.003453,0.386046
2017-07-13,92.690002,93.379997,92.339996,93.099998,72.959532,12820100,0.000000,0.000000,0.783668,0.006378,0.006357,0.394886
2017-07-14,90.809998,92.610001,90.580002,92.250000,72.293422,22235200,0.000000,0.000000,0.783669,-0.009130,-0.009172,0.382151
2017-07-17,91.820000,91.989998,91.250000,91.389999,71.619439,14374200,0.000000,0.000000,0.783668,-0.009323,-0.009367,0.369265
2017-07-18,90.449997,91.580002,90.320000,91.070000,71.368683,14719400,0.000000,0.000000,0.783668,-0.003501,-0.003507,0.364471
2017-07-19,91.339996,91.620003,91.000000,91.199997,71.470546,11651200,0.000000,0.000000,0.783668,0.001427,0.001426,0.366419
2017-07-20,91.150002,91.720001,90.900002,91.199997,71.470546,11561700,0.000000,0.000000,0.783668,0.000000,0.000000,0.366419
2017-07-21,91.059998,91.360001,90.519997,90.889999,71.227625,10971300,0.000000,0.000000,0.783668,-0.003399,-0.003405,0.361774
2017-07-24,90.959999,91.540001,90.910004,91.279999,71.533252,10725100,0.000000,0.000000,0.783668,0.004291,0.004282,0.367618
2017-07-25,92.370003,93.519997,92.269997,92.800003,72.724445,16447700,0.000000,0.000000,0.783669,0.016652,0.016515,0.390392
2017-07-26,93.099998,93.190002,91.680000,91.930000,72.042636,11815500,0.000000,0.000000,0.783668,-0.009375,-0.009419,0.377356
2017-07-27,91.830002,92.059998,91.160004,91.550003,71.744844,12332400,0.000000,0.000000,0.783668,-0.004134,-0.004142,0.371663
2017-07-28,91.449997,91.750000,90.910004,91.279999,71.533252,9351900,0.000000,0.000000,0.783668,-0.002949,-0.002954,0.367618
2017-07-31,91.510002,92.360001,91.500000,91.800003,71.940773,11520300,0.000000,0.000000,0.783669,0.005697,0.005681,0.375409
2017-08-01,92.489998,93.139999,92.279999,93.029999,72.904660,12523700,0.000000,0.000000,0.783668,0.013398,0.013309,0.393837
2017-08-02,92.870003,93.209999,92.510002,93.110001,72.967374,10165600,0.000000,0.000000,0.783668,0.000860,0.000860,0.395036
2017-08-03,92.699997,93.129997,92.239998,92.500000,72.489328,11078800,0.000000,0.000000,0.783668,-0.006552,-0.006573,0.385897
2017-08-04,93.500000,94.400002,93.470001,93.660004,73.398375,14324000,0.000000,0.000000,0.783668,0.012540,0.012462,0.403276
2017-08-07,93.889999,94.190002,93.709999,94.019997,73.680514,7978300,0.000000,0.000000,0.783669,0.003844,0.003837,0.408670
2017-08-08,93.949997,95.220001,93.599998,93.680000,73.414059,13745400,0.000000,0.000000,0.783668,-0.003616,-0.003623,0.403576
2017-08-09,92.980003,93.680000,92.830002,93.529999,73.296512,11214400,0.000000,0.000000,0.783668,-0.001601,-0.001602,0.401329
2017-08-10,92.900002,93.070000,92.070000,92.190002,72.246392,13252300,0.000000,0.000000,0.783668,-0.014327,-0.014431,0.381252
2017-08-11,92.129997,92.669998,91.239998,91.419998,71.642957,10679500,0.000000,0.000000,0.783668,-0.008352,-0.008388,0.369715
2017-08-14,92.370003,92.900002,92.330002,92.489998,72.481501,10994800,0.000000,0.000000,0.783669,0.011704,0.011637,0.385747
2017-08-15,93.309998,93.559998,92.650002,92.730003,72.669574,8812700,0.000000,0.000000,0.783668,0.002595,0.002591,0.389343
2017-08-16,93.040001,93.230003,91.879997,92.089996,72.168017,11085400,0.000000,0.000000,0.783668,-0.006902,-0.006926,0.379753
2017-08-17,91.760002,91.959999,90.500000,90.650002,71.039522,13837500,0.000000,0.000000,0.783668,-0.015637,-0.015761,0.358178
2017-08-18,90.309998,91.540001,90.190002,90.739998,71.110078,13040700,0.000000,0.000000,0.783669,0.000993,0.000993,0.359527
2017-08-21,90.849998,90.940002,90.160004,90.629997,71.023854,11502100,0.000000,0.000000,0.783668,-0.001213,-0.001213,0.357879
2017-08-22,91.070000,91.709999,91.000000,91.559998,71.752677,9211800,0.000000,0.000000,0.783668,0.010262,0.010209,0.371813
2017-08-23,90.870003,92.339996,90.839996,91.669998,71.838894,8811300,0.000000,0.000000,0.783669,0.001202,0.001201,0.373461
2017-08-24,91.930000,92.120003,91.410004,91.519997,71.721348,8623200,0.000000,0.000000,0.783669,-0.001636,-0.001638,0.371214
2017-08-25,91.879997,92.480003,91.800003,91.889999,72.011321,11794600,0.000000,0.000000,0.783669,0.004043,0.004035,0.376758
2017-08-28,92.160004,92.190002,91.129997,91.599998,71.784015,7292900,0.000000,0.000000,0.783668,-0.003157,-0.003162,0.372412
2017-08-29,90.449997,91.309998,90.309998,91.099998,71.392194,10886100,0.000000,0.000000,0.783668,-0.005458,-0.005473,0.364921
2017-08-30,91.250000,91.879997,91.190002,91.309998,71.556756,9165300,0.000000,0.000000,0.783668,0.002305,0.002302,0.368067
2017-08-31,91.809998,91.849998,90.800003,90.889999,71.227625,13217400,0.000000,0.000000,0.783668,-0.004600,-0.004610,0.361774
2017-09-01,91.250000,92.360001,90.949997,91.699997,71.862375,9815800,0.000000,0.000000,0.783668,0.008912,0.008872,0.373910
2017-09-05,91.019997,91.110001,89.019997,89.510002,70.146160,16897300,0.000000,0.000000,0.783668,-0.023882,-0.024172,0.341098
2017-09-06,90.000000,90.519997,89.639999,90.110001,70.616364,11845700,0.000000,0.000000,0.783668,0.006703,0.006681,0.350088
2017-09-07,90.110001,90.129997,88.080002,88.529999,69.378149,14592300,0.000000,0.000000,0.783668,-0.017534,-0.017690,0.326415
2017-09-08,88.309998,89.419998,88.239998,88.419998,69.291962,14242200,0.000000,0.000000,0.783668,-0.001242,-0.001243,0.324767
2017-09-11,89.389999,90.250000,88.949997,89.790001,70.365586,13219000,0.000000,0.000000,0.783668,0.015494,0.015375,0.345293
2017-09-12,90.169998,91.250000,90.099998,90.889999,71.227625,14003800,0.000000,0.000000,0.783668,0.012251,0.012176,0.361774
2017-09-13,90.610001,91.500000,90.320000,91.150002,71.431381,12485400,0.000000,0.000000,0.783668,0.002861,0.002857,0.365670
2017-09-14,91.199997,91.529999,90.739998,90.970001,71.290301,10562800,0.000000,0.000000,0.783668,-0.001975,-0.001977,0.362973
2017-09-15,91.080002,91.709999,90.760002,91.620003,71.799700,18171800,0.000000,0.000000,0.783668,0.007145,0.007120,0.372712
2017-09-18,91.930000,93.139999,91.849998,92.919998,72.818474,11318700,0.000000,0.000000,0.783668,0.014189,0.014089,0.392189
2017-09-19,92.709999,94.360001,92.519997,93.940002,73.617815,12626100,0.000000,0.000000,0.783668,0.010977,0.010917,0.407472
2017-09-20,94.099998,95.290001,93.709999,94.599998,74.135026,15311600,0.000000,0.000000,0.783668,0.007026,0.007001,0.417360
2017-09-21,94.459999,95.370003,94.190002,95.029999,74.472029,10851500,0.000000,0.000000,0.783669,0.004546,0.004535,0.423803
2017-09-22,94.699997,94.980003,94.430000,94.830002,74.315256,8358300,0.000000,0.000000,0.783668,-0.002105,-0.002107,0.420806
2017-09-25,94.510002,94.879997,93.449997,94.120003,73.758882,10463400,0.000000,0.000000,0.783669,-0.007487,-0.007515,0.410169
2017-09-26,93.779999,94.029999,93.339996,93.699997,73.429713,9358100,0.000000,0.000000,0.783668,-0.004463,-0.004473,0.403875
2017-09-27,94.970001,95.720001,94.580002,95.180000,74.589583,15090200,0.000000,0.000000,0.783669,0.015796,0.015672,0.426051
2017-09-28,95.589996,95.879997,94.910004,95.379997,74.746302,10270400,0.000000,0.000000,0.783669,0.002101,0.002099,0.429047
2017-09-29,95.300003,95.519997,95.019997,95.510002,74.848166,11438400,0.000000,0.000000,0.783668,0.001363,0.001362,0.430994
2017-10-02,95.769997,96.879997,95.459999,96.839996,75.890451,13797200,0.000000,0.000000,0.783668,0.013925,0.013829,0.450921
2017-10-03,96.830002,97.430000,96.769997,97.349998,76.290122,9633500,0.000000,0.000000,0.783668,0.005266,0.005253,0.458562
2017-10-04,97.300003,97.440002,96.279999,96.360001,75.514314,12166600,0.000000,0.000000,0.783669,-0.010169,-0.010221,0.443730
2017-10-05,96.000000,97.400002,95.550003,97.089996,76.531153,14236200,0.560000,0.000000,0.788250,0.013466,0.013376,0.463171
2017-10-06,97.550003,97.639999,96.470001,96.919998,76.397139,10231900,0.000000,0.000000,0.788249,-0.001751,-0.001753,0.460608
2017-10-09,96.959999,97.070000,96.139999,96.410004,75.995108,7765100,0.000000,0.000000,0.788249,-0.005262,-0.005276,0.452922
2017-10-10,96.459999,97.180000,96.239998,97.129997,76.562650,10631500,0.000000,0.000000,0.788249,0.007468,0.007440,0.463773
2017-10-11,96.830002,97.010002,96.139999,96.839996,76.334062,14283600,0.000000,0.000000,0.788249,-0.002986,-0.002990,0.459403
2017-10-12,97.300003,97.500000,95.620003,95.989998,75.664034,18251600,0.000000,0.000000,0.788249,-0.008778,-0.008816,0.446593
2017-10-13,95.480003,96.709999,94.959999,95.860001,75.561579,13190600,0.000000,0.000000,0.788249,-0.001354,-0.001355,0.444634
2017-10-16,96.339996,97.949997,96.339996,97.839996,77.122297,12434000,0.000000,0.000000,0.788249,0.020655,0.020444,0.474473
2017-10-17,98.070000,98.180000,97.320000,97.620003,76.948914,10335700,0.000000,0.000000,0.788249,-0.002248,-0.002251,0.471158
2017-10-18,98.150002,98.550003,97.629997,97.989998,77.240581,10158600,0.000000,0.000000,0.788250,0.003790,0.003783,0.476734
2017-10-19,97.190002,98.199997,97.089996,98.110001,77.335141,9133900,0.000000,0.000000,0.788249,0.001224,0.001223,0.478542
2017-10-20,99.279999,99.889999,98.730003,99.510002,78.438697,15326600,0.000000,0.000000,0.788249,0.014270,0.014169,0.499640
2017-10-23,99.510002,99.989998,99.239998,99.339996,78.304676,9238600,0.000000,0.000000,0.788249,-0.001709,-0.001710,0.497078
2017-10-24,99.879997,101.190002,99.760002,100.919998,79.550103,13000800,0.000000,0.000000,0.788249,0.015905,0.015780,0.520889
2017-10-25,101.250000,101.449997,100.190002,101.019997,79.628941,14632700,0.000000,0.000000,0.788249,0.000991,0.000991,0.522396
2017-10-26,101.349998,102.419998,101.320000,101.739998,80.196476,13054400,0.000000,0.000000,0.788249,0.007127,0.007102,0.533247
2017-10-27,101.430000,102.230003,101.050003,101.769997,80.220116,10400400,0.000000,0.000000,0.788249,0.000295,0.000295,0.533699
2017-10-30,101.129997,101.930000,100.870003,101.410004,79.936367,8839500,0.000000,0.000000,0.788249,-0.003537,-0.003543,0.528274
2017-10-31,101.370003,101.699997,100.570000,100.610001,79.305748,8690200,0.000000,0.000000,0.788249,-0.007889,-0.007920,0.516217
2017-11-01,101.099998,101.699997,100.730003,100.919998,79.550103,8418200,0.000000,0.000000,0.788249,0.003081,0.003076,0.520889
2017-11-02,100.870003,101.769997,100.160004,101.589996,80.078253,8731800,0.000000,0.000000,0.788249,0.006639,0.006617,0.530986
2017-11-03,101.099998,101.529999,100.730003,101.410004,79.936367,7103500,0.000000,0.000000,0.788249,-0.001772,-0.001773,0.528274
2017-11-06,101.339996,101.690002,100.660004,100.779999,79.439738,8121500,0.000000,0.000000,0.788249,-0.006213,-0.006232,0.518779
2017-11-07,100.559998,100.750000,98.250000,98.750000,77.839627,18822600,0.000000,0.000000,0.788249,-0.020142,-0.020348,0.488187
2017-11-08,98.269997,98.370003,97.150002,97.639999,76.964659,18524700,0.000000,0.000000,0.788249,-0.011241,-0.011304,0.471459
2017-11-09,97.120003,98.220001,96.809998,97.629997,76.956779,13697800,0.000000,0.000000,0.788249,-0.000102,-0.000102,0.471308
2017-11-10,97.809998,98.339996,97.500000,97.510002,76.862188,9314000,0.000000,0.000000,0.788249,-0.001229,-0.001230,0.469500
2017-11-13,96.690002,98.050003,96.620003,97.860001,77.138103,9303100,0.000000,0.000000,0.788250,0.003590,0.003583,0.474775
2017-11-14,97.339996,97.779999,96.849998,97.269997,76.673000,11043800,0.000000,0.000000,0.788249,-0.006029,-0.006048,0.465883
2017-11-15,96.389999,98.739998,95.949997,98.190002,77.398203,15384100,0.000000,0.000000,0.788249,0.009458,0.009414,0.479747
2017-11-16,98.529999,99.059998,98.309998,98.470001,77.618919,9808000,0.000000,0.000000,0.788249,0.002852,0.002848,0.483967
2017-11-17,97.820000,98.410004,97.570000,98.139999,77.358788,9017900,0.000000,0.000000,0.788249,-0.003351,-0.003357,0.478994
2017-11-20,98.449997,99.150002,97.760002,99.010002,78.044567,9483200,0.000000,0.000000,0.788249,0.008865,0.008826,0.492105
2017-11-21,99.500000,99.550003,98.910004,98.930000,77.981536,13389400,0.000000,0.000000,0.788250,-0.000808,-0.000808,0.490900
2017-11-22,99.029999,99.519997,98.589996,98.639999,77.752902,7342200,0.000000,0.000000,0.788249,-0.002932,-0.002936,0.486529
2017-11-24,98.830002,98.900002,98.260002,98.320000,77.500658,3680000,0.000000,0.000000,0.788249,-0.003244,-0.003249,0.481706
2017-11-27,98.309998,99.129997,97.930000,97.930000,77.193255,13076200,0.000000,0.000000,0.788249,-0.003966,-0.003974,0.475829
2017-11-28,98.209999,101.699997,97.970001,101.360001,79.896960,16773000,0.000000,0.000000,0.788249,0.035025,0.034426,0.527520
2017-11-29,102.410004,104.220001,101.959999,103.730003,81.765096,21105500,0.000000,0.000000,0.788249,0.023382,0.023113,0.563236
2017-11-30,104.739998,106.660004,104.040001,104.519997,82.387806,23945900,0.000000,0.000000,0.788249,0.007616,0.007587,0.575142
2017-12-01,104.900002,105.320000,102.199997,104.790001,82.600634,19683500,0.000000,0.000000,0.788249,0.002583,0.002580,0.579211
2017-12-04,107.730003,108.400002,106.769997,106.949997,84.303260,23576600,0.000000,0.000000,0.788249,0.020613,0.020403,0.611763
2017-12-05,105.580002,107.410004,104.120003,105.720001,83.333709,17193900,0.000000,0.000000,0.788249,-0.011501,-0.011567,0.593226
2017-12-06,105.550003,105.760002,104.529999,104.930000,82.710992,15476200,0.000000,0.000000,0.788249,-0.007473,-0.007501,0.581321
2017-12-07,103.949997,105.190002,103.730003,104.620003,82.466644,13371800,0.000000,0.000000,0.788249,-0.002954,-0.002959,0.576649
2017-12-08,104.750000,105.940002,104.339996,105.930000,83.499242,13506900,0.000000,0.000000,0.788249,0.012521,0.012444,0.596391
2017-12-11,105.720001,106.059998,105.309998,105.620003,83.254909,10591200,0.000000,0.000000,0.788249,-0.002926,-0.002930,0.591720
2017-12-12,106.910004,107.370003,105.540001,106.849998,84.224430,15508800,0.000000,0.000000,0.788249,0.011645,0.011578,0.610256
2017-12-13,106.699997,107.110001,105.480003,105.510002,83.168199,15020300,0.000000,0.000000,0.788249,-0.012541,-0.012620,0.590062
2017-12-14,106.120003,106.449997,104.639999,104.660004,82.498180,13034200,0.000000,0.000000,0.788249,-0.008056,-0.008089,0.577252
2017-12-15,105.790001,106.519997,105.199997,106.139999,83.664790,29350600,0.000000,0.000000,0.788249,0.014141,0.014042,0.599556
2017-12-18,107.190002,107.629997,106.480003,106.959999,84.311141,12713100,0.000000,0.000000,0.788249,0.007725,0.007696,0.611913
2017-12-19,107.349998,107.489998,106.440002,106.510002,83.956419,12149900,0.000000,0.000000,0.788249,-0.004207,-0.004216,0.605132
2017-12-20,107.599998,107.730003,106.089996,106.139999,83.664790,13091500,0.000000,0.000000,0.788249,-0.003474,-0.003480,0.599556
2017-12-21,106.589996,108.070000,106.559998,107.830002,84.996935,12323700,0.000000,0.000000,0.788249,0.015922,0.015797,0.625025
2017-12-22,108.199997,108.459999,106.809998,107.449997,84.697374,14573400,0.000000,0.000000,0.788249,-0.003524,-0.003531,0.619298
2017-12-26,107.199997,107.989998,106.400002,107.019997,84.358428,7403700,0.000000,0.000000,0.788249,-0.004002,-0.004010,0.612817
2017-12-27,106.669998,107.290001,106.669998,107.220001,84.516089,9496500,0.000000,0.000000,0.788249,0.001869,0.001867,0.615832
2017-12-28,107.400002,107.839996,107.160004,107.790001,84.965393,7440600,0.000000,0.000000,0.788249,0.005316,0.005302,0.624422
2017-12-29,108.089996,108.279999,106.940002,106.940002,84.295395,8925700,0.000000,0.000000,0.788249,-0.007886,-0.007917,0.611612
2018-01-02,107.629997,108.019997,106.809998,107.949997,85.091511,13578800,0.000000,0.000000,0.788249,0.009444,0.009400,0.626833
2018-01-03,107.860001,108.489998,107.480003,108.059998,85.178229,11901000,0.000000,0.000000,0.788249,0.001019,0.001019,0.628491
2018-01-04,108.360001,110.029999,108.199997,109.040001,86.398444,12953700,0.560000,0.000000,0.792355,0.014325,0.014224,0.651820
2018-01-05,109.260002,109.550003,107.779999,108.339996,85.843785,14155000,0.000000,0.000000,0.792355,-0.006420,-0.006440,0.641215
2018-01-08,108.150002,108.680000,107.699997,108.500000,85.970571,12466500,0.000000,0.000000,0.792355,0.001477,0.001476,0.643639
2018-01-09,108.720001,109.629997,108.489998,109.050003,86.406370,13292300,0.000000,0.000000,0.792356,0.005069,0.005056,0.651971
2018-01-10,109.470001,110.699997,109.389999,110.250000,87.357193,15834500,0.000000,0.000000,0.792355,0.011004,0.010944,0.670150
2018-01-11,110.669998,110.930000,110.050003,110.839996,87.824686,13676800,0.000000,0.000000,0.792356,0.005352,0.005337,0.679088
2018-01-12,111.650002,112.849998,110.839996,112.669998,89.274705,18884200,0.000000,0.000000,0.792356,0.016510,0.016376,0.706810
2018-01-16,111.510002,113.430000,111.070000,112.269997,88.957736,22703300,0.000000,0.000000,0.792355,-0.003550,-0.003557,0.700750
2018-01-17,111.889999,113.300003,111.309998,112.989998,89.528246,14940300,0.000000,0.000000,0.792355,0.006413,0.006393,0.711657
2018-01-18,112.760002,113.720001,112.269997,113.260002,89.742190,14572900,0.000000,0.000000,0.792356,0.002390,0.002387,0.715748
2018-01-19,113.940002,114.339996,112.800003,113.010002,89.544113,18785500,0.000000,0.000000,0.792356,-0.002207,-0.002210,0.711961
2018-01-22,112.660004,114.389999,112.500000,114.330002,90.590035,12475700,0.000000,0.000000,0.792356,0.011681,0.011613,0.731957
2018-01-23,113.669998,114.639999,113.349998,114.209999,90.494928,12320800,0.000000,0.000000,0.792356,-0.001050,-0.001050,0.730139
2018-01-24,114.860001,116.000000,114.660004,115.669998,91.651769,15904500,0.000000,0.000000,0.792356,0.012783,0.012702,0.752256
2018-01-25,116.040001,116.169998,115.080002,115.699997,91.675523,13510000,0.000000,0.000000,0.792355,0.000259,0.000259,0.752710
2018-01-26,115.699997,116.320000,114.959999,116.320000,92.166800,13883900,0.000000,0.000000,0.792356,0.005359,0.005345,0.762103
2018-01-29,116.019997,117.349998,116.019997,116.199997,92.071717,11679900,0.000000,0.000000,0.792356,-0.001032,-0.001032,0.760285
2018-01-30,115.529999,116.599998,114.980003,115.110001,91.208044,14279100,0.000000,0.000000,0.792356,-0.009380,-0.009425,0.743773
2018-01-31,115.650002,116.660004,115.160004,115.669998,91.651769,13141400,0.000000,0.000000,0.792356,0.004865,0.004853,0.752256
2018-02-01,115.769997,116.989998,115.480003,116.870003,92.602599,13800600,0.000000,0.000000,0.792356,0.010374,0.010321,0.770435
2018-02-02,116.489998,116.919998,114.089996,114.279999,90.550406,16477300,0.000000,0.000000,0.792356,-0.022161,-0.022411,0.731200
2018-02-05,113.000000,114.589996,103.980003,108.800003,86.208300,30097600,0.000000,0.000000,0.792356,-0.047952,-0.049140,0.648184
2018-02-06,106.849998,112.480003,106.610001,112.110001,88.830980,33114800,0.000000,0.000000,0.792356,0.030423,0.029969,0.698326
2018-02-07,111.550003,114.449997,111.150002,112.870003,89.433185,21878300,0.000000,0.000000,0.792356,0.006779,0.006756,0.709840
2018-02-08,113.110001,113.110001,107.839996,107.879997,85.479324,27425800,0.000000,0.000000,0.792356,-0.044210,-0.045217,0.634247
2018-02-09,109.099998,111.050003,106.230003,110.040001,87.190801,28188000,0.000000,0.000000,0.792356,0.020022,0.019824,0.666969
2018-02-12,111.169998,112.730003,110.070000,111.739998,88.537803,18043300,0.000000,0.000000,0.792356,0.015449,0.015331,0.692721
2018-02-13,111.320000,113.050003,110.800003,112.430000,89.084522,16358200,0.000000,0.000000,0.792355,0.006175,0.006156,0.703174
2018-02-14,112.629997,115.269997,112.529999,115.029999,91.144663,15186900,0.000000,0.000000,0.792356,0.023126,0.022862,0.742561
2018-02-15,115.739998,115.989998,114.220001,115.510002,91.524983,12130200,0.000000,0.000000,0.792355,0.004173,0.004164,0.749832
2018-02-16,114.550003,116.070000,114.500000,114.680000,90.867345,13214300,0.000000,0.000000,0.792356,-0.007185,-0.007211,0.737259
2018-02-20,114.650002,115.389999,113.970001,114.709999,90.891107,13461500,0.000000,0.000000,0.792356,0.000261,0.000261,0.737713
2018-02-21,115.000000,117.449997,114.669998,115.190002,91.271449,14212500,0.000000,0.000000,0.792356,0.004185,0.004176,0.744985
2018-02-22,115.500000,116.430000,114.760002,114.980003,91.105058,17070400,0.000000,0.000000,0.792356,-0.001823,-0.001825,0.741804
2018-02-23,115.309998,117.389999,115.309998,117.309998,92.951210,12162500,0.000000,0.000000,0.792355,0.020264,0.020061,0.777100
2018-02-26,118.139999,118.900002,117.320000,118.769997,94.108081,16511200,0.000000,0.000000,0.792356,0.012446,0.012369,0.799217
2018-02-27,118.910004,119.330002,117.349998,117.360001,92.990845,17563300,0.000000,0.000000,0.792356,-0.011872,-0.011943,0.777857
2018-02-28,117.820000,118.489998,115.339996,115.500000,91.517065,17735600,0.000000,0.000000,0.792356,-0.015849,-0.015976,0.749681
2018-03-01,115.480003,116.639999,112.650002,113.430000,89.876901,18690000,0.000000,0.000000,0.792356,-0.017922,-0.018084,0.718323
2018-03-02,112.389999,113.559998,111.120003,113.320000,89.789743,18353700,0.000000,0.000000,0.792356,-0.000970,-0.000970,0.716657
2018-03-05,112.050003,115.930000,111.889999,115.059998,91.168417,13933000,0.000000,0.000000,0.792355,0.015354,0.015238,0.743015
2018-03-06,115.639999,115.820000,114.320000,115.160004,91.247673,10674400,0.000000,0.000000,0.792356,0.000869,0.000869,0.744530
2018-03-07,113.750000,115.099998,113.110001,114.730003,90.906957,13006500,0.000000,0.000000,0.792356,-0.003734,-0.003741,0.738016
2018-03-08,115.110001,115.230003,113.209999,114.739998,90.914860,11173700,0.000000,0.000000,0.792355,0.000087,0.000087,0.738167
2018-03-09,116.550003,118.080002,115.669998,118.040001,93.529646,15366600,0.000000,0.000000,0.792356,0.028761,0.028355,0.788159
2018-03-12,118.000000,118.750000,117.250000,117.660004,93.228543,12339300,0.000000,0.000000,0.792355,-0.003219,-0.003225,0.782402
2018-03-13,118.199997,118.470001,115.830002,116.250000,92.111360,13312300,0.000000,0.000000,0.792356,-0.011983,-0.012056,0.761043
2018-03-14,116.559998,116.589996,114.599998,114.949997,91.081244,12905100,0.000000,0.000000,0.792355,-0.011183,-0.011246,0.741348
2018-03-15,115.870003,116.000000,114.830002,115.239998,91.311054,8748000,0.000000,0.000000,0.792356,0.002523,0.002520,0.745742
2018-03-16,115.339996,116.599998,115.339996,115.440002,91.469527,19888900,0.000000,0.000000,0.792356,0.001736,0.001734,0.748772
2018-03-19,115.099998,115.449997,113.300003,114.529999,90.748500,13214900,0.000000,0.000000,0.792356,-0.007883,-0.007914,0.734987
2018-03-20,114.870003,115.449997,114.449997,114.639999,90.835627,9921200,0.000000,0.000000,0.792355,0.000960,0.000960,0.736653
2018-03-21,114.809998,116.629997,114.209999,114.739998,90.914860,13633000,0.000000,0.000000,0.792355,0.000872,0.000872,0.738167
2018-03-22,113.199997,113.599998,109.540001,109.949997,87.119495,22550400,0.000000,0.000000,0.792356,-0.041746,-0.042643,0.665605
2018-03-23,110.269997,110.919998,106.760002,107.010002,84.789976,23081500,0.000000,0.000000,0.792356,-0.026739,-0.027103,0.621068
2018-03-26,109.190002,111.160004,108.650002,110.309998,87.404738,20217500,0.000000,0.000000,0.792356,0.030838,0.030372,0.671059
2018-03-27,111.070000,111.690002,107.300003,108.169998,85.709088,18039900,0.000000,0.000000,0.792355,-0.019400,-0.019591,0.638640
2018-03-28,108.279999,109.169998,106.650002,108.000000,85.574400,19189300,0.000000,0.000000,0.792356,-0.001571,-0.001573,0.636065
2018-03-29,108.500000,110.779999,107.779999,109.970001,87.135315,13274600,0.000000,0.000000,0.792355,0.018240,0.018076,0.665908
2018-04-02,109.959999,110.730003,106.080002,107.849998,85.455539,18822500,0.000000,0.000000,0.792356,-0.019278,-0.019466,0.633793
2018-04-03,108.360001,109.500000,107.260002,109.330002,86.628225,14050700,0.000000,0.000000,0.792355,0.013723,0.013629,0.656213
2018-04-04,107.099998,111.209999,107.019997,110.989998,87.943539,15302600,0.000000,0.000000,0.792356,0.015183,0.015069,0.681360
2018-04-05,111.629997,112.830002,111.389999,111.879997,89.098278,16627000,0.560000,0.000000,0.796374,0.013130,0.013045,0.703437
2018-04-06,110.550003,111.550003,107.820000,109.089996,86.876407,18906000,0.000000,0.000000,0.796374,-0.024937,-0.025254,0.660958
2018-04-09,110.010002,112.980003,109.889999,110.400002,87.919641,15974300,0.000000,0.000000,0.796374,0.012008,0.011937,0.680903
2018-04-10,112.129997,112.870003,111.419998,112.510002,89.600001,13951400,0.000000,0.000000,0.796374,0.019112,0.018932,0.713029
2018-04-11,111.660004,111.809998,110.519997,110.620003,88.094846,14503300,0.000000,0.000000,0.796374,-0.016799,-0.016941,0.684253
2018-04-12,111.559998,114.389999,111.500000,113.370003,90.284885,16435500,0.000000,0.000000,0.796374,0.024860,0.024556,0.726123
2018-04-13,115.019997,115.150002,109.050003,110.300003,87.840021,39152800,0.000000,0.000000,0.796374,-0.027079,-0.027453,0.679381
2018-04-16,110.940002,111.470001,109.790001,110.209999,87.768350,16580500,0.000000,0.000000,0.796374,-0.000816,-0.000816,0.678010
2018-04-17,111.370003,111.919998,109.989998,110.209999,87.768350,15501400,0.000000,0.000000,0.796374,0.000000,0.000000,0.678010
2018-04-18,110.529999,111.070000,108.889999,109.320000,87.059575,16081400,0.000000,0.000000,0.796374,-0.008076,-0.008108,0.664460
2018-04-19,109.529999,111.870003,109.500000,111.720001,88.970862,17911000,0.000000,0.000000,0.796374,0.021954,0.021716,0.701001
2018-04-20,112.300003,112.739998,110.879997,111.470001,88.771759,15584400,0.000000,0.000000,0.796374,-0.002238,-0.002240,0.697194
2018-04-23,111.570000,111.949997,110.629997,110.930000,88.341737,11285800,0.000000,0.000000,0.796374,-0.004844,-0.004856,0.688973
2018-04-24,111.750000,112.900002,109.589996,110.410004,87.927612,16453100,0.000000,0.000000,0.796374,-0.004688,-0.004699,0.681055
2018-04-25,110.269997,110.529999,108.599998,109.989998,87.593160,13548200,0.000000,0.000000,0.796374,-0.003804,-0.003811,0.674661
2018-04-26,109.970001,110.820000,109.339996,110.099998,87.680743,10299500,0.000000,0.000000,0.796374,0.001000,0.000999,0.676336
2018-04-27,109.550003,110.160004,109.129997,109.400002,87.123267,9384000,0.000000,0.000000,0.796374,-0.006358,-0.006378,0.665677
2018-04-30,109.750000,110.300003,108.750000,108.779999,86.629515,13744900,0.000000,0.000000,0.796374,-0.005667,-0.005683,0.656237
2018-05-01,108.449997,108.970001,107.540001,108.779999,86.629515,10503400,0.000000,0.000000,0.796374,0.000000,0.000000,0.656237
2018-05-02,108.110001,109.489998,107.730003,107.919998,85.944646,12162100,0.000000,0.000000,0.796374,-0.007906,-0.007937,0.643144
2018-05-03,107.589996,107.769997,105.180000,107.239998,85.403112,15379100,0.000000,0.000000,0.796374,-0.006301,-0.006321,0.632790
2018-05-04,106.430000,108.739998,105.980003,108.430000,86.350800,11967900,0.000000,0.000000,0.796374,0.011097,0.011036,0.650909
2018-05-07,108.760002,109.680000,108.360001,109.370003,87.099377,9356700,0.000000,0.000000,0.796374,0.008669,0.008632,0.665221
2018-05-08,109.529999,111.339996,109.279999,110.989998,88.389503,12543200,0.000000,0.000000,0.796374,0.014812,0.014703,0.689886
2018-05-09,111.440002,113.639999,111.029999,113.410004,90.316724,11368100,0.000000,0.000000,0.796374,0.021804,0.021569,0.726732
2018-05-10,113.190002,114.440002,112.750000,114.290001,91.017543,9159700,0.000000,0.000000,0.796374,0.007760,0.007730,0.740131
2018-05-11,114.489998,114.730003,113.669998,113.860001,90.675105,10253000,0.000000,0.000000,0.796374,-0.003762,-0.003769,0.733584
2018-05-14,114.110001,114.699997,113.739998,113.900002,90.706936,8710700,0.000000,0.000000,0.796373,0.000351,0.000351,0.734192
2018-05-15,113.910004,113.910004,112.570000,113.029999,90.014134,11536200,0.000000,0.000000,0.796374,-0.007638,-0.007667,0.720947
2018-05-16,112.889999,113.690002,112.629997,113.339996,90.260972,7571100,0.000000,0.000000,0.796374,0.002742,0.002738,0.725666
2018-05-17,113.199997,113.410004,112.199997,112.959999,89.958367,8617200,0.000000,0.000000,0.796374,-0.003353,-0.003358,0.719881
2018-05-18,112.750000,112.800003,110.839996,111.129997,88.501007,11806300,0.000000,0.000000,0.796374,-0.016200,-0.016333,0.692018
2018-05-21,112.050003,112.540001,111.919998,112.150002,89.313292,9441900,0.000000,0.000000,0.796374,0.009178,0.009136,0.707548
2018-05-22,112.349998,114.290001,112.290001,113.010002,89.998191,11507600,0.000000,0.000000,0.796374,0.007669,0.007639,0.720642
2018-05-23,112.510002,112.769997,111.120003,112.489998,89.584066,11453900,0.000000,0.000000,0.796374,-0.004601,-0.004612,0.712724
2018-05-24,112.139999,112.150002,110.120003,111.230003,88.580634,14084800,0.000000,0.000000,0.796374,-0.011201,-0.011264,0.693540
2018-05-25,110.459999,111.080002,110.199997,110.660004,88.126715,8283500,0.000000,0.000000,0.796374,-0.005124,-0.005138,0.684862
2018-05-29,109.180000,109.199997,104.959999,105.930000,84.359856,30643800,0.000000,0.000000,0.796374,-0.042744,-0.043684,0.612845
2018-05-30,107.639999,108.599998,106.650002,108.349998,86.287077,17490800,0.000000,0.000000,0.796374,0.022845,0.022588,0.649691
2018-05-31,107.949997,108.190002,106.419998,107.010002,85.219944,19808200,0.000000,0.000000,0.796374,-0.012367,-0.012444,0.629288
2018-06-01,108.339996,108.940002,107.800003,108.400002,86.326909,13594200,0.000000,0.000000,0.796374,0.012990,0.012906,0.650452
2018-06-04,108.989998,109.260002,108.269997,108.449997,86.366734,9415400,0.000000,0.000000,0.796374,0.000461,0.000461,0.651213
2018-06-05,108.239998,108.309998,107.070000,107.839996,85.880923,10415200,0.000000,0.000000,0.796374,-0.005625,-0.005641,0.641925
2018-06-06,108.660004,110.739998,108.480003,110.360001,87.887810,15453600,0.000000,0.000000,0.796374,0.023368,0.023099,0.680294
2018-06-07,111.180000,111.500000,110.029999,110.800003,88.238204,13444400,0.000000,0.000000,0.796374,0.003987,0.003979,0.686993
2018-06-08,110.620003,111.139999,110.059998,111.110001,88.485080,10383200,0.000000,0.000000,0.796374,0.002798,0.002794,0.691713
2018-06-11,111.120003,111.910004,110.769997,110.830002,88.262087,12642900,0.000000,0.000000,0.796374,-0.002520,-0.002523,0.687450
2018-06-12,111.139999,111.529999,109.519997,110.190002,87.752422,15294100,0.000000,0.000000,0.796374,-0.005774,-0.005791,0.677706
2018-06-13,110.459999,111.449997,109.580002,109.970001,87.577188,14979700,0.000000,0.000000,0.796373,-0.001997,-0.001999,0.674356
2018-06-14,110.279999,110.360001,107.779999,108.029999,86.032214,20487300,0.000000,0.000000,0.796373,-0.017641,-0.017799,0.644818
2018-06-15,107.800003,108.379997,106.269997,107.900002,85.928719,26028600,0.000000,0.000000,0.796374,-0.001203,-0.001204,0.642839
2018-06-18,107.260002,108.400002,106.690002,108.180000,86.151689,9786800,0.000000,0.000000,0.796374,0.002595,0.002591,0.647102
2018-06-19,106.900002,107.879997,106.599998,107.550003,85.649996,12707200,0.000000,0.000000,0.796374,-0.005823,-0.005840,0.637510
2018-06-20,108.180000,108.639999,107.440002,107.540001,85.642025,8876900,0.000000,0.000000,0.796374,-0.000093,-0.000093,0.637358
2018-06-21,107.099998,108.209999,106.529999,107.510002,85.618119,11048700,0.000000,0.000000,0.796374,-0.000279,-0.000279,0.636901
2018-06-22,108.160004,108.370003,105.510002,105.750000,84.216505,19478900,0.000000,0.000000,0.796374,-0.016371,-0.016506,0.610104
2018-06-25,105.660004,105.699997,103.959999,104.790001,83.451993,16907600,0.000000,0.000000,0.796374,-0.009078,-0.009119,0.595488
2018-06-26,104.709999,105.209999,103.110001,104.860001,83.507738,17086800,0.000000,0.000000,0.796374,0.000668,0.000668,0.596553
2018-06-27,104.680000,105.919998,103.230003,103.239998,82.217588,16276800,0.000000,0.000000,0.796373,-0.015449,-0.015570,0.571887
2018-06-28,103.680000,105.459999,103.510002,104.930000,83.563482,14491300,0.000000,0.000000,0.796374,0.016370,0.016237,0.597619
2018-06-29,106.680000,106.900002,104.150002,104.199997,82.982131,18972400,0.000000,0.000000,0.796374,-0.006957,-0.006981,0.586505
2018-07-02,103.720001,105.089996,103.379997,105.080002,83.682927,11130000,0.000000,0.000000,0.796373,0.008445,0.008410,0.599903
2018-07-03,105.410004,105.779999,103.519997,103.610001,82.512276,8311700,0.000000,0.000000,0.796374,-0.013989,-0.014088,0.577522
2018-07-05,104.129997,104.379997,103.529999,103.720001,83.048747,10723400,0.560000,0.000000,0.800701,0.006502,0.006481,0.587778
2018-07-06,103.120003,104.500000,102.199997,104.059998,83.320986,12173700,0.000000,0.000000,0.800701,0.003278,0.003273,0.592983
2018-07-09,104.709999,107.459999,104.709999,107.279999,85.899249,13900800,0.000000,0.000000,0.800701,0.030944,0.030475,0.642276
2018-07-10,108.019997,108.400002,106.529999,106.620003,85.370795,14575900,0.000000,0.000000,0.800701,-0.006152,-0.006171,0.632172
2018-07-11,106.309998,107.059998,106.209999,106.389999,85.186617,10186500,0.000000,0.000000,0.800701,-0.002157,-0.002160,0.628651
2018-07-12,107.419998,107.559998,105.970001,106.849998,85.554928,12456800,0.000000,0.000000,0.800701,0.004324,0.004314,0.635693
2018-07-13,107.300003,107.800003,105.139999,106.360001,85.162598,21289100,0.000000,0.000000,0.800701,-0.004586,-0.004596,0.628192
2018-07-16,107.050003,110.769997,106.980003,110.580002,88.541545,24662600,0.000000,0.000000,0.800701,0.039676,0.038910,0.692793
2018-07-17,110.690002,110.930000,109.750000,110.500000,88.477489,14821900,0.000000,0.000000,0.800701,-0.000723,-0.000724,0.691568
2018-07-18,110.419998,112.120003,110.199997,111.529999,89.302209,14244900,0.000000,0.000000,0.800701,0.009321,0.009278,0.707336
2018-07-19,111.059998,111.089996,109.730003,109.889999,87.989088,16775300,0.000000,0.000000,0.800702,-0.014704,-0.014813,0.682231
2018-07-20,110.000000,111.739998,109.779999,111.279999,89.102050,13578100,0.000000,0.000000,0.800701,0.012649,0.012570,0.703509
2018-07-23,111.059998,114.239998,110.930000,113.349998,90.759500,18140000,0.000000,0.000000,0.800701,0.018602,0.018431,0.735197
2018-07-24,113.550003,114.779999,113.419998,114.150002,91.400079,14000400,0.000000,0.000000,0.800702,0.007058,0.007033,0.747444
2018-07-25,113.879997,115.519997,113.379997,115.180000,92.224777,13329100,0.000000,0.000000,0.800701,0.009023,0.008982,0.763211
2018-07-26,115.419998,115.589996,114.580002,114.849998,91.960554,11897800,0.000000,0.000000,0.800701,-0.002865,-0.002869,0.758160
2018-07-27,115.180000,116.300003,114.809998,116.029999,92.905365,12802700,0.000000,0.000000,0.800701,0.010274,0.010222,0.776223
2018-07-30,116.279999,117.610001,116.059998,116.730003,93.465861,13411600,0.000000,0.000000,0.800701,0.006033,0.006015,0.786939
2018-07-31,117.080002,117.080002,114.820000,114.949997,92.040607,15843800,0.000000,0.000000,0.800701,-0.015249,-0.015366,0.759690
2018-08-01,115.750000,116.690002,115.279999,115.660004,92.609112,13531600,0.000000,0.000000,0.800701,0.006177,0.006158,0.770559
2018-08-02,114.570000,116.250000,114.330002,116.150002,93.001458,11058100,0.000000,0.000000,0.800701,0.004237,0.004228,0.778060
2018-08-03,116.000000,117.129997,115.940002,117.089996,93.754112,11016100,0.000000,0.000000,0.800701,0.008093,0.008060,0.792450
2018-08-06,116.790001,117.529999,116.180000,117.120003,93.778139,9857400,0.000000,0.000000,0.800701,0.000256,0.000256,0.792909
2018-08-07,117.739998,118.290001,117.330002,117.550003,94.122459,10562100,0.000000,0.000000,0.800701,0.003672,0.003665,0.799492
2018-08-08,117.330002,118.269997,117.279999,117.790001,94.314609,8997100,0.000000,0.000000,0.800701,0.002041,0.002039,0.803166
2018-08-09,117.510002,117.720001,116.699997,116.879997,93.585967,9694200,0.000000,0.000000,0.800701,-0.007726,-0.007756,0.789235
2018-08-10,115.500000,115.949997,114.680000,115.730003,92.665154,12630600,0.000000,0.000000,0.800701,-0.009839,-0.009888,0.771631
2018-08-13,115.559998,115.879997,113.820000,113.889999,91.191898,10336300,0.000000,0.000000,0.800702,-0.015899,-0.016026,0.743464
2018-08-14,114.269997,115.040001,113.650002,114.650002,91.800403,10597600,0.000000,0.000000,0.800701,0.006673,0.006651,0.755098
2018-08-15,113.820000,114.330002,112.970001,113.699997,91.039741,10152100,0.000000,0.000000,0.800701,-0.008286,-0.008321,0.740555
2018-08-16,114.349998,115.309998,114.300003,114.769997,91.896497,10118600,0.000000,0.000000,0.800701,0.009411,0.009367,0.756935
2018-08-17,114.639999,115.070000,114.300003,114.769997,91.896497,8505100,0.000000,0.000000,0.800701,0.000000,0.000000,0.756935
2018-08-20,114.589996,115.050003,114.110001,114.620003,91.776376,8618700,0.000000,0.000000,0.800701,-0.001307,-0.001308,0.754638
2018-08-21,115.370003,116.389999,114.879997,115.320000,92.336889,10976700,0.000000,0.000000,0.800701,0.006107,0.006089,0.765355
2018-08-22,115.309998,115.410004,114.779999,114.970001,92.056640,8314700,0.000000,0.000000,0.800701,-0.003035,-0.003040,0.759997
2018-08-23,114.959999,115.150002,114.430000,114.730003,91.864475,9265400,0.000000,0.000000,0.800701,-0.002087,-0.002090,0.756323
2018-08-24,114.980003,115.220001,114.449997,114.680000,91.824430,8845700,0.000000,0.000000,0.800701,-0.000436,-0.000436,0.755557
2018-08-27,115.220001,117.279999,115.169998,116.709999,93.449851,13768000,0.000000,0.000000,0.800701,0.017701,0.017547,0.786633
2018-08-28,117.000000,117.029999,115.970001,116.139999,92.993441,8302600,0.000000,0.000000,0.800701,-0.004884,-0.004896,0.777907
2018-08-29,116.349998,116.370003,115.360001,115.760002,92.689181,7221700,0.000000,0.000000,0.800701,-0.003272,-0.003277,0.772090
2018-08-30,115.589996,116.040001,114.980003,115.190002,92.232771,8991800,0.000000,0.000000,0.800701,-0.004924,-0.004936,0.763364
2018-08-31,114.830002,114.839996,113.820000,114.580002,91.744363,13065700,0.000000,0.000000,0.800701,-0.005295,-0.005309,0.754026
2018-09-04,114.339996,115.239998,113.629997,115.150002,92.200765,10174200,0.000000,0.000000,0.800701,0.004975,0.004962,0.762752
2018-09-05,115.000000,115.699997,114.250000,114.589996,91.752357,11462400,0.000000,0.000000,0.800701,-0.004863,-0.004875,0.754179
2018-09-06,114.500000,114.699997,113.500000,114.099998,91.360004,9877600,0.000000,0.000000,0.800701,-0.004276,-0.004285,0.746678
2018-09-07,114.500000,114.769997,113.629997,114.320000,91.536196,10955600,0.000000,0.000000,0.800702,0.001929,0.001927,0.750046
2018-09-10,114.849998,114.970001,113.660004,113.709999,91.047765,8276900,0.000000,0.000000,0.800701,-0.005336,-0.005350,0.740708
2018-09-11,113.540001,114.580002,113.180000,114.430000,91.624257,9333800,0.000000,0.000000,0.800701,0.006332,0.006312,0.751730
2018-09-12,114.250000,114.879997,112.849998,113.080002,90.543316,10800800,0.000000,0.000000,0.800701,-0.011798,-0.011868,0.731064
2018-09-13,113.370003,114.129997,112.669998,113.519997,90.895608,12470800,0.000000,0.000000,0.800701,0.003891,0.003883,0.737799
2018-09-14,113.809998,114.489998,113.230003,113.500000,90.879598,10337900,0.000000,0.000000,0.800701,-0.000176,-0.000176,0.737493
2018-09-17,113.790001,114.430000,113.300003,113.839996,91.151837,9561300,0.000000,0.000000,0.800701,0.002996,0.002991,0.742698
2018-09-18,114.330002,114.660004,113.559998,114.300003,91.520162,7944200,0.000000,0.000000,0.800701,0.004041,0.004033,0.749740
2018-09-19,114.440002,118.059998,114.440002,117.620003,94.178493,16052800,0.000000,0.000000,0.800701,0.029046,0.028633,0.800564
2018-09-20,118.500000,119.239998,118.080002,118.629997,94.987202,15590000,0.000000,0.000000,0.800701,0.008587,0.008550,0.816025
2018-09-21,119.129997,119.230003,117.739998,117.849998,94.362648,24788200,0.000000,0.000000,0.800701,-0.006575,-0.006597,0.804084
2018-09-24,117.760002,118.459999,116.430000,116.720001,93.457852,12492500,0.000000,0.000000,0.800701,-0.009588,-0.009635,0.786786
2018-09-25,117.040001,117.970001,116.320000,116.389999,93.193622,9308300,0.000000,0.000000,0.800701,-0.002827,-0.002831,0.781734
2018-09-26,116.750000,116.870003,114.660004,115.019997,92.096655,14023600,0.000000,0.000000,0.800701,-0.011771,-0.011841,0.760762
2018-09-27,115.419998,115.760002,114.160004,114.519997,91.696308,13283000,0.000000,0.000000,0.800701,-0.004347,-0.004357,0.753108
2018-09-28,113.650002,114.239998,112.519997,112.839996,90.351136,15815100,0.000000,0.000000,0.800701,-0.014670,-0.014779,0.727390
2018-10-01,113.370003,114.610001,113.040001,113.500000,90.879598,10146300,0.000000,0.000000,0.800701,0.005849,0.005832,0.737493
2018-10-02,113.360001,114.120003,112.809998,113.970001,91.255939,13753100,0.000000,0.000000,0.800701,0.004141,0.004133,0.744688
2018-10-03,114.940002,115.660004,114.480003,115.040001,92.112680,17142000,0.000000,0.000000,0.800701,0.009388,0.009345,0.761068
2018-10-04,114.550003,116.809998,114.209999,115.269997,92.943170,16357400,0.800000,0.000000,0.806308,0.009016,0.008976,0.776946
2018-10-05,115.830002,116.099998,114.019997,114.620003,92.419075,13777600,0.000000,0.000000,0.806308,-0.005639,-0.005655,0.766926
2018-10-08,114.250000,115.779999,113.349998,115.320000,92.983489,14370900,0.000000,0.000000,0.806308,0.006107,0.006089,0.777717
2018-10-09,114.669998,115.029999,113.669998,114.519997,92.338445,14069500,0.000000,0.000000,0.806308,-0.006937,-0.006961,0.765384
2018-10-10,114.699997,114.949997,111.470001,111.470001,89.879210,23086400,0.000000,0.000000,0.806309,-0.026633,-0.026994,0.718367
2018-10-11,110.970001,111.470001,107.379997,108.129997,87.186141,33705600,0.000000,0.000000,0.806309,-0.029963,-0.030421,0.666879
2018-10-12,110.370003,110.830002,105.599998,106.949997,86.234680,32075700,0.000000,0.000000,0.806308,-0.010913,-0.010973,0.648689
2018-10-15,107.199997,108.849998,106.320000,106.339996,85.742825,18903200,0.000000,0.000000,0.806308,-0.005704,-0.005720,0.639285
2018-10-16,107.160004,108.779999,106.730003,108.620003,87.581218,19302800,0.000000,0.000000,0.806308,0.021441,0.021214,0.674433
2018-10-17,108.379997,110.800003,108.230003,109.830002,88.556865,18794500,0.000000,0.000000,0.806309,0.011140,0.011078,0.693086
2018-10-18,109.019997,109.839996,107.809998,108.089996,87.153884,17582500,0.000000,0.000000,0.806309,-0.015843,-0.015970,0.666263
2018-10-19,107.650002,109.220001,107.269997,107.910004,87.008742,15234500,0.000000,0.000000,0.806308,-0.001665,-0.001667,0.663488
2018-10-22,108.150002,108.339996,106.110001,106.360001,85.758965,16199100,0.000000,0.000000,0.806308,-0.014364,-0.014468,0.639594
2018-10-23,104.199997,106.160004,103.699997,105.250000,84.863986,21407500,0.000000,0.000000,0.806309,-0.010436,-0.010491,0.622483
2018-10-24,104.760002,105.029999,102.910004,103.290001,83.283598,23168900,0.000000,0.000000,0.806308,-0.018623,-0.018798,0.592268
2018-10-25,104.180000,105.900002,103.720001,104.860001,84.549507,17464700,0.000000,0.000000,0.806308,0.015200,0.015086,0.616471
2018-10-26,104.000000,104.559998,102.730003,103.419998,83.388421,19174900,0.000000,0.000000,0.806308,-0.013733,-0.013828,0.594272
2018-10-29,104.459999,106.629997,103.699997,104.849998,84.541445,18445200,0.000000,0.000000,0.806309,0.013827,0.013732,0.616316
2018-10-30,105.709999,106.980003,104.860001,106.699997,86.033095,18019700,0.000000,0.000000,0.806308,0.017644,0.017490,0.644835
2018-10-31,108.080002,110.480003,107.790001,109.019997,87.903736,20860000,0.000000,0.000000,0.806308,0.021743,0.021510,0.680599
2018-11-01,109.620003,110.220001,108.320000,108.980003,87.871480,13065000,0.000000,0.000000,0.806308,-0.000367,-0.000367,0.679982
2018-11-02,109.900002,110.809998,107.489998,108.379997,87.387703,19009200,0.000000,0.000000,0.806308,-0.005506,-0.005521,0.670733
2018-11-05,108.610001,109.290001,108.419998,109.089996,87.960195,10276400,0.000000,0.000000,0.806309,0.006551,0.006530,0.681678
2018-11-06,108.669998,109.669998,107.760002,109.599998,88.371404,10825000,0.000000,0.000000,0.806308,0.004675,0.004664,0.689540
2018-11-07,110.370003,111.730003,109.349998,111.480003,89.887272,12679600,0.000000,0.000000,0.806308,0.017153,0.017008,0.718521
2018-11-08,111.010002,112.930000,111.000000,112.379997,90.612953,11662500,0.000000,0.000000,0.806309,0.008073,0.008041,0.732395
2018-11-09,112.230003,112.360001,110.830002,111.290001,89.734075,10432200,0.000000,0.000000,0.806309,-0.009699,-0.009747,0.715592
2018-11-12,111.419998,111.940002,108.599998,108.949997,87.847301,13279700,0.000000,0.000000,0.806308,-0.021026,-0.021250,0.679520
2018-11-13,109.099998,111.120003,109.099998,109.589996,88.363350,13746100,0.000000,0.000000,0.806309,0.005874,0.005857,0.689386
2018-11-14,110.230003,110.709999,105.980003,107.330002,86.541082,18361400,0.000000,0.000000,0.806308,-0.020622,-0.020838,0.654547
2018-11-15,108.239998,110.080002,106.809998,110.070000,88.750366,19100000,0.000000,0.000000,0.806308,0.025529,0.025208,0.696785
2018-11-16,109.449997,110.760002,108.550003,109.989998,88.685846,13798600,0.000000,0.000000,0.806308,-0.000727,-0.000727,0.695552
2018-11-19,109.959999,111.199997,109.529999,110.830002,89.363160,13987000,0.000000,0.000000,0.806308,0.007637,0.007608,0.708501
2018-11-20,109.779999,110.489998,107.980003,108.449997,87.444146,18936200,0.000000,0.000000,0.806308,-0.021474,-0.021708,0.671812
2018-11-21,109.029999,109.610001,107.639999,107.639999,86.791025,10619600,0.000000,0.000000,0.806308,-0.007469,-0.007497,0.659325
2018-11-23,106.739998,107.389999,106.059998,106.650002,85.992791,6488400,0.000000,0.000000,0.806308,-0.009197,-0.009240,0.644064
2018-11-26,107.720001,109.980003,107.449997,109.260002,88.097260,13948300,0.000000,0.000000,0.806308,0.024473,0.024178,0.684299
2018-11-27,108.760002,110.029999,108.629997,109.720001,88.468167,9238200,0.000000,0.000000,0.806308,0.004210,0.004201,0.691390
2018-11-28,109.800003,111.400002,108.870003,110.940002,89.451883,13977300,0.000000,0.000000,0.806309,0.011119,0.011058,0.710197
2018-11-29,110.269997,110.800003,109.639999,110.059998,88.742311,11144300,0.000000,0.000000,0.806308,-0.007932,-0.007964,0.696631
2018-11-30,109.849998,111.320000,109.580002,111.190002,89.653438,18652700,0.000000,0.000000,0.806308,0.010267,0.010215,0.714051
2018-12-03,112.379997,112.889999,111.739998,112.239998,90.500074,16034500,0.000000,0.000000,0.806309,0.009443,0.009399,0.730237
2018-12-04,111.599998,111.599998,106.730003,107.230003,86.460475,23555900,0.000000,0.000000,0.806309,-0.044636,-0.045663,0.653006
2018-12-06,105.010002,105.360001,102.879997,105.190002,84.815574,27213900,0.000000,0.000000,0.806308,-0.019025,-0.019208,0.621557
2018-12-07,105.160004,106.980003,102.910004,103.290001,83.283598,19248600,0.000000,0.000000,0.806308,-0.018062,-0.018228,0.592268
2018-12-10,102.870003,103.489998,99.279999,101.360001,81.727420,23636400,0.000000,0.000000,0.806308,-0.018685,-0.018862,0.562516
2018-12-11,103.129997,103.660004,100.209999,100.370003,80.929194,16860700,0.000000,0.000000,0.806309,-0.009767,-0.009815,0.547255
2018-12-12,101.660004,102.900002,100.059998,101.019997,81.453283,22621500,0.000000,0.000000,0.806309,0.006476,0.006455,0.557275
2018-12-13,101.550003,101.970001,100.669998,101.120003,81.533896,17250900,0.000000,0.000000,0.806308,0.000990,0.000989,0.558816
2018-12-14,99.989998,101.940002,99.860001,100.290001,80.864658,19879500,0.000000,0.000000,0.806308,-0.008208,-0.008242,0.546021
2018-12-17,99.769997,100.559998,98.440002,99.010002,79.832599,25113500,0.000000,0.000000,0.806308,-0.012763,-0.012845,0.526290
2018-12-18,99.419998,100.889999,98.120003,98.540001,79.453638,20837200,0.000000,0.000000,0.806308,-0.004747,-0.004758,0.519045
2018-12-19,98.410004,100.580002,96.599998,97.290001,78.445742,28767900,0.000000,0.000000,0.806308,-0.012685,-0.012766,0.499775
2018-12-20,96.610001,98.279999,95.690002,96.449997,77.768464,31825200,0.000000,0.000000,0.806309,-0.008634,-0.008671,0.486826
2018-12-21,96.680000,98.430000,93.690002,94.169998,75.930049,41313900,0.000000,0.000000,0.806308,-0.023640,-0.023923,0.451678
2018-12-24,92.889999,94.220001,92.139999,92.139999,74.293264,17009300,0.000000,0.000000,0.806308,-0.021556,-0.021792,0.420385
2018-12-26,92.690002,95.959999,91.110001,95.959999,77.373386,22542900,0.000000,0.000000,0.806309,0.041459,0.040623,0.479273
2018-12-27,94.820000,97.150002,93.550003,97.040001,78.244172,20304700,0.000000,0.000000,0.806308,0.011254,0.011191,0.495921
2018-12-28,97.949997,98.320000,96.440002,96.830002,78.074835,17963300,0.000000,0.000000,0.806308,-0.002164,-0.002167,0.492684
2018-12-31,97.589996,98.809998,96.769997,97.620003,78.711833,13237200,0.000000,0.000000,0.806308,0.008159,0.008126,0.504862
2019-01-02,95.949997,99.779999,95.940002,99.309998,80.074487,15670900,0.000000,0.000000,0.806308,0.017312,0.017164,0.530914
2019-01-03,98.639999,98.889999,96.690002,97.110001,78.936496,16286400,0.800000,0.000000,0.812857,-0.014212,-0.014314,0.509158
2019-01-04,99.110001,100.930000,98.279999,100.690002,81.846523,16935200,0.000000,0.000000,0.812857,0.036865,0.036202,0.564793
2019-01-07,100.430000,101.470001,99.709999,100.760002,81.903452,15430700,0.000000,0.000000,0.812857,0.000696,0.000695,0.565882
2019-01-08,101.629997,101.820000,99.550003,100.570000,81.748964,13578800,0.000000,0.000000,0.812856,-0.001886,-0.001888,0.562928
2019-01-09,100.809998,101.489998,99.930000,100.400002,81.610791,14230300,0.000000,0.000000,0.812856,-0.001690,-0.001692,0.560286
2019-01-10,100.019997,100.730003,99.269997,100.389999,81.602660,14376100,0.000000,0.000000,0.812856,-0.000100,-0.000100,0.560131
2019-01-11,99.889999,100.169998,98.949997,99.910004,81.212472,15439900,0.000000,0.000000,0.812856,-0.004782,-0.004793,0.552671
2019-01-14,98.870003,101.360001,98.660004,100.940002,82.049756,21258500,0.000000,0.000000,0.812857,0.010310,0.010257,0.568679
2019-01-15,98.889999,102.470001,98.599998,101.680000,82.651239,26504900,0.000000,0.000000,0.812856,0.007331,0.007304,0.580178
2019-01-16,102.250000,103.449997,101.800003,102.500000,83.317790,18533000,0.000000,0.000000,0.812856,0.008065,0.008032,0.592922
2019-01-17,102.110001,103.500000,101.919998,102.919998,83.659196,14247600,0.000000,0.000000,0.812857,0.004098,0.004089,0.599449
2019-01-18,103.769997,104.900002,102.830002,104.589996,85.016674,16428700,0.000000,0.000000,0.812857,0.016226,0.016096,0.625402
2019-01-22,103.080002,103.589996,102.129997,102.940002,83.675457,17083700,0.000000,0.000000,0.812857,-0.015776,-0.015902,0.599760
2019-01-23,103.440002,103.699997,101.970001,102.680000,83.464094,12146700,0.000000,0.000000,0.812856,-0.002526,-0.002529,0.595719
2019-01-24,102.129997,103.089996,101.940002,102.739998,83.512884,11296800,0.000000,0.000000,0.812857,0.000585,0.000584,0.596652
2019-01-25,103.510002,104.309998,102.739998,103.389999,84.041247,14369400,0.000000,0.000000,0.812857,0.006327,0.006307,0.606753
2019-01-28,102.889999,104.239998,102.589996,103.879997,84.439536,12283100,0.000000,0.000000,0.812857,0.004739,0.004728,0.614368
2019-01-29,103.879997,105.110001,103.730003,104.169998,84.675245,9743300,0.000000,0.000000,0.812856,0.002791,0.002788,0.618875
2019-01-30,104.139999,105.239998,103.779999,104.410004,84.870355,12526300,0.000000,0.000000,0.812857,0.002304,0.002302,0.622605
2019-01-31,103.410004,103.800003,102.730003,103.500000,84.130644,17520600,0.000000,0.000000,0.812856,-0.008716,-0.008754,0.608462
2019-02-01,104.000000,104.849998,103.519997,103.879997,84.439536,13000800,0.000000,0.000000,0.812857,0.003672,0.003665,0.614368
2019-02-04,103.790001,104.250000,103.010002,104.250000,84.740289,9871500,0.000000,0.000000,0.812856,0.003562,0.003555,0.620118
2019-02-05,104.519997,104.550003,103.290001,103.790001,84.366369,12763000,0.000000,0.000000,0.812856,-0.004413,-0.004422,0.612969
2019-02-06,103.709999,104.620003,103.470001,103.739998,84.325739,8745000,0.000000,0.000000,0.812857,-0.000482,-0.000482,0.612192
2019-02-07,103.250000,103.500000,101.440002,102.379997,83.220223,13177500,0.000000,0.000000,0.812856,-0.013110,-0.013197,0.591057
2019-02-08,102.080002,102.339996,100.059998,101.360001,82.391139,12892600,0.000000,0.000000,0.812857,-0.009963,-0.010012,0.575206
2019-02-11,101.760002,102.010002,100.769997,100.879997,82.000957,10978500,0.000000,0.000000,0.812856,-0.004736,-0.004747,0.567746
2019-02-12,101.949997,102.919998,101.889999,102.599998,83.399072,12852300,0.000000,0.000000,0.812856,0.017050,0.016906,0.594476
2019-02-13,102.900002,103.849998,102.900002,103.089996,83.797369,10754100,0.000000,0.000000,0.812856,0.004776,0.004764,0.602091
2019-02-14,102.470001,103.099998,101.349998,102.419998,83.252753,11518500,0.000000,0.000000,0.812856,-0.006499,-0.006520,0.591678
2019-02-15,103.900002,105.699997,103.660004,105.550003,85.796999,14716900,0.000000,0.000000,0.812856,0.030561,0.030103,0.640321
2019-02-19,104.910004,105.370003,103.809998,105.180000,85.496245,12764900,0.000000,0.000000,0.812856,-0.003505,-0.003512,0.634571
2019-02-20,105.209999,105.800003,104.879997,105.690002,85.910795,10030300,0.000000,0.000000,0.812856,0.004849,0.004837,0.642497
2019-02-21,105.449997,105.989998,104.959999,105.470001,85.731962,8400100,0.000000,0.000000,0.812856,-0.002082,-0.002084,0.639078
2019-02-22,105.699997,106.089996,104.779999,105.000000,85.349941,10647300,0.000000,0.000000,0.812857,-0.004456,-0.004466,0.631774
2019-02-25,105.750000,107.269997,105.690002,106.099998,86.244063,11230700,0.000000,0.000000,0.812856,0.010476,0.010421,0.648868
2019-02-26,104.500000,105.470001,103.940002,105.290001,85.585673,15465400,0.000000,0.000000,0.812857,-0.007634,-0.007663,0.636281
2019-02-27,105.180000,105.379997,104.510002,105.160004,85.479999,9968800,0.000000,0.000000,0.812857,-0.001235,-0.001235,0.634260
2019-02-28,105.010002,105.209999,104.180000,104.360001,84.829702,15156900,0.000000,0.000000,0.812856,-0.007608,-0.007637,0.621828
2019-03-01,105.099998,105.910004,104.199997,104.430000,84.886601,13813300,0.000000,0.000000,0.812856,0.000671,0.000671,0.622915
2019-03-04,104.919998,105.919998,103.269997,104.190002,84.691514,12466300,0.000000,0.000000,0.812856,-0.002298,-0.002301,0.619186
2019-03-05,104.129997,104.550003,103.260002,104.110001,84.626492,10856600,0.000000,0.000000,0.812857,-0.000768,-0.000768,0.617942
2019-03-06,103.860001,104.570000,103.550003,103.720001,84.309470,9070800,0.000000,0.000000,0.812856,-0.003746,-0.003753,0.611881
2019-03-07,103.250000,103.470001,102.160004,102.970001,83.699841,12705700,0.000000,0.000000,0.812857,-0.007231,-0.007257,0.600226
2019-03-08,101.989998,103.230003,101.989998,103.010002,83.732340,10582400,0.000000,0.000000,0.812856,0.000388,0.000388,0.600847
2019-03-11,103.980003,104.550003,103.660004,104.349998,84.821579,9763200,0.000000,0.000000,0.812857,0.013009,0.012925,0.621672
2019-03-12,104.589996,104.790001,103.750000,104.040001,84.569601,10219100,0.000000,0.000000,0.812857,-0.002971,-0.002975,0.616855
2019-03-13,104.190002,104.980003,103.949997,104.389999,84.854117,13022200,0.000000,0.000000,0.812857,0.003364,0.003359,0.622294
2019-03-14,104.500000,105.870003,104.459999,105.339996,85.626310,10926500,0.000000,0.000000,0.812857,0.009100,0.009059,0.637058
2019-03-15,105.410004,106.800003,105.230003,106.550003,86.609861,24811700,0.000000,0.000000,0.812856,0.011487,0.011421,0.655862
2019-03-18,106.550003,107.790001,106.500000,107.190002,87.130092,12935500,0.000000,0.000000,0.812857,0.006007,0.005989,0.665808
2019-03-19,108.199997,108.400002,106.550003,106.800003,86.813086,12889300,0.000000,0.000000,0.812857,-0.003638,-0.003645,0.659747
2019-03-20,106.430000,106.650002,104.410004,104.519997,84.959768,14920700,0.000000,0.000000,0.812857,-0.021348,-0.021580,0.624314
2019-03-21,103.489998,103.489998,102.279999,102.870003,83.618551,19751000,0.000000,0.000000,0.812857,-0.015786,-0.015912,0.598672
2019-03-22,101.820000,102.320000,99.519997,99.760002,81.090590,31115200,0.000000,0.000000,0.812857,-0.030232,-0.030698,0.550341
2019-03-25,99.589996,100.570000,98.089996,98.930000,80.415893,21032300,0.000000,0.000000,0.812856,-0.008320,-0.008355,0.537442
2019-03-26,99.820000,100.400002,98.820000,99.919998,81.220617,15987100,0.000000,0.000000,0.812856,0.010007,0.009957,0.552827
2019-03-27,99.879997,100.449997,99.080002,99.580002,80.944240,12753200,0.000000,0.000000,0.812856,-0.003403,-0.003409,0.547543
2019-03-28,100.000000,100.800003,99.739998,100.709999,81.862784,12454100,0.000000,0.000000,0.812857,0.011348,0.011284,0.565104
2019-03-29,101.540001,101.989998,100.589996,101.230003,82.285488,14523400,0.000000,0.000000,0.812857,0.005164,0.005150,0.573186
2019-04-01,102.150002,104.680000,102.120003,104.639999,85.057311,17499300,0.000000,0.000000,0.812857,0.033685,0.033131,0.626179
2019-04-02,104.599998,105.440002,104.330002,105.139999,85.463731,10295400,0.000000,0.000000,0.812856,0.004778,0.004767,0.633949
2019-04-03,105.809998,106.360001,104.790001,105.349998,85.634441,11499200,0.000000,0.000000,0.812857,0.001997,0.001995,0.637213
2019-04-04,104.550003,105.730003,104.449997,105.559998,86.461690,11952100,0.800000,0.000000,0.819076,0.009660,0.009614,0.653029
2019-04-05,105.800003,106.110001,104.989998,105.309998,86.256923,9933700,0.000000,0.000000,0.819076,-0.002368,-0.002371,0.649114
2019-04-08,105.110001,105.650002,104.910004,105.650002,86.535426,8056300,0.000000,0.000000,0.819076,0.003229,0.003224,0.654439
2019-04-09,105.080002,105.199997,104.250000,104.870003,85.896531,9092200,0.000000,0.000000,0.819076,-0.007383,-0.007410,0.642224
2019-04-10,105.129997,105.720001,104.470001,105.339996,86.281505,10882300,0.000000,0.000000,0.819076,0.004482,0.004472,0.649584
2019-04-11,105.709999,106.730003,105.559998,106.230003,87.010496,11183800,0.000000,0.000000,0.819076,0.008449,0.008413,0.663521
2019-04-12,109.440002,111.849998,108.879997,111.209999,91.089473,25834100,0.000000,0.000000,0.819076,0.046879,0.045813,0.741506
2019-04-15,110.919998,111.000000,109.120003,109.940002,90.049267,15163800,0.000000,0.000000,0.819076,-0.011420,-0.011485,0.721618
2019-04-16,109.900002,111.389999,109.860001,111.099998,90.999369,11583200,0.000000,0.000000,0.819076,0.010551,0.010496,0.739783
2019-04-17,111.699997,114.660004,111.010002,114.300003,93.620425,17791900,0.000000,0.000000,0.819076,0.028803,0.028396,0.789894
2019-04-18,114.529999,114.949997,113.330002,113.459999,92.932406,12501900,0.000000,0.000000,0.819076,-0.007349,-0.007376,0.776740
2019-04-22,112.830002,113.930000,112.660004,113.599998,93.047083,7975900,0.000000,0.000000,0.819076,0.001234,0.001233,0.778933
2019-04-23,113.000000,114.370003,112.849998,113.739998,93.161737,9193100,0.000000,0.000000,0.819076,0.001232,0.001231,0.781125
2019-04-24,113.260002,114.150002,112.809998,113.550003,93.006112,9245700,0.000000,0.000000,0.819076,-0.001670,-0.001672,0.778149
2019-04-25,113.010002,114.150002,112.500000,113.610001,93.055275,9311800,0.000000,0.000000,0.819076,0.000529,0.000528,0.779089
2019-04-26,113.949997,114.580002,113.599998,114.470001,93.759676,7889300,0.000000,0.000000,0.819076,0.007570,0.007541,0.792556
2019-04-29,114.599998,117.160004,114.449997,116.120003,95.111157,14242200,0.000000,0.000000,0.819076,0.014414,0.014311,0.818395
2019-04-30,116.430000,116.720001,115.260002,116.050003,95.053826,11389100,0.000000,0.000000,0.819076,-0.000603,-0.000603,0.817299
2019-05-01,115.720001,117.000000,115.110001,115.160004,94.324820,10412900,0.000000,0.000000,0.819076,-0.007669,-0.007699,0.803361
2019-05-02,115.169998,115.779999,114.580002,115.410004,94.529616,8613300,0.000000,0.000000,0.819076,0.002171,0.002169,0.807277
2019-05-03,116.000000,116.680000,115.669998,116.120003,95.111157,8185400,0.000000,0.000000,0.819076,0.006152,0.006133,0.818395
2019-05-06,114.180000,115.470001,113.720001,115.089996,94.267481,9387000,0.000000,0.000000,0.819076,-0.008870,-0.008910,0.802265
2019-05-07,114.029999,114.029999,112.290001,113.209999,92.727632,15017700,0.000000,0.000000,0.819076,-0.016335,-0.016470,0.772825
2019-05-08,112.660004,113.669998,112.459999,112.610001,92.236172,9575800,0.000000,0.000000,0.819076,-0.005300,-0.005314,0.763429
2019-05-09,111.139999,112.739998,110.580002,112.519997,92.162474,12205900,0.000000,0.000000,0.819076,-0.000799,-0.000799,0.762020
2019-05-10,111.750000,112.839996,110.540001,112.510002,92.154275,13189000,0.000000,0.000000,0.819076,-0.000089,-0.000089,0.761863
2019-05-13,110.080002,110.449997,108.980003,109.449997,89.647889,13783700,0.000000,0.000000,0.819076,-0.027198,-0.027574,0.713945
2019-05-14,109.550003,111.720001,109.500000,110.320000,90.360497,10503600,0.000000,0.000000,0.819076,0.007949,0.007918,0.727569
2019-05-15,109.209999,110.900002,108.610001,109.900002,90.016487,10142000,0.000000,0.000000,0.819076,-0.003807,-0.003814,0.720992
2019-05-16,110.620003,112.169998,110.589996,111.309998,91.171377,9672700,0.000000,0.000000,0.819076,0.012830,0.012748,0.743072
2019-05-17,110.000000,111.750000,109.830002,110.769997,90.729103,9570100,0.000000,0.000000,0.819077,-0.004851,-0.004863,0.734616
2019-05-20,110.580002,111.809998,110.370003,111.349998,91.204166,8518200,0.000000,0.000000,0.819076,0.005236,0.005222,0.743699
2019-05-21,111.440002,111.919998,111.220001,111.730003,91.515410,7967900,0.000000,0.000000,0.819076,0.003413,0.003407,0.749649
2019-05-22,111.400002,111.790001,110.750000,110.820000,90.770045,7918900,0.000000,0.000000,0.819076,-0.008145,-0.008178,0.735399
2019-05-23,109.639999,109.790001,107.500000,108.639999,88.984428,14558000,0.000000,0.000000,0.819076,-0.019672,-0.019868,0.701260
2019-05-24,109.519997,109.959999,109.190002,109.709999,89.860876,8537300,0.000000,0.000000,0.819076,0.009849,0.009801,0.718017
2019-05-28,109.199997,109.830002,108.440002,108.519997,88.886170,11665500,0.000000,0.000000,0.819076,-0.010847,-0.010906,0.699382
2019-05-29,107.449997,108.400002,107.059998,108.220001,88.640448,9966400,0.000000,0.000000,0.819076,-0.002764,-0.002768,0.694684
2019-05-30,108.650002,109.180000,106.540001,107.059998,87.690316,10367800,0.000000,0.000000,0.819076,-0.010719,-0.010777,0.676519
2019-05-31,105.559998,106.589996,104.839996,105.959999,86.789332,10952800,0.000000,0.000000,0.819076,-0.010275,-0.010328,0.659293
2019-06-03,105.800003,106.860001,105.300003,106.459999,87.198879,11680700,0.000000,0.000000,0.819076,0.004719,0.004708,0.667123
2019-06-04,107.849998,109.900002,107.129997,109.739998,89.885435,12858600,0.000000,0.000000,0.819076,0.030810,0.030344,0.718486
2019-06-05,109.860001,110.379997,108.639999,110.129997,90.204855,8340500,0.000000,0.000000,0.819076,0.003554,0.003547,0.724593
2019-06-06,110.150002,110.870003,108.930000,110.370003,90.401460,8726700,0.000000,0.000000,0.819076,0.002180,0.002177,0.728352
2019-06-07,109.699997,110.019997,108.959999,109.160004,89.410365,10618900,0.000000,0.000000,0.819076,-0.010963,-0.011024,0.709404
2019-06-10,110.750000,111.209999,110.220001,110.339996,90.376879,11380600,0.000000,0.000000,0.819076,0.010810,0.010752,0.727882
2019-06-11,110.820000,111.570000,110.370003,110.680000,90.655367,9847700,0.000000,0.000000,0.819076,0.003081,0.003077,0.733206
2019-06-12,110.699997,110.900002,108.889999,109.269997,89.500476,9670500,0.000000,0.000000,0.819076,-0.012739,-0.012821,0.711126
2019-06-13,109.459999,110.160004,109.050003,109.540001,89.721610,8406900,0.000000,0.000000,0.819076,0.002471,0.002468,0.715354
2019-06-14,109.570000,110.300003,108.629997,109.820000,89.950972,9077400,0.000000,0.000000,0.819076,0.002556,0.002553,0.719739
2019-06-17,109.699997,110.370003,109.059998,109.220001,89.459520,8128600,0.000000,0.000000,0.819076,-0.005464,-0.005479,0.710343
2019-06-18,109.010002,111.410004,108.980003,110.709999,90.679956,11057300,0.000000,0.000000,0.819076,0.013642,0.013550,0.733676
2019-06-19,110.820000,111.589996,109.699997,109.910004,90.024701,13126500,0.000000,0.000000,0.819076,-0.007226,-0.007252,0.721149
2019-06-20,110.879997,111.089996,109.029999,110.190002,90.254026,13638000,0.000000,0.000000,0.819076,0.002547,0.002544,0.725533
2019-06-21,110.190002,111.669998,109.089996,109.440002,89.639720,27089500,0.000000,0.000000,0.819076,-0.006806,-0.006830,0.713788
2019-06-24,109.279999,109.769997,108.540001,108.660004,89.000817,13039600,0.000000,0.000000,0.819076,-0.007127,-0.007153,0.701574
2019-06-25,108.680000,108.980003,107.669998,107.760002,88.263658,18660100,0.000000,0.000000,0.819076,-0.008283,-0.008317,0.687480
2019-06-26,108.300003,109.309998,108.160004,108.480003,88.853406,10324600,0.000000,0.000000,0.819076,0.006682,0.006659,0.698755
2019-06-27,108.839996,109.550003,108.440002,108.839996,89.148268,10906600,0.000000,0.000000,0.819076,0.003319,0.003313,0.704393
2019-06-28,111.040001,112.430000,110.900002,111.800003,91.572734,21634700,0.000000,0.000000,0.819076,0.027196,0.026833,0.750745
2019-07-01,113.230003,114.519997,113.080002,113.680000,93.112606,12724500,0.000000,0.000000,0.819076,0.016816,0.016676,0.780185
2019-07-02,113.510002,114.199997,113.220001,113.800003,93.210893,10174900,0.000000,0.000000,0.819076,0.001056,0.001055,0.782064
2019-07-03,113.339996,113.870003,112.260002,112.820000,93.062441,6849400,0.800000,0.000000,0.824875,-0.001593,-0.001594,0.779226
2019-07-05,113.510002,114.269997,112.919998,113.489998,93.615073,7929400,0.000000,0.000000,0.824875,0.005938,0.005921,0.789792
2019-07-08,112.959999,113.480003,112.500000,112.870003,93.103655,6917200,0.000000,0.000000,0.824875,-0.005463,-0.005478,0.780014
2019-07-09,112.279999,113.489998,112.150002,113.349998,93.499591,8947300,0.000000,0.000000,0.824875,0.004253,0.004244,0.787584
2019-07-10,113.370003,113.830002,112.739998,113.019997,93.227389,9242300,0.000000,0.000000,0.824875,-0.002911,-0.002916,0.782380
2019-07-11,113.370003,114.360001,113.120003,114.099998,94.118261,11595200,0.000000,0.000000,0.824875,0.009556,0.009511,0.799412
2019-07-12,114.129997,115.349998,113.930000,115.300003,95.108128,10783400,0.000000,0.000000,0.824875,0.010517,0.010462,0.818337
2019-07-15,115.540001,115.570000,113.529999,113.900002,93.953276,12946600,0.000000,0.000000,0.824875,-0.012143,-0.012217,0.796258
2019-07-16,113.480003,115.500000,112.919998,115.120003,94.959615,16945000,0.000000,0.000000,0.824875,0.010711,0.010654,0.815498
2019-07-17,114.430000,114.940002,113.730003,113.989998,94.027520,13120900,0.000000,0.000000,0.824875,-0.009816,-0.009864,0.797677
2019-07-18,113.930000,115.070000,113.550003,114.669998,94.588428,9397200,0.000000,0.000000,0.824875,0.005965,0.005948,0.808401
2019-07-19,114.889999,115.120003,113.400002,113.540001,93.656310,10402800,0.000000,0.000000,0.824875,-0.009854,-0.009903,0.790580
2019-07-22,112.910004,114.449997,112.769997,114.269997,94.258485,9061100,0.000000,0.000000,0.824875,0.006430,0.006409,0.802093
2019-07-23,114.879997,116.449997,114.820000,116.360001,95.982474,12752200,0.000000,0.000000,0.824875,0.018290,0.018125,0.835053
2019-07-24,115.580002,116.879997,115.519997,116.830002,96.370142,10011000,0.000000,0.000000,0.824875,0.004039,0.004031,0.842465
2019-07-25,116.889999,117.239998,115.320000,115.709999,95.446315,10138400,0.000000,0.000000,0.824875,-0.009586,-0.009632,0.824803
2019-07-26,115.769997,116.510002,115.529999,116.220001,95.866968,12800400,0.000000,0.000000,0.824875,0.004407,0.004398,0.832845
2019-07-29,116.459999,117.180000,115.790001,115.849998,95.561790,8500400,0.000000,0.000000,0.824875,-0.003183,-0.003188,0.827010
2019-07-30,115.190002,116.080002,114.760002,115.589996,95.347299,7121100,0.000000,0.000000,0.824875,-0.002245,-0.002247,0.822910
2019-07-31,116.099998,116.180000,114.860001,116.000000,95.685516,13648000,0.000000,0.000000,0.824875,0.003547,0.003541,0.829376
2019-08-01,115.330002,116.800003,112.599998,112.940002,93.161411,15664500,0.000000,0.000000,0.824875,-0.026379,-0.026733,0.781118
2019-08-02,112.400002,113.430000,111.400002,112.930000,93.153144,11025500,0.000000,0.000000,0.824875,-0.000089,-0.000089,0.780960
2019-08-05,110.790001,110.980003,108.269997,109.570000,90.381579,15855300,0.000000,0.000000,0.824875,-0.029753,-0.030204,0.727972
2019-08-06,110.050003,110.500000,108.339996,110.430000,91.090961,10203500,0.000000,0.000000,0.824875,0.007849,0.007818,0.741534
2019-08-07,108.000000,108.279999,105.940002,108.029999,89.111244,17320900,0.000000,0.000000,0.824875,-0.021733,-0.021973,0.703685
2019-08-08,109.050003,110.080002,108.720001,109.860001,90.620780,10903300,0.000000,0.000000,0.824875,0.016940,0.016798,0.732545
2019-08-09,109.349998,110.449997,108.290001,109.739998,90.521802,9980800,0.000000,0.000000,0.824875,-0.001092,-0.001093,0.730653
2019-08-12,108.440002,108.510002,107.209999,107.680000,88.822568,9393700,0.000000,0.000000,0.824875,-0.018772,-0.018950,0.698166
2019-08-13,107.949997,110.330002,107.029999,109.339996,90.191844,12124700,0.000000,0.000000,0.824875,0.015416,0.015298,0.724344
2019-08-14,106.300003,106.910004,104.449997,104.800003,86.446931,19491800,0.000000,0.000000,0.824875,-0.041522,-0.042408,0.652747
2019-08-15,104.820000,106.379997,104.339996,105.199997,86.776866,13365600,0.000000,0.000000,0.824875,0.003817,0.003809,0.659055
2019-08-16,106.370003,107.980003,105.870003,107.720001,88.855554,11830600,0.000000,0.000000,0.824875,0.023954,0.023672,0.698796
2019-08-19,109.629997,109.750000,108.419998,108.690002,89.655677,8265400,0.000000,0.000000,0.824875,0.009005,0.008964,0.714094
2019-08-20,107.849998,108.440002,107.239998,107.309998,88.517336,8374000,0.000000,0.000000,0.824875,-0.012697,-0.012778,0.692330
2019-08-21,108.209999,108.430000,107.449997,107.610001,88.764813,8189300,0.000000,0.000000,0.824875,0.002796,0.002792,0.697061
2019-08-22,108.370003,109.269997,107.930000,108.720001,89.680419,9343400,0.000000,0.000000,0.824875,0.010315,0.010262,0.714567
2019-08-23,108.000000,108.779999,105.110001,106.019997,87.453279,14762300,0.000000,0.000000,0.824875,-0.024834,-0.025148,0.671987
2019-08-26,106.620003,106.989998,106.010002,106.870003,88.154401,8209500,0.000000,0.000000,0.824875,0.008017,0.007985,0.685391
2019-08-27,107.349998,107.559998,104.839996,105.739998,87.222299,14331800,0.000000,0.000000,0.824875,-0.010574,-0.010630,0.667571
2019-08-28,105.080002,107.209999,105.040001,106.800003,88.096668,10585500,0.000000,0.000000,0.824875,0.010025,0.009975,0.684287
2019-08-29,108.139999,109.889999,108.019997,109.220001,90.092866,10002200,0.000000,0.000000,0.824875,0.022659,0.022406,0.722452
2019-08-30,109.839996,110.559998,109.470001,109.860001,90.620780,10170300,0.000000,0.000000,0.824875,0.005860,0.005843,0.732545
2019-09-03,108.980003,108.989998,107.320000,108.559998,89.548439,9868800,0.000000,0.000000,0.824875,-0.011833,-0.011904,0.712043
2019-09-04,109.449997,110.220001,108.559998,109.870003,90.629024,6929200,0.000000,0.000000,0.824875,0.012067,0.011995,0.732703
2019-09-05,111.250000,113.720001,111.199997,112.370003,92.691208,13224700,0.000000,0.000000,0.824875,0.022754,0.022499,0.772129
2019-09-06,112.660004,112.980003,111.959999,112.610001,92.889187,7836600,0.000000,0.000000,0.824875,0.002136,0.002134,0.775914
2019-09-09,113.709999,116.059998,113.599998,115.400002,95.190602,13985100,0.000000,0.000000,0.824875,0.024776,0.024474,0.819914
2019-09-10,116.300003,117.269997,115.730003,116.870003,96.403180,14333100,0.000000,0.000000,0.824875,0.012738,0.012658,0.843097
2019-09-11,116.889999,117.199997,115.379997,117.190002,96.667107,9919200,0.000000,0.000000,0.824875,0.002738,0.002734,0.848142
2019-09-12,116.550003,118.470001,115.919998,117.910004,97.261007,12283500,0.000000,0.000000,0.824875,0.006144,0.006125,0.859497
2019-09-13,119.000000,120.400002,118.750000,120.230003,99.174746,16257200,0.000000,0.000000,0.824875,0.019676,0.019485,0.896085
2019-09-16,118.900002,119.870003,118.379997,119.160004,98.292125,11993900,0.000000,0.000000,0.824875,-0.008900,-0.008939,0.879211
2019-09-17,118.419998,118.610001,117.239998,118.570000,97.805440,10735400,0.000000,0.000000,0.824875,-0.004951,-0.004964,0.869906
2019-09-18,118.320000,120.080002,117.750000,119.760002,98.787047,10665600,0.000000,0.000000,0.824875,0.010036,0.009986,0.888673
2019-09-19,119.699997,120.339996,119.089996,119.379997,98.473578,9382600,0.000000,0.000000,0.824875,-0.003173,-0.003178,0.882680
2019-09-20,119.739998,120.339996,118.870003,118.900002,98.077650,21862800,0.000000,0.000000,0.824875,-0.004021,-0.004029,0.875110
2019-09-23,117.779999,119.120003,117.680000,118.879997,98.061146,9135100,0.000000,0.000000,0.824875,-0.000168,-0.000168,0.874795
2019-09-24,118.750000,119.260002,117.040001,117.330002,96.782605,11696500,0.000000,0.000000,0.824875,-0.013038,-0.013124,0.850351
2019-09-25,117.269997,118.360001,117.120003,118.000000,97.335260,9389400,0.000000,0.000000,0.824875,0.005710,0.005694,0.860917
2019-09-26,117.879997,118.050003,116.949997,117.029999,96.535121,9899200,0.000000,0.000000,0.824875,-0.008220,-0.008254,0.845619
2019-09-27,117.959999,118.639999,117.279999,117.720001,97.104295,10207800,0.000000,0.000000,0.824875,0.005896,0.005879,0.856501
2019-09-30,118.360001,118.769997,117.220001,117.690002,97.079563,9755000,0.000000,0.000000,0.824875,-0.000255,-0.000255,0.856028
2019-10-01,118.400002,119.000000,115.410004,115.550003,95.314328,11250300,0.000000,0.000000,0.824875,-0.018183,-0.018351,0.822279
2019-10-02,114.809998,114.900002,112.930000,113.250000,93.417087,12548700,0.000000,0.000000,0.824875,-0.019905,-0.020106,0.786007
2019-10-03,112.269997,112.910004,110.519997,112.190002,93.284105,12735200,0.900000,0.000000,0.831483,-0.001424,-0.001425,0.783464
2019-10-04,112.339996,114.940002,112.269997,114.620003,95.304581,9453100,0.000000,0.000000,0.831483,0.021659,0.021428,0.822093
2019-10-07,114.190002,115.500000,114.070000,114.370003,95.096702,6771600,0.000000,0.000000,0.831483,-0.002181,-0.002184,0.818118
2019-10-08,113.059998,113.059998,111.660004,111.820000,92.976436,10806300,0.000000,0.000000,0.831483,-0.022296,-0.022548,0.777582
2019-10-09,112.669998,113.160004,112.070000,112.629997,93.649926,7273700,0.000000,0.000000,0.831483,0.007244,0.007218,0.790458
2019-10-10,113.139999,115.400002,113.000000,114.209999,94.963669,10994100,0.000000,0.000000,0.831483,0.014028,0.013931,0.815575
2019-10-11,116.029999,117.989998,115.870003,116.139999,96.568410,15076500,0.000000,0.000000,0.831483,0.016898,0.016757,0.846256
2019-10-14,115.849998,116.870003,115.660004,116.449997,96.826188,8779000,0.000000,0.000000,0.831483,0.002669,0.002666,0.851184
2019-10-15,118.849998,121.589996,117.870003,119.959999,99.744679,23379000,0.000000,0.000000,0.831483,0.030142,0.029696,0.906981
2019-10-16,119.959999,120.620003,119.379997,119.680000,99.511886,11087700,0.000000,0.000000,0.831483,-0.002334,-0.002337,0.902531
2019-10-17,120.750000,121.570000,119.879997,120.349998,100.068959,10818500,0.000000,0.000000,0.831483,0.005598,0.005582,0.913181
2019-10-18,120.000000,121.019997,119.860001,120.559998,100.243594,10417400,0.000000,0.000000,0.831483,0.001745,0.001744,0.916520
2019-10-21,122.050003,123.769997,121.989998,123.550003,102.729734,12714600,0.000000,0.000000,0.831483,0.024801,0.024498,0.964052
2019-10-22,123.449997,125.099998,123.120003,124.790001,103.760745,12549100,0.000000,0.000000,0.831483,0.010036,0.009986,0.983763
2019-10-23,124.199997,125.150002,124.169998,125.120003,104.035148,8828300,0.000000,0.000000,0.831483,0.002645,0.002641,0.989009
2019-10-24,125.290001,125.660004,124.070000,125.029999,103.960327,8020500,0.000000,0.000000,0.831483,-0.000719,-0.000719,0.987579
2019-10-25,125.000000,126.650002,124.750000,126.029999,104.791788,9055700,0.000000,0.000000,0.831483,0.007998,0.007966,1.003475
2019-10-28,126.570000,127.209999,126.400002,126.510002,105.190904,9522200,0.000000,0.000000,0.831483,0.003809,0.003801,1.011106
2019-10-29,126.059998,127.419998,125.940002,126.430000,105.124395,9797300,0.000000,0.000000,0.831483,-0.000632,-0.000632,1.009834
2019-10-30,126.050003,126.260002,124.919998,125.730003,104.542361,8513700,0.000000,0.000000,0.831483,-0.005537,-0.005552,0.998707
2019-10-31,125.489998,125.730003,123.860001,124.919998,103.868856,11589100,0.000000,0.000000,0.831483,-0.006442,-0.006463,0.985830
2019-11-01,126.199997,127.989998,126.019997,127.800003,106.263518,11682600,0.000000,0.000000,0.831483,0.023055,0.022793,1.031613
2019-11-04,129.080002,129.419998,128.559998,128.820007,107.111658,9159900,0.000000,0.000000,0.831483,0.007981,0.007950,1.047828
2019-11-05,129.389999,130.300003,128.839996,129.100006,107.344452,13747600,0.000000,0.000000,0.831483,0.002173,0.002171,1.052279
2019-11-06,128.690002,129.839996,128.580002,129.300003,107.510760,11231100,0.000000,0.000000,0.831483,0.001549,0.001548,1.055458
2019-11-07,130.429993,131.289993,129.919998,130.000000,108.092779,13528900,0.000000,0.000000,0.831483,0.005414,0.005399,1.066586
2019-11-08,129.880005,130.399994,129.250000,130.380005,108.408753,9293400,0.000000,0.000000,0.831483,0.002923,0.002919,1.072627
2019-11-11,129.600006,130.100006,129.350006,129.919998,108.026254,8679000,0.000000,0.000000,0.831483,-0.003528,-0.003535,1.065314
2019-11-12,129.630005,130.619995,129.009995,129.160004,107.394344,9099000,0.000000,0.000000,0.831483,-0.005850,-0.005867,1.053233
2019-11-13,128.130005,128.820007,127.419998,128.479996,106.828919,8023300,0.000000,0.000000,0.831483,-0.005265,-0.005279,1.042422
2019-11-14,127.720001,128.839996,127.589996,128.600006,106.928718,8483400,0.000000,0.000000,0.831483,0.000934,0.000934,1.044330
2019-11-15,129.229996,129.529999,128.399994,129.529999,107.701990,10163600,0.000000,0.000000,0.831483,0.007232,0.007206,1.059114
2019-11-18,129.559998,130.649994,128.990005,130.619995,108.608288,8749300,0.000000,0.000000,0.831483,0.008415,0.008380,1.076441
2019-11-19,130.990005,131.250000,130.179993,130.580002,108.575045,8824500,0.000000,0.000000,0.831483,-0.000306,-0.000306,1.075806
2019-11-20,130.300003,130.619995,128.940002,129.630005,107.785125,11782800,0.000000,0.000000,0.831483,-0.007275,-0.007302,1.060704
2019-11-21,130.000000,130.720001,129.389999,129.929993,108.034574,7705500,0.000000,0.000000,0.831483,0.002314,0.002312,1.065473
2019-11-22,130.149994,131.220001,130.100006,130.789993,108.749643,8167900,0.000000,0.000000,0.831483,0.006619,0.006597,1.079144
2019-11-25,131.250000,132.070007,130.869995,131.490005,109.331699,10068500,0.000000,0.000000,0.831483,0.005352,0.005338,1.090272
2019-11-26,131.820007,131.820007,130.360001,131.669998,109.481329,10490700,0.000000,0.000000,0.831483,0.001369,0.001368,1.093133
2019-11-27,132.289993,132.429993,131.649994,132.059998,109.805646,6607900,0.000000,0.000000,0.831483,0.002962,0.002958,1.099333
2019-11-29,131.869995,132.410004,131.449997,131.759995,109.556188,5712000,0.000000,0.000000,0.831483,-0.002272,-0.002274,1.094564
2019-12-02,132.309998,132.740005,131.350006,131.470001,109.315028,8615600,0.000000,0.000000,0.831483,-0.002201,-0.002204,1.089953
2019-12-03,129.770004,129.960007,128.589996,129.779999,107.909846,10361300,0.000000,0.000000,0.831483,-0.012854,-0.012938,1.063088
2019-12-04,130.380005,132.470001,129.990005,132.339996,110.038455,10318200,0.000000,0.000000,0.831483,0.019726,0.019534,1.103784
2019-12-05,132.679993,133.309998,132.179993,133.059998,110.637114,9587400,0.000000,0.000000,0.831483,0.005440,0.005426,1.115230
2019-12-06,134.690002,135.779999,134.649994,135.039993,112.283450,10170600,0.000000,0.000000,0.831483,0.014880,0.014771,1.146706
2019-12-09,134.630005,135.460007,134.410004,134.410004,111.759627,8498200,0.000000,0.000000,0.831483,-0.004665,-0.004676,1.136691
2019-12-10,133.250000,134.770004,132.880005,134.500000,111.834480,7532900,0.000000,0.000000,0.831483,0.000670,0.000670,1.138122
2019-12-11,134.289993,135.020004,134.009995,134.179993,111.568374,9011900,0.000000,0.000000,0.831483,-0.002379,-0.002382,1.133034
2019-12-12,134.490005,138.470001,134.210007,138.020004,114.761269,13717400,0.000000,0.000000,0.831483,0.028618,0.028216,1.194078
2019-12-13,137.949997,138.830002,136.220001,136.809998,113.755181,10592100,0.000000,0.000000,0.831483,-0.008767,-0.008805,1.174843
2019-12-16,138.380005,138.839996,137.320007,137.339996,114.195891,11372000,0.000000,0.000000,0.831483,0.003874,0.003867,1.183269
2019-12-17,137.729996,138.669998,137.229996,138.179993,114.894302,11546800,0.000000,0.000000,0.831483,0.006116,0.006097,1.196621
2019-12-18,138.149994,139.020004,137.720001,138.039993,114.777894,10381500,0.000000,0.000000,0.831483,-0.001013,-0.001014,1.194396
2019-12-19,137.759995,138.220001,137.100006,137.350006,114.204188,9350400,0.000000,0.000000,0.831483,-0.004998,-0.005011,1.183427
2019-12-20,138.020004,138.880005,136.899994,137.240005,114.112718,29992600,0.000000,0.000000,0.831483,-0.000801,-0.000801,1.181679
2019-12-23,137.600006,137.910004,136.880005,137.199997,114.079460,9738400,0.000000,0.000000,0.831483,-0.000291,-0.000291,1.181043
2019-12-24,137.330002,137.630005,137.059998,137.580002,114.395381,3324300,0.000000,0.000000,0.831483,0.002769,0.002765,1.187083
2019-12-26,137.889999,139.100006,137.779999,139.039993,115.609394,6770900,0.000000,0.000000,0.831483,0.010612,0.010557,1.210293
2019-12-27,139.300003,139.770004,138.669998,139.139999,115.692521,7868200,0.000000,0.000000,0.831483,0.000719,0.000719,1.211882
2019-12-30,139.899994,140.080002,138.470001,138.630005,115.268482,6963000,0.000000,0.000000,0.831483,-0.003665,-0.003672,1.203775
2019-12-31,138.509995,139.479996,138.289993,139.399994,115.908720,7201600,0.000000,0.000000,0.831483,0.005554,0.005539,1.216016
2020-01-02,139.789993,141.100006,139.259995,141.089996,117.313872,10803700,0.000000,0.000000,0.831483,0.012123,0.012050,1.242880
2020-01-03,137.500000,139.229996,137.080002,138.339996,115.765810,10386800,0.900000,0.000000,0.836821,-0.013196,-0.013284,1.213283
2020-01-06,136.559998,138.270004,136.500000,138.229996,115.673762,10259000,0.000000,0.000000,0.836821,-0.000795,-0.000795,1.211524
2020-01-07,137.279999,137.860001,135.820007,135.880005,113.707240,10531300,0.000000,0.000000,0.836821,-0.017001,-0.017147,1.173926
2020-01-08,135.699997,137.580002,135.600006,136.940002,114.594248,9695300,0.000000,0.000000,0.836821,0.007801,0.007771,1.190885
2020-01-09,138.050003,138.229996,137.039993,137.440002,115.012678,9469000,0.000000,0.000000,0.836821,0.003651,0.003645,1.198885
2020-01-10,137.210007,137.250000,135.809998,136.070007,113.866229,10190900,0.000000,0.000000,0.836821,-0.009968,-0.010018,1.176966
2020-01-13,136.190002,137.199997,135.759995,137.199997,114.811844,12355200,0.000000,0.000000,0.836821,0.008305,0.008270,1.195045
2020-01-14,137.940002,140.759995,137.690002,138.800003,116.150737,24906000,0.000000,0.000000,0.836821,0.011662,0.011594,1.220643
2020-01-15,137.850006,138.600006,136.149994,136.720001,114.410154,16293400,0.000000,0.000000,0.836821,-0.014986,-0.015099,1.187365
2020-01-16,137.449997,137.899994,136.839996,137.250000,114.853665,10783800,0.000000,0.000000,0.836821,0.003877,0.003869,1.195845
2020-01-17,137.539993,138.289993,137.320007,138.199997,115.648665,14697700,0.000000,0.000000,0.836821,0.006922,0.006898,1.211044
2020-01-21,137.190002,138.070007,136.690002,136.839996,114.510582,8474200,0.000000,0.000000,0.836821,-0.009841,-0.009890,1.189285
2020-01-22,137.240005,137.399994,136.380005,136.679993,114.376675,7549100,0.000000,0.000000,0.836821,-0.001169,-0.001170,1.186725
2020-01-23,135.710007,136.740005,134.720001,136.539993,114.259522,9345700,0.000000,0.000000,0.836821,-0.001024,-0.001025,1.184485
2020-01-24,136.369995,136.429993,132.320007,133.149994,111.422700,15166400,0.000000,0.000000,0.836821,-0.024828,-0.025141,1.130249
2020-01-27,130.270004,132.940002,129.710007,132.029999,110.485451,12860500,0.000000,0.000000,0.836821,-0.008412,-0.008447,1.112330
2020-01-28,132.839996,134.970001,132.479996,134.429993,112.493856,13062800,0.000000,0.000000,0.836821,0.018178,0.018015,1.150728
2020-01-29,134.809998,135.539993,133.690002,134.229996,112.326478,9326000,0.000000,0.000000,0.836821,-0.001488,-0.001489,1.147528
2020-01-30,132.690002,136.130005,132.690002,135.889999,113.715583,9048900,0.000000,0.000000,0.836821,0.012367,0.012291,1.174086
2020-01-31,134.490005,134.830002,131.470001,132.360001,110.761638,12785200,0.000000,0.000000,0.836821,-0.025977,-0.026320,1.117611
2020-02-03,132.660004,134.240005,132.660004,133.369995,111.606818,10021100,0.000000,0.000000,0.836821,0.007631,0.007602,1.133769
2020-02-04,135.550003,136.600006,135.080002,135.289993,113.213495,9157100,0.000000,0.000000,0.836821,0.014396,0.014293,1.164487
2020-02-05,136.570007,137.729996,136.009995,137.589996,115.138196,10150700,0.000000,0.000000,0.836821,0.017001,0.016858,1.201284
2020-02-06,138.240005,138.289993,137.110001,137.610001,115.154904,8992300,0.000000,0.000000,0.836821,0.000145,0.000145,1.201604
2020-02-07,136.729996,137.669998,136.300003,137.169998,114.786746,6379800,0.000000,0.000000,0.836821,-0.003197,-0.003202,1.194565
2020-02-10,136.949997,137.850006,136.750000,137.740005,115.263729,5960700,0.000000,0.000000,0.836821,0.004155,0.004147,1.203684
2020-02-11,138.259995,138.820007,137.779999,138.000000,115.481279,6578600,0.000000,0.000000,0.836821,0.001887,0.001886,1.207844
2020-02-12,138.600006,139.289993,137.800003,138.000000,115.481279,7958000,0.000000,0.000000,0.836821,0.000000,0.000000,1.207844
2020-02-13,137.750000,138.339996,136.399994,137.880005,115.380866,7447500,0.000000,0.000000,0.836821,-0.000870,-0.000870,1.205924
2020-02-14,137.839996,138.190002,136.940002,137.460007,115.029401,6627600,0.000000,0.000000,0.836821,-0.003046,-0.003051,1.199204
2020-02-18,137.339996,137.710007,135.050003,135.639999,113.506414,8996400,0.000000,0.000000,0.836821,-0.013240,-0.013328,1.170087
2020-02-19,136.910004,138.389999,136.339996,137.490005,115.054522,7071200,0.000000,0.000000,0.836821,0.013639,0.013547,1.199685
2020-02-20,137.169998,138.360001,136.529999,137.490005,115.054522,7422800,0.000000,0.000000,0.836821,0.000000,0.000000,1.199685
2020-02-21,136.550003,136.919998,134.919998,135.809998,113.648656,9772800,0.000000,0.000000,0.836821,-0.012219,-0.012294,1.172806
2020-02-24,131.440002,133.199997,130.800003,132.160004,110.594268,13618400,0.000000,0.000000,0.836821,-0.026876,-0.027243,1.114411
2020-02-25,131.000000,132.229996,125.589996,126.260002,105.657001,20797200,0.000000,0.000000,0.836821,-0.044643,-0.045670,1.020017
2020-02-26,126.930000,128.949997,126.339996,126.639999,105.974988,24825600,0.000000,0.000000,0.836821,0.003010,0.003005,1.026096
2020-02-27,122.910004,125.620003,121.300003,121.370003,101.564967,23005500,0.000000,0.000000,0.836821,-0.041614,-0.042504,0.941783
2020-02-28,117.519997,118.489998,112.660004,116.110001,97.163274,45931400,0.000000,0.000000,0.836821,-0.043339,-0.044306,0.857629
2020-03-02,116.629997,121.580002,114.459999,121.519997,101.690493,27355400,0.000000,0.000000,0.836821,0.046594,0.045541,0.944183
2020-03-03,120.970001,122.949997,116.239998,116.959999,97.874576,32547700,0.000000,0.000000,0.836821,-0.037525,-0.038247,0.871228
2020-03-04,118.330002,120.190002,114.699997,119.849998,100.293007,25795900,0.000000,0.000000,0.836821,0.024709,0.024409,0.917465
2020-03-05,115.669998,116.430000,112.580002,113.970001,95.372495,25025600,0.000000,0.000000,0.836821,-0.049061,-0.050306,0.823391
2020-03-06,106.260002,110.320000,105.019997,108.080002,90.443624,38159400,0.000000,0.000000,0.836821,-0.051680,-0.053064,0.729158
2020-03-09,96.570000,99.230003,93.000000,93.440002,78.192557,40352000,0.000000,0.000000,0.836821,-0.135455,-0.145552,0.494934
2020-03-10,99.000000,101.279999,94.580002,100.699997,84.267846,31102700,0.000000,0.000000,0.836821,0.077697,0.074826,0.611086
2020-03-11,97.699997,100.050003,94.550003,95.959999,80.301352,38127000,0.000000,0.000000,0.836821,-0.047070,-0.048214,0.535252
2020-03-12,89.589996,96.959999,86.320000,88.050003,73.682063,49725200,0.000000,0.000000,0.836821,-0.082431,-0.086027,0.408700
2020-03-13,95.989998,103.989998,92.000000,103.910004,86.954067,38543300,0.000000,0.000000,0.836821,0.180125,0.165621,0.662442
2020-03-16,85.199997,93.980003,84.550003,88.360001,73.941496,38589700,0.000000,0.000000,0.836821,-0.149649,-0.162106,0.413660
2020-03-17,90.889999,97.440002,87.500000,93.760002,78.460325,35239800,0.000000,0.000000,0.836821,0.061114,0.059319,0.500054
2020-03-18,87.669998,90.790001,80.360001,83.889999,70.200910,41525600,0.000000,0.000000,0.836821,-0.105269,-0.111232,0.342145
2020-03-19,81.559998,88.110001,76.910004,85.300003,71.380822,32175100,0.000000,0.000000,0.836821,0.016808,0.016668,0.364703
2020-03-20,86.300003,89.459999,82.480003,83.500000,69.874550,30150800,0.000000,0.000000,0.836821,-0.021102,-0.021328,0.335906
2020-03-23,82.680000,83.750000,78.089996,79.029999,66.133958,32536600,0.000000,0.000000,0.836821,-0.053533,-0.055019,0.264391
2020-03-24,84.900002,90.099998,82.900002,88.430000,74.000079,34363200,0.000000,0.000000,0.836821,0.118942,0.112384,0.414780
2020-03-25,89.239998,95.150002,84.540001,91.730003,76.761578,38111700,0.000000,0.000000,0.836821,0.037318,0.036638,0.467576
2020-03-26,94.080002,98.570000,93.540001,98.120003,82.108879,29826300,0.000000,0.000000,0.836821,0.069661,0.067342,0.569809
2020-03-27,93.190002,94.839996,90.550003,91.129997,76.259498,30041500,0.000000,0.000000,0.836821,-0.071239,-0.073904,0.457977
2020-03-30,90.650002,94.089996,89.300003,93.500000,78.242752,21656900,0.000000,0.000000,0.836821,0.026007,0.025674,0.495894
2020-03-31,92.050003,94.169998,89.339996,90.029999,75.339003,23379300,0.000000,0.000000,0.836821,-0.037112,-0.037818,0.440378
2020-04-01,85.099998,86.559998,83.250000,84.360001,70.594204,28029600,0.000000,0.000000,0.836821,-0.062979,-0.065050,0.349664
2020-04-02,83.510002,87.910004,82.959999,87.510002,73.230192,24018000,0.000000,0.000000,0.836821,0.037340,0.036660,0.400061
2020-04-03,86.000000,87.480003,82.769997,84.050003,71.065691,21199400,0.900000,0.000000,0.845517,-0.029557,-0.030003,0.358679
2020-04-06,88.989998,90.989998,87.699997,89.459999,75.639923,26820800,0.000000,0.000000,0.845517,0.064366,0.062380,0.446132
2020-04-07,94.449997,94.500000,90.379997,90.639999,76.637639,22563800,0.000000,0.000000,0.845517,0.013190,0.013104,0.465207
2020-04-08,92.099998,94.860001,90.550003,94.300003,79.732239,22903300,0.000000,0.000000,0.845517,0.040380,0.039586,0.524371
2020-04-09,96.919998,104.389999,96.889999,102.760002,86.885303,42055900,0.000000,0.000000,0.845517,0.089714,0.085915,0.661128
2020-04-13,103.110001,103.110001,97.300003,98.190002,83.021288,26911900,0.000000,0.000000,0.845517,-0.044473,-0.045492,0.587253
2020-04-14,101.019997,102.000000,93.639999,95.500000,80.746853,46151300,0.000000,0.000000,0.845517,-0.027396,-0.027778,0.543769
2020-04-15,91.150002,92.029999,90.129997,90.790001,76.764463,30118600,0.000000,0.000000,0.845517,-0.049319,-0.050577,0.467631
2020-04-16,90.230003,90.570000,87.050003,87.330002,73.838972,32449600,0.000000,0.000000,0.845517,-0.038110,-0.038855,0.411700
2020-04-17,92.000000,95.699997,90.959999,95.180000,80.476276,30191900,0.000000,0.000000,0.845517,0.089889,0.086076,0.538596
2020-04-20,92.470001,94.709999,90.459999,91.709999,77.542328,23679400,0.000000,0.000000,0.845517,-0.036457,-0.037138,0.482503
2020-04-21,88.620003,91.379997,88.330002,89.050003,75.293265,23035000,0.000000,0.000000,0.845517,-0.029004,-0.029433,0.439504
2020-04-22,90.690002,91.870003,89.180000,89.339996,75.538455,16662400,0.000000,0.000000,0.845517,0.003256,0.003251,0.444192
2020-04-23,89.739998,91.279999,89.260002,89.389999,75.580739,16638800,0.000000,0.000000,0.845517,0.000560,0.000560,0.445000
2020-04-24,90.639999,91.099998,88.489998,90.709999,76.696815,15809200,0.000000,0.000000,0.845517,0.014767,0.014659,0.466338
2020-04-27,91.940002,95.629997,91.540001,94.620003,80.002793,22870200,0.000000,0.000000,0.845517,0.043104,0.042201,0.529544
2020-04-28,97.809998,98.360001,95.029999,95.290001,80.569280,20238900,0.000000,0.000000,0.845517,0.007081,0.007056,0.540374
2020-04-29,99.080002,99.449997,97.269997,97.860001,82.742269,20462600,0.000000,0.000000,0.845517,0.026970,0.026613,0.581919
2020-04-30,95.599998,96.839996,94.550003,95.760002,80.966665,19127600,0.000000,0.000000,0.845517,-0.021459,-0.021693,0.547972
2020-05-01,93.500000,93.739998,91.839996,93.250000,78.844426,18547700,0.000000,0.000000,0.845517,-0.026211,-0.026561,0.507397
2020-05-04,92.019997,92.669998,90.800003,92.139999,77.905893,15725900,0.000000,0.000000,0.845517,-0.011904,-0.011975,0.489454
2020-05-05,93.650002,94.209999,91.900002,92.000000,77.787534,18064100,0.000000,0.000000,0.845517,-0.001519,-0.001520,0.487191
2020-05-06,92.160004,92.760002,89.930000,90.269997,76.324792,20978000,0.000000,0.000000,0.845517,-0.018804,-0.018983,0.459225
2020-05-07,91.339996,92.910004,90.580002,91.209999,77.119571,16771900,0.000000,0.000000,0.845517,0.010413,0.010359,0.474420
2020-05-08,92.800003,94.080002,92.110001,92.699997,78.379392,20487800,0.000000,0.000000,0.845517,0.016336,0.016204,0.498506
2020-05-11,91.110001,91.110001,89.330002,89.970001,76.071145,31907600,0.000000,0.000000,0.845517,-0.029450,-0.029892,0.454376
2020-05-12,90.150002,90.790001,86.900002,87.029999,73.585317,27962900,0.000000,0.000000,0.845517,-0.032678,-0.033224,0.406850
2020-05-13,86.379997,86.860001,83.400002,84.029999,71.048769,35451600,0.000000,0.000000,0.845517,-0.034471,-0.035079,0.358355
2020-05-14,82.720001,88.110001,82.400002,87.519997,73.999616,35152500,0.000000,0.000000,0.845517,0.041533,0.040693,0.414771
2020-05-15,86.849998,87.279999,85.300003,85.900002,72.629885,26099000,0.000000,0.000000,0.845517,-0.018510,-0.018683,0.388584
2020-05-18,88.690002,91.150002,87.879997,90.449997,76.476995,30504400,0.000000,0.000000,0.845517,0.052969,0.051613,0.462135
2020-05-19,90.050003,91.199997,88.589996,88.669998,74.971953,19597300,0.000000,0.000000,0.845517,-0.019680,-0.019876,0.433361
2020-05-20,90.709999,92.389999,90.370003,91.330002,77.221024,20552400,0.000000,0.000000,0.845517,0.029999,0.029558,0.476360
2020-05-21,90.269997,91.760002,89.669998,90.169998,76.240238,14621400,0.000000,0.000000,0.845517,-0.012701,-0.012782,0.457609
2020-05-22,90.010002,90.360001,88.720001,89.470001,75.648380,13557900,0.000000,0.000000,0.845517,-0.007763,-0.007793,0.446293
2020-05-26,92.889999,97.500000,92.610001,95.820000,81.017400,41233900,0.000000,0.000000,0.845517,0.070973,0.068568,0.548942
2020-05-27,102.070000,102.580002,98.800003,101.370003,85.710038,39402000,0.000000,0.000000,0.845517,0.057921,0.056306,0.638658
2020-05-28,102.940002,102.949997,99.400002,99.860001,84.433288,24713900,0.000000,0.000000,0.845517,-0.014896,-0.015008,0.614249
2020-05-29,98.660004,99.180000,96.779999,97.309998,82.277220,26526400,0.000000,0.000000,0.845517,-0.025536,-0.025867,0.573028
2020-06-01,97.750000,99.510002,97.379997,98.599998,83.367947,15176800,0.000000,0.000000,0.845517,0.013257,0.013170,0.593881
2020-06-02,100.279999,100.419998,97.930000,98.930000,83.646973,21195000,0.000000,0.000000,0.845517,0.003347,0.003341,0.599215
2020-06-03,101.580002,104.919998,101.059998,104.269997,88.162015,25941100,0.000000,0.000000,0.845517,0.053977,0.052571,0.685537
2020-06-04,103.820000,106.610001,102.790001,106.440002,89.996779,26784700,0.000000,0.000000,0.845517,0.020811,0.020598,0.720615
2020-06-05,114.930000,115.769997,109.529999,111.230003,94.046810,42231000,0.000000,0.000000,0.845517,0.045002,0.044019,0.798046
2020-06-08,113.410004,114.190002,111.940002,113.449997,95.923867,24881800,0.000000,0.000000,0.845517,0.019959,0.019762,0.833933
2020-06-09,110.650002,111.629997,109.010002,110.540001,93.463417,17031100,0.000000,0.000000,0.845517,-0.025650,-0.025985,0.786892
2020-06-10,110.459999,110.510002,105.849998,106.059998,89.675499,24913300,0.000000,0.000000,0.845517,-0.040528,-0.041373,0.714473
2020-06-11,100.029999,101.580002,96.540001,97.209999,82.192689,36259200,0.000000,0.000000,0.845517,-0.083443,-0.087131,0.571411
2020-06-12,100.709999,101.129997,97.330002,99.870003,84.441760,24856800,0.000000,0.000000,0.845517,0.027363,0.026996,0.614411
2020-06-15,96.419998,101.430000,95.870003,101.250000,85.608554,22153600,0.000000,0.000000,0.845517,0.013818,0.013723,0.636718
2020-06-16,105.370003,105.680000,99.309998,102.059998,86.293431,22193600,0.000000,0.000000,0.845517,0.008000,0.007968,0.649812
2020-06-17,102.529999,102.540001,99.209999,99.480003,84.112007,15639800,0.000000,0.000000,0.845517,-0.025279,-0.025604,0.608106
2020-06-18,98.669998,100.519997,98.129997,98.940002,83.655415,16591900,0.000000,0.000000,0.845517,-0.005428,-0.005443,0.599377
2020-06-19,100.529999,100.599998,96.730003,97.809998,82.699977,40371200,0.000000,0.000000,0.845517,-0.011421,-0.011487,0.581110
2020-06-22,97.250000,97.949997,96.540001,96.750000,81.803737,16216900,0.000000,0.000000,0.845517,-0.010837,-0.010896,0.563975
2020-06-23,98.970001,99.970001,97.849998,97.930000,82.801446,15381400,0.000000,0.000000,0.845517,0.012196,0.012123,0.583050
2020-06-24,96.750000,96.839996,94.309998,94.660004,80.036621,22919800,0.000000,0.000000,0.845517,-0.033391,-0.033961,0.530190
2020-06-25,94.349998,98.209999,94.260002,97.959999,82.826824,25743600,0.000000,0.000000,0.845517,0.034862,0.034268,0.583535
2020-06-26,95.110001,95.370003,92.000000,92.589996,78.286403,41896300,0.000000,0.000000,0.845517,-0.054818,-0.056378,0.496729
2020-06-29,93.400002,94.489998,92.180000,93.000000,78.633040,18499700,0.000000,0.000000,0.845517,0.004428,0.004418,0.503356
2020-06-30,92.830002,94.660004,92.570000,94.059998,79.529310,19137000,0.000000,0.000000,0.845517,0.011398,0.011334,0.520491
2020-07-01,94.889999,95.709999,93.029999,93.260002,78.852883,18755700,0.000000,0.000000,0.845517,-0.008505,-0.008542,0.507559
2020-07-02,94.739998,94.959999,91.930000,92.660004,79.109013,27845600,0.900000,0.000000,0.853756,0.003248,0.003243,0.512456
2020-07-06,94.430000,95.199997,93.480003,95.000000,81.106805,18625300,0.000000,0.000000,0.853756,0.025254,0.024940,0.550651
2020-07-07,93.820000,94.099998,92.000000,92.320000,78.818736,25757200,0.000000,0.000000,0.853756,-0.028211,-0.028616,0.506906
2020-07-08,92.290001,93.339996,91.800003,93.300003,79.655420,18762200,0.000000,0.000000,0.853756,0.010615,0.010559,0.522902
2020-07-09,93.519997,94.120003,90.779999,91.279999,77.930839,25600800,0.000000,0.000000,0.853756,-0.021651,-0.021888,0.489931
2020-07-10,92.000000,96.839996,91.870003,96.269997,82.191072,28954200,0.000000,0.000000,0.853756,0.054667,0.053225,0.571381
2020-07-13,98.730003,99.269997,96.230003,97.650002,83.369253,32079200,0.000000,0.000000,0.853756,0.014335,0.014233,0.593906
2020-07-14,98.370003,99.949997,96.639999,98.209999,83.847345,42731700,0.000000,0.000000,0.853756,0.005735,0.005718,0.603046
2020-07-15,100.889999,101.290001,98.650002,99.730003,85.145069,22508400,0.000000,0.000000,0.853756,0.015477,0.015359,0.627857
2020-07-16,98.779999,101.220001,98.550003,100.010002,85.384119,16886900,0.000000,0.000000,0.853756,0.002808,0.002804,0.632427
2020-07-17,100.000000,100.080002,98.139999,98.160004,83.804687,16137700,0.000000,0.000000,0.853756,-0.018498,-0.018671,0.602231
2020-07-20,97.430000,98.389999,97.260002,97.300003,83.070436,14458100,0.000000,0.000000,0.853756,-0.008761,-0.008800,0.588193
2020-07-21,97.709999,100.050003,97.639999,99.410004,84.871865,17798100,0.000000,0.000000,0.853756,0.021686,0.021454,0.622634
2020-07-22,99.650002,100.129997,97.529999,98.690002,84.257172,14271200,0.000000,0.000000,0.853756,-0.007243,-0.007269,0.610882
2020-07-23,98.500000,99.349998,97.970001,98.980003,84.504770,12870200,0.000000,0.000000,0.853756,0.002939,0.002934,0.615615
2020-07-24,99.599998,99.800003,97.940002,98.279999,83.907135,12744200,0.000000,0.000000,0.853756,-0.007072,-0.007097,0.604189
2020-07-27,97.510002,97.629997,96.169998,96.900002,82.728961,11959100,0.000000,0.000000,0.853756,-0.014041,-0.014141,0.581664
2020-07-28,96.500000,97.889999,96.500000,97.320000,83.087524,11754300,0.000000,0.000000,0.853756,0.004334,0.004325,0.588519
2020-07-29,97.070000,99.709999,97.000000,99.680000,85.102382,12743500,0.000000,0.000000,0.853756,0.024250,0.023960,0.627041
2020-07-30,97.540001,97.739998,96.050003,97.019997,82.831371,14834800,0.000000,0.000000,0.853756,-0.026686,-0.027048,0.583622
2020-07-31,96.480003,96.930000,95.250000,96.639999,82.506963,14535000,0.000000,0.000000,0.853756,-0.003916,-0.003924,0.577420
2020-08-03,97.019997,97.570000,95.849998,96.099998,82.045937,12962800,0.000000,0.000000,0.853756,-0.005588,-0.005603,0.568606
2020-08-04,95.910004,95.949997,95.029999,95.550003,81.576363,13366200,0.000000,0.000000,0.853756,-0.005723,-0.005740,0.559628
2020-08-05,95.870003,98.470001,95.720001,97.209999,82.993617,15260900,0.000000,0.000000,0.853756,0.017373,0.017224,0.586724
2020-08-06,97.580002,98.099998,96.540001,97.239998,83.019215,10482100,0.000000,0.000000,0.853756,0.000308,0.000308,0.587213
2020-08-07,96.930000,99.489998,96.559998,99.379997,84.846252,14743700,0.000000,0.000000,0.853756,0.022007,0.021769,0.622144
2020-08-10,100.110001,102.040001,100.029999,100.639999,85.921977,14989900,0.000000,0.000000,0.853756,0.012679,0.012599,0.642710
2020-08-11,103.860001,106.160004,103.510002,103.820000,88.636918,31518600,0.000000,0.000000,0.853756,0.031598,0.031109,0.694616
2020-08-12,106.160004,106.430000,101.709999,102.940002,87.885646,19240800,0.000000,0.000000,0.853756,-0.008476,-0.008512,0.680253
2020-08-13,102.000000,103.360001,101.639999,102.370003,87.398984,13598600,0.000000,0.000000,0.853756,-0.005537,-0.005553,0.670949
2020-08-14,101.500000,103.309998,101.419998,102.410004,87.433138,12134400,0.000000,0.000000,0.853756,0.000391,0.000391,0.671602
2020-08-17,101.500000,102.000000,99.529999,99.709999,85.127989,14988000,0.000000,0.000000,0.853756,-0.026365,-0.026718,0.627530
2020-08-18,99.910004,99.910004,98.120003,98.320000,83.941274,13246500,0.000000,0.000000,0.853756,-0.013940,-0.014038,0.604842
2020-08-19,98.919998,100.589996,98.339996,98.550003,84.137628,13533000,0.000000,0.000000,0.853756,0.002339,0.002336,0.608596
2020-08-20,97.260002,98.029999,96.800003,97.370003,83.130211,13672600,0.000000,0.000000,0.853756,-0.011973,-0.012046,0.589336
2020-08-21,97.269997,98.570000,96.940002,97.320000,83.087524,12228300,0.000000,0.000000,0.853756,-0.000513,-0.000514,0.588519
2020-08-24,98.449997,100.209999,97.419998,100.059998,85.426813,17898300,0.000000,0.000000,0.853756,0.028155,0.027765,0.633243
2020-08-25,101.269997,101.980003,99.800003,100.500000,85.802465,13648900,0.000000,0.000000,0.853756,0.004397,0.004388,0.640425
2020-08-26,99.940002,100.269997,99.050003,99.089996,84.598661,12052400,0.000000,0.000000,0.853756,-0.014030,-0.014129,0.617410
2020-08-27,99.000000,102.650002,99.000000,102.349998,87.381911,22163900,0.000000,0.000000,0.853756,0.032899,0.032370,0.670622
2020-08-28,103.139999,103.250000,101.809998,102.769997,87.740489,13756700,0.000000,0.000000,0.853756,0.004104,0.004095,0.677478
2020-08-31,102.120003,102.180000,100.019997,100.190002,85.537809,14219400,0.000000,0.000000,0.853756,-0.025104,-0.025425,0.635366
2020-09-01,99.550003,100.870003,99.040001,100.139999,85.495122,11595600,0.000000,0.000000,0.853756,-0.000499,-0.000499,0.634549
2020-09-02,99.949997,101.940002,99.559998,101.650002,86.784283,14475700,0.000000,0.000000,0.853756,0.015079,0.014966,0.659196
2020-09-03,103.320000,104.989998,100.639999,101.330002,86.511079,23281200,0.000000,0.000000,0.853756,-0.003148,-0.003153,0.653973
2020-09-04,104.050003,105.209999,101.370003,103.519997,88.380803,26325500,0.000000,0.000000,0.853756,0.021613,0.021382,0.689720
2020-09-08,102.980003,103.570000,99.480003,99.919998,85.307285,22108600,0.000000,0.000000,0.853756,-0.034776,-0.035395,0.630958
2020-09-09,100.800003,101.690002,99.559998,100.870003,86.118356,13434000,0.000000,0.000000,0.853756,0.009508,0.009463,0.646465
2020-09-10,101.400002,102.419998,99.639999,99.830002,85.230443,15922800,0.000000,0.000000,0.853756,-0.010310,-0.010364,0.629489
2020-09-11,99.970001,101.360001,99.589996,101.070000,86.289104,13784300,0.000000,0.000000,0.853756,0.012421,0.012345,0.649729
2020-09-14,101.510002,103.459999,101.370003,102.470001,87.484366,19017400,0.000000,0.000000,0.853756,0.013852,0.013757,0.672581
2020-09-15,102.730003,102.849998,99.139999,99.279999,84.760870,23683000,0.000000,0.000000,0.853756,-0.031131,-0.031626,0.620512
2020-09-16,99.430000,101.129997,98.760002,99.699997,85.119448,19270600,0.000000,0.000000,0.853756,0.004230,0.004222,0.627367
2020-09-17,98.699997,99.339996,97.709999,98.559998,84.146169,18290100,0.000000,0.000000,0.853756,-0.011434,-0.011500,0.608759
2020-09-18,97.889999,99.489998,97.440002,98.349998,83.966880,20121600,0.000000,0.000000,0.853756,-0.002131,-0.002133,0.605332
2020-09-21,95.199997,96.050003,93.820000,95.309998,81.371469,28378800,0.000000,0.000000,0.853756,-0.030910,-0.031398,0.555711
2020-09-22,94.959999,95.660004,93.669998,94.269997,80.483556,19257000,0.000000,0.000000,0.853756,-0.010912,-0.010972,0.538735
2020-09-23,94.779999,95.349998,92.660004,92.739998,79.177329,19952700,0.000000,0.000000,0.853756,-0.016230,-0.016363,0.513762
2020-09-24,92.320000,94.300003,91.379997,92.660004,79.109013,18366500,0.000000,0.000000,0.853756,-0.000863,-0.000863,0.512456
2020-09-25,92.050003,93.720001,91.870003,93.470001,79.800563,13293100,0.000000,0.000000,0.853756,0.008742,0.008704,0.525677
2020-09-28,95.059998,96.930000,94.349998,96.160004,82.097180,20894100,0.000000,0.000000,0.853756,0.028779,0.028373,0.569585
2020-09-29,96.029999,96.029999,94.330002,95.349998,81.405622,12848200,0.000000,0.000000,0.853756,-0.008424,-0.008459,0.556364
2020-09-30,95.349998,97.199997,95.260002,96.269997,82.191072,16400600,0.000000,0.000000,0.853756,0.009649,0.009602,0.571381
2020-10-01,97.120003,97.769997,96.029999,96.970001,82.788706,15778700,0.000000,0.000000,0.853756,0.007271,0.007245,0.582806
2020-10-02,95.250000,98.589996,95.089996,97.889999,83.574164,15149600,0.000000,0.000000,0.853756,0.009487,0.009443,0.597823
2020-10-05,98.320000,99.250000,97.529999,99.040001,85.340604,13871900,0.900000,0.000000,0.861678,0.021136,0.020916,0.631595
2020-10-06,100.070000,100.860001,97.510002,98.019997,84.461704,19220400,0.000000,0.000000,0.861678,-0.010299,-0.010352,0.614792
2020-10-07,98.959999,100.349998,98.669998,99.730003,85.935157,16358500,0.000000,0.000000,0.861678,0.017445,0.017295,0.642962
2020-10-08,100.510002,101.919998,99.900002,101.779999,87.701574,15659000,0.000000,0.000000,0.861678,0.020555,0.020347,0.676734
2020-10-09,102.000000,102.110001,100.110001,101.199997,87.201832,13689100,0.000000,0.000000,0.861678,-0.005698,-0.005715,0.667179
2020-10-12,101.099998,103.000000,100.849998,102.440002,88.270309,16058000,0.000000,0.000000,0.861678,0.012253,0.012178,0.687607
2020-10-13,103.000000,103.220001,100.260002,100.779999,86.839922,21697300,0.000000,0.000000,0.861678,-0.016205,-0.016337,0.660260
2020-10-14,101.029999,101.930000,100.099998,100.220001,86.357374,15204100,0.000000,0.000000,0.861678,-0.005557,-0.005572,0.651035
2020-10-15,99.099998,101.779999,99.040001,101.720001,87.649891,17171200,0.000000,0.000000,0.861678,0.014967,0.014856,0.675746
2020-10-16,101.410004,102.330002,100.720001,101.510002,87.468948,13275000,0.000000,0.000000,0.861678,-0.002064,-0.002067,0.672286
2020-10-19,101.599998,101.870003,99.559998,99.800003,85.995479,11725700,0.000000,0.000000,0.861678,-0.016846,-0.016989,0.644116
2020-10-20,100.309998,101.769997,100.120003,100.370003,86.486650,11257100,0.000000,0.000000,0.861678,0.005712,0.005695,0.653506
2020-10-21,100.360001,100.989998,99.330002,99.370003,85.624967,10730500,0.000000,0.000000,0.861678,-0.009963,-0.010013,0.637032
2020-10-22,99.320000,103.239998,99.309998,102.879997,88.649436,14837200,0.000000,0.000000,0.861678,0.035322,0.034713,0.694856
2020-10-23,103.500000,104.449997,102.930000,103.809998,89.450790,15087600,0.000000,0.000000,0.861678,0.009040,0.008999,0.710176
2020-10-26,102.650002,102.699997,100.250000,101.239998,87.236313,12410700,0.000000,0.000000,0.861678,-0.024756,-0.025068,0.667839
2020-10-27,100.510002,100.919998,99.160004,99.330002,85.590494,10391700,0.000000,0.000000,0.861678,-0.018866,-0.019046,0.636373
2020-10-28,97.500000,98.300003,96.070000,96.540001,83.186411,16389500,0.000000,0.000000,0.861678,-0.028088,-0.028490,0.590410
2020-10-29,96.120003,97.980003,95.239998,97.169998,83.729251,14208800,0.000000,0.000000,0.861678,0.006526,0.006504,0.600788
2020-10-30,97.910004,98.419998,96.230003,98.040001,84.478929,15194500,0.000000,0.000000,0.861678,0.008954,0.008914,0.615121
2020-11-02,99.389999,100.879997,97.860001,100.250000,86.383254,15011600,0.000000,0.000000,0.861678,0.022542,0.022292,0.651529
2020-11-03,103.019997,104.739998,102.690002,103.410004,89.106135,17482600,0.000000,0.000000,0.861678,0.031521,0.031034,0.703587
2020-11-04,101.000000,102.070000,98.930000,100.250000,86.383254,18886500,0.000000,0.000000,0.861678,-0.030558,-0.031034,0.651529
2020-11-05,101.059998,105.099998,101.000000,104.349998,89.916112,17837400,0.000000,0.000000,0.861678,0.040897,0.040083,0.719073
2020-11-06,105.029999,105.099998,102.389999,102.959999,88.718382,12552800,0.000000,0.000000,0.861678,-0.013321,-0.013410,0.696174
2020-11-09,113.160004,118.900002,110.349998,116.900002,100.730180,47792400,0.000000,0.000000,0.861678,0.135392,0.126978,0.925823
2020-11-10,117.349998,117.449997,114.690002,116.519997,100.402735,20539300,0.000000,0.000000,0.861678,-0.003251,-0.003256,0.919563
2020-11-11,116.889999,116.959999,113.959999,114.779999,98.903425,14443400,0.000000,0.000000,0.861678,-0.014933,-0.015046,0.890898
2020-11-12,112.529999,113.959999,112.059998,113.370003,97.688471,22063000,0.000000,0.000000,0.861678,-0.012284,-0.012360,0.867670
2020-11-13,114.699997,114.860001,113.570000,114.080002,98.300233,11847900,0.000000,0.000000,0.861678,0.006262,0.006243,0.879366
2020-11-16,117.790001,118.610001,115.730003,117.300003,101.074858,19858600,0.000000,0.000000,0.861678,0.028226,0.027835,0.932413
2020-11-17,115.389999,116.440002,114.580002,116.110001,100.049426,14553200,0.000000,0.000000,0.861678,-0.010145,-0.010197,0.912808
2020-11-18,117.339996,118.610001,115.199997,115.250000,99.308402,12571200,0.000000,0.000000,0.861678,-0.007407,-0.007434,0.898640
2020-11-19,114.180000,115.820000,113.559998,115.559998,99.575517,10202500,0.000000,0.000000,0.861678,0.002690,0.002686,0.903747
2020-11-20,114.430000,115.650002,114.089996,114.570000,98.722473,12718900,0.000000,0.000000,0.861678,-0.008567,-0.008604,0.887438
2020-11-23,116.050003,118.169998,115.570000,117.870003,101.565984,13209200,0.000000,0.000000,0.861678,0.028803,0.028396,0.941802
2020-11-24,120.070000,123.500000,119.709999,123.320000,106.262152,20121600,0.000000,0.000000,0.861678,0.046238,0.045200,1.031587
2020-11-25,121.370003,122.379997,120.470001,122.029999,105.150587,11715600,0.000000,0.000000,0.861678,-0.010461,-0.010516,1.010335
2020-11-27,122.000000,122.349998,121.080002,121.220001,104.452630,5983600,0.000000,0.000000,0.861678,-0.006638,-0.006660,0.996991
2020-11-30,120.000000,120.720001,117.769997,117.879997,101.574623,14411800,0.000000,0.000000,0.861678,-0.027553,-0.027940,0.941967
2020-12-01,120.339996,121.580002,119.629997,119.739998,103.177337,12668900,0.000000,0.000000,0.861678,0.015779,0.015655,0.972609
2020-12-02,119.699997,122.309998,119.269997,122.040001,105.159203,10811300,0.000000,0.000000,0.861678,0.019208,0.019026,1.010500
2020-12-03,121.849998,121.889999,120.360001,121.239998,104.469839,12904400,0.000000,0.000000,0.861678,-0.006555,-0.006577,0.997320
2020-12-04,122.480003,123.290001,121.690002,122.339996,105.417694,13583700,0.000000,0.000000,0.861678,0.009073,0.009032,1.015442
2020-12-07,121.150002,122.169998,120.209999,121.879997,105.021325,9724300,0.000000,0.000000,0.861678,-0.003760,-0.003767,1.007864
2020-12-08,121.040001,122.330002,120.760002,122.000000,105.124737,9592100,0.000000,0.000000,0.861678,0.000985,0.000984,1.009841
2020-12-09,123.169998,123.300003,120.440002,121.050003,104.306135,13073900,0.000000,0.000000,0.861678,-0.007787,-0.007817,0.994190
2020-12-10,119.989998,120.779999,119.559998,120.269997,103.634013,13668400,0.000000,0.000000,0.861678,-0.006444,-0.006465,0.981340
2020-12-11,118.940002,120.019997,118.370003,119.559998,103.022227,9981600,0.000000,0.000000,0.861678,-0.005903,-0.005921,0.969644
2020-12-14,121.339996,121.419998,118.110001,118.300003,101.936510,12112400,0.000000,0.000000,0.861678,-0.010539,-0.010595,0.948886
2020-12-15,119.290001,120.900002,118.620003,120.320000,103.677110,12590200,0.000000,0.000000,0.861678,0.017075,0.016931,0.982164
2020-12-16,120.300003,121.080002,119.860001,120.669998,103.978698,11169400,0.000000,0.000000,0.861678,0.002909,0.002905,0.987930
2020-12-17,121.260002,121.449997,119.580002,119.669998,103.117023,11618000,0.000000,0.000000,0.861678,-0.008287,-0.008322,0.971456
2020-12-18,119.139999,119.879997,118.269997,119.080002,102.608618,28954800,0.000000,0.000000,0.861678,-0.004930,-0.004943,0.961736
2020-12-21,123.169998,125.000000,121.089996,123.550003,106.460328,28323600,0.000000,0.000000,0.861678,0.037538,0.036850,1.035375
2020-12-22,123.389999,123.519997,121.610001,121.669998,104.840374,11788200,0.000000,0.000000,0.861678,-0.015217,-0.015333,1.004404
2020-12-23,122.779999,126.519997,122.349998,125.070000,107.770078,14973200,0.000000,0.000000,0.861678,0.027944,0.027561,1.060416
2020-12-24,125.089996,125.550003,123.570000,124.519997,107.296154,4164900,0.000000,0.000000,0.861678,-0.004398,-0.004407,1.051355
2020-12-28,125.820000,126.650002,124.790001,125.339996,108.002728,8072600,0.000000,0.000000,0.861678,0.006585,0.006564,1.064864
2020-12-29,126.199997,126.279999,124.889999,125.010002,107.718388,8389200,0.000000,0.000000,0.861678,-0.002633,-0.002636,1.059428
2020-12-30,125.489998,125.849998,124.900002,125.360001,108.019968,7398000,0.000000,0.000000,0.861678,0.002800,0.002796,1.065194
2020-12-31,125.089996,127.330002,124.820000,127.070000,109.493444,8580200,0.000000,0.000000,0.861678,0.013641,0.013549,1.093364
2021-01-04,127.500000,127.860001,124.779999,125.870003,108.459419,16819900,0.000000,0.000000,0.861678,-0.009444,-0.009489,1.073595
2021-01-05,124.989998,126.300003,123.769997,125.650002,109.049584,13731200,0.900000,0.000000,0.867884,0.005441,0.005427,1.084878
2021-01-06,129.880005,132.770004,127.879997,131.550003,114.170087,24909100,0.000000,0.000000,0.867884,0.046956,0.045887,1.182775
2021-01-07,135.690002,138.190002,134.919998,135.869995,117.919334,21940400,0.000000,0.000000,0.867884,0.032839,0.032311,1.254456
2021-01-08,135.970001,136.350006,134.119995,136.020004,118.049559,12035100,0.000000,0.000000,0.867884,0.001104,0.001104,1.256946
2021-01-11,134.580002,138.199997,134.110001,138.050003,119.811361,15937900,0.000000,0.000000,0.867884,0.014924,0.014814,1.290629
2021-01-12,139.440002,141.660004,138.830002,140.220001,121.694658,18033500,0.000000,0.000000,0.867884,0.015719,0.015597,1.326635
2021-01-13,138.589996,140.789993,138.100006,140.350006,121.807468,14816800,0.000000,0.000000,0.867884,0.000927,0.000927,1.328792
2021-01-14,140.490005,142.750000,140.000000,141.169998,122.519165,18565600,0.000000,0.000000,0.867884,0.005843,0.005826,1.342398
2021-01-15,137.429993,141.649994,137.009995,138.639999,120.323387,27881000,0.000000,0.000000,0.867884,-0.017922,-0.018084,1.300418
2021-01-19,139.860001,140.699997,137.820007,138.039993,119.802631,19843800,0.000000,0.000000,0.867883,-0.004328,-0.004337,1.290462
2021-01-20,137.820007,138.169998,135.440002,135.970001,118.006151,16028800,0.000000,0.000000,0.867884,-0.014995,-0.015109,1.256116
2021-01-21,135.690002,136.160004,134.320007,134.830002,117.016756,13411700,0.000000,0.000000,0.867884,-0.008384,-0.008420,1.237200
2021-01-22,132.690002,134.399994,132.199997,133.789993,116.114170,12933200,0.000000,0.000000,0.867884,-0.007713,-0.007743,1.219944
2021-01-25,132.139999,133.169998,130.059998,132.119995,114.664781,14212800,0.000000,0.000000,0.867884,-0.012482,-0.012561,1.192233
2021-01-26,132.750000,133.169998,131.339996,131.580002,114.196149,11307800,0.000000,0.000000,0.867884,-0.004087,-0.004095,1.183274
2021-01-27,129.589996,129.850006,127.349998,127.860001,110.967612,17603900,0.000000,0.000000,0.867884,-0.028272,-0.028679,1.121548
2021-01-28,129.899994,132.169998,128.990005,130.110001,112.920348,13761800,0.000000,0.000000,0.867884,0.017597,0.017444,1.158882
2021-01-29,131.190002,131.720001,128.190002,128.669998,111.670594,14808100,0.000000,0.000000,0.867884,-0.011068,-0.011129,1.134989
2021-02-01,129.399994,130.070007,128.479996,129.619995,112.495109,11080700,0.000000,0.000000,0.867884,0.007383,0.007356,1.150752
2021-02-02,131.940002,134.389999,131.220001,133.610001,115.957928,12253600,0.000000,0.000000,0.867884,0.030782,0.030318,1.216957
2021-02-03,133.649994,135.759995,133.509995,135.139999,117.285814,10600800,0.000000,0.000000,0.867884,0.011451,0.011386,1.242344
2021-02-04,135.470001,138.660004,135.470001,138.250000,119.984919,12419500,0.000000,0.000000,0.867884,0.023013,0.022752,1.293947
2021-02-05,139.389999,139.490005,137.380005,137.979996,119.750607,10051300,0.000000,0.000000,0.867884,-0.001953,-0.001955,1.289467
2021-02-08,138.199997,140.300003,138.179993,140.139999,121.625234,10136400,0.000000,0.000000,0.867884,0.015654,0.015533,1.325308
2021-02-09,139.429993,139.979996,138.539993,139.580002,121.139187,8614800,0.000000,0.000000,0.867884,-0.003996,-0.004004,1.316015
2021-02-10,140.000000,140.869995,139.039993,139.660004,121.208656,10323200,0.000000,0.000000,0.867884,0.000573,0.000573,1.317343
2021-02-11,139.660004,140.550003,138.220001,139.270004,120.870158,9201000,0.000000,0.000000,0.867884,-0.002793,-0.002797,1.310872
2021-02-12,139.050003,141.610001,139.000000,141.250000,122.588582,8324600,0.000000,0.000000,0.867884,0.014217,0.014117,1.343726
2021-02-16,143.550003,145.320007,142.399994,144.649994,125.539369,12130600,0.000000,0.000000,0.867884,0.024071,0.023786,1.400141
2021-02-17,143.949997,145.380005,143.119995,145.100006,125.929891,10810100,0.000000,0.000000,0.867883,0.003111,0.003106,1.407607
2021-02-18,144.000000,145.789993,143.399994,145.589996,126.355146,10587800,0.000000,0.000000,0.867883,0.003377,0.003371,1.415737
2021-02-19,145.860001,148.839996,145.860001,148.020004,128.464139,11969800,0.000000,0.000000,0.867884,0.016691,0.016553,1.456058
2021-02-22,146.869995,150.190002,146.789993,149.410004,129.670508,11488400,0.000000,0.000000,0.867884,0.009391,0.009347,1.479122
2021-02-23,151.509995,152.309998,149.589996,150.610001,130.711958,16234400,0.000000,0.000000,0.867884,0.008032,0.007999,1.499033
2021-02-24,150.110001,153.759995,150.110001,153.259995,133.011885,15061400,0.000000,0.000000,0.867884,0.017595,0.017442,1.543005
2021-02-25,154.270004,154.899994,150.589996,151.179993,131.206636,18127700,0.000000,0.000000,0.867884,-0.013572,-0.013665,1.508491
2021-02-26,150.300003,150.869995,146.509995,147.169998,127.726440,19829200,0.000000,0.000000,0.867884,-0.026525,-0.026883,1.441954
2021-03-01,149.520004,151.380005,148.479996,150.500000,130.616502,14845500,0.000000,0.000000,0.867884,0.022627,0.022375,1.497208
2021-03-02,150.080002,151.779999,149.839996,150.009995,130.191225,14221700,0.000000,0.000000,0.867884,-0.003256,-0.003261,1.489078
2021-03-03,151.229996,154.979996,150.820007,152.910004,132.708117,14324100,0.000000,0.000000,0.867884,0.019332,0.019148,1.537197
2021-03-04,152.610001,154.380005,148.619995,150.559998,130.668549,20093900,0.000000,0.000000,0.867884,-0.015369,-0.015488,1.498203
2021-03-05,153.220001,153.490005,147.970001,150.910004,130.972362,18465100,0.000000,0.000000,0.867884,0.002325,0.002322,1.504012
2021-03-08,152.470001,155.460007,150.750000,152.910004,132.708117,17133300,0.000000,0.000000,0.867884,0.013253,0.013166,1.537197
2021-03-09,151.500000,154.250000,149.820007,151.830002,131.770792,16238800,0.000000,0.000000,0.867884,-0.007063,-0.007088,1.519277
2021-03-10,151.910004,156.160004,151.509995,155.130005,134.634800,14342200,0.000000,0.000000,0.867884,0.021735,0.021502,1.574033
2021-03-11,154.110001,156.149994,153.360001,154.320007,133.931795,11771500,0.000000,0.000000,0.867884,-0.005222,-0.005235,1.560592
2021-03-12,156.860001,157.630005,155.070007,156.149994,135.520017,12849500,0.000000,0.000000,0.867884,0.011858,0.011789,1.590957
2021-03-15,156.350006,156.919998,153.960007,155.369995,134.843081,12101100,0.000000,0.000000,0.867884,-0.004995,-0.005008,1.578015
2021-03-16,154.089996,154.600006,152.190002,153.509995,133.228804,12805600,0.000000,0.000000,0.867884,-0.011972,-0.012044,1.547152
2021-03-17,155.339996,156.880005,153.050003,155.089996,134.600046,13952400,0.000000,0.000000,0.867883,0.010292,0.010240,1.573368
2021-03-18,157.600006,161.690002,157.110001,157.649994,136.821872,21898500,0.000000,0.000000,0.867884,0.016507,0.016372,1.615846
2021-03-19,155.509995,155.940002,151.190002,155.139999,134.643470,54418800,0.000000,0.000000,0.867884,-0.015921,-0.016050,1.574198
2021-03-22,152.800003,153.970001,150.610001,150.970001,131.024409,19944800,0.000000,0.000000,0.867884,-0.026879,-0.027247,1.505007
2021-03-23,150.330002,152.119995,148.960007,149.460007,129.713900,17076300,0.000000,0.000000,0.867884,-0.010002,-0.010052,1.479952
2021-03-24,150.000000,153.179993,149.860001,150.619995,130.720627,13079800,0.000000,0.000000,0.867884,0.007761,0.007731,1.499199
2021-03-25,150.000000,152.970001,149.330002,152.550003,132.395666,15608300,0.000000,0.000000,0.867884,0.012814,0.012732,1.531223
2021-03-26,154.300003,155.449997,152.550003,155.089996,134.600046,16754400,0.000000,0.000000,0.867883,0.016650,0.016513,1.573368
2021-03-29,152.119995,153.729996,151.039993,152.679993,132.508460,17570300,0.000000,0.000000,0.867884,-0.015539,-0.015661,1.533380
2021-03-30,154.460007,155.869995,153.880005,154.479996,134.070658,13184300,0.000000,0.000000,0.867884,0.011789,0.011720,1.563247
2021-03-31,153.279999,154.490005,152.119995,152.229996,132.117922,16736700,0.000000,0.000000,0.867884,-0.014565,-0.014672,1.525913
2021-04-01,151.899994,153.789993,151.550003,153.710007,133.402392,16561500,0.000000,0.000000,0.867884,0.009722,0.009675,1.550471
2021-04-05,154.399994,154.940002,152.600006,153.619995,134.109527,13508000,0.900000,0.000000,0.872995,0.005301,0.005287,1.563990
2021-04-06,152.789993,154.279999,151.860001,152.539993,133.166675,13071600,0.000000,0.000000,0.872995,-0.007030,-0.007055,1.545964
2021-04-07,153.100006,155.229996,152.649994,154.929993,135.253114,16903500,0.000000,0.000000,0.872995,0.015668,0.015546,1.585854
2021-04-08,154.000000,155.509995,152.309998,155.119995,135.419034,12335500,0.000000,0.000000,0.872995,0.001227,0.001226,1.589026
2021-04-09,155.809998,157.039993,154.970001,156.279999,136.431713,12122400,0.000000,0.000000,0.872995,0.007478,0.007450,1.608387
2021-04-12,155.580002,157.250000,155.570007,155.949997,136.143600,12273400,0.000000,0.000000,0.872995,-0.002112,-0.002114,1.602879
2021-04-13,154.750000,155.199997,152.429993,154.089996,134.519849,16113600,0.000000,0.000000,0.872995,-0.011927,-0.011998,1.571835
2021-04-14,151.470001,153.830002,150.929993,151.210007,132.005614,19939600,0.000000,0.000000,0.872995,-0.018690,-0.018867,1.523766
2021-04-15,151.250000,152.199997,149.320007,152.169998,132.843687,17694100,0.000000,0.000000,0.872995,0.006349,0.006329,1.539789
2021-04-16,153.869995,154.509995,152.690002,153.300003,133.830144,13773400,0.000000,0.000000,0.872995,0.007426,0.007398,1.558649
2021-04-19,153.419998,153.880005,152.220001,152.649994,133.262739,11900200,0.000000,0.000000,0.872995,-0.004240,-0.004249,1.547801
2021-04-20,151.740005,151.750000,148.649994,149.270004,130.312006,13716700,0.000000,0.000000,0.872995,-0.022142,-0.022391,1.491387
2021-04-21,147.789993,150.610001,146.789993,150.539993,131.420687,12236700,0.000000,0.000000,0.872995,0.008508,0.008472,1.512583
2021-04-22,150.229996,150.300003,147.259995,147.369995,128.653304,15256100,0.000000,0.000000,0.872995,-0.021057,-0.021282,1.459675
2021-04-23,147.179993,151.130005,146.690002,150.190002,131.115173,14041900,0.000000,0.000000,0.872995,0.019136,0.018955,1.506742
2021-04-26,150.779999,152.460007,150.380005,150.559998,131.438147,10799100,0.000000,0.000000,0.872995,0.002463,0.002460,1.512917
2021-04-27,150.500000,151.570007,150.110001,151.250000,132.040535,12821200,0.000000,0.000000,0.872995,0.004583,0.004573,1.524434
2021-04-28,152.429993,152.889999,151.399994,152.229996,132.896068,8943700,0.000000,0.000000,0.872995,0.006479,0.006458,1.540791
2021-04-29,153.539993,155.279999,153.199997,155.190002,135.480131,12976900,0.000000,0.000000,0.872995,0.019444,0.019258,1.590194
2021-04-30,154.100006,154.490005,153.009995,153.809998,134.275387,11705100,0.000000,0.000000,0.872995,-0.008892,-0.008932,1.567161
2021-05-03,154.850006,155.479996,153.130005,153.360001,133.882572,11801100,0.000000,0.000000,0.872995,-0.002925,-0.002930,1.559651
2021-05-04,152.869995,155.639999,152.139999,155.479996,135.733278,12977700,0.000000,0.000000,0.872995,0.013823,0.013729,1.595034
2021-05-05,156.000000,158.279999,154.630005,157.520004,137.514203,10506700,0.000000,0.000000,0.872995,0.013121,0.013035,1.629083
2021-05-06,158.070007,160.820007,157.160004,160.690002,140.281570,13542400,0.000000,0.000000,0.872995,0.020124,0.019924,1.681991
2021-05-07,157.220001,161.500000,157.020004,161.240005,140.761734,14257800,0.000000,0.000000,0.872995,0.003423,0.003417,1.691171
2021-05-10,161.500000,163.729996,161.119995,161.220001,140.744335,14014300,0.000000,0.000000,0.872995,-0.000124,-0.000124,1.690839
2021-05-11,161.080002,162.389999,158.039993,158.539993,138.404688,15451700,0.000000,0.000000,0.872995,-0.016623,-0.016763,1.646108
2021-05-12,159.610001,160.779999,157.029999,157.449997,137.453121,14381700,0.000000,0.000000,0.872995,-0.006875,-0.006899,1.627915
2021-05-13,158.179993,162.449997,157.679993,161.500000,140.988705,15395000,0.000000,0.000000,0.872995,0.025722,0.025397,1.695511
2021-05-14,162.389999,164.449997,161.990005,164.009995,143.179952,10584000,0.000000,0.000000,0.872995,0.015542,0.015422,1.737404
2021-05-17,163.369995,164.850006,163.029999,164.669998,143.756118,9886800,0.000000,0.000000,0.872995,0.004024,0.004016,1.748420
2021-05-18,164.679993,165.500000,162.240005,162.350006,141.730791,11098100,0.000000,0.000000,0.872995,-0.014089,-0.014189,1.709698
2021-05-19,161.000000,161.179993,158.639999,161.110001,140.648271,13278900,0.000000,0.000000,0.872995,-0.007638,-0.007667,1.689002
2021-05-20,160.830002,161.860001,159.520004,160.830002,140.403824,10426000,0.000000,0.000000,0.872995,-0.001738,-0.001740,1.684329
2021-05-21,161.339996,163.220001,160.940002,162.660004,142.001429,10249000,0.000000,0.000000,0.872995,0.011379,0.011314,1.714873
2021-05-24,163.360001,164.229996,162.119995,163.539993,142.769661,9440300,0.000000,0.000000,0.872995,0.005410,0.005395,1.729560
2021-05-25,163.850006,165.699997,161.559998,161.850006,141.294279,12609100,0.000000,0.000000,0.872995,-0.010334,-0.010388,1.701353
2021-05-26,163.570007,163.740005,161.309998,161.830002,141.276788,13058300,0.000000,0.000000,0.872995,-0.000124,-0.000124,1.701018
2021-05-27,163.949997,164.750000,162.570007,164.350006,143.476735,15707500,0.000000,0.000000,0.872995,0.015572,0.015452,1.743078
2021-05-28,164.679993,164.940002,163.259995,164.240005,143.380703,10291300,0.000000,0.000000,0.872995,-0.000669,-0.000670,1.741242
2021-06-01,165.869995,166.910004,165.479996,166.050003,144.960848,9445400,0.000000,0.000000,0.872995,0.011021,0.010960,1.771453
2021-06-02,167.259995,167.440002,165.529999,166.059998,144.969593,10498600,0.000000,0.000000,0.872995,0.000060,0.000060,1.771620
2021-06-03,165.410004,167.250000,164.660004,166.169998,145.065625,13354400,0.000000,0.000000,0.872995,0.000662,0.000662,1.773456
2021-06-04,166.210007,166.669998,165.029999,166.440002,145.301312,8510800,0.000000,0.000000,0.872995,0.001625,0.001623,1.777962
2021-06-07,167.000000,167.100006,165.139999,165.660004,144.620382,7267200,0.000000,0.000000,0.872995,-0.004686,-0.004697,1.764943
2021-06-08,164.490005,165.759995,163.160004,165.000000,144.044217,10370700,0.000000,0.000000,0.872995,-0.003984,-0.003992,1.753928
2021-06-09,164.139999,164.220001,162.279999,162.940002,142.245891,12377400,0.000000,0.000000,0.872996,-0.012485,-0.012563,1.719546
2021-06-10,164.360001,165.240005,160.309998,160.399994,140.028469,12119400,0.000000,0.000000,0.872995,-0.015589,-0.015711,1.677152
2021-06-11,160.429993,161.199997,159.059998,160.289993,139.932375,13683800,0.000000,0.000000,0.872995,-0.000686,-0.000686,1.675315
2021-06-14,160.149994,160.330002,156.660004,157.570007,137.557839,19917900,0.000000,0.000000,0.872995,-0.016969,-0.017115,1.629917
2021-06-15,156.699997,156.919998,154.130005,155.179993,135.471431,24485500,0.000000,0.000000,0.872995,-0.015167,-0.015284,1.590028
2021-06-16,154.729996,157.619995,153.110001,156.270004,136.422952,25321200,0.000000,0.000000,0.872995,0.007024,0.006999,1.608220
2021-06-17,157.100006,157.460007,151.250000,151.759995,132.485746,29722400,0.000000,0.000000,0.872995,-0.028860,-0.029285,1.532946
2021-06-18,149.300003,149.699997,147.559998,147.919998,129.133453,43595700,0.000000,0.000000,0.872995,-0.025303,-0.025629,1.468854
2021-06-21,149.080002,151.199997,149.020004,150.429993,131.324700,18664800,0.000000,0.000000,0.872995,0.016969,0.016826,1.510748
2021-06-22,150.600006,150.970001,148.660004,150.210007,131.132649,14251200,0.000000,0.000000,0.872995,-0.001462,-0.001463,1.507076
2021-06-23,150.199997,152.039993,150.089996,151.119995,131.927041,12733300,0.000000,0.000000,0.872995,0.006058,0.006040,1.522264
2021-06-24,151.919998,153.119995,151.220001,152.509995,133.140500,13733200,0.000000,0.000000,0.872995,0.009198,0.009156,1.545464
2021-06-25,152.589996,154.500000,151.669998,154.050003,134.484913,15484900,0.000000,0.000000,0.872995,0.010098,0.010047,1.571167
2021-06-28,153.699997,154.479996,152.119995,154.330002,134.729375,14125800,0.000000,0.000000,0.872995,0.001818,0.001816,1.575841
2021-06-29,155.000000,156.309998,153.610001,154.139999,134.563486,14528700,0.000000,0.000000,0.872995,-0.001231,-0.001232,1.572669
2021-06-30,153.750000,156.080002,153.710007,155.539993,135.785659,12531000,0.000000,0.000000,0.872995,0.009083,0.009042,1.596036
2021-07-01,156.259995,157.139999,155.419998,157.080002,137.130103,10479400,0.000000,0.000000,0.872995,0.009901,0.009853,1.621739
2021-07-02,155.949997,156.320007,155.119995,156.029999,136.998405,11424000,0.900000,0.000000,0.878026,-0.000960,-0.000961,1.619222
2021-07-06,155.779999,155.779999,152.350006,153.410004,134.697992,15083400,0.000000,0.000000,0.878026,-0.016792,-0.016934,1.575241
2021-07-07,152.009995,154.279999,151.550003,153.589996,134.856032,12271800,0.000000,0.000000,0.878026,0.001173,0.001173,1.578262
2021-07-08,151.610001,152.529999,150.039993,150.940002,132.529230,17834600,0.000000,0.000000,0.878026,-0.017254,-0.017405,1.533777
2021-07-09,153.050003,156.149994,152.580002,155.770004,136.770097,13694500,0.000000,0.000000,0.878026,0.031999,0.031498,1.614857
2021-07-12,154.350006,159.160004,153.940002,158.000000,138.728103,19940400,0.000000,0.000000,0.878026,0.014316,0.014215,1.652291
2021-07-13,156.050003,157.389999,153.500000,155.649994,136.664757,22671700,0.000000,0.000000,0.878026,-0.014873,-0.014985,1.612843
2021-07-14,155.949997,157.279999,152.949997,155.119995,136.199397,14622800,0.000000,0.000000,0.878026,-0.003405,-0.003411,1.603946
2021-07-15,153.899994,156.529999,153.699997,155.460007,136.497896,11539300,0.000000,0.000000,0.878026,0.002192,0.002189,1.609653
2021-07-16,155.960007,156.279999,151.020004,151.910004,133.380923,14002700,0.000000,0.000000,0.878026,-0.022835,-0.023100,1.550060
2021-07-19,148.550003,149.820007,145.710007,146.970001,129.043478,22172900,0.000000,0.000000,0.878026,-0.032519,-0.033060,1.467134
2021-07-20,146.520004,151.119995,146.330002,149.710007,131.449261,15385200,0.000000,0.000000,0.878026,0.018643,0.018472,1.513130
2021-07-21,152.050003,153.649994,151.360001,152.860001,134.215050,12356700,0.000000,0.000000,0.878026,0.021041,0.020822,1.566008
2021-07-22,152.880005,153.440002,149.970001,150.929993,132.520424,9913300,0.000000,0.000000,0.878026,-0.012626,-0.012707,1.533609
2021-07-23,151.479996,152.839996,150.250000,150.639999,132.265850,9666100,0.000000,0.000000,0.878026,-0.001921,-0.001923,1.528742
2021-07-26,150.190002,151.960007,150.169998,151.649994,133.152616,8208000,0.000000,0.000000,0.878026,0.006704,0.006682,1.545695
2021-07-27,150.399994,152.490005,149.800003,151.449997,132.977039,11218700,0.000000,0.000000,0.878026,-0.001319,-0.001319,1.542339
2021-07-28,152.289993,152.770004,150.880005,151.699997,133.196510,9217300,0.000000,0.000000,0.878026,0.001650,0.001649,1.546535
2021-07-29,153.139999,153.869995,151.910004,153.000000,134.337972,9063500,0.000000,0.000000,0.878026,0.008570,0.008533,1.568358
2021-07-30,152.580002,153.669998,151.199997,151.779999,133.266808,9805200,0.000000,0.000000,0.878026,-0.007974,-0.008006,1.547879
2021-08-02,152.029999,154.449997,151.070007,151.169998,132.731196,10203200,0.000000,0.000000,0.878026,-0.004019,-0.004027,1.537638
2021-08-03,151.949997,153.320007,149.520004,152.889999,134.241393,10394800,0.000000,0.000000,0.878026,0.011378,0.011314,1.566511
2021-08-04,151.250000,153.369995,150.910004,151.240005,132.792641,10155000,0.000000,0.000000,0.878026,-0.010792,-0.010851,1.538813
2021-08-05,152.279999,153.690002,152.009995,153.149994,134.469685,9151500,0.000000,0.000000,0.878026,0.012629,0.012550,1.570876
2021-08-06,155.190002,157.820007,155.110001,157.500000,138.289085,13328800,0.000000,0.000000,0.878026,0.028403,0.028008,1.643898
2021-08-09,157.520004,158.550003,155.899994,157.330002,138.139820,9516900,0.000000,0.000000,0.878026,-0.001079,-0.001080,1.641044
2021-08-10,156.740005,159.979996,156.309998,159.259995,139.834384,8667000,0.000000,0.000000,0.878026,0.012267,0.012192,1.673442
2021-08-11,160.000000,161.500000,159.080002,161.160004,141.502636,9156500,0.000000,0.000000,0.878026,0.011930,0.011860,1.705336
2021-08-12,161.880005,162.369995,160.550003,161.789993,142.055815,8844200,0.000000,0.000000,0.878026,0.003909,0.003902,1.715912
2021-08-13,161.789993,162.160004,159.570007,159.979996,140.466591,8980900,0.000000,0.000000,0.878026,-0.011187,-0.011250,1.685529
2021-08-16,158.940002,159.029999,156.779999,158.929993,139.544708,8755800,0.000000,0.000000,0.878026,-0.006563,-0.006585,1.667903
2021-08-17,157.570007,158.860001,155.270004,157.009995,137.858873,9347200,0.000000,0.000000,0.878026,-0.012081,-0.012155,1.635673
2021-08-18,156.309998,158.009995,155.339996,155.580002,136.603312,8065500,0.000000,0.000000,0.878026,-0.009108,-0.009149,1.611668
2021-08-19,153.160004,155.559998,153.009995,154.279999,135.461866,9517700,0.000000,0.000000,0.878026,-0.008356,-0.008391,1.589845
2021-08-20,154.350006,154.899994,153.160004,154.720001,135.848198,6974100,0.000000,0.000000,0.878026,0.002852,0.002848,1.597231
2021-08-23,155.330002,157.089996,155.240005,156.699997,137.586717,7934600,0.000000,0.000000,0.878026,0.012798,0.012716,1.630469
2021-08-24,157.000000,158.550003,156.869995,157.669998,138.438349,7670900,0.000000,0.000000,0.878026,0.006190,0.006171,1.646751
2021-08-25,158.509995,161.779999,157.800003,160.919998,141.291941,11335000,0.000000,0.000000,0.878026,0.020613,0.020403,1.701308
2021-08-26,162.259995,163.830002,161.149994,161.750000,142.020697,11027500,0.000000,0.000000,0.878026,0.005158,0.005145,1.715241
2021-08-27,161.750000,163.160004,161.259995,163.050003,143.162127,8780200,0.000000,0.000000,0.878026,0.008037,0.008005,1.737063
2021-08-30,163.210007,163.490005,159.880005,160.440002,140.870490,7937600,0.000000,0.000000,0.878026,-0.016007,-0.016137,1.693251
2021-08-31,160.440002,161.369995,159.350006,159.949997,140.440218,12340800,0.000000,0.000000,0.878026,-0.003054,-0.003059,1.685024
2021-09-01,160.220001,160.759995,158.970001,159.720001,140.238299,8729900,0.000000,0.000000,0.878026,-0.001438,-0.001439,1.681164
2021-09-02,160.020004,161.610001,159.429993,160.460007,140.888042,8813300,0.000000,0.000000,0.878026,0.004633,0.004622,1.693586
2021-09-03,160.389999,160.889999,159.149994,159.490005,140.036365,7959700,0.000000,0.000000,0.878026,-0.006045,-0.006063,1.677303
2021-09-07,159.990005,161.380005,158.960007,159.210007,139.790490,9285600,0.000000,0.000000,0.878026,-0.001756,-0.001757,1.672602
2021-09-08,158.889999,159.580002,158.039993,158.500000,139.167135,7852700,0.000000,0.000000,0.878026,-0.004459,-0.004469,1.660685
2021-09-09,158.270004,160.830002,158.080002,159.190002,139.772954,7904300,0.000000,0.000000,0.878026,0.004353,0.004344,1.672267
2021-09-10,160.559998,160.720001,157.220001,157.360001,138.166117,8311600,0.000000,0.000000,0.878026,-0.011496,-0.011563,1.641547
2021-09-13,158.529999,160.050003,158.070007,159.860001,140.361282,10052800,0.000000,0.000000,0.878026,0.015888,0.015763,1.683515
2021-09-14,160.449997,161.339996,156.259995,157.070007,137.911543,11685600,0.000000,0.000000,0.878026,-0.017453,-0.017607,1.636680
2021-09-15,156.720001,158.690002,156.470001,158.160004,138.868591,11691500,0.000000,0.000000,0.878026,0.006940,0.006916,1.654977
2021-09-16,159.410004,160.850006,157.220001,158.089996,138.807145,10880900,0.000000,0.000000,0.878026,-0.000442,-0.000443,1.653802
2021-09-17,157.380005,159.009995,157.000000,157.679993,138.447125,25581600,0.000000,0.000000,0.878026,-0.002594,-0.002597,1.646919
2021-09-20,153.889999,154.559998,150.490005,152.960007,134.302884,15819900,0.000000,0.000000,0.878026,-0.029934,-0.030391,1.567687
2021-09-21,153.529999,154.550003,152.580002,152.979996,134.320389,8999900,0.000000,0.000000,0.878026,0.000130,0.000130,1.568022
2021-09-22,155.199997,157.250000,155.100006,155.910004,136.893020,11236200,0.000000,0.000000,0.878026,0.019153,0.018972,1.617207
2021-09-23,158.000000,161.710007,157.669998,161.179993,141.520249,12336100,0.000000,0.000000,0.878026,0.033802,0.033243,1.705673
2021-09-24,161.440002,163.589996,160.820007,163.039993,143.153351,10102400,0.000000,0.000000,0.878026,0.011540,0.011474,1.736896
2021-09-27,165.000000,167.399994,164.610001,166.979996,146.612792,13220900,0.000000,0.000000,0.878026,0.024166,0.023879,1.803035
2021-09-28,167.699997,169.300003,165.660004,166.080002,145.822546,13387900,0.000000,0.000000,0.878026,-0.005390,-0.005405,1.787927
2021-09-29,166.210007,166.899994,165.039993,165.949997,145.708399,7777100,0.000000,0.000000,0.878026,-0.000783,-0.000783,1.785745
2021-09-30,166.919998,166.990005,162.789993,163.690002,143.724098,13161200,0.000000,0.000000,0.878026,-0.013618,-0.013712,1.747808
2021-10-01,164.000000,168.300003,163.600006,167.130005,146.744490,11285000,0.000000,0.000000,0.878026,0.021015,0.020797,1.805553
2021-10-04,166.970001,170.440002,165.729996,166.949997,146.586450,14120000,0.000000,0.000000,0.878026,-0.001077,-0.001078,1.802532
2021-10-05,167.210007,170.139999,166.669998,168.660004,148.980223,12292900,1.000000,0.000000,0.883317,0.016330,0.016198,1.848297
2021-10-06,167.990005,169.100006,166.000000,169.020004,149.298217,8692600,0.000000,0.000000,0.883317,0.002134,0.002132,1.854377
2021-10-07,171.199997,171.509995,169.539993,170.089996,150.243346,10195400,0.000000,0.000000,0.883317,0.006330,0.006311,1.872447
2021-10-08,170.020004,171.339996,169.300003,170.220001,150.358161,8190100,0.000000,0.000000,0.883317,0.000764,0.000764,1.874642
2021-10-11,170.800003,171.289993,166.460007,166.639999,147.195912,12154700,0.000000,0.000000,0.883317,-0.021031,-0.021256,1.814184
2021-10-12,165.750000,166.690002,164.770004,165.360001,146.065292,13032600,0.000000,0.000000,0.883317,-0.007681,-0.007711,1.792568
2021-10-13,164.070007,165.410004,160.600006,161.000000,142.213992,22753500,0.000000,0.000000,0.883317,-0.026367,-0.026721,1.718936
2021-10-14,161.750000,164.009995,160.059998,163.470001,144.395780,15176800,0.000000,0.000000,0.883317,0.015342,0.015225,1.760649
2021-10-15,165.350006,167.169998,164.139999,166.610001,147.169402,14267400,0.000000,0.000000,0.883317,0.019208,0.019026,1.813677
2021-10-18,166.479996,168.610001,165.910004,166.550003,147.116414,12672900,0.000000,0.000000,0.883317,-0.000360,-0.000360,1.812664
2021-10-19,167.399994,168.649994,166.580002,168.570007,148.900695,8053900,0.000000,0.000000,0.883317,0.012128,0.012055,1.846777
2021-10-20,168.300003,170.869995,167.460007,170.839996,150.905827,8185600,0.000000,0.000000,0.883317,0.013466,0.013376,1.885112
2021-10-21,170.759995,171.330002,168.679993,169.500000,149.722188,8415200,0.000000,0.000000,0.883317,-0.007844,-0.007874,1.862483
2021-10-22,170.029999,172.089996,169.699997,171.779999,151.736173,8817900,0.000000,0.000000,0.883317,0.013451,0.013362,1.900987
2021-10-25,172.710007,172.960007,170.479996,170.940002,150.994193,10159200,0.000000,0.000000,0.883317,-0.004890,-0.004902,1.886802
2021-10-26,171.000000,172.490005,170.539993,171.399994,151.400506,8015100,0.000000,0.000000,0.883317,0.002691,0.002687,1.894570
2021-10-27,170.320007,170.699997,167.339996,167.830002,148.247095,9847000,0.000000,0.000000,0.883317,-0.020828,-0.021048,1.834281
2021-10-28,168.300003,170.509995,167.960007,170.360001,150.481842,7212900,0.000000,0.000000,0.883317,0.015074,0.014962,1.877006
2021-10-29,171.179993,172.240005,169.389999,169.889999,150.066692,8140100,0.000000,0.000000,0.883317,-0.002759,-0.002763,1.869069
2021-11-01,172.039993,172.330002,169.009995,169.800003,149.987177,7435500,0.000000,0.000000,0.883317,-0.000530,-0.000530,1.867549
2021-11-02,169.800003,171.690002,168.919998,170.470001,150.579028,7173800,0.000000,0.000000,0.883317,0.003946,0.003938,1.878864
2021-11-03,170.130005,171.130005,169.149994,170.529999,150.632032,8402700,0.000000,0.000000,0.883317,0.000352,0.000352,1.879878
2021-11-04,170.000000,170.199997,166.490005,168.289993,148.653378,9574200,0.000000,0.000000,0.883317,-0.013136,-0.013223,1.842049
2021-11-05,168.899994,170.089996,167.410004,168.050003,148.441392,7975600,0.000000,0.000000,0.883317,-0.001426,-0.001427,1.837996
2021-11-08,169.050003,170.919998,168.740005,169.059998,149.333563,6413700,0.000000,0.000000,0.883317,0.006010,0.005992,1.855053
2021-11-09,167.350006,168.470001,166.600006,167.779999,148.202897,7990300,0.000000,0.000000,0.883317,-0.007571,-0.007600,1.833436
2021-11-10,167.449997,168.949997,167.089996,167.619995,148.061558,6999200,0.000000,0.000000,0.883317,-0.000954,-0.000954,1.830734
2021-11-11,167.520004,168.679993,166.899994,167.610001,148.052721,5815300,0.000000,0.000000,0.883317,-0.000060,-0.000060,1.830565
2021-11-12,167.649994,167.740005,165.720001,166.860001,147.390210,8113400,0.000000,0.000000,0.883317,-0.004475,-0.004485,1.817899
2021-11-15,167.210007,167.789993,166.000000,166.559998,147.125236,6492500,0.000000,0.000000,0.883317,-0.001798,-0.001799,1.812833
2021-11-16,167.059998,167.070007,165.119995,165.360001,146.065292,9706100,0.000000,0.000000,0.883317,-0.007204,-0.007230,1.792568
2021-11-17,165.210007,165.559998,163.389999,164.470001,145.279145,9909600,0.000000,0.000000,0.883317,-0.005382,-0.005397,1.777538
2021-11-18,164.389999,164.850006,162.559998,163.050003,144.024812,8122500,0.000000,0.000000,0.883317,-0.008634,-0.008671,1.753557
2021-11-19,161.300003,162.110001,159.449997,160.919998,142.143345,12193600,0.000000,0.000000,0.883317,-0.013063,-0.013150,1.717586
2021-11-22,164.160004,165.979996,162.990005,164.350006,145.173091,14549900,0.000000,0.000000,0.883317,0.021315,0.021091,1.775510
2021-11-23,165.500000,168.559998,165.369995,168.279999,148.644557,12354400,0.000000,0.000000,0.883317,0.023913,0.023631,1.841880
2021-11-24,168.460007,169.440002,166.440002,166.960007,147.478590,9629800,0.000000,0.000000,0.883317,-0.007844,-0.007875,1.819588
2021-11-26,162.139999,162.649994,158.820007,161.929993,143.035485,13619300,0.000000,0.000000,0.883317,-0.030127,-0.030590,1.734642
2021-11-29,163.309998,164.779999,159.820007,161.229996,142.417141,12104400,0.000000,0.000000,0.883317,-0.004323,-0.004332,1.722820
2021-11-30,159.160004,160.630005,158.289993,158.830002,140.297224,18922600,0.000000,0.000000,0.883317,-0.014885,-0.014997,1.682290
2021-12-01,161.000000,163.270004,157.800003,157.889999,139.466879,12253400,0.000000,0.000000,0.883317,-0.005918,-0.005936,1.666415
2021-12-02,159.830002,163.250000,158.800003,161.210007,142.399529,12969900,0.000000,0.000000,0.883317,0.021028,0.020810,1.722484
2021-12-03,161.500000,161.830002,157.190002,158.289993,139.820234,12681800,0.000000,0.000000,0.883317,-0.018113,-0.018279,1.673171
2021-12-06,161.009995,162.610001,159.460007,160.160004,141.472027,11186500,0.000000,0.000000,0.883317,0.011814,0.011744,1.704751
2021-12-07,161.880005,163.389999,161.160004,162.570007,143.600796,9851600,0.000000,0.000000,0.883317,0.015047,0.014935,1.745450
2021-12-08,162.660004,163.270004,160.169998,160.710007,141.957884,11705700,0.000000,0.000000,0.883317,-0.011441,-0.011507,1.714040
2021-12-09,159.649994,160.929993,158.649994,160.460007,141.737017,11189600,0.000000,0.000000,0.883317,-0.001556,-0.001557,1.709817
2021-12-10,161.320007,161.699997,159.130005,159.820007,141.171677,10405400,0.000000,0.000000,0.883317,-0.003989,-0.003997,1.699009
2021-12-13,159.500000,159.789993,157.279999,157.919998,139.493389,12069000,0.000000,0.000000,0.883317,-0.011888,-0.011960,1.666922
2021-12-14,157.449997,160.889999,157.300003,159.130005,140.562198,12563600,0.000000,0.000000,0.883317,0.007662,0.007633,1.687356
2021-12-15,159.850006,159.850006,157.350006,157.940002,139.511076,14014200,0.000000,0.000000,0.883317,-0.007478,-0.007506,1.667260
2021-12-16,160.389999,161.820007,158.699997,160.410004,141.692879,19542800,0.000000,0.000000,0.883317,0.015639,0.015518,1.708973
2021-12-17,159.320007,159.380005,155.179993,156.759995,138.468700,28082000,0.000000,0.000000,0.883317,-0.022755,-0.023018,1.647332
2021-12-20,154.509995,154.699997,151.839996,153.940002,135.977801,15148000,0.000000,0.000000,0.883317,-0.017989,-0.018153,1.599709
2021-12-21,155.410004,157.179993,155.089996,156.089996,137.876865,11291300,0.000000,0.000000,0.883316,0.013966,0.013869,1.636017
2021-12-22,155.750000,157.059998,155.240005,156.699997,138.415788,7273000,0.000000,0.000000,0.883317,0.003909,0.003901,1.646320
2021-12-23,157.610001,159.119995,157.210007,157.259995,138.910375,8055200,0.000000,0.000000,0.883317,0.003573,0.003567,1.655776
2021-12-27,157.600006,158.199997,156.339996,158.160004,139.705405,6188100,0.000000,0.000000,0.883317,0.005723,0.005707,1.670976
2021-12-28,158.199997,160.149994,158.080002,158.639999,140.129345,6342300,0.000000,0.000000,0.883317,0.003035,0.003030,1.679081
2021-12-29,158.850006,159.630005,158.149994,158.559998,140.058698,6398900,0.000000,0.000000,0.883317,-0.000504,-0.000504,1.677730
2021-12-30,159.110001,160.240005,158.369995,158.479996,139.988037,6948200,0.000000,0.000000,0.883317,-0.000505,-0.000505,1.676379
2021-12-31,158.449997,159.289993,157.960007,158.350006,139.873208,5805900,0.000000,0.000000,0.883317,-0.000820,-0.000821,1.674184
2022-01-03,159.860001,162.639999,159.509995,161.699997,142.832322,13120900,0.000000,0.000000,0.883317,0.021156,0.020935,1.730758
2022-01-04,164.309998,168.580002,164.229996,167.830002,148.247095,20195800,0.000000,0.000000,0.883317,0.037910,0.037209,1.834281
2022-01-05,167.820007,168.360001,163.729996,163.779999,145.536800,17539400,1.000000,0.000000,0.888612,-0.018282,-0.018451,1.782464
2022-01-06,166.910004,167.369995,163.869995,165.520004,147.082980,14047500,0.000000,0.000000,0.888612,0.010624,0.010568,1.812025
2022-01-07,165.669998,167.529999,165.059998,167.160004,148.540356,13913300,0.000000,0.000000,0.888612,0.009909,0.009860,1.839888
2022-01-10,169.070007,169.309998,165.529999,167.320007,148.682454,12922500,0.000000,0.000000,0.888611,0.000957,0.000956,1.842605
2022-01-11,168.259995,168.520004,166.309998,167.490005,148.833586,11854100,0.000000,0.000000,0.888612,0.001016,0.001016,1.845494
2022-01-12,168.460007,169.589996,167.179993,168.440002,149.677747,12568000,0.000000,0.000000,0.888612,0.005672,0.005656,1.861633
2022-01-13,168.339996,169.809998,167.889999,168.229996,149.491117,13623400,0.000000,0.000000,0.888612,-0.001247,-0.001248,1.858065
2022-01-14,160.759995,161.029999,156.899994,157.889999,140.302872,40158400,0.000000,0.000000,0.888612,-0.061463,-0.063434,1.682398
2022-01-18,155.779999,155.779999,150.539993,151.270004,134.420279,32324800,0.000000,0.000000,0.888612,-0.041928,-0.042832,1.569931
2022-01-19,151.570007,152.229996,148.550003,148.929993,132.340931,22380000,0.000000,0.000000,0.888612,-0.015469,-0.015590,1.530177
2022-01-20,148.990005,150.610001,147.360001,147.660004,131.212421,14860800,0.000000,0.000000,0.888612,-0.008527,-0.008564,1.508601
2022-01-21,147.500000,147.509995,144.270004,145.080002,128.919782,20705400,0.000000,0.000000,0.888612,-0.017473,-0.017627,1.464769
2022-01-24,142.279999,145.479996,139.570007,144.949997,128.804223,28471400,0.000000,0.000000,0.888611,-0.000896,-0.000897,1.462560
2022-01-25,143.649994,146.850006,140.789993,146.529999,130.208276,18915900,0.000000,0.000000,0.888612,0.010901,0.010842,1.489404
2022-01-26,148.720001,150.570007,145.960007,147.919998,131.443416,20709100,0.000000,0.000000,0.888612,0.009486,0.009441,1.513018
2022-01-27,149.419998,150.380005,144.130005,145.309998,129.124130,17536800,0.000000,0.000000,0.888611,-0.017645,-0.017802,1.468676
2022-01-28,144.190002,146.759995,142.169998,146.610001,130.279332,14117000,0.000000,0.000000,0.888611,0.008946,0.008907,1.490762
2022-01-31,145.639999,148.789993,144.669998,148.600006,132.047701,13985700,0.000000,0.000000,0.888612,0.013574,0.013482,1.524571
2022-02-01,148.690002,151.470001,148.300003,151.149994,134.313633,14584900,0.000000,0.000000,0.888612,0.017160,0.017014,1.567892
2022-02-02,150.500000,150.940002,148.070007,149.940002,133.238400,12441100,0.000000,0.000000,0.888611,-0.008005,-0.008038,1.547335
2022-02-03,150.000000,151.649994,148.289993,148.699997,132.136522,12474900,0.000000,0.000000,0.888611,-0.008270,-0.008304,1.526269
2022-02-04,149.100006,153.500000,148.770004,152.559998,135.566583,16654400,0.000000,0.000000,0.888612,0.025958,0.025627,1.591847
2022-02-07,153.270004,153.619995,150.850006,153.070007,136.019751,12572300,0.000000,0.000000,0.888611,0.003343,0.003337,1.600511
2022-02-08,155.000000,158.479996,154.800003,155.949997,138.578975,20411400,0.000000,0.000000,0.888612,0.018815,0.018640,1.649440
2022-02-09,156.589996,157.429993,155.820007,156.600006,139.156614,9131100,0.000000,0.000000,0.888612,0.004168,0.004160,1.660484
2022-02-10,156.660004,159.029999,155.220001,155.949997,138.578975,16455600,0.000000,0.000000,0.888612,-0.004151,-0.004160,1.649440
2022-02-11,155.610001,158.190002,152.970001,153.919998,136.775077,16830000,0.000000,0.000000,0.888611,-0.013017,-0.013103,1.614952
2022-02-14,152.729996,153.679993,150.320007,152.490005,135.504363,17026500,0.000000,0.000000,0.888611,-0.009291,-0.009334,1.590658
2022-02-15,154.509995,155.940002,153.850006,154.720001,137.485963,9500000,0.000000,0.000000,0.888611,0.014624,0.014518,1.628543
2022-02-16,153.740005,156.100006,153.740005,155.000000,137.734797,9076500,0.000000,0.000000,0.888612,0.001810,0.001808,1.633300
2022-02-17,153.000000,153.729996,150.669998,151.429993,134.562468,11367500,0.000000,0.000000,0.888612,-0.023032,-0.023302,1.572650
2022-02-18,152.130005,154.139999,151.130005,152.139999,135.193399,11733300,0.000000,0.000000,0.888612,0.004689,0.004678,1.584712
2022-02-22,150.600006,153.240005,150.410004,151.869995,134.953431,11333500,0.000000,0.000000,0.888612,-0.001775,-0.001777,1.580124
2022-02-23,153.119995,153.300003,147.970001,148.690002,132.127655,11799000,0.000000,0.000000,0.888612,-0.020939,-0.021161,1.526099
2022-02-24,142.940002,144.990005,139.779999,144.550003,128.448819,25655100,0.000000,0.000000,0.888612,-0.027843,-0.028238,1.455765
2022-02-25,145.250000,150.130005,144.910004,147.970001,131.487872,18367700,0.000000,0.000000,0.888612,0.023660,0.023384,1.513868
2022-02-28,143.550003,145.059998,140.880005,141.800003,126.005146,31315300,0.000000,0.000000,0.888612,-0.041698,-0.042592,1.409046
2022-03-01,140.039993,140.479996,133.580002,136.449997,121.251048,36840400,0.000000,0.000000,0.888612,-0.037729,-0.038460,1.318154
2022-03-02,137.289993,140.039993,136.610001,139.279999,123.765807,19405600,0.000000,0.000000,0.888611,0.020740,0.020528,1.366232
2022-03-03,139.839996,140.979996,137.059998,138.289993,122.886079,16640800,0.000000,0.000000,0.888612,-0.007108,-0.007133,1.349413
2022-03-04,134.940002,135.419998,132.399994,134.399994,119.429394,21016000,0.000000,0.000000,0.888612,-0.028129,-0.028532,1.283326
2022-03-07,132.169998,132.690002,128.949997,129.210007,114.817523,27560100,0.000000,0.000000,0.888612,-0.038616,-0.039381,1.195154
2022-03-08,129.639999,131.789993,127.269997,128.300003,114.008889,19207800,0.000000,0.000000,0.888612,-0.007043,-0.007068,1.179694
2022-03-09,132.899994,135.240005,132.440002,133.440002,118.576312,17536200,0.000000,0.000000,0.888611,0.040062,0.039280,1.267016
2022-03-10,131.860001,133.449997,130.320007,131.860001,117.172314,15604200,0.000000,0.000000,0.888612,-0.011840,-0.011911,1.240174
2022-03-11,132.490005,134.080002,128.419998,128.889999,114.533136,20061800,0.000000,0.000000,0.888612,-0.022524,-0.022781,1.189716
2022-03-14,129.460007,132.919998,129.229996,130.169998,115.670559,15786900,0.000000,0.000000,0.888612,0.009931,0.009882,1.211462
2022-03-15,131.800003,133.550003,131.130005,132.479996,117.723276,15096600,0.000000,0.000000,0.888612,0.017746,0.017591,1.250708
2022-03-16,134.869995,138.490005,134.429993,138.399994,122.983827,20354900,0.000000,0.000000,0.888612,0.044686,0.043716,1.351282
2022-03-17,136.860001,140.190002,135.919998,140.149994,124.538867,17050500,0.000000,0.000000,0.888611,0.012644,0.012565,1.381012
2022-03-18,140.190002,140.850006,138.460007,140.100006,124.494480,23656500,0.000000,0.000000,0.888612,-0.000356,-0.000356,1.380164
2022-03-21,140.350006,140.759995,138.729996,139.649994,124.094611,12676100,0.000000,0.000000,0.888612,-0.003212,-0.003217,1.372519
2022-03-22,142.270004,143.929993,141.720001,142.619995,126.733834,13548600,0.000000,0.000000,0.888612,0.021268,0.021045,1.422977
2022-03-23,140.979996,141.589996,139.199997,139.779999,124.210131,12093200,0.000000,0.000000,0.888612,-0.019913,-0.020114,1.374727
2022-03-24,140.300003,140.710007,139.110001,140.690002,125.018727,10017600,0.000000,0.000000,0.888611,0.006510,0.006489,1.390187
2022-03-25,141.089996,143.179993,140.800003,141.919998,126.111785,8383500,0.000000,0.000000,0.888612,0.008743,0.008705,1.411084
2022-03-28,140.000000,140.970001,137.899994,140.869995,125.178688,10818100,0.000000,0.000000,0.888611,-0.007399,-0.007426,1.393245
2022-03-29,143.350006,143.600006,140.240005,141.179993,125.454169,11316500,0.000000,0.000000,0.888612,0.002201,0.002198,1.398512
2022-03-30,141.899994,142.119995,139.910004,140.539993,124.885465,8771000,0.000000,0.000000,0.888612,-0.004533,-0.004543,1.387639
2022-03-31,139.830002,140.350006,136.259995,136.320007,121.135550,17353900,0.000000,0.000000,0.888612,-0.030027,-0.030487,1.315946
2022-04-01,137.399994,137.410004,133.800003,135.309998,120.238020,15721300,0.000000,0.000000,0.888611,-0.007409,-0.007437,1.298786
2022-04-04,134.119995,136.940002,132.889999,135.910004,120.771211,17416400,0.000000,0.000000,0.888612,0.004434,0.004425,1.308980
2022-04-05,134.070007,135.399994,133.009995,133.339996,119.365724,12110300,1.000000,0.000000,0.895198,-0.011638,-0.011706,1.282109
2022-04-06,131.580002,132.559998,130.960007,131.490005,117.709634,12914700,0.000000,0.000000,0.895198,-0.013874,-0.013971,1.250447
2022-04-07,130.949997,131.919998,128.729996,131.089996,117.351541,12994200,0.000000,0.000000,0.895198,-0.003042,-0.003047,1.243600
2022-04-08,131.669998,133.899994,131.490005,133.490005,119.500033,13126900,0.000000,0.000000,0.895198,0.018308,0.018143,1.284677
2022-04-11,133.000000,134.899994,132.570007,133.000000,119.061364,10466400,0.000000,0.000000,0.895198,-0.003671,-0.003678,1.276290
2022-04-12,132.139999,134.580002,130.699997,131.539993,117.754378,12989900,0.000000,0.000000,0.895198,-0.010977,-0.011038,1.251302
2022-04-13,126.940002,129.250000,126.010002,127.300003,113.958754,30838000,0.000000,0.000000,0.895198,-0.032233,-0.032764,1.178735
2022-04-14,126.500000,128.300003,125.019997,126.120003,112.902409,18835200,0.000000,0.000000,0.895198,-0.009270,-0.009313,1.158539
2022-04-18,125.669998,129.240005,125.540001,128.460007,114.997183,11834400,0.000000,0.000000,0.895198,0.018554,0.018384,1.198588
2022-04-19,128.449997,131.320007,128.229996,131.119995,117.378415,15015400,0.000000,0.000000,0.895198,0.020707,0.020495,1.244114
2022-04-20,132.520004,133.509995,131.339996,131.580002,117.790210,13430200,0.000000,0.000000,0.895198,0.003508,0.003502,1.251987
2022-04-21,132.220001,132.809998,129.960007,130.559998,116.877094,12174200,0.000000,0.000000,0.895198,-0.007752,-0.007782,1.234530
2022-04-22,130.279999,130.520004,126.690002,126.809998,113.520093,14318800,0.000000,0.000000,0.895198,-0.028722,-0.029143,1.170348
2022-04-25,126.010002,127.120003,123.110001,126.769997,113.484292,17149000,0.000000,0.000000,0.895198,-0.000315,-0.000315,1.169664
2022-04-26,124.639999,126.410004,122.870003,123.019997,110.127291,17209500,0.000000,0.000000,0.895198,-0.029581,-0.030028,1.105483
2022-04-27,122.330002,123.559998,121.220001,121.419998,108.694984,17215200,0.000000,0.000000,0.895198,-0.013006,-0.013091,1.078099
2022-04-28,122.809998,123.650002,121.139999,123.339996,110.413772,13015600,0.000000,0.000000,0.895198,0.015813,0.015689,1.110960
2022-04-29,123.050003,123.610001,118.900002,119.360001,106.850882,14874800,0.000000,0.000000,0.895198,-0.032269,-0.032801,1.042842
2022-05-02,119.879997,120.709999,118.220001,120.449997,107.826635,18545000,0.000000,0.000000,0.895198,0.009132,0.009090,1.061497
2022-05-03,121.529999,124.169998,120.779999,123.029999,110.136249,15720900,0.000000,0.000000,0.895198,0.021420,0.021194,1.105654
2022-05-04,122.800003,127.400002,122.739998,127.099998,113.779700,17128500,0.000000,0.000000,0.895198,0.033081,0.032546,1.175312
2022-05-05,125.250000,126.099998,122.160004,123.919998,110.932963,15055400,0.000000,0.000000,0.895198,-0.025020,-0.025338,1.120886
2022-05-06,123.800003,124.290001,121.180000,123.720001,110.753926,14417900,0.000000,0.000000,0.895198,-0.001614,-0.001615,1.117463
2022-05-09,122.110001,123.330002,120.500000,121.860001,109.088862,14312300,0.000000,0.000000,0.895198,-0.015034,-0.015148,1.085629
2022-05-10,123.110001,123.779999,117.559998,118.889999,106.430129,16382400,0.000000,0.000000,0.895198,-0.024372,-0.024674,1.034798
2022-05-11,119.300003,122.889999,117.940002,118.139999,105.758728,14630300,0.000000,0.000000,0.895198,-0.006308,-0.006328,1.021962
2022-05-12,117.000000,118.320000,115.370003,118.040001,105.669208,16318800,0.000000,0.000000,0.895198,-0.000846,-0.000847,1.020250
2022-05-13,119.410004,120.250000,117.959999,119.089996,106.609160,10443200,0.000000,0.000000,0.895198,0.008895,0.008856,1.038221
2022-05-16,118.540001,119.459999,117.230003,118.260002,105.866163,10269000,0.000000,0.000000,0.895198,-0.006969,-0.006994,1.024016
2022-05-17,121.040001,122.970001,120.809998,122.180000,109.375328,11160200,0.000000,0.000000,0.895198,0.033147,0.032610,1.091106
2022-05-18,121.300003,121.970001,119.529999,120.089996,107.504360,12664900,0.000000,0.000000,0.895198,-0.017106,-0.017254,1.055336
2022-05-19,118.190002,119.650002,117.629997,118.309998,105.910899,12765800,0.000000,0.000000,0.895198,-0.014822,-0.014933,1.024871
2022-05-20,119.459999,119.669998,115.019997,117.339996,105.042566,13150100,0.000000,0.000000,0.895198,-0.008199,-0.008233,1.008270
2022-05-23,120.459999,126.570000,120.449997,124.599998,111.541698,24376700,0.000000,0.000000,0.895198,0.061871,0.060033,1.132524
2022-05-24,124.360001,127.489998,123.110001,126.360001,113.117280,19324900,0.000000,0.000000,0.895198,0.014126,0.014027,1.162647
2022-05-25,126.279999,127.860001,125.169998,127.239998,113.905037,12780400,0.000000,0.000000,0.895198,0.006964,0.006940,1.177708
2022-05-26,128.369995,130.190002,128.210007,129.440002,115.874460,15990900,0.000000,0.000000,0.895198,0.017290,0.017142,1.215361
2022-05-27,130.160004,131.270004,129.139999,131.270004,117.512680,11177800,0.000000,0.000000,0.895198,0.014138,0.014039,1.246681
2022-05-31,130.179993,133.149994,129.710007,132.229996,118.372062,17015000,0.000000,0.000000,0.895198,0.007313,0.007286,1.263111
2022-06-01,132.869995,132.869995,128.669998,129.910004,116.295182,10768000,0.000000,0.000000,0.895198,-0.017545,-0.017701,1.223404
2022-06-02,129.899994,132.009995,128.669998,132.000000,118.166187,8374800,0.000000,0.000000,0.895198,0.016088,0.015960,1.259175
2022-06-03,131.210007,131.770004,129.990005,130.160004,116.519010,8596000,0.000000,0.000000,0.895198,-0.013939,-0.014038,1.227684
2022-06-06,131.089996,132.389999,129.460007,129.729996,116.134074,11323500,0.000000,0.000000,0.895198,-0.003304,-0.003309,1.220324
2022-06-07,128.830002,130.320007,128.619995,130.070007,116.438449,6722200,0.000000,0.000000,0.895198,0.002621,0.002617,1.226143
2022-06-08,129.000000,129.449997,126.900002,128.000000,114.585389,8422100,0.000000,0.000000,0.895198,-0.015915,-0.016042,1.190715
2022-06-09,127.370003,128.100006,125.269997,125.309998,112.177312,13560100,0.000000,0.000000,0.895198,-0.021016,-0.021240,1.144676
2022-06-10,122.589996,123.400002,119.320000,119.550003,107.020977,12945200,0.000000,0.000000,0.895198,-0.045966,-0.047056,1.046094
2022-06-13,116.860001,117.949997,115.059998,115.989998,103.834065,16805600,0.000000,0.000000,0.895198,-0.029778,-0.030231,0.985165
2022-06-14,115.550003,117.320000,113.220001,114.059998,102.106302,13357900,0.000000,0.000000,0.895198,-0.016640,-0.016780,0.952132
2022-06-15,115.620003,116.949997,113.169998,115.410004,103.314842,14083500,0.000000,0.000000,0.895198,0.011836,0.011767,0.975238
2022-06-16,113.860001,114.260002,111.870003,113.430000,101.542352,16724900,0.000000,0.000000,0.895198,-0.017156,-0.017305,0.941350
2022-06-17,113.540001,114.629997,112.160004,113.029999,101.184251,30919900,0.000000,0.000000,0.895198,-0.003527,-0.003533,0.934504
2022-06-21,115.870003,117.029999,115.040001,115.830002,103.690812,11680500,0.000000,0.000000,0.895198,0.024772,0.024470,0.982426
2022-06-22,114.879997,116.199997,114.389999,115.180000,103.108930,9842700,0.000000,0.000000,0.895198,-0.005612,-0.005628,0.971301
2022-06-23,115.010002,115.180000,111.480003,113.919998,101.980998,11851500,0.000000,0.000000,0.895198,-0.010939,-0.011000,0.949737
2022-06-24,113.230003,117.820000,112.830002,117.320000,105.024658,14841100,0.000000,0.000000,0.895198,0.029845,0.029409,1.007927
2022-06-27,118.059998,118.500000,115.639999,116.379997,104.183184,11280500,0.000000,0.000000,0.895198,-0.008012,-0.008044,0.991840
2022-06-28,117.669998,119.290001,115.599998,115.820000,103.681870,11590900,0.000000,0.000000,0.895198,-0.004812,-0.004823,0.982255
2022-06-29,116.000000,116.820000,114.730003,115.300003,103.216373,9338400,0.000000,0.000000,0.895198,-0.004490,-0.004500,0.973355
2022-06-30,113.169998,114.080002,110.930000,112.610001,100.808266,15172600,0.000000,0.000000,0.895198,-0.023331,-0.023607,0.927316
2022-07-01,112.650002,114.419998,111.160004,114.050003,102.097360,10573600,0.000000,0.000000,0.895198,0.012788,0.012707,0.951961
2022-07-05,110.769997,112.709999,109.300003,112.620003,101.709023,12514200,1.000000,0.000000,0.903117,-0.003804,-0.003811,0.944537
2022-07-06,111.730003,112.989998,110.790001,111.889999,101.049760,10656200,0.000000,0.000000,0.903117,-0.006482,-0.006503,0.931933
2022-07-07,113.500000,114.900002,113.400002,114.720001,103.605575,10347400,0.000000,0.000000,0.903117,0.025293,0.024978,0.980796
2022-07-08,115.160004,115.650002,113.610001,114.360001,103.280446,8807800,0.000000,0.000000,0.903117,-0.003138,-0.003143,0.974580
2022-07-11,113.550003,114.230003,112.220001,112.860001,101.925776,7939500,0.000000,0.000000,0.903117,-0.013116,-0.013203,0.948681
2022-07-12,112.580002,115.180000,112.260002,112.970001,102.025119,11250900,0.000000,0.000000,0.903117,0.000975,0.000974,0.950580
2022-07-13,111.750000,112.480003,110.379997,111.910004,101.067820,12979900,0.000000,0.000000,0.903117,-0.009383,-0.009427,0.932278
2022-07-14,107.989998,108.230003,106.059998,108.000000,97.536617,26204800,0.000000,0.000000,0.903117,-0.034939,-0.035564,0.864766
2022-07-15,109.160004,113.879997,107.669998,112.949997,102.007066,18863900,0.000000,0.000000,0.903117,0.045834,0.044814,0.950235
2022-07-18,114.769997,115.839996,111.290001,111.790001,100.959437,13977900,0.000000,0.000000,0.903117,-0.010270,-0.010323,0.930206
2022-07-19,113.129997,114.940002,112.669998,114.559998,103.461063,11862300,0.000000,0.000000,0.903117,0.024779,0.024477,0.978034
2022-07-20,114.099998,114.739998,113.480003,114.540001,103.442988,11667500,0.000000,0.000000,0.903117,-0.000175,-0.000175,0.977688
2022-07-21,114.440002,115.529999,113.370003,115.320000,104.147435,11595900,0.000000,0.000000,0.903117,0.006810,0.006787,0.991156
2022-07-22,115.239998,116.250000,113.669998,114.760002,103.641695,7645500,0.000000,0.000000,0.903117,-0.004856,-0.004868,0.981487
2022-07-25,115.839996,116.459999,114.769997,115.220001,104.057134,9394000,0.000000,0.000000,0.903117,0.004008,0.004000,0.989430
2022-07-26,114.580002,115.580002,113.029999,113.419998,102.431524,10675100,0.000000,0.000000,0.903117,-0.015622,-0.015746,0.958350
2022-07-27,114.010002,115.739998,113.300003,115.239998,104.075187,9337400,0.000000,0.000000,0.903117,0.016046,0.015919,0.989775
2022-07-28,115.250000,115.980003,113.529999,114.809998,103.686842,10384800,0.000000,0.000000,0.903117,-0.003731,-0.003738,0.982350
2022-07-29,115.589996,116.500000,114.790001,115.360001,104.183563,12944500,0.000000,0.000000,0.903117,0.004791,0.004779,0.991847
2022-08-01,114.500000,115.110001,113.070000,114.209999,103.144982,14740400,0.000000,0.000000,0.903117,-0.009969,-0.010019,0.971991
2022-08-02,113.919998,114.400002,112.269997,112.430000,101.537432,14942900,0.000000,0.000000,0.903117,-0.015585,-0.015708,0.941256
2022-08-03,113.449997,114.099998,111.709999,113.610001,102.603122,14394500,0.000000,0.000000,0.903117,0.010496,0.010441,0.961631
2022-08-04,112.849998,113.320000,111.019997,112.360001,101.474210,18033900,0.000000,0.000000,0.903117,-0.011003,-0.011064,0.940048
2022-08-05,112.529999,116.190002,112.050003,115.760002,104.544829,14174600,0.000000,0.000000,0.903117,0.030260,0.029811,0.998754
2022-08-08,116.250000,116.699997,114.180000,114.349998,103.271412,10332500,0.000000,0.000000,0.903117,-0.012181,-0.012255,0.974408
2022-08-09,114.750000,115.989998,114.370003,115.379997,104.201639,10233800,0.000000,0.000000,0.903117,0.009008,0.008967,0.992192
2022-08-10,117.959999,119.370003,117.500000,118.389999,106.920018,12847300,0.000000,0.000000,0.903117,0.026088,0.025753,1.044164
2022-08-11,119.900002,121.199997,119.309998,120.139999,108.500466,11684900,0.000000,0.000000,0.903117,0.014782,0.014673,1.074380
2022-08-12,120.669998,122.250000,119.440002,122.129997,110.297675,9906700,0.000000,0.000000,0.903117,0.016564,0.016428,1.108740
2022-08-15,121.139999,122.720001,120.599998,122.459999,110.595680,8456200,0.000000,0.000000,0.903117,0.002702,0.002698,1.114438
2022-08-16,122.290001,124.239998,121.870003,123.629997,111.652337,9555000,0.000000,0.000000,0.903117,0.009554,0.009509,1.134639
2022-08-17,122.300003,123.160004,121.690002,122.589996,110.713075,8149300,0.000000,0.000000,0.903117,-0.008412,-0.008448,1.116682
2022-08-18,122.239998,122.470001,120.550003,121.639999,109.855143,9531800,0.000000,0.000000,0.903117,-0.007749,-0.007779,1.100280
2022-08-19,120.620003,120.989998,118.110001,118.629997,107.136748,13464500,0.000000,0.000000,0.903117,-0.024745,-0.025057,1.048308
2022-08-22,116.750000,117.160004,115.500000,116.669998,105.366633,8967600,0.000000,0.000000,0.903117,-0.016522,-0.016660,1.014465
2022-08-23,116.690002,117.290001,115.379997,115.519997,104.328045,7607000,0.000000,0.000000,0.903117,-0.009857,-0.009906,0.994609
2022-08-24,115.290001,116.410004,114.449997,115.800003,104.580926,9771300,0.000000,0.000000,0.903117,0.002424,0.002421,0.999444
2022-08-25,116.160004,118.739998,115.680000,118.550003,107.064515,10758900,0.000000,0.000000,0.903117,0.023748,0.023470,1.046927
2022-08-26,119.459999,119.989998,114.599998,114.669998,103.560428,11276200,0.000000,0.000000,0.903117,-0.032729,-0.033276,0.979933
2022-08-29,114.000000,114.860001,113.459999,114.389999,103.307539,8117300,0.000000,0.000000,0.903117,-0.002442,-0.002445,0.975098
2022-08-30,115.000000,115.580002,113.360001,114.410004,103.325599,10745400,0.000000,0.000000,0.903117,0.000175,0.000175,0.975444
2022-08-31,114.480003,115.029999,113.339996,113.730003,102.711491,10738300,0.000000,0.000000,0.903117,-0.005943,-0.005961,0.963703
2022-09-01,113.290001,114.629997,111.910004,114.510002,103.415901,9979800,0.000000,0.000000,0.903117,0.006858,0.006835,0.977170
2022-09-02,115.870003,117.449997,113.190002,113.709999,102.693423,10666600,0.000000,0.000000,0.903117,-0.006986,-0.007011,0.963357
2022-09-06,114.330002,114.750000,112.070000,113.739998,102.720525,9751900,0.000000,0.000000,0.903117,0.000264,0.000264,0.963876
2022-09-07,113.129997,116.110001,112.760002,115.900002,104.671250,10647900,0.000000,0.000000,0.903117,0.018991,0.018813,1.001171
2022-09-08,115.279999,118.790001,114.629997,118.599998,107.109669,11435000,0.000000,0.000000,0.903117,0.023296,0.023029,1.047790
2022-09-09,119.139999,120.050003,118.669998,119.169998,107.624435,9299700,0.000000,0.000000,0.903117,0.004806,0.004794,1.057632
2022-09-12,120.620003,121.550003,119.790001,120.580002,108.897822,8614600,0.000000,0.000000,0.903117,0.011832,0.011762,1.081977
2022-09-13,118.070000,118.919998,115.779999,116.389999,105.113775,12904600,0.000000,0.000000,0.903117,-0.034749,-0.035367,1.009631
2022-09-14,116.699997,117.839996,114.879997,116.120003,104.869958,9345700,0.000000,0.000000,0.903117,-0.002320,-0.002322,1.004970
2022-09-15,116.120003,119.379997,115.760002,117.870003,106.450406,10821400,0.000000,0.000000,0.903117,0.015071,0.014958,1.035186
2022-09-16,117.389999,117.400002,115.370003,117.080002,105.736917,14844100,0.000000,0.000000,0.903117,-0.006703,-0.006725,1.021545
2022-09-19,116.000000,118.730003,115.510002,118.160004,106.712298,8201300,0.000000,0.000000,0.903117,0.009225,0.009182,1.040193
2022-09-20,117.410004,117.690002,114.639999,115.830002,104.608035,9619000,0.000000,0.000000,0.903117,-0.019719,-0.019916,0.999962
2022-09-21,116.540001,116.599998,112.419998,112.489998,101.591620,12606300,0.000000,0.000000,0.903117,-0.028835,-0.029259,0.942292
2022-09-22,113.379997,113.599998,111.070000,111.209999,100.435629,11684500,0.000000,0.000000,0.903117,-0.011379,-0.011444,0.920191
2022-09-23,110.050003,110.339996,107.160004,109.139999,98.566187,18138600,0.000000,0.000000,0.903117,-0.018613,-0.018789,0.884450
2022-09-26,108.000000,109.610001,106.059998,106.790001,96.443848,15753600,0.000000,0.000000,0.903117,-0.021532,-0.021767,0.843874
2022-09-27,107.750000,108.169998,104.650002,105.849998,95.594911,12793600,0.000000,0.000000,0.903117,-0.008802,-0.008841,0.827644
2022-09-28,105.949997,108.730003,105.639999,107.989998,97.527606,12762600,0.000000,0.000000,0.903117,0.020218,0.020016,0.864594
2022-09-29,106.949997,107.279999,104.400002,106.160004,95.874887,12713900,0.000000,0.000000,0.903117,-0.016946,-0.017091,0.832996
2022-09-30,106.059998,107.620003,104.400002,104.500000,94.375728,15973400,0.000000,0.000000,0.903117,-0.015637,-0.015760,0.804334
2022-10-03,105.620003,108.360001,104.459999,107.730003,97.292785,12248100,0.000000,0.000000,0.903117,0.030909,0.030441,0.860105
2022-10-04,110.610001,112.989998,109.860001,112.769997,101.844487,16013600,0.000000,0.000000,0.903117,0.046784,0.045722,0.947127
2022-10-05,109.750000,110.949997,108.830002,110.389999,100.587027,10943500,1.000000,0.000000,0.911197,-0.012347,-0.012424,0.923086
2022-10-06,109.459999,110.190002,107.940002,108.139999,98.536845,11521400,0.000000,0.000000,0.911197,-0.020382,-0.020593,0.883889
2022-10-07,107.519997,107.709999,105.269997,105.980003,96.568668,11681100,0.000000,0.000000,0.911197,-0.019974,-0.020176,0.846260
2022-10-10,106.730003,107.309998,104.519997,104.989998,95.666575,8931700,0.000000,0.000000,0.911197,-0.009341,-0.009385,0.829014
2022-10-11,104.370003,104.540001,101.849998,101.959999,92.905645,12739700,0.000000,0.000000,0.911197,-0.028860,-0.029285,0.776228
2022-10-12,101.800003,104.730003,101.279999,103.610001,94.409131,13181000,0.000000,0.000000,0.911197,0.016183,0.016053,0.804973
2022-10-13,101.980003,109.900002,101.760002,109.370003,99.657628,22398700,0.000000,0.000000,0.911197,0.055593,0.054103,0.905317
2022-10-14,111.959999,115.239998,110.720001,111.190002,101.316010,33387100,0.000000,0.000000,0.911197,0.016641,0.016504,0.937023
2022-10-17,115.410004,117.010002,114.320000,115.860001,105.571293,22276300,0.000000,0.000000,0.911197,0.042000,0.041142,1.018378
2022-10-18,119.660004,120.139999,116.959999,118.839996,108.286666,21539700,0.000000,0.000000,0.911197,0.025721,0.025396,1.070292
2022-10-19,117.989998,118.830002,115.669998,116.510002,106.163568,17072000,0.000000,0.000000,0.911197,-0.019606,-0.019801,1.029702
2022-10-20,117.160004,118.709999,115.650002,116.129997,105.817303,12207400,0.000000,0.000000,0.911197,-0.003262,-0.003267,1.023082
2022-10-21,116.459999,122.389999,116.330002,122.230003,111.375625,20593300,0.000000,0.000000,0.911197,0.052528,0.051194,1.129349
2022-10-24,122.070000,123.099998,121.330002,122.379997,111.512288,12624200,0.000000,0.000000,0.911197,0.001227,0.001226,1.131962
2022-10-25,121.849998,123.269997,120.889999,122.699997,111.803893,11289100,0.000000,0.000000,0.911197,0.002615,0.002612,1.137537
2022-10-26,123.000000,125.199997,122.879997,124.110001,113.088675,11667000,0.000000,0.000000,0.911197,0.011491,0.011426,1.162100
2022-10-27,125.199997,126.199997,124.209999,124.599998,113.535155,10727600,0.000000,0.000000,0.911197,0.003948,0.003940,1.170636
2022-10-28,125.290001,126.279999,124.050003,126.080002,114.883728,11859500,0.000000,0.000000,0.911197,0.011878,0.011808,1.196419
2022-10-31,125.699997,127.430000,125.589996,125.879997,114.701485,13295200,0.000000,0.000000,0.911197,-0.001586,-0.001588,1.192935
2022-11-01,126.870003,128.279999,126.330002,128.149994,116.769909,13386900,0.000000,0.000000,0.911197,0.018033,0.017872,1.232480
2022-11-02,127.650002,130.360001,126.639999,126.970001,115.694684,16546100,0.000000,0.000000,0.911197,-0.009208,-0.009251,1.211924
2022-11-03,126.309998,128.179993,125.910004,127.199997,115.904264,12474400,0.000000,0.000000,0.911197,0.001811,0.001810,1.215931
2022-11-04,129.490005,130.830002,128.460007,130.679993,119.075227,14953200,0.000000,0.000000,0.911197,0.027358,0.026991,1.276555
2022-11-07,131.000000,132.289993,130.479996,131.369995,119.703941,12011200,0.000000,0.000000,0.911197,0.005280,0.005266,1.288575
2022-11-08,131.240005,132.059998,130.139999,131.449997,119.776851,9884100,0.000000,0.000000,0.911197,0.000609,0.000609,1.289969
2022-11-09,131.320007,131.429993,129.220001,129.740005,118.218706,9494000,0.000000,0.000000,0.911197,-0.013009,-0.013094,1.260179
2022-11-10,132.630005,135.250000,132.529999,135.080002,123.084491,16351600,0.000000,0.000000,0.911197,0.041159,0.040335,1.353207
2022-11-11,135.190002,136.169998,133.779999,135.300003,123.284976,10704700,0.000000,0.000000,0.911197,0.001629,0.001628,1.357040
2022-11-14,134.800003,135.729996,133.910004,133.910004,122.018399,11085600,0.000000,0.000000,0.911197,-0.010274,-0.010327,1.332824
2022-11-15,134.679993,135.710007,131.600006,132.940002,121.134548,14038300,0.000000,0.000000,0.911197,-0.007244,-0.007270,1.315926
2022-11-16,133.000000,133.559998,132.029999,133.119995,121.298563,7893400,0.000000,0.000000,0.911197,0.001354,0.001353,1.319062
2022-11-17,132.000000,132.889999,131.279999,132.539993,120.770064,8820200,0.000000,0.000000,0.911197,-0.004357,-0.004367,1.308958
2022-11-18,134.570007,134.669998,132.279999,133.839996,121.954607,9468500,0.000000,0.000000,0.911197,0.009808,0.009760,1.331605
2022-11-21,133.740005,134.559998,132.750000,133.050003,121.234794,7800500,0.000000,0.000000,0.911197,-0.005902,-0.005920,1.317843
2022-11-22,134.000000,135.270004,133.690002,135.039993,123.048060,9185700,0.000000,0.000000,0.911197,0.014957,0.014846,1.352510
2022-11-23,134.940002,136.500000,134.860001,136.479996,124.360170,7316200,0.000000,0.000000,0.911197,0.010663,0.010607,1.377596
2022-11-25,136.479996,137.139999,136.059998,136.740005,124.597094,3220500,0.000000,0.000000,0.911197,0.001905,0.001903,1.382125
2022-11-28,136.070007,136.710007,134.190002,134.350006,122.419321,9906900,0.000000,0.000000,0.911197,-0.017479,-0.017633,1.340489
2022-11-29,134.660004,136.639999,134.410004,136.559998,124.433087,7925300,0.000000,0.000000,0.911197,0.016450,0.016316,1.378990
2022-11-30,136.089996,138.179993,133.190002,138.179993,125.909182,14761200,0.000000,0.000000,0.911197,0.011863,0.011793,1.407211
2022-12-01,138.179993,138.660004,135.429993,136.240005,124.141504,8858500,0.000000,0.000000,0.911197,-0.014039,-0.014139,1.373415
2022-12-02,134.490005,135.350006,133.339996,135.160004,123.157400,8931900,0.000000,0.000000,0.911197,-0.007927,-0.007959,1.354601
2022-12-05,134.240005,134.570007,130.600006,131.369995,119.703941,10154500,0.000000,0.000000,0.911197,-0.028041,-0.028442,1.288575
2022-12-06,133.389999,135.110001,129.869995,131.589996,119.904426,13966700,0.000000,0.000000,0.911197,0.001675,0.001673,1.292408
2022-12-07,131.309998,133.080002,130.330002,131.500000,119.822414,11739400,0.000000,0.000000,0.911197,-0.000684,-0.000684,1.290840
2022-12-08,132.330002,132.979996,131.429993,132.880005,121.079859,8907300,0.000000,0.000000,0.911197,0.010494,0.010440,1.314881
2022-12-09,132.199997,133.759995,132.000000,132.160004,120.423807,7957800,0.000000,0.000000,0.911197,-0.005418,-0.005433,1.302338
2022-12-12,132.399994,134.649994,131.600006,134.210007,122.291754,8841600,0.000000,0.000000,0.911197,0.015511,0.015392,1.338051
2022-12-13,136.889999,137.089996,133.080002,134.080002,122.173311,10025400,0.000000,0.000000,0.911197,-0.000969,-0.000969,1.335786
2022-12-14,133.779999,135.710007,132.759995,133.410004,121.562794,9966100,0.000000,0.000000,0.911197,-0.004997,-0.005010,1.324114
2022-12-15,131.149994,132.080002,129.050003,130.100006,118.546743,12087800,0.000000,0.000000,0.911197,-0.024811,-0.025124,1.266451
2022-12-16,129.149994,129.899994,128.429993,129.289993,117.808657,21133700,0.000000,0.000000,0.911197,-0.006226,-0.006246,1.252340
2022-12-19,129.649994,131.330002,129.089996,130.059998,118.510296,9017200,0.000000,0.000000,0.911197,0.005956,0.005938,1.265754
2022-12-20,130.970001,132.050003,130.199997,130.690002,119.084351,8549900,0.000000,0.000000,0.911197,0.004844,0.004832,1.276729
2022-12-21,132.179993,132.979996,131.770004,132.160004,120.423807,8051700,0.000000,0.000000,0.911197,0.011248,0.011185,1.302338
2022-12-22,131.100006,131.300003,128.410004,130.660004,119.056992,8648200,0.000000,0.000000,0.911197,-0.011350,-0.011415,1.276206
2022-12-23,130.580002,131.440002,129.639999,131.279999,119.621952,5091900,0.000000,0.000000,0.911197,0.004745,0.004734,1.287008
2022-12-27,131.570007,132.220001,130.550003,131.740005,120.041103,5411000,0.000000,0.000000,0.911197,0.003504,0.003498,1.295021
2022-12-28,131.850006,133.410004,131.009995,132.460007,120.697170,8827700,0.000000,0.000000,0.911197,0.005465,0.005450,1.307564
2022-12-29,132.929993,133.270004,132.309998,133.220001,121.389684,6585200,0.000000,0.000000,0.911197,0.005738,0.005721,1.320804
2022-12-30,132.809998,134.330002,132.440002,134.100006,122.191538,9292500,0.000000,0.000000,0.911197,0.006606,0.006584,1.336135
2023-01-03,135.240005,136.740005,133.889999,135.119995,123.120953,11054800,0.000000,0.000000,0.911197,0.007606,0.007577,1.353904
2023-01-04,135.990005,137.679993,135.570007,136.380005,124.269064,11687600,0.000000,0.000000,0.911197,0.009325,0.009282,1.375854
2023-01-05,135.660004,135.710007,133.699997,135.350006,124.241515,8381300,1.000000,0.000000,0.917928,-0.000222,-0.000222,1.375327
2023-01-06,136.130005,138.380005,134.490005,137.940002,126.618959,10029100,0.000000,0.000000,0.917928,0.019136,0.018955,1.420781
2023-01-09,138.600006,138.880005,136.880005,137.369995,126.095713,8482300,0.000000,0.000000,0.917928,-0.004132,-0.004141,1.410777
2023-01-10,137.789993,138.720001,137.309998,138.600006,127.224792,9048700,0.000000,0.000000,0.917928,0.008954,0.008914,1.432363
2023-01-11,138.899994,139.750000,138.100006,139.630005,128.170286,8703700,0.000000,0.000000,0.917928,0.007432,0.007404,1.450440
2023-01-12,140.000000,140.860001,139.220001,139.490005,128.041761,11001700,0.000000,0.000000,0.917928,-0.001003,-0.001003,1.447983
2023-01-13,135.600006,143.490005,134.800003,143.009995,131.272850,20200000,0.000000,0.000000,0.917928,0.025235,0.024922,1.509757
2023-01-17,141.169998,141.539993,139.229996,140.800003,129.244213,14292900,0.000000,0.000000,0.917928,-0.015454,-0.015574,1.470972
2023-01-18,138.919998,140.729996,136.410004,136.570007,125.361415,13392600,0.000000,0.000000,0.917928,-0.030042,-0.030503,1.396738
2023-01-19,135.320007,135.899994,133.589996,134.750000,123.690765,13303400,0.000000,0.000000,0.917928,-0.013327,-0.013416,1.364798
2023-01-20,135.160004,135.490005,133.550003,135.080002,123.993667,13092500,0.000000,0.000000,0.917928,0.002449,0.002446,1.370589
2023-01-23,135.119995,137.960007,134.820007,137.270004,126.003978,10487100,0.000000,0.000000,0.917928,0.016213,0.016083,1.409023
2023-01-24,136.419998,140.289993,135.000000,138.449997,127.087067,6945000,0.000000,0.000000,0.917928,0.008596,0.008559,1.429730
2023-01-25,138.050003,139.119995,137.250000,139.119995,127.702102,8967000,0.000000,0.000000,0.917928,0.004839,0.004828,1.441489
2023-01-26,139.419998,140.059998,138.360001,139.979996,128.491484,7487600,0.000000,0.000000,0.917927,0.006181,0.006162,1.456581
2023-01-27,140.610001,141.259995,139.750000,140.320007,128.803662,7489900,0.000000,0.000000,0.917928,0.002430,0.002427,1.462549
2023-01-30,139.229996,140.089996,138.910004,139.130005,127.711287,6729300,0.000000,0.000000,0.917928,-0.008481,-0.008517,1.441665
2023-01-31,139.880005,140.070007,138.250000,139.960007,128.473172,9188700,0.000000,0.000000,0.917928,0.005966,0.005948,1.456231
2023-02-01,138.210007,140.880005,138.119995,139.589996,128.133513,8841800,0.000000,0.000000,0.917928,-0.002644,-0.002647,1.449737
2023-02-02,140.000000,140.460007,138.000000,138.940002,127.536910,11822100,0.000000,0.000000,0.917928,-0.004656,-0.004667,1.438331
2023-02-03,138.179993,142.330002,138.130005,141.089996,129.510417,11501200,0.000000,0.000000,0.917928,0.015474,0.015356,1.476062
2023-02-06,140.229996,142.240005,140.029999,141.919998,130.272271,8406200,0.000000,0.000000,0.917928,0.005883,0.005865,1.490627
2023-02-07,141.380005,144.339996,141.179993,143.649994,131.860327,10447900,0.000000,0.000000,0.917928,0.012190,0.012117,1.520989
2023-02-08,142.649994,144.039993,142.279999,142.639999,130.933190,6958000,0.000000,0.000000,0.917928,-0.007031,-0.007056,1.503263
2023-02-09,143.119995,143.339996,139.869995,140.419998,128.895383,6443100,0.000000,0.000000,0.917928,-0.015564,-0.015686,1.464303
2023-02-10,139.779999,141.279999,138.589996,141.039993,129.464488,6582900,0.000000,0.000000,0.917928,0.004415,0.004406,1.475183
2023-02-13,141.300003,142.729996,140.740005,142.570007,130.868965,7134600,0.000000,0.000000,0.917928,0.010848,0.010790,1.502035
2023-02-14,142.500000,143.809998,141.600006,143.199997,131.447257,9249400,0.000000,0.000000,0.917928,0.004419,0.004409,1.513091
2023-02-15,141.610001,143.889999,141.300003,143.800003,131.998007,6728300,0.000000,0.000000,0.917928,0.004190,0.004181,1.523621
2023-02-16,142.910004,143.389999,141.679993,141.820007,130.180536,8165300,0.000000,0.000000,0.917928,-0.013769,-0.013865,1.488873
2023-02-17,140.979996,142.830002,140.070007,142.240005,130.566033,7948800,0.000000,0.000000,0.917928,0.002961,0.002957,1.496243
2023-02-21,140.690002,141.339996,138.750000,139.630005,128.170286,9996300,0.000000,0.000000,0.917928,-0.018349,-0.018519,1.450440
2023-02-22,138.919998,139.429993,137.440002,138.559998,127.188102,11107500,0.000000,0.000000,0.917928,-0.007663,-0.007693,1.431662
2023-02-23,138.729996,140.169998,137.940002,139.669998,128.206938,8068000,0.000000,0.000000,0.917928,0.008010,0.007979,1.451141
2023-02-24,139.110001,141.360001,138.929993,140.929993,129.363521,9126900,0.000000,0.000000,0.917928,0.009021,0.008981,1.473253
2023-02-27,142.110001,143.309998,141.720001,142.160004,130.492562,10014700,0.000000,0.000000,0.917927,0.008728,0.008690,1.494839
2023-02-28,142.940002,143.759995,141.899994,143.350006,131.584952,11019800,0.000000,0.000000,0.917928,0.008371,0.008336,1.515724
2023-03-01,142.100006,143.460007,141.800003,142.550003,130.850624,7139200,0.000000,0.000000,0.917928,-0.005581,-0.005596,1.501684
2023-03-02,142.240005,142.429993,139.539993,141.070007,129.492046,11106800,0.000000,0.000000,0.917928,-0.010383,-0.010437,1.475710
2023-03-03,141.509995,143.740005,141.080002,143.660004,131.869498,9513100,0.000000,0.000000,0.917928,0.018360,0.018193,1.521164
2023-03-06,143.440002,144.039993,142.660004,142.820007,131.098412,9261300,0.000000,0.000000,0.917927,-0.005847,-0.005865,1.506422
2023-03-07,142.009995,142.309998,137.809998,138.619995,127.243163,11747600,0.000000,0.000000,0.917928,-0.029407,-0.029848,1.432715
2023-03-08,138.000000,138.589996,136.889999,137.800003,126.490442,10002500,0.000000,0.000000,0.917928,-0.005916,-0.005933,1.418324
2023-03-09,136.759995,137.350006,129.220001,130.339996,119.642701,25888100,0.000000,0.000000,0.917928,-0.054136,-0.055657,1.287404
2023-03-10,128.960007,135.259995,127.820000,133.649994,122.681040,37599700,0.000000,0.000000,0.917928,0.025395,0.025078,1.345493
2023-03-13,131.210007,133.880005,129.410004,131.250000,120.477988,42901100,0.000000,0.000000,0.917928,-0.017958,-0.018121,1.303374
2023-03-14,135.279999,135.529999,131.289993,134.619995,123.571427,29648100,0.000000,0.000000,0.917928,0.025676,0.025352,1.362516
2023-03-15,130.979996,130.990005,126.730003,128.259995,117.733410,34280600,0.000000,0.000000,0.917928,-0.047244,-0.048397,1.250901
2023-03-16,128.009995,131.949997,126.019997,130.750000,120.019042,24558500,0.000000,0.000000,0.917928,0.019414,0.019228,1.294599
2023-03-17,128.380005,128.479996,125.449997,125.809998,115.484483,38396000,0.000000,0.000000,0.917928,-0.037782,-0.038514,1.207905
2023-03-20,126.989998,129.470001,126.010002,127.139999,116.705321,22875500,0.000000,0.000000,0.917928,0.010571,0.010516,1.231246
2023-03-21,130.589996,131.729996,130.190002,130.550003,119.835449,17807800,0.000000,0.000000,0.917928,0.026821,0.026467,1.291089
2023-03-22,130.559998,130.660004,127.080002,127.180000,116.742049,17250200,0.000000,0.000000,0.917928,-0.025814,-0.026153,1.231948
2023-03-23,127.900002,129.529999,126.019997,126.839996,116.429953,16677600,0.000000,0.000000,0.917928,-0.002673,-0.002677,1.225981
2023-03-24,125.629997,125.680000,123.110001,124.910004,114.658366,22311100,0.000000,0.000000,0.917928,-0.015216,-0.015333,1.192111
2023-03-27,126.790001,129.380005,126.290001,128.490005,117.944515,18853900,0.000000,0.000000,0.917928,0.028660,0.028257,1.254937
2023-03-28,128.710007,129.339996,127.739998,128.880005,118.302531,10820500,0.000000,0.000000,0.917928,0.003035,0.003031,1.261782
2023-03-29,130.100006,130.220001,127.769997,129.139999,118.541193,14595300,0.000000,0.000000,0.917928,0.002017,0.002015,1.266345
2023-03-30,129.949997,130.119995,127.650002,128.750000,118.183192,12134700,0.000000,0.000000,0.917928,-0.003020,-0.003025,1.259501
2023-03-31,129.660004,130.339996,128.850006,130.309998,119.615158,13105200,0.000000,0.000000,0.917928,0.012116,0.012044,1.286878
2023-04-03,129.910004,131.440002,129.410004,130.160004,119.477471,11775400,0.000000,0.000000,0.917928,-0.001151,-0.001152,1.284245
2023-04-04,130.500000,130.589996,127.410004,128.419998,117.880276,11579900,0.000000,0.000000,0.917928,-0.013368,-0.013458,1.253709
2023-04-05,126.800003,128.149994,126.459999,127.610001,118.056050,9614700,1.000000,0.000000,0.925132,0.001491,0.001490,1.257070
2023-04-06,127.000000,128.080002,126.860001,127.470001,117.926523,8760200,0.000000,0.000000,0.925132,-0.001097,-0.001098,1.254593
2023-04-10,126.540001,128.229996,126.220001,127.889999,118.315087,9477300,0.000000,0.000000,0.925132,0.003295,0.003290,1.262022
2023-04-11,128.300003,128.940002,127.540001,128.520004,118.897919,10516300,0.000000,0.000000,0.925132,0.004926,0.004914,1.273165
2023-04-12,129.179993,130.429993,128.059998,128.500000,118.879411,11821000,0.000000,0.000000,0.925132,-0.000156,-0.000156,1.272811
2023-04-13,128.460007,129.039993,126.830002,128.990005,119.332746,12450200,0.000000,0.000000,0.925132,0.003813,0.003806,1.281478
2023-04-14,135.149994,139.119995,134.899994,138.729996,128.343525,43931300,0.000000,0.000000,0.925132,0.075510,0.072795,1.453752
2023-04-17,139.949997,140.059998,137.660004,139.830002,129.361153,16050500,0.000000,0.000000,0.925132,0.007929,0.007898,1.473208
2023-04-18,140.270004,141.779999,139.029999,141.399994,130.813593,13760100,0.000000,0.000000,0.925132,0.011228,0.011165,1.500976
2023-04-19,141.229996,141.500000,140.399994,141.220001,130.647080,9158100,0.000000,0.000000,0.925132,-0.001273,-0.001274,1.497793
2023-04-20,139.910004,141.429993,139.839996,140.809998,130.267763,10586200,0.000000,0.000000,0.925131,-0.002903,-0.002908,1.490541
2023-04-21,139.740005,141.110001,138.779999,140.539993,130.017986,11842500,0.000000,0.000000,0.925132,-0.001917,-0.001919,1.485766
2023-04-24,140.460007,141.100006,140.039993,140.729996,130.193745,7567500,0.000000,0.000000,0.925131,0.001352,0.001351,1.489126
2023-04-25,139.600006,139.960007,137.630005,137.669998,127.362874,10629300,0.000000,0.000000,0.925132,-0.021744,-0.021983,1.435003
2023-04-26,137.619995,137.809998,134.000000,135.229996,125.105582,14416100,0.000000,0.000000,0.925132,-0.017723,-0.017882,1.391847
2023-04-27,136.000000,137.910004,135.660004,137.050003,126.789297,9041100,0.000000,0.000000,0.925132,0.013458,0.013369,1.424037
2023-04-28,136.559998,138.320007,135.669998,138.240005,127.890204,9887300,0.000000,0.000000,0.925132,0.008683,0.008645,1.445085
2023-05-01,142.259995,143.369995,140.830002,141.199997,130.628572,20415800,0.000000,0.000000,0.925132,0.021412,0.021186,1.497439
2023-05-02,141.399994,142.410004,138.429993,138.919998,128.519268,14113400,0.000000,0.000000,0.925132,-0.016147,-0.016279,1.457112
2023-05-03,138.440002,138.669998,135.759995,135.979996,125.799416,12930900,0.000000,0.000000,0.925132,-0.021163,-0.021390,1.405112
2023-05-04,134.960007,135.720001,131.809998,134.119995,124.078631,17089200,0.000000,0.000000,0.925131,-0.013679,-0.013773,1.372213
2023-05-05,136.440002,137.880005,135.910004,136.740005,126.502505,11261400,0.000000,0.000000,0.925132,0.019535,0.019347,1.418554
2023-05-08,137.490005,137.970001,136.479996,137.070007,126.807805,7484900,0.000000,0.000000,0.925132,0.002413,0.002410,1.424391
2023-05-09,135.929993,136.949997,135.210007,136.410004,126.197212,7343600,0.000000,0.000000,0.925132,-0.004815,-0.004827,1.412718
2023-05-10,137.949997,138.059998,134.869995,136.479996,126.261968,8133400,0.000000,0.000000,0.925132,0.000513,0.000513,1.413956
2023-05-11,135.000000,136.809998,134.899994,136.050003,125.864149,7057300,0.000000,0.000000,0.925132,-0.003151,-0.003156,1.406350
2023-05-12,136.820007,136.990005,133.130005,134.100006,124.060160,9988600,0.000000,0.000000,0.925132,-0.014333,-0.014437,1.371860
2023-05-15,134.270004,135.669998,133.960007,135.229996,125.105582,7639500,0.000000,0.000000,0.925132,0.008427,0.008391,1.391847
2023-05-16,135.460007,135.940002,133.960007,134.320007,124.263674,6477200,0.000000,0.000000,0.925132,-0.006730,-0.006752,1.375751
2023-05-17,135.899994,138.589996,135.460007,138.449997,128.084471,12711500,0.000000,0.000000,0.925132,0.030747,0.030284,1.448799
2023-05-18,138.270004,139.729996,137.759995,139.500000,129.055867,10999600,0.000000,0.000000,0.925132,0.007584,0.007555,1.467371
2023-05-19,139.789993,140.490005,138.130005,139.179993,128.759813,13492200,0.000000,0.000000,0.925132,-0.002294,-0.002297,1.461711
2023-05-22,141.000000,141.639999,137.660004,138.029999,127.695923,11402500,0.000000,0.000000,0.925132,-0.008263,-0.008297,1.441371
2023-05-23,137.539993,139.029999,136.460007,136.589996,126.363701,9514900,0.000000,0.000000,0.925131,-0.010433,-0.010488,1.415901
2023-05-24,135.399994,136.350006,135.080002,135.339996,125.207338,8578000,0.000000,0.000000,0.925132,-0.009151,-0.009193,1.393793
2023-05-25,134.820007,136.270004,134.580002,135.669998,125.512624,8472500,0.000000,0.000000,0.925132,0.002438,0.002435,1.399629
2023-05-26,136.110001,137.600006,135.630005,136.940002,126.687526,8579900,0.000000,0.000000,0.925132,0.009361,0.009317,1.422092
2023-05-30,136.800003,137.720001,136.020004,137.460007,127.168593,7399900,0.000000,0.000000,0.925132,0.003797,0.003790,1.431289
2023-05-31,136.729996,136.839996,134.399994,135.710007,125.549610,14219900,0.000000,0.000000,0.925132,-0.012731,-0.012813,1.400336
2023-06-01,136.520004,138.229996,135.449997,137.580002,127.279588,12248100,0.000000,0.000000,0.925131,0.013779,0.013685,1.433411
2023-06-02,139.559998,141.479996,139.339996,140.470001,129.953246,12922500,0.000000,0.000000,0.925132,0.021006,0.020789,1.484528
2023-06-05,140.110001,140.110001,138.130005,139.089996,128.676549,8511900,0.000000,0.000000,0.925132,-0.009824,-0.009873,1.460119
2023-06-06,138.679993,140.100006,138.210007,139.339996,128.907847,9329500,0.000000,0.000000,0.925132,0.001798,0.001796,1.464541
2023-06-07,139.550003,141.270004,138.830002,140.690002,130.156775,9281400,0.000000,0.000000,0.925132,0.009689,0.009642,1.488419
2023-06-08,140.669998,140.889999,139.479996,140.729996,130.193745,7368100,0.000000,0.000000,0.925131,0.000284,0.000284,1.489126
2023-06-09,140.350006,141.800003,140.210007,141.009995,130.452798,7249100,0.000000,0.000000,0.925132,0.001990,0.001988,1.494079
2023-06-12,141.070007,141.320007,139.759995,141.000000,130.443552,7596600,0.000000,0.000000,0.925132,-0.000071,-0.000071,1.493902
2023-06-13,140.479996,142.869995,140.139999,142.020004,131.387223,7701600,0.000000,0.000000,0.925132,0.007234,0.007208,1.511943
2023-06-14,143.000000,143.610001,140.699997,141.490005,130.896871,9068700,0.000000,0.000000,0.925132,-0.003732,-0.003739,1.502569
2023-06-15,140.589996,143.399994,140.029999,143.089996,132.377082,9343100,0.000000,0.000000,0.925132,0.011308,0.011245,1.530868
2023-06-16,143.050003,143.970001,142.500000,143.259995,132.534332,13813500,0.000000,0.000000,0.925131,0.001188,0.001187,1.533875
2023-06-20,142.610001,143.000000,141.039993,142.529999,131.858990,8428600,0.000000,0.000000,0.925131,-0.005096,-0.005109,1.520963
2023-06-21,142.899994,144.020004,141.690002,142.320007,131.664738,9926500,0.000000,0.000000,0.925132,-0.001473,-0.001474,1.517249
2023-06-22,142.309998,142.600006,138.949997,139.580002,129.129870,10075200,0.000000,0.000000,0.925132,-0.019252,-0.019440,1.468786
2023-06-23,138.539993,139.179993,137.619995,138.850006,128.454543,9919500,0.000000,0.000000,0.925132,-0.005230,-0.005244,1.455875
2023-06-26,138.869995,140.009995,137.690002,139.190002,128.769106,8429700,0.000000,0.000000,0.925132,0.002449,0.002446,1.461889
2023-06-27,139.000000,139.839996,138.539993,139.199997,128.778322,8154000,0.000000,0.000000,0.925132,0.000072,0.000072,1.462065
2023-06-28,139.160004,139.210007,137.960007,138.589996,128.213983,7558600,0.000000,0.000000,0.925132,-0.004382,-0.004392,1.451275
2023-06-29,140.070007,143.559998,139.850006,143.429993,132.691628,15423200,0.000000,0.000000,0.925132,0.034923,0.034327,1.536882
2023-06-30,144.600006,146.000000,143.660004,145.440002,134.551141,14212800,0.000000,0.000000,0.925132,0.014014,0.013917,1.572433
2023-07-03,146.190002,147.479996,146.000000,146.610001,135.633540,8021600,0.000000,0.000000,0.925132,0.008045,0.008012,1.593127
2023-07-05,144.940002,145.429993,144.360001,144.639999,134.729998,8934900,1.000000,0.000000,0.931485,-0.006662,-0.006684,1.575853
2023-07-06,143.020004,143.389999,141.440002,143.210007,133.397989,9709500,0.000000,0.000000,0.931485,-0.009887,-0.009936,1.550387
2023-07-07,143.910004,145.839996,143.000000,144.339996,134.450569,8981500,0.000000,0.000000,0.931485,0.007891,0.007860,1.570510
2023-07-10,144.500000,145.990005,144.500000,145.149994,135.205075,9100100,0.000000,0.000000,0.931485,0.005612,0.005596,1.584936
2023-07-11,146.339996,147.820007,145.710007,147.419998,137.319526,11260900,0.000000,0.000000,0.931485,0.015639,0.015518,1.625361
2023-07-12,147.449997,149.869995,147.000000,148.149994,137.999513,11323200,0.000000,0.000000,0.931485,0.004952,0.004940,1.638361
2023-07-13,148.699997,149.369995,147.750000,148.869995,138.670180,11234900,0.000000,0.000000,0.931485,0.004860,0.004848,1.651184
2023-07-14,151.550003,152.889999,148.410004,149.770004,139.508526,27028400,0.000000,0.000000,0.931485,0.006046,0.006027,1.667212
2023-07-17,150.350006,153.750000,150.350006,153.380005,142.871190,17262400,0.000000,0.000000,0.931485,0.024104,0.023818,1.731501
2023-07-18,153.380005,154.399994,152.820007,153.660004,143.132005,13491700,0.000000,0.000000,0.931485,0.001826,0.001824,1.736488
2023-07-19,152.750000,155.210007,152.220001,154.250000,143.681585,12510000,0.000000,0.000000,0.931485,0.003840,0.003832,1.746995
2023-07-20,154.529999,156.589996,154.410004,156.149994,145.451380,9935900,0.000000,0.000000,0.931485,0.012317,0.012242,1.780831
2023-07-21,155.800003,156.139999,154.690002,154.949997,144.333605,10636400,0.000000,0.000000,0.931485,-0.007685,-0.007715,1.759461
2023-07-24,154.970001,158.789993,154.729996,158.000000,147.174656,14381400,0.000000,0.000000,0.931485,0.019684,0.019493,1.813778
2023-07-25,157.300003,157.720001,155.960007,156.820007,146.075511,9944700,0.000000,0.000000,0.931485,-0.007468,-0.007496,1.792763
2023-07-26,156.710007,158.250000,156.279999,157.759995,146.951070,8728600,0.000000,0.000000,0.931485,0.005994,0.005976,1.809503
2023-07-27,157.770004,158.779999,155.550003,156.020004,145.330311,10778400,0.000000,0.000000,0.931485,-0.011029,-0.011091,1.778516
2023-07-28,157.279999,157.600006,156.440002,156.910004,146.159320,9103800,0.000000,0.000000,0.931485,0.005704,0.005688,1.794366
2023-07-31,157.179993,159.380005,157.149994,157.960007,147.137382,8892700,0.000000,0.000000,0.931485,0.006692,0.006669,1.813065
2023-08-01,157.429993,158.000000,156.149994,157.179993,146.410828,6853900,0.000000,0.000000,0.931485,-0.004938,-0.004950,1.799174
2023-08-02,155.559998,155.690002,153.940002,155.399994,144.752779,8299400,0.000000,0.000000,0.931485,-0.011325,-0.011389,1.767475
2023-08-03,155.000000,156.919998,154.350006,156.350006,145.637692,6084000,0.000000,0.000000,0.931485,0.006113,0.006095,1.784393
2023-08-04,156.399994,157.800003,155.699997,156.020004,145.330311,6209400,0.000000,0.000000,0.931485,-0.002111,-0.002113,1.778516
2023-08-07,156.600006,157.699997,156.600006,156.759995,146.019591,7251800,0.000000,0.000000,0.931485,0.004743,0.004732,1.791694
2023-08-08,154.320007,155.979996,152.589996,155.880005,145.199904,8623400,0.000000,0.000000,0.931485,-0.005614,-0.005629,1.776023
2023-08-09,155.320007,155.520004,153.470001,153.789993,143.253074,6277800,0.000000,0.000000,0.931485,-0.013408,-0.013499,1.738802
2023-08-10,154.380005,155.440002,153.089996,153.559998,143.038841,5995100,0.000000,0.000000,0.931485,-0.001495,-0.001497,1.734706
2023-08-11,153.029999,154.520004,152.630005,154.449997,143.867851,5180700,0.000000,0.000000,0.931485,0.005796,0.005779,1.750556
2023-08-14,153.610001,154.919998,152.919998,154.770004,144.165969,5044300,0.000000,0.000000,0.931485,0.002072,0.002070,1.756256
2023-08-15,152.850006,153.270004,150.229996,150.830002,140.495894,10300300,0.000000,0.000000,0.931485,-0.025457,-0.025787,1.686089
2023-08-16,150.600006,150.960007,149.679993,150.190002,139.899762,6978200,0.000000,0.000000,0.931485,-0.004243,-0.004252,1.674692
2023-08-17,150.880005,151.259995,148.399994,148.630005,138.446639,9953900,0.000000,0.000000,0.931485,-0.010387,-0.010441,1.646910
2023-08-18,147.649994,149.500000,147.440002,148.970001,138.763327,8517500,0.000000,0.000000,0.931485,0.002287,0.002285,1.652964
2023-08-21,149.649994,150.100006,148.020004,149.479996,139.238405,8327000,0.000000,0.000000,0.931485,0.003424,0.003418,1.662047
2023-08-22,149.259995,149.639999,145.850006,146.380005,136.350787,9673300,0.000000,0.000000,0.931485,-0.020739,-0.020957,1.606840
2023-08-23,146.350006,147.589996,145.460007,147.369995,137.272959,7858000,0.000000,0.000000,0.931485,0.006763,0.006740,1.624471
2023-08-24,147.500000,149.410004,146.990005,147.229996,137.142553,6534000,0.000000,0.000000,0.931485,-0.000950,-0.000950,1.621977
2023-08-25,147.279999,148.619995,145.850006,147.050003,136.974932,6695500,0.000000,0.000000,0.931485,-0.001222,-0.001223,1.618773
2023-08-28,147.570007,148.610001,147.130005,147.559998,137.449918,5094100,0.000000,0.000000,0.931485,0.003468,0.003462,1.627854
2023-08-29,147.710007,148.850006,147.179993,148.759995,138.567709,6337000,0.000000,0.000000,0.931485,0.008132,0.008099,1.649224
2023-08-30,148.619995,149.149994,147.190002,148.160004,138.008851,6277300,0.000000,0.000000,0.931485,-0.004033,-0.004041,1.638540
2023-08-31,148.259995,148.350006,145.960007,146.330002,136.304190,10933900,0.000000,0.000000,0.931485,-0.012352,-0.012429,1.605949
2023-09-01,146.089996,148.080002,145.699997,146.820007,136.760638,7903500,0.000000,0.000000,0.931485,0.003349,0.003343,1.614676
2023-09-05,147.160004,148.210007,145.009995,145.199997,135.251641,7854700,0.000000,0.000000,0.931485,-0.011034,-0.011095,1.585826
2023-09-06,144.699997,145.539993,144.110001,144.960007,135.028071,8629200,0.000000,0.000000,0.931485,-0.001653,-0.001654,1.581551
2023-09-07,144.130005,145.270004,143.389999,143.720001,133.873067,8373700,0.000000,0.000000,0.931485,-0.008554,-0.008591,1.559469
2023-09-08,143.369995,144.119995,142.649994,143.830002,133.975507,7107900,0.000000,0.000000,0.931485,0.000765,0.000765,1.561428
2023-09-11,144.750000,145.050003,143.690002,144.460007,134.562361,6854200,0.000000,0.000000,0.931485,0.004380,0.004371,1.572648
2023-09-12,144.500000,147.320007,144.050003,146.339996,136.313498,8363200,0.000000,0.000000,0.931485,0.013014,0.012930,1.606127
2023-09-13,147.339996,147.699997,145.820007,146.410004,136.378739,8325900,0.000000,0.000000,0.931485,0.000479,0.000478,1.607374
2023-09-14,147.839996,149.899994,147.520004,149.250000,139.024157,10034900,0.000000,0.000000,0.931485,0.019398,0.019212,1.657951
2023-09-15,148.919998,149.729996,148.309998,148.809998,138.614290,19863400,0.000000,0.000000,0.931485,-0.002948,-0.002953,1.650115
2023-09-18,148.160004,149.139999,147.750000,149.119995,138.903042,6512400,0.000000,0.000000,0.931485,0.002083,0.002081,1.655636
2023-09-19,149.500000,149.720001,147.210007,148.929993,138.726068,7943400,0.000000,0.000000,0.931485,-0.001274,-0.001275,1.652252
2023-09-20,149.649994,150.250000,148.139999,148.300003,138.139258,7332000,0.000000,0.000000,0.931485,-0.004230,-0.004239,1.641033
2023-09-21,147.580002,148.850006,146.630005,147.139999,137.058712,8052400,0.000000,0.000000,0.931485,-0.007822,-0.007853,1.620375
2023-09-22,147.289993,147.509995,145.190002,145.729996,135.745303,7071700,0.000000,0.000000,0.931485,-0.009583,-0.009629,1.595264
2023-09-25,145.350006,146.520004,143.699997,146.449997,136.415999,7044700,0.000000,0.000000,0.931485,0.004941,0.004929,1.608087
2023-09-26,144.600006,145.839996,144.229996,144.929993,135.000119,7468400,0.000000,0.000000,0.931485,-0.010379,-0.010433,1.581017
2023-09-27,145.190002,146.089996,144.509995,145.779999,135.791899,6717800,0.000000,0.000000,0.931485,0.005865,0.005848,1.596155
2023-09-28,146.279999,148.869995,146.009995,147.589996,137.477855,8868100,0.000000,0.000000,0.931485,0.012416,0.012339,1.628388
2023-09-29,148.600006,148.759995,144.860001,145.020004,135.083975,11917800,0.000000,0.000000,0.931485,-0.017413,-0.017566,1.582620
2023-10-02,144.830002,145.619995,142.630005,143.770004,133.919633,9170600,0.000000,0.000000,0.931485,-0.008619,-0.008657,1.560360
2023-10-03,143.199997,143.589996,142.350006,142.710007,132.932250,9431100,0.000000,0.000000,0.931485,-0.007373,-0.007400,1.541482
2023-10-04,143.190002,143.470001,141.929993,143.350006,133.528397,8128700,0.000000,0.000000,0.931485,0.004485,0.004475,1.552880
2023-10-05,142.039993,143.100006,140.830002,142.899994,134.091414,8576200,1.050000,0.000000,0.938358,0.004216,0.004208,1.563644
2023-10-06,142.910004,145.880005,142.139999,145.100006,136.155807,10270600,0.000000,0.000000,0.938358,0.015395,0.015278,1.603112
2023-10-09,143.660004,145.399994,143.500000,144.770004,135.846134,6964900,0.000000,0.000000,0.938358,-0.002274,-0.002277,1.597192
2023-10-10,145.419998,146.770004,145.279999,145.649994,136.671894,11288800,0.000000,0.000000,0.938358,0.006079,0.006060,1.612979
2023-10-11,146.509995,147.229996,145.020004,146.149994,137.141064,8698200,0.000000,0.000000,0.938358,0.003433,0.003427,1.621949
2023-10-12,146.300003,146.960007,145.130005,145.809998,136.822023,10484400,0.000000,0.000000,0.938358,-0.002326,-0.002329,1.615849
2023-10-13,148.500000,153.110001,147.839996,148.000000,138.877018,29427000,0.000000,0.000000,0.938358,0.015019,0.014908,1.655138
2023-10-16,149.449997,149.520004,146.720001,147.850006,138.736271,12663500,0.000000,0.000000,0.938358,-0.001013,-0.001014,1.652447
2023-10-17,147.570007,149.309998,146.789993,147.529999,138.435996,11482700,0.000000,0.000000,0.938358,-0.002164,-0.002167,1.646706
2023-10-18,146.589996,147.479996,145.369995,145.910004,136.915855,9620300,0.000000,0.000000,0.938358,-0.010981,-0.011042,1.617643
2023-10-19,145.479996,147.020004,144.880005,145.289993,136.334070,11143600,0.000000,0.000000,0.938358,-0.004249,-0.004258,1.606520
2023-10-20,144.570007,145.139999,142.119995,142.949997,134.138299,13332900,0.000000,0.000000,0.938358,-0.016106,-0.016237,1.564540
2023-10-23,142.940002,143.679993,140.729996,141.000000,132.308531,10133400,0.000000,0.000000,0.938358,-0.013641,-0.013735,1.529558
2023-10-24,141.190002,141.729996,140.360001,141.169998,132.468028,8881400,0.000000,0.000000,0.938358,0.001205,0.001205,1.532607
2023-10-25,140.570007,141.179993,139.509995,140.399994,131.745497,8242600,0.000000,0.000000,0.938358,-0.005454,-0.005469,1.518793
2023-10-26,139.759995,141.669998,139.429993,140.759995,132.083320,9109400,0.000000,0.000000,0.938358,0.002564,0.002561,1.525252
2023-10-27,138.949997,139.100006,135.190002,135.690002,127.325851,17434700,0.000000,0.000000,0.938358,-0.036019,-0.036683,1.434296
2023-10-30,136.440002,138.039993,136.039993,137.419998,128.949206,9855500,0.000000,0.000000,0.938358,0.012750,0.012669,1.465332
2023-10-31,137.710007,139.240005,137.470001,139.059998,130.488114,9672500,0.000000,0.000000,0.938358,0.011934,0.011864,1.494754
2023-11-01,139.250000,140.529999,138.470001,138.940002,130.375516,9432000,0.000000,0.000000,0.938358,-0.000863,-0.000863,1.492601
2023-11-02,140.089996,141.479996,139.229996,141.419998,132.702651,10186200,0.000000,0.000000,0.938358,0.017849,0.017692,1.537093
2023-11-03,142.190002,143.770004,141.850006,143.000000,134.185246,9538700,0.000000,0.000000,0.938358,0.011172,0.011110,1.565438
2023-11-06,143.169998,144.190002,142.789993,144.080002,135.198683,7625100,0.000000,0.000000,0.938358,0.007553,0.007524,1.584813
2023-11-07,143.509995,144.259995,142.820007,144.009995,135.133001,6297900,0.000000,0.000000,0.938358,-0.000486,-0.000486,1.583558
2023-11-08,144.110001,144.839996,143.619995,144.720001,135.799188,7618200,0.000000,0.000000,0.938358,0.004930,0.004918,1.596294
2023-11-09,145.440002,145.649994,143.699997,144.289993,135.395714,7992500,0.000000,0.000000,0.938358,-0.002971,-0.002976,1.588580
2023-11-10,144.940002,146.479996,144.080002,146.429993,137.403791,7983300,0.000000,0.000000,0.938358,0.014831,0.014722,1.626972
2023-11-13,145.699997,146.250000,145.160004,145.779999,136.793874,6676300,0.000000,0.000000,0.938358,-0.004439,-0.004449,1.615311
2023-11-14,146.679993,149.250000,146.520004,148.440002,139.289921,9927700,0.000000,0.000000,0.938358,0.018247,0.018082,1.663032
2023-11-15,148.460007,150.160004,148.460007,149.740005,140.509772,8365300,0.000000,0.000000,0.938358,0.008758,0.008720,1.686354
2023-11-16,150.089996,151.529999,150.089996,151.449997,142.114391,8126200,0.000000,0.000000,0.938358,0.011420,0.011355,1.717032
2023-11-17,152.199997,152.860001,151.539993,152.820007,143.399939,7812400,0.000000,0.000000,0.938358,0.009046,0.009005,1.741610
2023-11-20,152.080002,153.750000,151.919998,153.289993,143.840961,7019000,0.000000,0.000000,0.938358,0.003075,0.003071,1.750042
2023-11-21,153.199997,153.630005,152.570007,152.970001,143.540671,7083500,0.000000,0.000000,0.938358,-0.002088,-0.002090,1.744301
2023-11-22,153.410004,153.880005,152.899994,153.330002,143.878478,5174500,0.000000,0.000000,0.938358,0.002353,0.002351,1.750759
2023-11-24,153.589996,154.440002,153.279999,153.539993,144.075524,3496900,0.000000,0.000000,0.938358,0.001370,0.001369,1.754526
2023-11-27,153.429993,153.529999,152.710007,153.190002,143.747115,6259100,0.000000,0.000000,0.938358,-0.002279,-0.002282,1.748248
2023-11-28,153.220001,153.869995,152.720001,153.539993,144.075524,6582700,0.000000,0.000000,0.938358,0.002285,0.002282,1.754526
2023-11-29,154.169998,155.630005,154.000000,154.320007,144.807468,9126100,0.000000,0.000000,0.938358,0.005080,0.005067,1.768520
2023-11-30,154.910004,156.130005,154.380005,156.080002,146.458958,9869800,0.000000,0.000000,0.938358,0.011405,0.011340,1.800094
2023-12-01,155.820007,157.860001,155.820007,156.839996,147.172136,8916000,0.000000,0.000000,0.938358,0.004869,0.004858,1.813729
2023-12-04,156.020004,158.050003,155.880005,157.990005,148.251225,9607500,0.000000,0.000000,0.938358,0.007332,0.007305,1.834360
2023-12-05,157.259995,158.500000,156.970001,157.970001,148.232444,9135600,0.000000,0.000000,0.938358,-0.000127,-0.000127,1.834001
2023-12-06,158.839996,159.220001,156.000000,156.309998,146.674815,9366000,0.000000,0.000000,0.938358,-0.010508,-0.010564,1.804221
2023-12-07,156.690002,157.309998,156.149994,156.789993,147.125190,8130900,0.000000,0.000000,0.938358,0.003071,0.003066,1.812832
2023-12-08,157.259995,158.779999,156.979996,158.520004,148.748591,7369400,0.000000,0.000000,0.938358,0.011034,0.010974,1.843869
2023-12-11,158.520004,159.300003,158.149994,159.100006,149.292827,8093900,0.000000,0.000000,0.938358,0.003659,0.003652,1.854274
2023-12-12,159.229996,160.649994,158.880005,160.520004,150.625291,10223000,0.000000,0.000000,0.938358,0.008925,0.008886,1.879749
2023-12-13,160.520004,162.029999,159.770004,161.059998,151.132010,12379100,0.000000,0.000000,0.938358,0.003364,0.003358,1.889437
2023-12-14,161.830002,164.839996,161.710007,163.990005,153.881369,13643000,0.000000,0.000000,0.938358,0.018192,0.018028,1.942001
2023-12-15,163.080002,165.279999,162.389999,165.229996,155.044952,20309300,0.000000,0.000000,0.938358,0.007562,0.007533,1.964247
2023-12-18,165.919998,167.130005,165.630005,166.229996,155.983295,8469600,0.000000,0.000000,0.938358,0.006052,0.006034,1.982187
2023-12-19,166.000000,168.470001,165.550003,168.449997,158.066454,10345700,0.000000,0.000000,0.938358,0.013355,0.013267,2.022014
2023-12-20,167.990005,169.410004,166.449997,166.550003,156.283600,10734700,0.000000,0.000000,0.938358,-0.011279,-0.011343,1.987928
2023-12-21,166.839996,168.089996,165.679993,167.500000,157.175026,7601700,0.000000,0.000000,0.938358,0.005704,0.005688,2.004971
2023-12-22,167.500000,168.229996,167.229996,167.399994,157.081181,6576300,0.000000,0.000000,0.938358,-0.000597,-0.000597,2.003177
2023-12-26,167.460007,168.770004,167.179993,168.389999,158.010185,4683600,0.000000,0.000000,0.938358,0.005914,0.005897,2.020938
2023-12-27,167.839996,169.470001,167.580002,169.399994,158.957911,6428600,0.000000,0.000000,0.938358,0.005998,0.005980,2.039057
2023-12-28,169.350006,170.660004,169.000000,170.300003,159.802452,6320100,0.000000,0.000000,0.938358,0.005313,0.005299,2.055204
2023-12-29,170.000000,170.690002,169.630005,170.100006,159.614760,6435100,0.000000,0.000000,0.938358,-0.001175,-0.001175,2.051615
2024-01-02,169.089996,172.169998,168.910004,172.080002,161.472709,9977400,0.000000,0.000000,0.938358,0.011640,0.011573,2.087137
2024-01-03,171.860001,172.039993,170.369995,171.330002,160.768959,9852300,0.000000,0.000000,0.938358,-0.004358,-0.004368,2.073682
2024-01-04,170.639999,173.350006,170.539993,171.410004,161.835826,11972500,1.050000,0.000000,0.944145,0.006636,0.006614,2.094079
2024-01-05,171.470001,173.380005,171.470001,172.270004,162.647785,10066000,0.000000,0.000000,0.944145,0.005017,0.005005,2.109603
2024-01-08,172.020004,172.360001,169.490005,172.020004,162.411765,11229900,0.000000,0.000000,0.944145,-0.001451,-0.001452,2.105090
2024-01-09,171.619995,171.789993,170.100006,170.660004,161.127720,9923600,0.000000,0.000000,0.944145,-0.007906,-0.007938,2.080541
2024-01-10,170.000000,171.080002,168.949997,171.020004,161.467607,9670200,0.000000,0.000000,0.944145,0.002109,0.002107,2.087039
2024-01-11,170.330002,170.360001,168.639999,170.300003,160.787847,11919500,0.000000,0.000000,0.944145,-0.004210,-0.004219,2.074043
2024-01-12,173.800003,176.309998,168.899994,169.050003,159.607654,19436500,0.000000,0.000000,0.944145,-0.007340,-0.007367,2.051479
2024-01-16,164.869995,168.089996,164.300003,167.990005,158.606864,17206400,0.000000,0.000000,0.944145,-0.006270,-0.006290,2.032346
2024-01-17,167.339996,169.070007,166.490005,167.089996,157.757129,11107500,0.000000,0.000000,0.944145,-0.005357,-0.005372,2.016100
2024-01-18,167.119995,167.529999,165.240005,167.419998,158.068655,9382300,0.000000,0.000000,0.944144,0.001975,0.001973,2.022056
2024-01-19,167.550003,170.570007,167.080002,170.309998,160.797245,13115700,0.000000,0.000000,0.944144,0.017262,0.017115,2.074223
2024-01-22,170.460007,171.979996,169.710007,170.110001,160.608428,12837500,0.000000,0.000000,0.944145,-0.001174,-0.001175,2.070613
2024-01-23,169.669998,169.750000,168.440002,168.990005,159.551006,8360800,0.000000,0.000000,0.944145,-0.006584,-0.006606,2.050396
2024-01-24,169.360001,171.009995,168.860001,170.500000,160.976678,9967100,0.000000,0.000000,0.944145,0.008936,0.008896,2.077653
2024-01-25,172.309998,172.990005,170.910004,172.940002,163.280355,8873500,0.000000,0.000000,0.944145,0.014311,0.014209,2.121696
2024-01-26,172.610001,173.059998,171.779999,172.279999,162.657213,7443000,0.000000,0.000000,0.944144,-0.003816,-0.003824,2.109783
2024-01-29,172.240005,172.839996,171.300003,172.729996,163.082095,6971200,0.000000,0.000000,0.944145,0.002612,0.002609,2.117906
2024-01-30,172.830002,176.759995,172.830002,176.270004,166.424369,10822100,0.000000,0.000000,0.944145,0.020494,0.020287,2.181806
2024-01-31,176.199997,178.300003,174.339996,174.360001,164.621049,11521800,0.000000,0.000000,0.944145,-0.010836,-0.010895,2.147329
2024-02-01,173.639999,174.839996,171.429993,173.729996,164.026238,9354800,0.000000,0.000000,0.944145,-0.003613,-0.003620,2.135957
2024-02-02,173.300003,175.820007,173.259995,174.729996,164.970380,8607600,0.000000,0.000000,0.944145,0.005756,0.005740,2.154007
2024-02-05,173.860001,175.089996,172.919998,174.500000,164.753247,7820200,0.000000,0.000000,0.944145,-0.001316,-0.001317,2.149856
2024-02-06,174.610001,175.869995,173.759995,175.100006,165.319742,6764800,0.000000,0.000000,0.944145,0.003438,0.003433,2.160687
2024-02-07,175.690002,175.869995,173.960007,175.429993,165.631268,7225500,0.000000,0.000000,0.944145,0.001884,0.001883,2.166643
2024-02-08,175.000000,175.309998,173.570007,174.800003,165.036472,6060300,0.000000,0.000000,0.944145,-0.003591,-0.003598,2.155271
2024-02-09,175.000000,175.100006,173.669998,175.009995,165.234732,6296700,0.000000,0.000000,0.944145,0.001201,0.001201,2.159061
2024-02-12,174.779999,176.809998,173.699997,175.789993,165.971186,8539300,0.000000,0.000000,0.944145,0.004457,0.004447,2.173141
2024-02-13,175.320007,176.229996,172.619995,174.259995,164.526595,8397600,0.000000,0.000000,0.944144,-0.008704,-0.008742,2.145523
2024-02-14,175.070007,176.100006,174.419998,176.029999,166.197777,7056700,0.000000,0.000000,0.944145,0.010158,0.010106,2.177473
2024-02-15,176.149994,180.210007,176.149994,179.869995,169.823275,8723400,0.000000,0.000000,0.944145,0.021814,0.021580,2.246788
2024-02-16,179.610001,179.979996,178.160004,179.029999,169.030219,8152600,0.000000,0.000000,0.944145,-0.004670,-0.004681,2.231626
2024-02-20,179.190002,180.460007,178.410004,179.729996,169.691121,9668000,0.000000,0.000000,0.944145,0.003910,0.003902,2.244261
2024-02-21,179.949997,180.990005,178.520004,180.899994,170.795764,7024000,0.000000,0.000000,0.944145,0.006510,0.006489,2.265381
2024-02-22,181.820007,183.419998,181.240005,183.070007,172.844564,9296500,0.000000,0.000000,0.944145,0.011996,0.011924,2.304551
2024-02-23,183.809998,185.199997,183.190002,183.990005,173.713185,7105800,0.000000,0.000000,0.944145,0.005025,0.005013,2.321158
2024-02-26,183.750000,184.460007,182.479996,183.360001,173.118359,7145400,0.000000,0.000000,0.944145,-0.003424,-0.003430,2.309786
2024-02-27,183.309998,183.539993,182.240005,183.449997,173.203308,5717100,0.000000,0.000000,0.944145,0.000491,0.000491,2.311410
2024-02-28,183.429993,185.199997,182.960007,184.380005,174.081389,6131600,0.000000,0.000000,0.944145,0.005070,0.005057,2.328197
2024-02-29,185.660004,186.429993,183.850006,186.059998,175.667531,9643000,0.000000,0.000000,0.944145,0.009111,0.009070,2.358522
2024-03-01,185.699997,186.440002,185.100006,185.289993,174.940552,6311800,0.000000,0.000000,0.944145,-0.004138,-0.004147,2.344623
2024-03-04,184.710007,187.589996,184.270004,186.679993,176.252883,7063600,0.000000,0.000000,0.944144,0.007502,0.007474,2.369713
2024-03-05,186.360001,189.300003,186.360001,188.550003,178.018488,6617800,0.000000,0.000000,0.944145,0.010017,0.009968,2.403469
2024-03-06,189.250000,190.070007,187.630005,189.529999,178.943712,7572900,0.000000,0.000000,0.944145,0.005197,0.005184,2.421158
2024-03-07,189.910004,190.500000,186.630005,187.869995,177.376443,7618300,0.000000,0.000000,0.944145,-0.008758,-0.008797,2.391194
2024-03-08,188.440002,190.460007,187.919998,188.220001,177.706887,6172200,0.000000,0.000000,0.944145,0.001863,0.001861,2.397512
2024-03-11,187.279999,188.440002,186.220001,188.289993,177.772979,5762600,0.000000,0.000000,0.944145,0.000372,0.000372,2.398775
2024-03-12,188.949997,190.160004,187.910004,189.839996,179.236396,5708400,0.000000,0.000000,0.944145,0.008232,0.008198,2.426754
2024-03-13,190.360001,191.729996,189.839996,191.380005,180.690385,7795500,0.000000,0.000000,0.944145,0.008112,0.008079,2.454552
2024-03-14,191.029999,191.630005,187.100006,187.970001,177.470851,10310900,0.000000,0.000000,0.944145,-0.017818,-0.017979,2.392999
2024-03-15,186.479996,190.940002,186.479996,190.300003,179.670691,17214200,0.000000,0.000000,0.944144,0.012396,0.012319,2.435057
2024-03-18,190.630005,192.699997,189.889999,192.660004,181.898909,9013800,0.000000,0.000000,0.944145,0.012402,0.012325,2.477658
2024-03-19,192.710007,193.929993,192.380005,193.789993,182.965761,8478700,0.000000,0.000000,0.944145,0.005865,0.005848,2.498054
2024-03-20,194.190002,196.559998,193.610001,196.330002,185.363907,9367000,0.000000,0.000000,0.944145,0.013107,0.013022,2.543904
2024-03-21,196.520004,199.429993,196.330002,199.059998,187.941411,11203800,0.000000,0.000000,0.944145,0.013905,0.013809,2.593182
2024-03-22,199.009995,200.479996,196.539993,196.619995,185.637718,8108800,0.000000,0.000000,0.944145,-0.012258,-0.012333,2.549138
2024-03-25,196.600006,196.940002,194.360001,194.820007,183.938266,8620000,0.000000,0.000000,0.944145,-0.009155,-0.009197,2.516647
2024-03-26,194.589996,196.660004,194.059998,195.729996,184.797412,5961500,0.000000,0.000000,0.944145,0.004671,0.004660,2.533073
2024-03-27,196.500000,199.600006,196.380005,199.520004,188.375736,8725800,0.000000,0.000000,0.944145,0.019363,0.019178,2.601486
2024-03-28,199.490005,200.720001,198.539993,200.300003,189.112160,8628300,0.000000,0.000000,0.944145,0.003909,0.003902,2.615565
2024-04-01,199.990005,200.940002,198.570007,198.940002,187.828114,7309000,0.000000,0.000000,0.944145,-0.006790,-0.006813,2.591016
2024-04-02,198.389999,199.779999,198.080002,198.860001,187.752594,7014700,0.000000,0.000000,0.944145,-0.000402,-0.000402,2.589572
2024-04-03,199.039993,199.559998,197.699997,198.300003,187.223875,9353400,0.000000,0.000000,0.944145,-0.002816,-0.002820,2.579464
2024-04-04,199.149994,199.679993,195.550003,195.649994,185.799388,9243800,1.150000,0.000000,0.949652,-0.007608,-0.007638,2.552229
2024-04-05,196.160004,198.119995,195.110001,197.449997,187.508770,6532300,0.000000,0.000000,0.949652,0.009200,0.009158,2.584910
2024-04-08,197.619995,198.979996,197.619995,198.479996,188.486892,8001000,0.000000,0.000000,0.949652,0.005216,0.005203,2.603611
2024-04-09,198.070007,198.880005,194.910004,197.149994,187.223875,7351500,0.000000,0.000000,0.949652,-0.006701,-0.006723,2.579464
2024-04-10,195.550003,197.070007,194.179993,195.470001,185.628456,7681400,0.000000,0.000000,0.949652,-0.008521,-0.008558,2.548961
2024-04-11,196.000000,196.570007,193.240005,195.429993,185.590453,10137700,0.000000,0.000000,0.949652,-0.000205,-0.000205,2.548235
2024-04-12,188.320007,188.929993,182.539993,182.789993,173.586862,31532300,0.000000,0.000000,0.949652,-0.064678,-0.066864,2.318743
2024-04-15,184.500000,187.460007,182.199997,182.889999,173.681833,14766600,0.000000,0.000000,0.949652,0.000547,0.000547,2.320558
2024-04-16,182.899994,183.160004,179.649994,180.800003,171.697060,16451800,0.000000,0.000000,0.949652,-0.011428,-0.011493,2.282612
2024-04-17,181.369995,182.419998,179.199997,180.080002,171.013337,9017100,0.000000,0.000000,0.949652,-0.003982,-0.003990,2.269540
2024-04-18,181.100006,183.360001,179.970001,181.250000,172.124417,9557700,0.000000,0.000000,0.949652,0.006497,0.006476,2.290783
2024-04-19,182.399994,185.880005,181.410004,185.800003,176.445313,13402300,0.000000,0.000000,0.949652,0.025103,0.024793,2.373392
2024-04-22,185.990005,190.130005,185.979996,189.410004,179.873567,11529700,0.000000,0.000000,0.949652,0.019430,0.019243,2.438936
2024-04-23,191.130005,192.229996,190.520004,192.139999,182.466117,9144400,0.000000,0.000000,0.949652,0.014413,0.014310,2.488502
2024-04-24,190.529999,193.229996,190.169998,193.080002,183.358790,6964900,0.000000,0.000000,0.949652,0.004892,0.004880,2.505569
2024-04-25,192.250000,193.940002,191.179993,193.369995,183.634179,9802300,0.000000,0.000000,0.949652,0.001502,0.001501,2.510834
2024-04-26,193.570007,194.869995,193.059998,193.490005,183.748143,6413700,0.000000,0.000000,0.949652,0.000621,0.000620,2.513012
2024-04-29,193.479996,194.259995,192.429993,193.279999,183.548699,5387800,0.000000,0.000000,0.949652,-0.001085,-0.001086,2.509199
2024-04-30,192.809998,194.990005,191.639999,191.740005,182.086237,8153700,0.000000,0.000000,0.949652,-0.007968,-0.008000,2.481239
2024-05-01,192.270004,194.460007,190.789993,191.860001,182.200217,7445300,0.000000,0.000000,0.949652,0.000626,0.000626,2.483418
2024-05-02,193.070007,193.500000,189.520004,191.660004,182.010292,6501700,0.000000,0.000000,0.949652,-0.001042,-0.001043,2.479787
2024-05-03,192.000000,192.529999,188.460007,190.509995,180.918176,8922800,0.000000,0.000000,0.949652,-0.006000,-0.006018,2.458907
2024-05-06,191.729996,192.199997,189.820007,192.000000,182.333159,7911100,0.000000,0.000000,0.949652,0.007821,0.007791,2.485960
2024-05-07,191.699997,192.929993,191.649994,191.750000,182.095742,7688800,0.000000,0.000000,0.949652,-0.001302,-0.001303,2.481421
2024-05-08,191.000000,196.649994,191.000000,195.649994,185.799388,9227600,0.000000,0.000000,0.949652,0.020339,0.020135,2.552229
2024-05-09,195.169998,197.589996,195.100006,197.500000,187.556263,7977300,0.000000,0.000000,0.949652,0.009456,0.009411,2.585818
2024-05-10,198.539993,199.339996,198.270004,198.770004,188.762328,7529800,0.000000,0.000000,0.949652,0.006430,0.006410,2.608877
2024-05-13,198.800003,199.850006,198.039993,198.729996,188.724324,7049200,0.000000,0.000000,0.949652,-0.000201,-0.000201,2.608150
2024-05-14,199.000000,201.580002,198.160004,201.509995,191.364351,8596200,0.000000,0.000000,0.949652,0.013989,0.013892,2.658624
2024-05-15,202.009995,202.690002,199.770004,202.110001,191.934155,8370000,0.000000,0.000000,0.949652,0.002978,0.002973,2.669518
2024-05-16,202.220001,204.479996,201.990005,202.470001,192.276002,8497900,0.000000,0.000000,0.949652,0.001781,0.001779,2.676053
2024-05-17,203.809998,205.050003,202.809998,204.789993,194.479198,9260500,0.000000,0.000000,0.949652,0.011459,0.011393,2.718175
2024-05-20,204.389999,205.880005,195.399994,195.580002,185.732916,17373300,0.000000,0.000000,0.949652,-0.044973,-0.046016,2.550959
2024-05-21,197.000000,199.899994,196.600006,199.520004,189.474564,14420800,0.000000,0.000000,0.949652,0.020145,0.019945,2.622494
2024-05-22,199.000000,200.940002,197.690002,198.309998,188.325481,9425300,0.000000,0.000000,0.949652,-0.006065,-0.006083,2.600525
2024-05-23,197.809998,198.300003,196.070007,196.919998,187.005453,8069400,0.000000,0.000000,0.949652,-0.007009,-0.007034,2.575288
2024-05-24,197.750000,200.759995,197.559998,200.710007,190.604637,7356200,0.000000,0.000000,0.949652,0.019246,0.019064,2.644099
2024-05-28,199.860001,200.410004,198.660004,199.500000,189.455570,6910200,0.000000,0.000000,0.949652,-0.006029,-0.006047,2.622131
2024-05-29,198.000000,198.990005,196.889999,198.110001,188.135526,6120000,0.000000,0.000000,0.949652,-0.006968,-0.006992,2.596893
2024-05-30,198.559998,199.850006,198.399994,199.330002,189.294114,6829100,0.000000,0.000000,0.949652,0.006158,0.006139,2.619044
2024-05-31,199.300003,203.300003,198.350006,202.630005,192.427969,14417900,0.000000,0.000000,0.949652,0.016555,0.016420,2.678959
2024-06-03,202.309998,202.419998,199.190002,201.820007,191.658736,6444300,0.000000,0.000000,0.949652,-0.003998,-0.004006,2.664252
2024-06-04,200.160004,201.979996,198.279999,199.160004,189.132672,6848300,0.000000,0.000000,0.949652,-0.013180,-0.013268,2.615957
2024-06-05,199.759995,199.820007,196.919998,197.259995,187.328320,8351600,0.000000,0.000000,0.949652,-0.009540,-0.009586,2.581460
2024-06-06,197.259995,198.020004,195.330002,196.910004,186.995932,7640300,0.000000,0.000000,0.949652,-0.001774,-0.001776,2.575106
2024-06-07,197.429993,200.919998,197.009995,199.949997,189.882912,6964500,0.000000,0.000000,0.949652,0.015439,0.015321,2.630301
2024-06-10,199.240005,200.839996,198.440002,199.610001,189.560014,6070800,0.000000,0.000000,0.949652,-0.001701,-0.001702,2.624127
2024-06-11,197.910004,197.940002,193.600006,194.360001,184.574328,9235300,0.000000,0.000000,0.949652,-0.026301,-0.026653,2.528808
2024-06-12,196.000000,196.720001,191.309998,191.529999,181.886839,12751300,0.000000,0.000000,0.949652,-0.014560,-0.014668,2.477427
2024-06-13,192.320007,194.580002,190.880005,193.660004,183.909615,8587800,0.000000,0.000000,0.949652,0.011121,0.011060,2.516100
2024-06-14,191.449997,194.860001,191.419998,193.779999,184.023563,6874000,0.000000,0.000000,0.949652,0.000620,0.000619,2.518278
2024-06-17,193.479996,195.580002,192.639999,194.979996,185.163096,8725400,0.000000,0.000000,0.949652,0.006192,0.006173,2.540064
2024-06-18,194.600006,197.960007,194.130005,197.000000,187.081443,9023000,0.000000,0.000000,0.949652,0.010360,0.010307,2.576741
2024-06-20,196.389999,199.449997,196.110001,198.669998,188.667328,8731100,0.000000,0.000000,0.949652,0.008477,0.008441,2.607060
2024-06-21,196.710007,197.169998,194.220001,196.300003,186.416699,20972100,0.000000,0.000000,0.949652,-0.011929,-0.012001,2.564032
2024-06-24,197.809998,199.229996,197.100006,198.880005,188.866772,9785900,0.000000,0.000000,0.949652,0.013143,0.013057,2.610874
2024-06-25,198.089996,200.070007,197.740005,198.070007,188.097538,6862500,0.000000,0.000000,0.949652,-0.004073,-0.004081,2.596167
2024-06-26,197.449997,197.940002,196.279999,197.429993,187.489760,7758600,0.000000,0.000000,0.949652,-0.003231,-0.003236,2.584547
2024-06-27,197.440002,199.860001,196.899994,199.169998,189.142177,7913500,0.000000,0.000000,0.949652,0.008813,0.008775,2.616139
2024-06-28,200.009995,202.600006,199.300003,202.259995,192.076573,15307600,0.000000,0.000000,0.949652,0.015514,0.015395,2.672241
2024-07-01,202.839996,207.089996,202.660004,205.449997,195.105969,10205800,0.000000,0.000000,0.949652,0.015772,0.015649,2.730158
2024-07-02,205.289993,208.860001,204.770004,208.830002,198.315801,7802900,0.000000,0.000000,0.949652,0.016452,0.016318,2.791526
2024-07-03,209.550003,210.380005,207.649994,208.690002,198.182858,5560900,0.000000,0.000000,0.949652,-0.000670,-0.000671,2.788984
2024-07-05,206.990005,207.369995,204.520004,204.789993,195.556829,8093100,1.150000,0.000000,0.954914,-0.013251,-0.013339,2.738778
2024-07-08,205.039993,206.899994,203.970001,205.169998,195.919720,8707000,0.000000,0.000000,0.954914,0.001856,0.001854,2.745716
2024-07-09,205.630005,209.759995,205.449997,207.630005,198.268824,9058900,0.000000,0.000000,0.954914,0.011990,0.011919,2.790628
2024-07-10,206.139999,207.970001,205.580002,207.800003,198.431116,8328500,0.000000,0.000000,0.954914,0.000819,0.000818,2.793731
2024-07-11,206.210007,208.100006,205.380005,207.449997,198.096922,10658100,0.000000,0.000000,0.954914,-0.001684,-0.001686,2.787341
2024-07-12,204.000000,207.449997,202.100006,204.940002,195.700096,15443400,0.000000,0.000000,0.954914,-0.012099,-0.012173,2.741517
2024-07-15,207.190002,211.610001,206.720001,210.050003,200.579698,10719700,0.000000,0.000000,0.954914,0.024934,0.024628,2.834809
2024-07-16,210.000000,213.740005,208.080002,213.619995,203.988732,11557000,0.000000,0.000000,0.954914,0.016996,0.016853,2.899985
2024-07-17,213.800003,217.559998,213.270004,216.869995,207.092191,11572500,0.000000,0.000000,0.954914,0.015214,0.015099,2.959319
2024-07-18,215.630005,216.639999,209.240005,209.979996,200.512848,12415100,0.000000,0.000000,0.954914,-0.031770,-0.032286,2.833531
2024-07-19,211.199997,212.350006,208.919998,209.779999,200.321861,8095900,0.000000,0.000000,0.954914,-0.000952,-0.000953,2.829879
2024-07-22,210.460007,212.169998,209.710007,210.279999,200.799321,7663200,0.000000,0.000000,0.954914,0.002383,0.002381,2.839008
2024-07-23,211.020004,211.479996,209.350006,210.330002,200.847072,5557300,0.000000,0.000000,0.954914,0.000238,0.000238,2.839920
2024-07-24,209.550003,212.029999,208.070007,208.589996,199.185516,7119000,0.000000,0.000000,0.954914,-0.008273,-0.008307,2.808154
2024-07-25,208.649994,210.190002,208.050003,208.669998,199.261887,6403800,0.000000,0.000000,0.954914,0.000383,0.000383,2.809614
2024-07-26,209.240005,213.160004,208.619995,212.240005,202.670950,8027800,0.000000,0.000000,0.954914,0.017108,0.016964,2.874791
2024-07-29,212.649994,213.610001,210.550003,210.850006,201.343633,6533600,0.000000,0.000000,0.954914,-0.006549,-0.006571,2.849414
2024-07-30,213.229996,215.789993,212.960007,215.190002,205.487951,8850700,0.000000,0.000000,0.954914,0.020583,0.020374,2.928648
2024-07-31,214.779999,216.389999,212.669998,212.800003,203.205712,9071600,0.000000,0.000000,0.954914,-0.011106,-0.011169,2.885014
2024-08-01,213.199997,213.830002,206.380005,207.960007,198.583918,10918600,0.000000,0.000000,0.954914,-0.022744,-0.023007,2.796652
2024-08-02,203.880005,204.669998,196.889999,199.139999,190.161582,18041700,0.000000,0.000000,0.954914,-0.042412,-0.043338,2.635629
2024-08-05,194.050003,196.169998,190.899994,194.899994,186.112719,13927000,0.000000,0.000000,0.954914,-0.021292,-0.021522,2.558220
2024-08-06,195.399994,202.600006,194.000000,200.339996,191.307461,10605800,0.000000,0.000000,0.954914,0.027912,0.027529,2.657536
2024-08-07,203.509995,205.750000,200.199997,200.399994,191.364777,9204400,0.000000,0.000000,0.954914,0.000300,0.000300,2.658632
2024-08-08,202.470001,204.910004,201.789993,204.059998,194.859761,7761200,0.000000,0.000000,0.954914,0.018263,0.018099,2.725451
2024-08-09,203.470001,206.470001,202.899994,205.800003,196.521286,5540200,0.000000,0.000000,0.954914,0.008527,0.008491,2.757217
2024-08-12,206.410004,207.139999,203.660004,206.190002,196.893757,6936000,0.000000,0.000000,0.954914,0.001895,0.001894,2.764339
2024-08-13,207.729996,208.089996,205.399994,207.940002,198.564817,6387800,0.000000,0.000000,0.954914,0.008487,0.008451,2.796287
2024-08-14,207.740005,210.759995,207.119995,210.240005,200.761121,6999800,0.000000,0.000000,0.954914,0.011061,0.011000,2.838277
2024-08-15,213.000000,213.889999,211.100006,211.550003,202.012066,7001000,0.000000,0.000000,0.954914,0.006231,0.006212,2.862194
2024-08-16,211.690002,214.089996,211.589996,213.970001,204.322925,7931200,0.000000,0.000000,0.954914,0.011439,0.011374,2.906374
2024-08-19,214.000000,215.529999,213.820007,215.449997,205.736223,6090800,0.000000,0.000000,0.954914,0.006917,0.006893,2.933394
2024-08-20,215.000000,216.000000,213.679993,214.520004,204.848152,5640000,0.000000,0.000000,0.954914,-0.004317,-0.004326,2.916416
2024-08-21,214.429993,215.000000,212.839996,214.600006,204.924538,5202300,0.000000,0.000000,0.954914,0.000373,0.000373,2.917876
2024-08-22,214.580002,216.800003,214.339996,216.630005,206.863033,5247100,0.000000,0.000000,0.954914,0.009460,0.009415,2.954937
2024-08-23,217.600006,219.190002,216.500000,218.309998,208.467303,7214000,0.000000,0.000000,0.954914,0.007755,0.007725,2.985609
2024-08-26,219.009995,219.679993,218.050003,219.169998,209.288524,5105200,0.000000,0.000000,0.954914,0.003939,0.003932,3.001309
2024-08-27,219.509995,220.419998,219.190002,220.179993,210.252951,5185200,0.000000,0.000000,0.954914,0.004608,0.004598,3.019748
2024-08-28,219.250000,222.210007,219.190002,221.289993,211.312924,6506400,0.000000,0.000000,0.954914,0.005041,0.005029,3.040013
2024-08-29,222.149994,222.979996,218.940002,222.210007,212.191446,6416100,0.000000,0.000000,0.954914,0.004157,0.004149,3.056809
2024-08-30,222.500000,225.479996,221.929993,224.800003,214.664672,8574100,0.000000,0.000000,0.954914,0.011656,0.011588,3.104094
2024-09-03,222.300003,224.100006,219.240005,220.300003,210.367568,8956100,0.000000,0.000000,0.954914,-0.020018,-0.020221,3.021939
2024-09-04,221.039993,222.070007,217.210007,219.330002,209.441281,7389500,0.000000,0.000000,0.954914,-0.004403,-0.004413,3.004230
2024-09-05,220.149994,220.800003,216.029999,217.630005,207.817956,8067900,0.000000,0.000000,0.954914,-0.007751,-0.007781,2.973194
2024-09-06,217.600006,218.740005,211.089996,212.460007,202.881038,7777000,0.000000,0.000000,0.954914,-0.023756,-0.024043,2.878807
2024-09-09,215.190002,218.149994,214.179993,216.809998,207.034920,8935100,0.000000,0.000000,0.954914,0.020474,0.020268,2.958224
2024-09-10,218.600006,218.639999,200.610001,205.559998,196.292114,28406900,0.000000,0.000000,0.954914,-0.051889,-0.053284,2.752836
2024-09-11,205.250000,207.699997,201.830002,207.229996,197.886850,13658700,0.000000,0.000000,0.954914,0.008124,0.008091,2.783325
2024-09-12,207.649994,208.779999,204.889999,206.600006,197.285252,9054400,0.000000,0.000000,0.954914,-0.003040,-0.003045,2.771823
2024-09-13,206.860001,207.850006,203.020004,204.320007,195.108049,10226700,0.000000,0.000000,0.954914,-0.011036,-0.011097,2.730198
2024-09-16,205.830002,208.210007,205.589996,207.860001,198.488416,8634900,0.000000,0.000000,0.954914,0.017326,0.017177,2.794826
2024-09-17,207.729996,209.929993,207.660004,209.250000,199.815763,7573300,0.000000,0.000000,0.954914,0.006687,0.006665,2.820203
2024-09-18,209.009995,211.339996,206.699997,207.529999,198.173308,8259900,0.000000,0.000000,0.954914,-0.008220,-0.008254,2.788802
2024-09-19,209.779999,211.910004,207.339996,210.479996,200.990278,11635200,0.000000,0.000000,0.954914,0.014215,0.014115,2.842658
2024-09-20,209.929993,211.419998,209.500000,211.089996,201.572791,20885000,0.000000,0.000000,0.954914,0.002898,0.002894,2.853795
2024-09-23,211.000000,211.800003,209.990005,211.440002,201.907000,7223500,0.000000,0.000000,0.954914,0.001658,0.001657,2.860185
2024-09-24,211.149994,212.949997,210.369995,211.589996,202.050252,7323200,0.000000,0.000000,0.954914,0.000709,0.000709,2.862924
2024-09-25,211.679993,212.240005,208.610001,210.190002,200.713385,8976500,0.000000,0.000000,0.954914,-0.006617,-0.006638,2.837365
2024-09-26,211.130005,211.699997,209.009995,209.779999,200.321861,7807500,0.000000,0.000000,0.954914,-0.001951,-0.001953,2.829879
2024-09-27,210.649994,212.440002,209.330002,210.500000,201.009424,7032500,0.000000,0.000000,0.954914,0.003432,0.003426,2.843024
2024-09-30,206.309998,210.960007,205.259995,210.860001,201.353183,8663800,0.000000,0.000000,0.954914,0.001710,0.001709,2.849597
2024-10-01,208.899994,209.089996,206.190002,207.039993,197.705397,8540100,0.000000,0.000000,0.954914,-0.018116,-0.018282,2.779856
2024-10-02,207.080002,208.949997,205.690002,207.289993,197.944135,5810900,0.000000,0.000000,0.954914,0.001208,0.001207,2.784420
2024-10-03,206.169998,206.490005,204.339996,205.229996,195.976990,7251300,0.000000,0.000000,0.954914,-0.009938,-0.009988,2.746811
2024-10-04,209.300003,211.669998,206.910004,211.220001,202.932949,10211700,1.250000,0.000000,0.960766,0.035494,0.034878,2.879800
2024-10-07,211.029999,213.330002,209.690002,210.929993,202.654309,6718900,0.000000,0.000000,0.960766,-0.001373,-0.001374,2.874472
2024-10-08,210.580002,211.330002,208.380005,210.750000,202.481375,6021800,0.000000,0.000000,0.960766,-0.000853,-0.000854,2.871166
2024-10-09,209.699997,214.240005,209.380005,213.419998,205.046641,7024000,0.000000,0.000000,0.960766,0.012669,0.012590,2.920210
2024-10-10,214.809998,214.809998,211.470001,212.839996,204.489377,7927100,0.000000,0.000000,0.960766,-0.002718,-0.002721,2.909556
2024-10-11,215.669998,224.630005,215.160004,222.289993,213.568608,18320700,0.000000,0.000000,0.960766,0.044400,0.043442,3.083139
2024-10-14,223.199997,223.699997,218.880005,221.479996,212.790401,9048900,0.000000,0.000000,0.960766,-0.003644,-0.003650,3.068261
2024-10-15,223.660004,225.449997,221.820007,222.389999,213.664702,9235800,0.000000,0.000000,0.960766,0.004109,0.004100,3.084976
2024-10-16,222.330002,223.679993,221.039993,223.639999,214.865665,6382500,0.000000,0.000000,0.960766,0.005621,0.005605,3.107937
2024-10-17,224.270004,225.850006,223.309998,224.419998,215.615039,6470200,0.000000,0.000000,0.960766,0.003488,0.003482,3.122264
2024-10-18,225.000000,225.919998,223.100006,225.369995,216.527783,7000500,0.000000,0.000000,0.960766,0.004233,0.004224,3.139714
2024-10-21,225.220001,225.699997,222.899994,223.000000,214.250767,5870000,0.000000,0.000000,0.960766,-0.010516,-0.010572,3.096181
2024-10-22,223.020004,225.279999,221.100006,224.119995,215.326819,9586800,0.000000,0.000000,0.960766,0.005022,0.005010,3.116753
2024-10-23,223.660004,224.800003,222.529999,223.410004,214.644691,6180500,0.000000,0.000000,0.960766,-0.003168,-0.003173,3.103712
2024-10-24,221.830002,225.059998,221.660004,224.979996,216.153081,6002200,0.000000,0.000000,0.960766,0.007027,0.007003,3.132550
2024-10-25,225.000000,225.619995,220.880005,222.309998,213.587830,6369700,0.000000,0.000000,0.960766,-0.011868,-0.011939,3.083506
2024-10-28,223.350006,225.639999,222.949997,225.500000,216.652679,6843000,0.000000,0.000000,0.960766,0.014349,0.014247,3.142102
2024-10-29,225.210007,226.750000,222.809998,222.899994,214.154689,6580000,0.000000,0.000000,0.960766,-0.011530,-0.011597,3.094344
2024-10-30,222.539993,226.309998,221.580002,224.410004,215.605428,7110900,0.000000,0.000000,0.960766,0.006774,0.006751,3.122080
2024-10-31,224.699997,225.690002,221.820007,221.919998,213.213113,7829900,0.000000,0.000000,0.960766,-0.011096,-0.011158,3.076342
2024-11-01,223.559998,226.149994,222.699997,222.940002,214.193117,6923500,0.000000,0.000000,0.960766,0.004596,0.004586,3.095079
2024-11-04,222.649994,223.759995,219.169998,219.779999,211.157101,8229600,0.000000,0.000000,0.960766,-0.014174,-0.014276,3.037034
2024-11-05,220.029999,221.960007,220.000000,221.490005,212.799998,5600700,0.000000,0.000000,0.960766,0.007780,0.007750,3.068444
2024-11-06,235.000000,248.000000,234.770004,247.059998,237.366796,23987800,0.000000,0.000000,0.960766,0.115445,0.109254,3.538127
2024-11-07,244.500000,244.570007,235.220001,236.380005,227.105823,16451100,0.000000,0.000000,0.960766,-0.043228,-0.044191,3.341952
2024-11-08,239.339996,239.339996,235.779999,236.979996,227.682262,9502100,0.000000,0.000000,0.960766,0.002538,0.002535,3.352973
2024-11-11,240.000000,242.100006,239.000000,239.289993,229.901613,9017100,0.000000,0.000000,0.960766,0.009748,0.009700,3.395403
2024-11-12,240.550003,241.460007,238.759995,239.559998,230.161046,6861000,0.000000,0.000000,0.960766,0.001128,0.001128,3.400363
2024-11-13,240.580002,244.089996,240.309998,241.160004,231.698253,11472600,0.000000,0.000000,0.960766,0.006679,0.006657,3.429753
2024-11-14,242.419998,244.289993,241.050003,241.869995,232.380412,10172200,0.000000,0.000000,0.960766,0.002944,0.002940,3.442795
2024-11-15,241.460007,246.419998,241.460007,245.309998,235.685441,11518800,0.000000,0.000000,0.960766,0.014222,0.014122,3.505982
2024-11-18,247.759995,247.929993,242.679993,245.029999,235.416443,9051400,0.000000,0.000000,0.960766,-0.001141,-0.001142,3.500839
2024-11-19,242.250000,245.149994,241.550003,243.089996,233.552512,6792700,0.000000,0.000000,0.960766,-0.007918,-0.007949,3.465204
2024-11-20,244.399994,244.610001,238.639999,240.779999,231.333176,9015300,0.000000,0.000000,0.960766,-0.009503,-0.009548,3.422773
2024-11-21,243.229996,245.490005,242.110001,244.759995,235.157025,8783500,0.000000,0.000000,0.960766,0.016530,0.016394,3.495880
2024-11-22,243.610001,249.149994,243.029999,248.550003,238.798314,7997300,0.000000,0.000000,0.960766,0.015484,0.015366,3.565496
2024-11-25,249.589996,254.309998,249.059998,250.289993,240.470043,10295400,0.000000,0.000000,0.960766,0.007001,0.006976,3.597457
2024-11-26,250.490005,251.000000,248.339996,249.970001,240.162631,6212100,0.000000,0.000000,0.960766,-0.001278,-0.001279,3.591580
2024-11-27,249.350006,251.190002,248.770004,249.789993,239.989681,5472300,0.000000,0.000000,0.960766,-0.000720,-0.000720,3.588273
2024-11-29,249.860001,251.770004,249.449997,249.720001,239.922421,5494800,0.000000,0.000000,0.960766,-0.000280,-0.000280,3.586988
2024-12-02,249.550003,250.250000,245.029999,246.250000,236.588558,8899700,0.000000,0.000000,0.960766,-0.013896,-0.013993,3.523249
2024-12-03,248.229996,249.039993,244.630005,244.820007,235.214690,6657700,0.000000,0.000000,0.960766,-0.005807,-0.005824,3.496982
2024-12-04,244.699997,245.350006,242.229996,243.399994,233.850388,7346300,0.000000,0.000000,0.960766,-0.005800,-0.005817,3.470899
2024-12-05,245.389999,247.179993,244.619995,245.479996,235.848795,6572500,0.000000,0.000000,0.960766,0.008546,0.008509,3.509105
2024-12-06,245.699997,247.740005,244.839996,247.360001,237.655016,5519700,0.000000,0.000000,0.960766,0.007658,0.007629,3.543638
2024-12-09,247.130005,247.869995,243.759995,243.809998,234.244297,7076500,0.000000,0.000000,0.960766,-0.014352,-0.014456,3.478430
2024-12-10,243.889999,247.960007,242.220001,242.860001,233.331553,9108300,0.000000,0.000000,0.960766,-0.003897,-0.003904,3.460979
2024-12-11,244.000000,244.270004,242.179993,243.529999,233.975269,7884400,0.000000,0.000000,0.960766,0.002759,0.002755,3.473286
2024-12-12,243.000000,244.100006,241.039993,241.529999,232.053733,6113800,0.000000,0.000000,0.960766,-0.008213,-0.008246,3.436549
2024-12-13,242.070007,242.720001,239.139999,239.940002,230.526137,10392700,0.000000,0.000000,0.960766,-0.006583,-0.006605,3.407343
2024-12-16,240.610001,240.669998,237.520004,239.580002,230.180252,9032000,0.000000,0.000000,0.960766,-0.001500,-0.001502,3.400731
2024-12-17,238.649994,239.020004,236.630005,238.360001,229.008122,8083600,0.000000,0.000000,0.960766,-0.005092,-0.005105,3.378321
2024-12-18,239.000000,239.070007,229.529999,230.369995,221.331591,11322400,0.000000,0.000000,0.960766,-0.033521,-0.034095,3.231556
2024-12-19,232.270004,236.360001,232.270004,232.960007,223.819985,11790800,0.000000,0.000000,0.960766,0.011243,0.011180,3.279131
2024-12-20,231.919998,239.210007,231.589996,237.600006,228.277939,32348400,0.000000,0.000000,0.960766,0.019918,0.019722,3.364361
2024-12-23,236.070007,238.619995,234.880005,238.389999,229.036939,8611500,0.000000,0.000000,0.960766,0.003325,0.003319,3.378872
2024-12-24,239.429993,242.490005,239.070007,242.309998,232.803154,3729100,0.000000,0.000000,0.960766,0.016444,0.016310,3.450877
2024-12-26,241.429993,243.259995,240.789993,243.139999,233.600612,4451800,0.000000,0.000000,0.960766,0.003425,0.003420,3.466123
2024-12-27,242.720001,243.389999,240.039993,241.169998,231.707879,5730200,0.000000,0.000000,0.960766,-0.008102,-0.008135,3.429937
2024-12-30,238.770004,240.839996,237.110001,239.320007,229.930476,5723800,0.000000,0.000000,0.960766,-0.007671,-0.007700,3.395955
2024-12-31,240.050003,241.440002,239.029999,239.710007,230.305179,4871000,0.000000,0.000000,0.960766,0.001630,0.001628,3.403119
2025-01-02,240.919998,243.279999,239.449997,240.000000,230.583772,9220900,0.000000,0.000000,0.960766,0.001210,0.001209,3.408445
2025-01-03,243.889999,244.880005,240.259995,243.279999,233.735073,9491100,0.000000,0.000000,0.960766,0.013667,0.013574,3.468694
2025-01-06,243.699997,245.690002,240.580002,240.850006,232.595540,9917800,1.250000,0.000000,0.965728,-0.004875,-0.004887,3.446908
2025-01-07,242.139999,245.259995,240.899994,243.169998,234.836011,8753400,0.000000,0.000000,0.965728,0.009632,0.009586,3.489742
2025-01-08,242.750000,244.250000,240.500000,243.130005,234.797400,8675300,0.000000,0.000000,0.965728,-0.000164,-0.000164,3.489004
2025-01-10,243.089996,243.809998,238.740005,239.869995,231.649105,10256800,0.000000,0.000000,0.965728,-0.013409,-0.013499,3.428813
2025-01-13,239.669998,244.539993,239.000000,244.210007,235.840369,10005300,0.000000,0.000000,0.965728,0.018093,0.017931,3.508944
2025-01-14,242.660004,247.720001,242.190002,247.470001,238.988648,12407400,0.000000,0.000000,0.965728,0.013349,0.013261,3.569135
2025-01-15,250.399994,253.669998,243.679993,252.350006,243.701389,18448500,0.000000,0.000000,0.965728,0.019720,0.019528,3.659236
2025-01-16,254.000000,257.040009,252.330002,254.270004,245.555617,15292300,0.000000,0.000000,0.965728,0.007609,0.007580,3.694687
2025-01-17,254.139999,260.619995,252.139999,259.160004,250.278029,17678100,0.000000,0.000000,0.965728,0.019232,0.019049,3.784973
2025-01-21,260.070007,264.250000,259.500000,263.029999,254.015320,13712100,0.000000,0.000000,0.965728,0.014933,0.014822,3.856424
2025-01-22,262.899994,263.380005,260.250000,262.839996,253.831909,9021900,0.000000,0.000000,0.965728,-0.000722,-0.000722,3.852918
2025-01-23,264.690002,266.859985,263.809998,265.950012,256.835327,10749700,0.000000,0.000000,0.965728,0.011832,0.011763,3.910339
2025-01-24,263.690002,267.100006,263.010010,264.839996,255.763374,7666300,0.000000,0.000000,0.965728,-0.004174,-0.004182,3.889845
2025-01-27,264.170013,265.970001,262.260010,265.850006,256.738732,7522300,0.000000,0.000000,0.965728,0.003814,0.003806,3.908492
2025-01-28,265.850006,267.329987,264.829987,267.140015,257.984531,7375400,0.000000,0.000000,0.965728,0.004852,0.004841,3.932310
2025-01-29,267.209991,270.679993,265.609985,266.579987,257.443711,7684900,0.000000,0.000000,0.965728,-0.002096,-0.002099,3.921971
2025-01-30,268.630005,269.700012,266.619995,268.230011,259.037171,8753500,0.000000,0.000000,0.965728,0.006190,0.006170,3.952435
2025-01-31,269.230011,270.820007,266.959991,267.299988,258.139003,7193800,0.000000,0.000000,0.965728,-0.003467,-0.003473,3.935264
2025-02-03,261.829987,268.170013,261.700012,266.809998,257.665778,8381400,0.000000,0.000000,0.965728,-0.001833,-0.001835,3.926216
2025-02-04,269.839996,269.839996,266.829987,267.940002,258.757105,5626000,0.000000,0.000000,0.965728,0.004235,0.004226,3.947081
2025-02-05,268.910004,270.640015,268.329987,270.429993,261.161764,5704400,0.000000,0.000000,0.965728,0.009293,0.009250,3.993055
2025-02-06,272.450012,276.980011,271.190002,276.899994,267.410011,7264400,0.000000,0.000000,0.965728,0.023925,0.023643,4.112513
2025-02-07,277.269989,278.549988,274.709991,275.799988,266.347684,6857900,0.000000,0.000000,0.965728,-0.003973,-0.003981,4.092202
2025-02-10,276.149994,276.179993,269.589996,271.040009,261.750837,8627400,0.000000,0.000000,0.965728,-0.017259,-0.017409,4.004317
2025-02-11,270.260010,276.220001,269.660004,274.989990,265.565454,7196400,0.000000,0.000000,0.965728,0.014573,0.014468,4.077247
2025-02-12,274.079987,276.450012,273.250000,275.450012,266.009679,6683900,0.000000,0.000000,0.965728,0.001673,0.001671,4.085740
2025-02-13,275.500000,276.970001,273.809998,276.320007,266.849879,8398700,0.000000,0.000000,0.965728,0.003159,0.003154,4.101804
2025-02-14,277.369995,279.230011,276.450012,276.589996,267.110632,5688600,0.000000,0.000000,0.965728,0.000977,0.000977,4.106789
2025-02-18,276.760010,279.970001,276.019989,279.950012,270.355491,7919800,0.000000,0.000000,0.965728,0.012148,0.012075,4.168826
2025-02-19,278.380005,280.250000,277.220001,279.250000,269.679451,7007200,0.000000,0.000000,0.965728,-0.002501,-0.002504,4.155901
2025-02-20,278.679993,278.739990,265.739990,266.799988,257.656152,13846700,0.000000,0.000000,0.965728,-0.044584,-0.045608,3.926032
2025-02-21,268.320007,269.200012,262.839996,264.239990,255.183928,12835600,0.000000,0.000000,0.965728,-0.009595,-0.009641,3.878767
2025-02-24,265.489990,267.000000,258.609985,261.339996,252.383264,10372800,0.000000,0.000000,0.965728,-0.010975,-0.011036,3.825222
2025-02-25,262.230011,263.000000,253.350006,257.399994,248.578303,9608400,0.000000,0.000000,0.965728,-0.015076,-0.015191,3.752476
2025-02-26,257.160004,260.910004,256.929993,258.790009,249.920697,5943600,0.000000,0.000000,0.965728,0.005400,0.005386,3.778141
2025-02-27,260.179993,263.640015,257.859985,259.049988,250.171732,8204400,0.000000,0.000000,0.965728,0.001004,0.001004,3.782940
2025-02-28,260.730011,264.809998,257.890015,264.649994,255.579840,10467100,0.000000,0.000000,0.965728,0.021618,0.021387,3.886336
2025-03-03,264.000000,266.320007,257.820007,260.619995,251.687987,9058300,0.000000,0.000000,0.965728,-0.015228,-0.015345,3.811929
2025-03-04,255.279999,257.230011,245.949997,250.250000,241.673374,13465600,0.000000,0.000000,0.965728,-0.039790,-0.040603,3.620463
2025-03-05,251.250000,253.050003,247.830002,251.529999,242.909501,7861400,0.000000,0.000000,0.965728,0.005115,0.005102,3.644096
2025-03-06,248.110001,249.360001,243.850006,246.539993,238.090541,9983200,0.000000,0.000000,0.965728,-0.019839,-0.020038,3.551965
2025-03-07,245.229996,246.720001,239.419998,242.279999,233.976514,20498700,0.000000,0.000000,0.965728,-0.017279,-0.017430,3.473310
2025-03-10,236.210007,237.509995,228.699997,232.220001,224.261310,18887200,0.000000,0.000000,0.965728,-0.041522,-0.042409,3.287569
2025-03-11,231.750000,233.320007,226.690002,229.139999,221.286862,18143000,0.000000,0.000000,0.965728,-0.013263,-0.013352,3.230701
2025-03-12,234.000000,234.320007,227.259995,227.899994,220.089360,16054000,0.000000,0.000000,0.965728,-0.005412,-0.005426,3.207807
2025-03-13,229.300003,229.500000,224.229996,225.190002,217.472229,16467900,0.000000,0.000000,0.965728,-0.011891,-0.011962,3.157771
2025-03-14,228.119995,233.139999,227.580002,232.440002,224.473752,11962100,0.000000,0.000000,0.965728,0.032195,0.031688,3.291630
2025-03-17,231.179993,235.669998,230.460007,233.929993,225.912694,9586000,0.000000,0.000000,0.965728,0.006410,0.006390,3.319141
2025-03-18,234.320007,236.169998,233.520004,234.970001,226.917037,10344900,0.000000,0.000000,0.965728,0.004446,0.004436,3.338342
2025-03-19,235.740005,242.330002,234.889999,239.110001,230.915157,10120600,0.000000,0.000000,0.965728,0.017619,0.017466,3.414781
2025-03-20,236.559998,241.759995,236.199997,239.009995,230.818563,8328500,0.000000,0.000000,0.965728,-0.000418,-0.000418,3.412934
2025-03-21,237.809998,242.300003,236.500000,241.630005,233.348801,19326900,0.000000,0.000000,0.965728,0.010962,0.010902,3.461309
2025-03-24,245.479996,248.690002,244.410004,248.059998,239.558438,9422700,0.000000,0.000000,0.965728,0.026611,0.026263,3.580029
2025-03-25,249.309998,251.820007,247.619995,251.130005,242.523214,9287700,0.000000,0.000000,0.965728,0.012376,0.012300,3.636711
2025-03-26,252.600006,254.669998,249.779999,251.029999,242.426650,12779300,0.000000,0.000000,0.965728,-0.000398,-0.000398,3.634865
2025-03-27,249.529999,250.639999,247.179993,248.119995,239.616361,8022500,0.000000,0.000000,0.965728,-0.011592,-0.011660,3.581136
2025-03-28,246.940002,249.509995,241.110001,242.850006,234.526990,11978400,0.000000,0.000000,0.965728,-0.021240,-0.021468,3.483834
2025-03-31,239.410004,245.860001,237.360001,245.300003,236.893024,13603000,0.000000,0.000000,0.965728,0.010089,0.010038,3.529070
2025-04-01,242.619995,245.690002,240.880005,243.660004,235.309236,8054700,0.000000,0.000000,0.965728,-0.006686,-0.006708,3.498790
2025-04-02,241.600006,247.250000,241.460007,245.820007,237.395203,7758800,0.000000,0.000000,0.965728,0.008865,0.008826,3.538671
2025-04-03,234.270004,235.139999,227.300003,228.690002,220.852278,17188500,0.000000,0.000000,0.965728,-0.069685,-0.072232,3.222393
2025-04-04,215.309998,217.699997,208.929993,210.279999,204.324080,27170700,1.400000,0.000000,0.971676,-0.074838,-0.077787,2.906396
2025-04-07,205.770004,222.050003,202.160004,214.440002,208.366230,22914400,0.000000,0.000000,0.971676,0.019783,0.019590,2.983676
2025-04-08,223.520004,227.839996,213.250000,216.869995,210.727406,19485700,0.000000,0.000000,0.971676,0.011332,0.011268,3.028819
2025-04-09,212.500000,237.479996,211.000000,234.339996,227.702593,24022400,0.000000,0.000000,0.971676,0.080555,0.077475,3.353361
2025-04-10,230.000000,230.350006,220.100006,227.110001,220.677369,18896400,0.000000,0.000000,0.971676,-0.030853,-0.031339,3.219049
2025-04-11,226.309998,238.580002,225.000000,236.199997,229.509905,20284500,0.000000,0.000000,0.971676,0.040025,0.039244,3.387915
2025-04-14,237.100006,239.779999,233.630005,234.720001,228.071829,13017800,0.000000,0.000000,0.971676,-0.006266,-0.006286,3.360420
2025-04-15,236.100006,238.649994,232.820007,233.130005,226.526894,10912900,0.000000,0.000000,0.971676,-0.006774,-0.006797,3.330883
2025-04-16,232.000000,233.580002,227.929993,229.610001,223.106579,9322300,0.000000,0.000000,0.971676,-0.015099,-0.015214,3.265492
2025-04-17,230.800003,234.339996,230.550003,231.960007,225.390018,9557900,0.000000,0.000000,0.971676,0.010235,0.010183,3.309148
2025-04-21,230.630005,231.809998,226.339996,228.990005,222.504132,8716200,0.000000,0.000000,0.971676,-0.012804,-0.012887,3.253974
2025-04-22,231.979996,235.990005,231.369995,235.589996,228.917190,10701400,0.000000,0.000000,0.971676,0.028822,0.028415,3.376583
2025-04-23,240.220001,246.789993,240.000000,240.880005,234.057363,14126800,0.000000,0.000000,0.971676,0.022454,0.022206,3.474856
2025-04-24,239.740005,245.470001,237.580002,244.639999,237.710859,9055200,0.000000,0.000000,0.971676,0.015609,0.015489,3.544706
2025-04-25,244.649994,245.619995,241.750000,243.550003,236.651750,8588600,0.000000,0.000000,0.971676,-0.004455,-0.004465,3.524457
2025-04-28,244.559998,246.839996,240.839996,243.220001,236.331085,7394300,0.000000,0.000000,0.971676,-0.001355,-0.001356,3.518326
2025-04-29,242.190002,245.250000,241.690002,244.619995,237.691409,7216800,0.000000,0.000000,0.971676,0.005756,0.005740,3.544334
2025-04-30,241.210007,245.220001,238.429993,244.619995,237.691409,12991700,0.000000,0.000000,0.971676,0.000000,0.000000,3.544334
2025-05-01,242.839996,248.449997,242.169998,246.889999,239.897141,8689600,0.000000,0.000000,0.971676,0.009280,0.009237,3.586504
2025-05-02,251.259995,253.619995,249.460007,252.509995,245.357965,7165000,0.000000,0.000000,0.971676,0.022763,0.022508,3.690908
2025-05-05,251.179993,255.160004,250.589996,252.559998,245.406535,5450700,0.000000,0.000000,0.971676,0.000198,0.000198,3.691836
2025-05-06,250.000000,252.649994,249.000000,249.250000,242.190281,6369900,0.000000,0.000000,0.971676,-0.013106,-0.013192,3.630346
2025-05-07,249.850006,252.449997,248.830002,249.389999,242.326321,8724100,0.000000,0.000000,0.971676,0.000562,0.000562,3.632947
2025-05-08,251.570007,255.880005,251.550003,253.470001,246.290765,8320100,0.000000,0.000000,0.971676,0.016360,0.016228,3.708742
2025-05-09,254.500000,255.509995,252.339996,253.080002,245.911812,5087600,0.000000,0.000000,0.971676,-0.001539,-0.001540,3.701496
2025-05-12,262.899994,263.600006,258.700012,260.049988,252.684374,9603900,0.000000,0.000000,0.971676,0.027541,0.027168,3.830979
2025-05-13,261.029999,263.670013,260.390015,263.010010,255.560588,8589000,0.000000,0.000000,0.971676,0.011383,0.011318,3.885968
2025-05-14,263.000000,266.640015,262.290009,265.640015,258.116077,8643100,0.000000,0.000000,0.971676,0.010000,0.009950,3.934825
2025-05-15,266.970001,269.519989,264.760010,267.489990,259.913658,9214600,0.000000,0.000000,0.971676,0.006964,0.006940,3.969193
2025-05-16,267.500000,268.459991,264.709991,267.559998,259.981678,8932900,0.000000,0.000000,0.971676,0.000262,0.000262,3.970493
2025-05-19,265.549988,268.320007,261.929993,264.880005,257.377574,12145000,0.000000,0.000000,0.971676,-0.010016,-0.010067,3.920706
2025-05-20,262.519989,266.660004,262.299988,265.679993,258.154885,8436300,0.000000,0.000000,0.971676,0.003020,0.003016,3.935567
2025-05-21,264.350006,265.649994,260.730011,261.040009,253.646357,7464000,0.000000,0.000000,0.971676,-0.017464,-0.017619,3.849370
2025-05-22,259.440002,262.299988,258.869995,260.670013,253.286837,6514100,0.000000,0.000000,0.971676,-0.001417,-0.001418,3.842497
2025-05-23,256.809998,261.989990,256.000000,260.709991,253.325675,6671800,0.000000,0.000000,0.971676,0.000153,0.000153,3.843239
2025-05-27,262.040009,265.299988,261.989990,265.290009,257.775977,7506600,0.000000,0.000000,0.971676,0.017568,0.017415,3.928323
2025-05-28,266.239990,266.720001,262.899994,263.489990,256.026951,5535400,0.000000,0.000000,0.971676,-0.006785,-0.006808,3.894884
2025-05-29,264.799988,265.410004,262.529999,264.369995,256.882030,5081200,0.000000,0.000000,0.971676,0.003340,0.003334,3.911232
2025-05-30,263.450012,265.329987,262.730011,264.000000,256.522496,10977700,0.000000,0.000000,0.971676,-0.001400,-0.001401,3.904358
2025-06-02,263.019989,265.029999,261.899994,264.660004,257.163827,6011200,0.000000,0.000000,0.971676,0.002500,0.002497,3.916620
2025-06-03,263.730011,266.579987,262.880005,266.269989,258.728196,6998400,0.000000,0.000000,0.971676,0.006083,0.006065,3.946528
2025-06-04,265.920013,267.119995,264.179993,264.220001,256.736272,5915700,0.000000,0.000000,0.971676,-0.007699,-0.007729,3.908445
2025-06-05,264.739990,264.739990,260.309998,261.950012,254.530586,8173800,0.000000,0.000000,0.971676,-0.008591,-0.008628,3.866276
2025-06-06,264.329987,266.649994,264.260010,265.730011,258.203501,7738100,0.000000,0.000000,0.971676,0.014430,0.014327,3.936497
2025-06-09,266.000000,267.899994,263.350006,266.739990,259.184872,8285000,0.000000,0.000000,0.971676,0.003801,0.003794,3.955259
2025-06-10,265.880005,268.899994,265.850006,268.600006,260.992231,7538100,0.000000,0.000000,0.971676,0.006973,0.006949,3.989813
2025-06-11,268.679993,269.619995,265.790009,268.149994,260.554959,7434100,0.000000,0.000000,0.971676,-0.001675,-0.001677,3.981453
2025-06-12,266.859985,268.290009,265.140015,268.239990,260.642384,6618000,0.000000,0.000000,0.971676,0.000336,0.000335,3.983125
2025-06-13,265.079987,267.019989,262.709991,264.950012,257.445624,7098300,0.000000,0.000000,0.971676,-0.012265,-0.012341,3.922007
2025-06-16,267.000000,271.730011,266.850006,270.359985,262.702327,8566000,0.000000,0.000000,0.971676,0.020419,0.020213,4.022508
2025-06-17,268.170013,270.589996,267.799988,269.519989,261.886178,6739300,0.000000,0.000000,0.971676,-0.003107,-0.003112,4.006904
2025-06-18,270.000000,277.720001,269.720001,273.959991,266.200409,9586400,0.000000,0.000000,0.971676,0.016474,0.016339,4.089387
2025-06-20,275.570007,277.299988,273.809998,275.000000,267.210931,13969700,0.000000,0.000000,0.971676,0.003796,0.003789,4.108706
2025-06-23,275.059998,278.549988,272.109985,278.269989,270.388316,8094600,0.000000,0.000000,0.971676,0.011891,0.011821,4.169454
2025-06-24,280.209991,282.709991,279.510010,281.260010,273.293683,9267900,0.000000,0.000000,0.971676,0.010745,0.010688,4.225000
2025-06-25,281.500000,284.279999,280.910004,284.059998,276.014332,6826900,0.000000,0.000000,0.971676,0.009955,0.009906,4.277015
2025-06-26,284.700012,289.410004,284.470001,288.750000,280.571522,8942100,0.000000,0.000000,0.971676,0.016511,0.016376,4.364143
2025-06-27,285.809998,288.700012,285.040009,287.109985,278.977940,17868600,0.000000,0.000000,0.971676,-0.005680,-0.005696,4.333675
2025-06-30,290.399994,292.649994,288.920013,289.910004,281.698620,12689200,0.000000,0.000000,0.971676,0.009752,0.009705,4.385691
2025-07-01,290.890015,291.130005,286.589996,290.410004,282.184477,9338300,0.000000,0.000000,0.971676,0.001725,0.001723,4.394980
2025-07-02,292.040009,292.820007,289.700012,292.000000,283.729442,8158700,0.000000,0.000000,0.971676,0.005475,0.005460,4.424518
2025-07-03,292.149994,296.399994,291.209991,296.000000,289.001785,6541600,1.400000,0.000000,0.976357,0.018582,0.018412,4.525318
2025-07-07,295.250000,296.040009,290.079987,291.970001,285.067038,8825700,0.000000,0.000000,0.976357,-0.013615,-0.013708,4.450091
2025-07-08,289.269989,289.700012,280.309998,282.779999,276.094316,15440900,0.000000,0.000000,0.976357,-0.031476,-0.031982,4.278545
2025-07-09,287.179993,287.200012,282.480011,283.160004,276.465329,11273800,0.000000,0.000000,0.976357,0.001344,0.001343,4.285638
2025-07-10,283.000000,288.309998,283.000000,288.190002,281.376435,8410900,0.000000,0.000000,0.976357,0.017764,0.017608,4.379531
2025-07-11,285.519989,287.380005,283.649994,286.859985,280.077830,7384700,0.000000,0.000000,0.976357,-0.004615,-0.004626,4.354704
2025-07-14,287.070007,289.299988,285.260010,288.700012,281.874379,9079900,0.000000,0.000000,0.976357,0.006414,0.006394,4.389051
2025-07-15,288.000000,291.950012,285.480011,286.549988,279.775171,12526100,0.000000,0.000000,0.976357,-0.007447,-0.007475,4.348917
2025-07-16,288.399994,290.730011,283.010010,285.820007,279.062449,9979800,0.000000,0.000000,0.976357,-0.002547,-0.002551,4.335291
2025-07-17,283.440002,290.299988,283.440002,289.899994,283.045993,8509500,0.000000,0.000000,0.976357,0.014275,0.014174,4.411451
2025-07-18,289.519989,292.500000,288.230011,291.269989,284.383619,12217000,0.000000,0.000000,0.976357,0.004726,0.004715,4.437025
2025-07-21,291.000000,294.179993,290.579987,290.970001,284.090678,7898100,0.000000,0.000000,0.976357,-0.001030,-0.001031,4.431424
2025-07-22,291.500000,293.630005,289.179993,291.429993,284.539822,6717500,0.000000,0.000000,0.976357,0.001581,0.001580,4.440011
2025-07-23,292.839996,296.989990,292.549988,296.760010,289.743810,7083500,0.000000,0.000000,0.976357,0.018289,0.018124,4.539504
2025-07-24,297.420013,299.589996,296.200012,296.549988,289.538778,7001200,0.000000,0.000000,0.976357,-0.000708,-0.000708,4.535584
2025-07-25,296.700012,298.899994,295.959991,298.619995,291.559823,5918500,0.000000,0.000000,0.976357,0.006980,0.006956,4.574224
2025-07-28,297.660004,299.429993,296.820007,298.279999,291.227861,5840400,0.000000,0.000000,0.976357,-0.001139,-0.001139,4.567877
2025-07-29,300.000000,301.290009,296.200012,297.040009,290.017226,7635700,0.000000,0.000000,0.976357,-0.004157,-0.004166,4.544731
2025-07-30,297.420013,300.609985,297.380005,299.630005,292.545962,8061700,0.000000,0.000000,0.976357,0.008719,0.008681,4.593077
2025-07-31,299.140015,300.980011,295.500000,296.239990,289.236089,14749700,0.000000,0.000000,0.976357,-0.011314,-0.011379,4.529797
2025-08-01,290.399994,291.799988,284.239990,289.369995,282.528555,12007100,0.000000,0.000000,0.976357,-0.023191,-0.023464,4.401558
2025-08-04,290.260010,294.320007,290.260010,294.260010,287.302923,6649500,0.000000,0.000000,0.976357,0.016899,0.016758,4.492838
2025-08-05,294.690002,295.790009,287.239990,291.369995,284.481216,7182300,0.000000,0.000000,0.976357,-0.009821,-0.009870,4.438891
2025-08-06,292.299988,293.290009,290.160004,291.350006,284.461721,6330200,0.000000,0.000000,0.976357,-0.000069,-0.000069,4.438518
2025-08-07,292.940002,293.459991,286.410004,286.940002,280.155992,8057100,0.000000,0.000000,0.976357,-0.015136,-0.015252,4.356198
2025-08-08,288.980011,291.230011,284.709991,288.760010,281.932925,6634100,0.000000,0.000000,0.976357,0.006343,0.006323,4.390171
2025-08-11,289.399994,291.320007,288.779999,289.559998,282.714001,5510100,0.000000,0.000000,0.976357,0.002770,0.002767,4.405104
2025-08-12,291.500000,294.750000,290.339996,292.850006,285.926277,8570900,0.000000,0.000000,0.976357,0.011362,0.011298,4.466518
2025-08-13,293.950012,294.549988,287.160004,290.529999,283.661119,8420400,0.000000,0.000000,0.976357,-0.007922,-0.007954,4.423211
2025-08-14,290.579987,294.200012,289.640015,294.160004,287.205296,6322400,0.000000,0.000000,0.976357,0.012494,0.012417,4.490971
2025-08-15,294.839996,295.500000,289.820007,290.489990,283.622038,7340500,0.000000,0.000000,0.976357,-0.012476,-0.012555,4.422464
2025-08-18,290.000000,291.899994,288.410004,291.529999,284.637449,5386900,0.000000,0.000000,0.976357,0.003580,0.003574,4.441878
2025-08-19,290.829987,292.480011,289.529999,290.660004,283.788049,6031500,0.000000,0.000000,0.976357,-0.002984,-0.002989,4.425638
2025-08-20,290.809998,293.329987,287.269989,292.239990,285.330646,7374200,0.000000,0.000000,0.976357,0.005436,0.005421,4.455131
2025-08-21,291.940002,292.769989,289.470001,291.470001,284.578903,6624000,0.000000,0.000000,0.976357,-0.002635,-0.002638,4.440758
2025-08-22,293.200012,297.160004,290.130005,296.239990,289.236089,8552800,0.000000,0.000000,0.976357,0.016365,0.016233,4.529797
2025-08-25,296.239990,297.350006,294.140015,294.899994,287.927797,5856300,0.000000,0.000000,0.976357,-0.004523,-0.004534,4.504784
2025-08-26,294.160004,298.739990,293.500000,298.570007,291.510994,6714700,0.000000,0.000000,0.976357,0.012445,0.012368,4.573290
2025-08-27,297.250000,301.070007,297.040009,299.279999,292.204222,6056500,0.000000,0.000000,0.976357,0.002378,0.002375,4.586544
2025-08-28,300.019989,301.239990,298.700012,301.070007,293.951912,6410500,0.000000,0.000000,0.976357,0.005981,0.005963,4.619957
2025-08-29,302.040009,302.950012,299.730011,301.420013,294.293621,6796400,0.000000,0.000000,0.976357,0.001162,0.001162,4.626490
2025-09-02,300.260010,300.459991,294.500000,299.700012,292.614346,7221900,0.000000,0.000000,0.976357,-0.005706,-0.005722,4.594385
2025-09-03,300.570007,300.570007,296.380005,299.510010,292.428778,6316900,0.000000,0.000000,0.976357,-0.000634,-0.000634,4.590837
2025-09-04,300.000000,304.429993,298.279999,303.820007,296.636910,6605800,0.000000,0.000000,0.976357,0.014390,0.014288,4.671291
2025-09-05,303.649994,305.149994,294.309998,294.380005,287.420076,9837700,0.000000,0.000000,0.976357,-0.031071,-0.031564,4.495078
2025-09-08,294.890015,296.459991,291.440002,292.910004,285.984823,8188500,0.000000,0.000000,0.976357,-0.004994,-0.005006,4.467637
2025-09-09,292.600006,299.000000,292.309998,297.850006,290.808050,7848200,0.000000,0.000000,0.976357,0.016865,0.016725,4.559851
2025-09-10,296.700012,301.540009,295.399994,300.540009,293.434442,7787300,0.000000,0.000000,0.976357,0.009031,0.008991,4.610064
2025-09-11,301.239990,305.730011,300.790009,305.559998,298.335772,7942500,0.000000,0.000000,0.976357,0.016703,0.016565,4.703771
2025-09-12,305.000000,307.549988,303.700012,306.910004,299.653842,6846700,0.000000,0.000000,0.976357,0.004418,0.004408,4.728970
2025-09-15,307.170013,309.950012,307.170013,308.899994,301.596755,7122000,0.000000,0.000000,0.976357,0.006484,0.006463,4.766116
2025-09-16,310.000000,310.899994,307.130005,309.190002,301.879918,10525600,0.000000,0.000000,0.976357,0.000939,0.000938,4.771530
2025-09-17,310.390015,312.910004,308.769989,311.750000,304.379381,8657800,0.000000,0.000000,0.976357,0.008280,0.008246,4.819316
2025-09-18,311.790009,313.440002,309.609985,313.230011,305.824412,8050700,0.000000,0.000000,0.976357,0.004747,0.004736,4.846943
2025-09-19,313.600006,315.799988,309.119995,314.779999,307.337766,23568600,0.000000,0.000000,0.976357,0.004948,0.004936,4.875876
2025-09-22,309.799988,313.700012,309.559998,312.440002,305.053113,7520200,0.000000,0.000000,0.976357,-0.007434,-0.007461,4.832197
2025-09-23,311.820007,316.309998,310.579987,312.739990,305.345994,8584400,0.000000,0.000000,0.976357,0.000960,0.000960,4.837797
2025-09-24,314.049988,316.579987,311.670013,313.420013,306.009948,7310500,0.000000,0.000000,0.976357,0.002174,0.002172,4.850490
2025-09-25,314.119995,315.649994,311.799988,313.450012,306.039221,7083200,0.000000,0.000000,0.976357,0.000096,0.000096,4.851050
2025-09-26,314.899994,317.809998,313.700012,316.059998,308.587482,7258100,0.000000,0.000000,0.976357,0.008327,0.008292,4.899769
2025-09-29,317.059998,318.010010,313.660004,315.690002,308.226278,6462400,0.000000,0.000000,0.976357,-0.001171,-0.001171,4.892864
2025-09-30,316.250000,317.410004,310.109985,315.429993,307.972387,11823300,0.000000,0.000000,0.976357,-0.000824,-0.000824,4.888010
2025-10-01,313.970001,314.589996,307.410004,310.709991,303.364000,9235200,0.000000,0.000000,0.976357,-0.014964,-0.015077,4.799903
2025-10-02,310.000000,310.559998,306.140015,307.549988,300.278685,7600000,0.000000,0.000000,0.976357,-0.010170,-0.010222,4.740916
2025-10-03,308.510010,311.660004,308.209991,310.029999,302.700076,6029900,0.000000,0.000000,0.976357,0.008064,0.008031,4.787210
2025-10-06,310.179993,311.750000,305.130005,309.179993,303.337764,7214500,1.500000,0.000000,0.981104,0.002107,0.002104,4.799402
2025-10-07,309.350006,310.010010,304.700012,307.690002,301.875971,8454200,0.000000,0.000000,0.981104,-0.004819,-0.004831,4.771454
2025-10-08,308.209991,308.779999,303.549988,304.029999,298.285060,6489900,0.000000,0.000000,0.981104,-0.011895,-0.011967,4.702801
2025-10-09,305.049988,308.040009,303.390015,305.529999,299.756752,7060300,0.000000,0.000000,0.981104,0.004934,0.004922,4.730938
2025-10-10,305.660004,310.470001,300.809998,300.890015,295.204421,8597400,0.000000,0.000000,0.981104,-0.015187,-0.015303,4.643904
2025-10-13,305.600006,309.459991,305.450012,307.970001,302.150662,10788700,0.000000,0.000000,0.981104,0.023530,0.023258,4.776706
2025-10-14,305.839996,307.000000,294.209991,302.079987,296.371936,16178800,0.000000,0.000000,0.981104,-0.019125,-0.019311,4.666225
2025-10-15,306.390015,312.119995,305.440002,305.690002,299.913745,11354800,0.000000,0.000000,0.981104,0.011951,0.011880,4.733939
2025-10-16,305.350006,308.679993,297.070007,298.540009,292.898815,10549400,0.000000,0.000000,0.981104,-0.023390,-0.023668,4.599824
2025-10-17,299.160004,299.549988,294.200012,297.559998,291.937364,10153500,0.000000,0.000000,0.981104,-0.003283,-0.003288,4.581442
2025-10-20,298.500000,303.690002,298.160004,302.359985,296.646628,6894900,0.000000,0.000000,0.981104,0.016131,0.016002,4.671477
2025-10-21,301.660004,304.049988,297.000000,297.089996,291.476195,7372700,0.000000,0.000000,0.981104,-0.017430,-0.017583,4.572625
2025-10-22,297.769989,298.059998,290.540009,294.109985,288.552548,8054100,0.000000,0.000000,0.981104,-0.010030,-0.010081,4.516729
2025-10-23,294.380005,296.369995,292.510010,294.540009,288.974455,5438800,0.000000,0.000000,0.981104,0.001462,0.001461,4.524795
2025-10-24,296.079987,302.600006,295.450012,300.440002,294.762928,7228300,0.000000,0.000000,0.981104,0.020031,0.019833,4.635463
2025-10-27,302.160004,304.529999,301.010010,304.149994,298.402820,5642200,0.000000,0.000000,0.981104,0.012349,0.012273,4.705053
2025-10-28,304.859985,307.970001,303.160004,305.359985,299.589981,6336000,0.000000,0.000000,0.981104,0.003978,0.003970,4.727749
2025-10-29,303.510010,308.250000,303.010010,305.510010,299.737166,7520300,0.000000,0.000000,0.981104,0.000491,0.000491,4.730563
2025-10-30,305.790009,312.609985,305.100006,309.440002,303.592869,7514600,0.000000,0.000000,0.981104,0.012864,0.012782,4.804279
2025-10-31,308.540009,312.869995,307.250000,311.119995,305.241110,7721300,0.000000,0.000000,0.981104,0.005429,0.005414,4.835791
2025-11-03,311.000000,312.320007,306.209991,309.350006,303.504595,7770000,0.000000,0.000000,0.981104,-0.005689,-0.005705,4.802591
2025-11-04,306.709991,312.220001,305.100006,309.250000,303.406482,7085200,0.000000,0.000000,0.981104,-0.000323,-0.000323,4.800716
2025-11-05,309.609985,313.100006,305.630005,311.679993,305.790554,6865200,0.000000,0.000000,0.981104,0.007858,0.007827,4.846296
2025-11-06,310.989990,314.839996,310.260010,313.420013,307.497704,7206100,0.000000,0.000000,0.981104,0.005583,0.005567,4.878934
2025-11-07,311.890015,314.429993,307.640015,314.209991,308.272737,7302300,0.000000,0.000000,0.981104,0.002520,0.002517,4.893752
2025-11-10,315.000000,319.559998,314.209991,316.890015,310.902138,5794100,0.000000,0.000000,0.981104,0.008529,0.008493,4.944022
2025-11-11,317.500000,319.049988,315.279999,315.619995,309.656095,5030200,0.000000,0.000000,0.981104,-0.004008,-0.004016,4.920200
2025-11-12,316.260010,322.250000,316.209991,320.410004,314.355580,10578300,0.000000,0.000000,0.981104,0.015176,0.015062,5.010047
2025-11-13,319.230011,320.630005,309.100006,309.480011,303.632132,8973300,0.000000,0.000000,0.981104,-0.034112,-0.034708,4.805030
2025-11-14,307.510010,307.640015,301.230011,303.609985,297.873022,10327000,0.000000,0.000000,0.981104,-0.018967,-0.019150,4.694924
2025-11-17,304.000000,305.589996,297.670013,300.369995,294.694240,8344000,0.000000,0.000000,0.981104,-0.010672,-0.010729,4.634150
2025-11-18,299.500000,302.950012,297.019989,299.410004,293.752406,8077300,0.000000,0.000000,0.981104,-0.003196,-0.003201,4.616143
2025-11-19,299.739990,304.450012,299.269989,303.269989,297.539451,5546600,0.000000,0.000000,0.981104,0.012892,0.012810,4.688546
2025-11-20,306.339996,309.920013,298.160004,298.380005,292.741883,7501600,0.000000,0.000000,0.981104,-0.016124,-0.016256,4.596823
2025-11-21,301.290009,301.679993,292.809998,298.019989,292.388635,11766800,0.000000,0.000000,0.981104,-0.001207,-0.001207,4.590070
2025-11-24,298.239990,299.820007,294.510010,298.000000,292.369048,10940200,0.000000,0.000000,0.981104,-0.000067,-0.000067,4.589695
2025-11-25,300.049988,304.500000,295.559998,303.000000,297.274537,8877200,0.000000,0.000000,0.981104,0.016778,0.016639,4.683481
2025-11-26,305.000000,308.529999,303.200012,307.640015,301.826900,7910900,0.000000,0.000000,0.981104,0.015314,0.015198,4.770516
2025-11-28,309.100006,313.720001,308.239990,313.079987,307.164102,4322400,0.000000,0.000000,0.981104,0.017683,0.017528,4.872556
2025-12-01,312.950012,314.040009,308.540009,308.920013,303.082749,7727300,0.000000,0.000000,0.981104,-0.013287,-0.013376,4.794526
2025-12-02,308.739990,310.480011,307.089996,307.880005,302.062358,7249000,0.000000,0.000000,0.981104,-0.003367,-0.003372,4.775018
2025-12-03,307.200012,312.359985,306.799988,312.130005,306.232046,8535300,0.000000,0.000000,0.981104,0.013804,0.013710,4.854737
2025-12-04,313.260010,318.489990,313.000000,316.100006,310.127042,9627800,0.000000,0.000000,0.981104,0.012719,0.012639,4.929204
2025-12-05,315.640015,318.480011,314.679993,315.040009,309.087096,6518900,0.000000,0.000000,0.981104,-0.003353,-0.003359,4.909321
2025-12-08,315.059998,316.470001,313.350006,315.209991,309.253836,7417200,0.000000,0.000000,0.981104,0.000539,0.000539,4.912509
2025-12-09,314.950012,318.799988,300.019989,300.510010,294.831647,18049200,0.000000,0.000000,0.981104,-0.046635,-0.047758,4.636777
2025-12-10,300.500000,311.190002,298.459991,310.109985,304.250173,18874100,0.000000,0.000000,0.981104,0.031945,0.031446,4.816846
2025-12-11,309.239990,318.000000,309.239990,317.380005,311.382832,9721900,0.000000,0.000000,0.981104,0.023443,0.023173,4.953213
2025-12-12,319.679993,320.269989,316.600006,318.519989,312.501275,8982900,0.000000,0.000000,0.981104,0.003592,0.003585,4.974596
2025-12-15,319.589996,322.880005,318.390015,320.019989,313.972968,10864100,0.000000,0.000000,0.981104,0.004709,0.004698,5.002732
2025-12-16,319.089996,319.519989,314.399994,315.549988,309.587407,8331300,0.000000,0.000000,0.981104,-0.013968,-0.014066,4.918886
2025-12-17,318.429993,319.369995,314.660004,314.980011,309.028215,8718700,0.000000,0.000000,0.981104,-0.001806,-0.001808,4.908196
2025-12-18,316.000000,317.700012,312.220001,313.000000,307.085606,11444900,0.000000,0.000000,0.981104,-0.006286,-0.006306,4.871055
2025-12-19,313.790009,318.559998,313.190002,317.209991,311.216032,24494400,0.000000,0.000000,0.981104,0.013450,0.013361,4.950024
2025-12-22,317.510010,323.230011,317.510010,323.089996,316.984919,8354600,0.000000,0.000000,0.981104,0.018537,0.018367,5.060317
2025-12-23,323.609985,327.779999,323.089996,325.929993,319.771281,6668300,0.000000,0.000000,0.981104,0.008790,0.008752,5.113588
2025-12-24,326.239990,329.989990,325.500000,329.170013,322.950063,4289300,0.000000,0.000000,0.981104,0.009941,0.009892,5.174362
2025-12-26,329.109985,330.859985,326.540009,327.910004,321.713890,4158300,0.000000,0.000000,0.981104,-0.003828,-0.003835,5.150728
2025-12-29,327.000000,327.769989,323.529999,323.750000,317.632476,8635300,0.000000,0.000000,0.981104,-0.012686,-0.012768,5.072697
2025-12-30,324.809998,324.940002,322.489990,323.420013,317.308712,7904300,0.000000,0.000000,0.981104,-0.001019,-0.001020,5.066507
2025-12-31,324.339996,324.880005,322.040009,322.220001,316.131389,5048500,0.000000,0.000000,0.981104,-0.003710,-0.003717,5.043998
2026-01-02,322.500000,325.730011,320.739990,325.480011,319.329788,8054000,0.000000,0.000000,0.981104,0.010117,0.010066,5.105147
2026-01-05,325.500000,337.250000,325.190002,334.040009,327.728045,10752600,0.000000,0.000000,0.981104,0.026300,0.025960,5.265711
2026-01-06,332.619995,335.869995,330.649994,334.609985,329.768068,7660800,1.500000,0.000000,0.985530,0.006225,0.006205,5.304713
2026-01-07,331.140015,332.149994,324.600006,326.989990,322.258354,9815200,0.000000,0.000000,0.985530,-0.022773,-0.023036,5.161138
2026-01-08,326.390015,331.399994,325.649994,329.790009,325.017841,11737100,0.000000,0.000000,0.985530,0.008563,0.008527,5.213895
2026-01-09,329.339996,331.899994,328.170013,329.190002,324.426522,6738100,0.000000,0.000000,0.985530,-0.001819,-0.001821,5.202590
2026-01-12,321.880005,326.019989,321.230011,324.489990,319.794511,12805100,0.000000,0.000000,0.985530,-0.014278,-0.014380,5.114032
2026-01-13,324.299988,326.859985,310.570007,310.899994,306.401155,19371200,0.000000,0.000000,0.985530,-0.041881,-0.042783,4.857970
2026-01-14,308.200012,311.760010,306.119995,307.869995,303.415014,25951500,0.000000,0.000000,0.985530,-0.009746,-0.009794,4.800879
2026-01-15,308.470001,312.940002,307.750000,309.260010,304.784920,14751400,0.000000,0.000000,0.985530,0.004515,0.004505,4.827070
2026-01-16,310.350006,317.209991,310.000000,312.470001,307.948458,14652500,0.000000,0.000000,0.985530,0.010380,0.010326,4.887552
2026-01-20,306.209991,311.149994,301.859985,302.739990,298.359245,12900600,0.000000,0.000000,0.985530,-0.031139,-0.031634,4.704219
2026-01-21,303.429993,305.399994,301.149994,302.040009,297.669418,10270100,0.000000,0.000000,0.985530,-0.002312,-0.002315,4.691031
2026-01-22,304.859985,308.200012,302.899994,303.630005,299.236369,10535800,0.000000,0.000000,0.985530,0.005264,0.005250,4.720989
2026-01-23,302.000000,302.369995,296.510010,297.720001,293.411881,11107900,0.000000,0.000000,0.985530,-0.019465,-0.019656,4.609633
2026-01-26,297.809998,301.779999,297.450012,301.040009,296.683856,11752700,0.000000,0.000000,0.985530,0.011151,0.011090,4.672188
2026-01-27,301.329987,301.970001,298.149994,300.309998,295.964423,11527400,0.000000,0.000000,0.985530,-0.002425,-0.002428,4.658434
2026-01-28,300.269989,301.920013,298.049988,300.769989,296.417728,9556700,0.000000,0.000000,0.985530,0.001532,0.001530,4.667100
2026-01-29,302.399994,306.829987,302.220001,306.420013,301.986018,11580000,0.000000,0.000000,0.985530,0.018785,0.018611,4.773558
2026-01-30,305.250000,307.929993,302.559998,305.890015,301.463691,11953200,0.000000,0.000000,0.985530,-0.001730,-0.001731,4.763572
2026-02-02,304.459991,309.299988,301.369995,308.140015,303.681144,9839400,0.000000,0.000000,0.985530,0.007356,0.007329,4.805967
2026-02-03,309.730011,316.250000,309.100006,314.850006,310.294026,12688000,0.000000,0.000000,0.985530,0.021776,0.021542,4.932396
2026-02-04,314.410004,319.309998,314.410004,317.269989,312.678978,9848800,0.000000,0.000000,0.985530,0.007686,0.007657,4.977993
2026-02-05,315.000000,316.010010,305.540009,310.160004,305.671883,9388000,0.000000,0.000000,0.985530,-0.022410,-0.022665,4.844027
2026-02-06,314.709991,324.250000,314.709991,322.399994,317.734779,17797400,0.000000,0.000000,0.985530,0.039464,0.038705,5.074653
2026-02-09,321.339996,326.399994,320.109985,322.100006,317.439135,11477500,0.000000,0.000000,0.985530,-0.000930,-0.000931,5.069001
2026-02-10,322.549988,326.130005,315.119995,318.279999,313.674378,9902200,0.000000,0.000000,0.985530,-0.011860,-0.011931,4.997024
2026-02-11,323.239990,325.279999,308.730011,310.820007,306.322355,8703500,0.000000,0.000000,0.985530,-0.023438,-0.023717,4.856463
2026-02-12,312.279999,313.619995,300.019989,302.640015,298.260706,13443400,0.000000,0.000000,0.985530,-0.026318,-0.026670,4.702336
2026-02-13,298.519989,304.290009,296.519989,302.549988,298.171977,9114500,0.000000,0.000000,0.985530,-0.000297,-0.000298,4.700639
2026-02-17,302.760010,308.239990,302.500000,307.130005,302.685713,8896800,0.000000,0.000000,0.985530,0.015138,0.015025,4.786936
2026-02-18,308.459991,312.279999,307.220001,308.779999,304.311847,7209600,0.000000,0.000000,0.985530,0.005372,0.005358,4.818025
2026-02-19,307.170013,309.179993,305.119995,308.049988,303.592413,6737700,0.000000,0.000000,0.985530,-0.002364,-0.002367,4.804270
2026-02-20,308.399994,311.000000,305.679993,310.790009,306.292778,7792700,0.000000,0.000000,0.985530,0.008895,0.008855,4.855898
2026-02-23,308.799988,311.000000,295.100006,297.670013,293.362657,12955400,0.000000,0.000000,0.985530,-0.042215,-0.043132,4.608692
2026-02-24,296.820007,299.750000,291.380005,297.299988,292.997961,13554100,0.000000,0.000000,0.985530,-0.001243,-0.001244,4.601719
2026-02-25,298.640015,303.660004,297.010010,303.299988,298.911117,8095500,0.000000,0.000000,0.985530,0.020182,0.019981,4.714770
2026-02-26,304.579987,309.010010,303.640015,306.130005,301.700212,7007800,0.000000,0.000000,0.985530,0.009331,0.009288,4.768094
2026-02-27,300.000000,302.950012,294.450012,300.299988,295.954554,18620800,0.000000,0.000000,0.985530,-0.019044,-0.019228,4.658245
2026-03-02,294.809998,299.980011,293.209991,297.559998,293.254220,8508900,0.000000,0.000000,0.985530,-0.009124,-0.009166,4.606618
2026-03-03,292.290009,302.390015,289.500000,300.260010,295.915139,10278200,0.000000,0.000000,0.985530,0.009074,0.009033,4.657491
2026-03-04,299.989990,301.000000,295.820007,299.390015,295.057753,8055700,0.000000,0.000000,0.985530,-0.002897,-0.002902,4.641099
2026-03-05,297.980011,301.239990,292.429993,293.549988,289.302226,12732500,0.000000,0.000000,0.985530,-0.019506,-0.019699,4.531062
2026-03-06,286.339996,289.989990,283.709991,289.480011,285.291140,13496500,0.000000,0.000000,0.985530,-0.013865,-0.013962,4.454375
2026-03-09,285.500000,291.100006,280.450012,289.920013,285.724798,12241100,0.000000,0.000000,0.985530,0.001520,0.001519,4.462666
2026-03-10,289.290009,292.750000,287.179993,288.730011,284.551999,8344900,0.000000,0.000000,0.985530,-0.004105,-0.004113,4.440244
2026-03-11,288.809998,290.480011,284.859985,287.519989,283.359493,10205000,0.000000,0.000000,0.985530,-0.004191,-0.004200,4.417445
2026-03-12,282.829987,283.880005,279.100006,282.890015,278.796533,13760500,0.000000,0.000000,0.985530,-0.016103,-0.016234,4.330207
2026-03-13,284.670013,287.190002,282.950012,283.440002,279.338537,9091200,0.000000,0.000000,0.985530,0.001944,0.001942,4.340570
2026-03-16,286.339996,289.269989,284.609985,286.160004,282.019164,8149000,0.000000,0.000000,0.985530,0.009596,0.009551,4.391820
2026-03-17,289.000000,291.760010,285.950012,286.890015,282.738627,8961200,0.000000,0.000000,0.985530,0.002551,0.002548,4.405575
2026-03-18,286.829987,289.410004,285.119995,287.739990,283.576276,10057000,0.000000,0.000000,0.985530,0.002963,0.002958,4.421589
2026-03-19,286.880005,289.510010,284.619995,287.970001,283.802989,9846700,0.000000,0.000000,0.985530,0.000799,0.000799,4.425924
2026-03-20,288.079987,290.709991,285.269989,286.559998,282.413377,22436500,0.000000,0.000000,0.985530,-0.004896,-0.004908,4.399356
2026-03-23,294.309998,295.750000,287.970001,289.910004,285.714899,11470800,0.000000,0.000000,0.985530,0.011690,0.011623,4.462477
2026-03-24,286.170013,295.480011,285.369995,292.399994,288.168873,11092300,0.000000,0.000000,0.985530,0.008589,0.008552,4.509394
2026-03-25,294.149994,297.640015,292.440002,295.420013,291.145204,12188200,0.000000,0.000000,0.985530,0.010328,0.010275,4.566297
2026-03-26,292.579987,294.989990,290.730011,291.660004,287.439570,8669200,0.000000,0.000000,0.985530,-0.012728,-0.012809,4.495450
2026-03-27,289.140015,290.109985,281.750000,282.839996,278.747218,9873300,0.000000,0.000000,0.985530,-0.030241,-0.030707,4.329264
2026-03-30,284.739990,287.250000,282.329987,283.769989,279.663758,11734400,0.000000,0.000000,0.985530,0.003288,0.003283,4.346787
2026-03-31,288.470001,295.070007,284.950012,294.160004,289.903413,12956900,0.000000,0.000000,0.985530,0.036614,0.035960,4.542556
2026-04-01,295.390015,298.720001,292.910004,295.380005,291.105759,11267200,0.000000,0.000000,0.985530,0.004147,0.004139,4.565543
2026-04-02,291.910004,295.619995,288.720001,294.600006,290.337041,6669300,0.000000,0.000000,0.985530,-0.002641,-0.002644,4.550846
2026-04-06,294.059998,296.829987,293.200012,295.450012,292.664905,7142600,1.500000,0.000000,0.990573,0.008018,0.007986,4.595351
2026-04-07,293.140015,298.179993,292.700012,297.399994,294.596523,7849100,0.000000,0.000000,0.990573,0.006600,0.006578,4.632281
2026-04-08,307.970001,311.260010,305.329987,307.970001,305.066869,10590200,0.000000,0.000000,0.990573,0.035541,0.034924,4.832460
2026-04-09,306.950012,311.260010,306.109985,310.329987,307.404602,6586600,0.000000,0.000000,0.990573,0.007663,0.007634,4.877154
2026-04-10,310.000000,310.350006,306.720001,309.869995,306.948959,6069700,0.000000,0.000000,0.990573,-0.001482,-0.001483,4.868443
2026-04-13,307.470001,313.739990,305.459991,313.679993,310.723038,8318200,0.000000,0.000000,0.990573,0.012295,0.012220,4.940598
2026-04-14,309.820007,314.320007,308.869995,311.119995,308.187166,11455500,0.000000,0.000000,0.990573,-0.008161,-0.008195,4.892116
2026-04-15,313.950012,314.239990,304.260010,305.929993,303.046097,9885800,0.000000,0.000000,0.990573,-0.016682,-0.016822,4.793826
2026-04-16,305.350006,309.950012,305.200012,309.950012,307.028214,8208600,0.000000,0.000000,0.990573,0.013140,0.013055,4.869958
2026-04-17,312.470001,314.899994,310.089996,310.290009,307.365005,11082400,0.000000,0.000000,0.990573,0.001097,0.001096,4.876397
2026-04-20,310.850006,317.130005,310.369995,316.989990,314.001846,10772000,0.000000,0.000000,0.990573,0.021593,0.021363,5.003285
2026-04-21,317.489990,320.239990,312.750000,313.000000,310.049458,7084300,0.000000,0.000000,0.990573,-0.012587,-0.012667,4.927720
2026-04-22,314.850006,315.149994,311.940002,313.019989,310.069256,5545900,0.000000,0.000000,0.990573,0.000064,0.000064,4.928099
2026-04-23,313.519989,314.989990,308.890015,311.690002,308.751823,6969700,0.000000,0.000000,0.990573,-0.004249,-0.004258,4.902911
2026-04-24,311.149994,311.149994,307.890015,308.279999,305.373961,5215300,0.000000,0.000000,0.990573,-0.010940,-0.011001,4.838331
2026-04-27,306.880005,312.579987,306.880005,311.630005,308.692367,7925300,0.000000,0.000000,0.990573,0.010867,0.010808,4.901775
2026-04-28,315.200012,315.450012,311.170013,311.450012,308.514087,7398600,0.000000,0.000000,0.990573,-0.000578,-0.000578,4.898366
2026-04-29,310.570007,312.049988,307.290009,309.250000,306.334805,8031800,0.000000,0.000000,0.990573,-0.007064,-0.007089,4.856701
2026-04-30,307.070007,314.100006,306.570007,313.230011,310.277294,8865400,0.000000,0.000000,0.990573,0.012870,0.012788,4.932076
2026-05-01,313.950012,316.079987,311.829987,312.470001,309.524459,6135400,0.000000,0.000000,0.990573,-0.002426,-0.002429,4.917683
2026-05-04,310.619995,310.649994,306.510010,307.649994,304.749878,7338200,0.000000,0.000000,0.990573,-0.015426,-0.015546,4.826400
2026-05-05,307.709991,310.970001,306.799988,309.399994,306.483387,6316800,0.000000,0.000000,0.990573,0.005688,0.005672,4.859542
2026-05-06,311.450012,316.260010,311.350006,314.899994,311.931547,8629500,0.000000,0.000000,0.990573,0.017776,0.017620,4.963703
2026-05-07,314.649994,316.299988,306.140015,306.269989,303.382888,8359600,0.000000,0.000000,0.990573,-0.027406,-0.027788,4.800265
2026-05-08,308.250000,308.989990,300.500000,302.100006,299.252220,9464300,0.000000,0.000000,0.990573,-0.013615,-0.013709,4.721292
2026-05-11,302.100006,303.190002,298.880005,300.000000,297.171992,9512000,0.000000,0.000000,0.990573,-0.006951,-0.006976,4.681521
2026-05-12,300.019989,306.059998,295.549988,304.880005,302.005998,9498200,0.000000,0.000000,0.990573,0.016267,0.016136,4.773940
2026-05-13,302.269989,303.000000,300.070007,300.250000,297.419657,7709500,0.000000,0.000000,0.990573,-0.015186,-0.015303,4.686256
2026-05-14,302.250000,303.750000,298.809998,299.910004,297.082866,7364300,0.000000,0.000000,0.990573,-0.001132,-0.001133,4.679817
2026-05-15,300.209991,300.790009,296.450012,297.809998,295.002639,8699300,0.000000,0.000000,0.990573,-0.007002,-0.007027,4.640046
2026-05-18,298.000000,301.260010,297.220001,300.730011,297.895129,7546300,0.000000,0.000000,0.990573,0.009805,0.009757,4.695346
2026-05-19,301.089996,301.790009,295.260010,295.700012,292.912541,8066900,0.000000,0.000000,0.990573,-0.016726,-0.016867,4.600086
2026-05-20,296.700012,302.929993,293.670013,301.980011,299.133366,9327000,0.000000,0.000000,0.990573,0.021238,0.021015,4.719020
2026-05-21,301.230011,303.980011,300.209991,303.000000,300.143738,7874400,0.000000,0.000000,0.990573,0.003378,0.003372,4.738337
2026-05-22,304.679993,307.450012,303.839996,306.380005,303.491871,5973900,0.000000,0.000000,0.990573,0.011155,0.011093,4.802348
2026-05-26,308.489990,309.929993,305.440002,306.739990,303.848460,7725400,0.000000,0.000000,0.990573,0.001175,0.001174,4.809166
2026-05-27,305.000000,305.899994,295.750000,299.279999,296.458783,11779200,0.000000,0.000000,0.990573,-0.024320,-0.024621,4.667885
2026-05-28,297.570007,301.070007,295.750000,296.730011,293.932841,9757700,0.000000,0.000000,0.990573,-0.008520,-0.008557,4.619593
2026-05-29,296.399994,299.880005,295.200012,299.309998,296.488512,13969000,0.000000,0.000000,0.990573,0.008695,0.008657,4.668454
2026-06-01,297.690002,299.549988,295.269989,296.579987,293.784229,7930000,0.000000,0.000000,0.990573,-0.009121,-0.009163,4.616751
2026-06-02,296.500000,302.070007,295.269989,300.959991,298.122935,8296200,0.000000,0.000000,0.990573,0.014768,0.014660,4.699702
2026-06-03,299.920013,301.959991,296.559998,300.850006,298.014012,7003900,0.000000,0.000000,0.990573,-0.000365,-0.000365,4.697619
2026-06-04,305.739990,312.910004,304.440002,310.890015,307.959360,10345200,0.000000,0.000000,0.990573,0.033372,0.032827,4.887760
2026-06-05,314.290009,315.000000,309.600006,312.369995,309.425404,9118800,0.000000,0.000000,0.990573,0.004761,0.004749,4.915789
2026-06-08,313.250000,316.299988,310.779999,311.109985,308.177267,6827000,0.000000,0.000000,0.990573,-0.004034,-0.004042,4.891927
2026-06-09,313.510010,316.420013,309.010010,312.700012,309.752295,11594600,0.000000,0.000000,0.990573,0.005111,0.005098,4.922039
2026-06-10,312.559998,314.750000,309.029999,309.140015,306.225851,7446200,0.000000,0.000000,0.990573,-0.011385,-0.011450,4.854618
2026-06-11,309.559998,314.720001,308.880005,313.489990,310.534829,9116600,0.000000,0.000000,0.990573,0.014071,0.013973,4.937000
2026-06-12,315.970001,321.299988,315.549988,320.720001,317.696700,7426200,0.000000,0.000000,0.990573,0.023063,0.022801,5.073925
2026-06-15,323.920013,325.920013,318.839996,319.399994,316.389136,7988900,0.000000,0.000000,0.990573,-0.004116,-0.004124,5.048926
2026-06-16,324.299988,331.750000,324.019989,331.140015,328.018466,11094900,0.000000,0.000000,0.990573,0.036756,0.036097,5.271263
2026-06-17,332.179993,337.769989,331.500000,333.459991,330.316571,12246400,0.000000,0.000000,0.990573,0.007006,0.006982,5.315200
2026-06-18,336.950012,338.089996,324.160004,325.220001,322.154259,20111000,0.000000,0.000000,0.990573,-0.024711,-0.025021,5.159147
2026-06-22,329.700012,332.769989,326.750000,331.480011,328.355256,10182500,0.000000,0.000000,0.990573,0.019249,0.019066,5.277702
2026-06-23,329.470001,335.369995,327.209991,334.140015,330.990181,7582200,0.000000,0.000000,0.990573,0.008025,0.007993,5.328078
2026-06-24,333.070007,334.529999,329.769989,333.450012,330.306702,7907400,0.000000,0.000000,0.990573,-0.002065,-0.002067,5.315011
2026-06-25,334.959991,343.450012,334.760010,335.119995,331.960924,10043100,0.000000,0.000000,0.990573,0.005008,0.004996,5.346637
2026-06-26,336.000000,336.399994,327.500000,329.049988,325.948137,17640900,0.000000,0.000000,0.990573,-0.018113,-0.018279,5.231681
2026-06-29,328.279999,332.390015,327.200012,329.390015,326.284957,7981800,0.000000,0.000000,0.990573,0.001033,0.001033,5.238121
2026-06-30,328.890015,330.440002,326.679993,327.329987,324.244357,8080100,0.000000,0.000000,0.990573,-0.006254,-0.006274,5.199107
2026-07-01,328.369995,335.640015,325.010010,334.070007,330.920856,15210200,0.000000,0.000000,0.990573,0.020591,0.020382,5.326753
2026-07-02,338.019989,340.000000,331.769989,334.470001,331.317072,8413900,0.000000,0.000000,0.990573,0.001197,0.001197,5.334328
2026-07-06,335.000000,339.720001,334.109985,337.720001,336.043492,8673500,1.500000,0.000000,0.995036,0.014266,0.014165,5.424691
2026-07-07,340.980011,341.399994,337.089996,339.220001,337.536046,7115800,0.000000,0.000000,0.995036,0.004442,0.004432,5.453226
2026-07-08,336.529999,336.529999,330.130005,330.619995,328.978732,18505200,0.000000,0.000000,0.995036,-0.025352,-0.025679,5.289622
2026-07-09,331.459991,337.000000,330.809998,335.470001,333.804662,15570600,0.000000,0.000000,0.995036,0.014669,0.014563,5.381887
2026-07-10,337.470001,338.589996,335.769989,336.470001,334.799697,6299000,0.000000,0.000000,0.995036,0.002981,0.002976,5.400911
2026-07-13,338.339996,338.350006,332.500000,334.529999,332.869326,7120300,0.000000,0.000000,0.995036,-0.005766,-0.005782,5.364005
2026-07-14,327.000000,344.730011,325.750000,342.890015,341.187841,14537900,0.000000,0.000000,0.995036,0.024990,0.024683,5.523043
2026-07-15,345.850006,351.239990,344.049988,346.910004,345.187874,10750000,0.000000,0.000000,0.995036,0.011724,0.011656,5.599519
2026-07-16,349.279999,349.339996,341.109985,343.149994,341.446530,12432400,0.000000,0.000000,0.995036,-0.010839,-0.010898,5.527989
2026-07-17,339.029999,346.130005,335.049988,341.100006,339.406718,9250900,0.000000,0.000000,0.995036,-0.005974,-0.005992,5.488991
2026-07-20,341.799988,344.260010,337.369995,338.869995,337.187777,7723300,0.000000,0.000000,0.995036,-0.006538,-0.006559,5.446568
2026-07-21,340.119995,345.739990,337.299988,345.230011,343.516221,6015300,0.000000,0.000000,0.995036,0.018768,0.018594,5.567559
2026-07-22,345.070007,349.070007,344.250000,348.209991,346.481408,8040200,0.000000,0.000000,0.995036,0.008632,0.008595,5.624249
2026-07-23,346.579987,349.920013,345.420013,349.899994,348.163021,10913000,0.000000,0.000000,0.995036,0.004853,0.004842,5.656399
2026-07-24,350.640015,353.369995,347.500000,353.209991,351.456587,7520800,0.000000,0.000000,0.995036,0.009460,0.009415,5.719368
2026-07-27,357.890015,359.049988,352.579987,356.200012,354.431765,7884900,0.000000,0.000000,0.995036,0.008465,0.008430,5.776249
2026-07-28,357.299988,359.299988,354.149994,357.309998,355.536241,6533800,0.000000,0.000000,0.995036,0.003116,0.003111,5.797365
2026-07-29,356.500000,357.369995,343.779999,344.709991,342.998783,8265300,0.000000,0.000000,0.995036,-0.035264,-0.035900,5.557666
2026-07-30,347.540009,352.279999,345.369995,350.850006,349.108317,7606500,0.000000,0.000000,0.995036,0.017812,0.017655,5.674472
2026-07-31,353.299988,354.470001,349.700012,351.790009,350.043654,6603400,0.000000,0.000000,0.995036,0.002679,0.002676,5.692354
2026-08-03,353.750000,355.619995,350.839996,352.640015,350.889440,6436600,0.000000,0.000000,0.995036,0.002416,0.002413,5.708525
2026-08-04,355.000000,363.000000,353.869995,357.519989,355.745189,8477200,0.000000,0.000000,0.995036,0.013838,0.013744,5.801360
2026-08-05,358.970001,362.170013,358.200012,359.239990,357.456652,5269500,0.000000,0.000000,0.995036,0.004811,0.004799,5.834081
2026-08-06,362.809998,362.809998,354.950012,356.299988,354.531244,5820100,0.000000,0.000000,0.995036,-0.008184,-0.008218,5.778151
2026-08-07,355.760010,358.850006,353.329987,357.519989,355.745189,4566200,0.000000,0.000000,0.995036,0.003424,0.003418,5.801360
2026-08-10,357.959991,359.989990,356.500000,359.790009,358.003940,5327500,0.000000,0.000000,0.995036,0.006349,0.006329,5.844544
2026-08-11,360.049988,363.119995,358.600006,362.040009,360.242771,4576500,0.000000,0.000000,0.995036,0.006254,0.006234,5.887348
2026-08-12,362.970001,366.089996,361.299988,365.179993,363.367167,4366800,0.000000,0.000000,0.995036,0.008673,0.008636,5.947082
2026-08-13,366.500000,366.500000,361.519989,363.109985,361.307435,5102700,0.000000,0.000000,0.995036,-0.005668,-0.005685,5.907702
2026-08-14,363.000000,365.899994,361.450012,362.839996,361.038787,5058600,0.000000,0.000000,0.995036,-0.000744,-0.000744,5.902566
2026-08-17,361.940002,365.750000,360.959991,360.959991,359.168114,5282600,0.000000,0.000000,0.995036,-0.005181,-0.005195,5.866802
2026-08-18,362.339996,363.570007,359.269989,363.250000,361.446755,5525100,0.000000,0.000000,0.995036,0.006344,0.006324,5.910366
2026-08-19,363.010010,363.049988,355.649994,357.260010,355.486501,6696200,0.000000,0.000000,0.995036,-0.016490,-0.016627,5.796414
2026-08-20,357.600006,357.950012,351.549988,351.549988,349.804824,6799700,0.000000,0.000000,0.995036,-0.015983,-0.016112,5.687788
2026-08-21,354.070007,356.859985,350.369995,351.579987,349.834674,8112100,0.000000,0.000000,0.995036,0.000085,0.000085,5.688359
2026-08-24,353.299988,358.279999,352.820007,356.390015,354.620825,4394400,0.000000,0.000000,0.995036,0.013681,0.013588,5.779864
2026-08-25,357.000000,357.369995,353.070007,356.690002,354.919322,4298000,0.000000,0.000000,0.995036,0.000842,0.000841,5.785571
2026-08-26,356.500000,358.350006,354.600006,356.500000,354.730264,5796500,0.000000,0.000000,0.995036,-0.000533,-0.000533,5.781956
2026-08-27,354.679993,357.570007,352.230011,354.220001,352.461583,5209900,0.000000,0.000000,0.995036,-0.006396,-0.006416,5.738582
2026-08-28,355.670013,358.730011,354.220001,357.619995,355.844699,3914500,0.000000,0.000000,0.995036,0.009599,0.009553,5.803262
2026-08-31,355.899994,357.769989,354.769989,356.019989,354.252635,7962900,0.000000,0.000000,0.995036,-0.004474,-0.004484,5.772824
2026-09-01,355.730011,359.929993,354.119995,354.950012,353.187970,5079000,0.000000,0.000000,0.995036,-0.003005,-0.003010,5.752469
2026-09-02,357.549988,361.470001,353.790009,356.220001,354.451655,5341400,0.000000,0.000000,0.995036,0.003578,0.003572,5.776629
2026-09-03,358.679993,362.850006,356.390015,362.059998,360.262661,5414200,0.000000,0.000000,0.995036,0.016394,0.016261,5.887728
2026-09-04,361.000000,362.859985,355.200012,358.640015,356.859655,4873500,0.000000,0.000000,0.995036,-0.009446,-0.009491,5.822667
2026-09-08,357.100006,358.549988,353.230011,353.510010,351.755116,5631400,0.000000,0.000000,0.995036,-0.014304,-0.014407,5.725075
2026-09-09,352.000000,356.329987,348.690002,354.709991,352.949141,6318200,0.000000,0.000000,0.995036,0.003394,0.003389,5.747903
2026-09-10,353.510010,354.220001,351.119995,353.559998,351.804856,4184200,0.000000,0.000000,0.995036,-0.003242,-0.003247,5.726026
2026-09-11,358.320007,360.049988,354.790009,356.230011,354.461615,5354600,0.000000,0.000000,0.995036,0.007552,0.007523,5.776820
2026-09-14,354.230011,355.279999,347.549988,350.130005,348.391890,9609900,0.000000,0.000000,0.995036,-0.017124,-0.017272,5.660775
2026-09-15,351.000000,354.700012,343.070007,352.489990,350.740160,14026500,0.000000,0.000000,0.995036,0.006740,0.006718,5.705671
2026-09-16,353.380005,355.600006,344.690002,348.920013,347.187905,8303400,0.000000,0.000000,0.995036,-0.010128,-0.010180,5.637756
2026-09-17,352.250000,353.489990,345.269989,349.309998,347.575954,6480100,0.000000,0.000000,0.995036,0.001118,0.001117,5.645175
2026-09-18,347.890015,349.670013,345.010010,349.670013,347.934182,18312400,0.000000,0.000000,0.995036,0.001031,0.001030,5.652024
2026-09-21,353.670013,354.500000,350.079987,352.040009,350.292413,6414700,0.000000,0.000000,0.995036,0.006778,0.006755,5.697110
2026-09-22,352.000000,352.100006,337.299988,340.000000,338.312173,11485600,0.000000,0.000000,0.995036,-0.034201,-0.034799,5.468065
2026-09-23,337.609985,341.440002,336.980011,337.529999,335.854433,7068500,0.000000,0.000000,0.995036,-0.007265,-0.007291,5.421076
2026-09-24,338.119995,339.369995,335.279999,338.559998,336.879319,6934300,0.000000,0.000000,0.995036,0.003052,0.003047,5.440670
2026-09-25,340.769989,343.309998,338.640015,343.059998,341.356980,11460300,0.000000,0.000000,0.995036,0.013292,0.013204,5.526277
2026-09-28,341.829987,342.000000,336.299988,336.589996,334.919097,10483700,0.000000,0.000000,0.995036,-0.018860,-0.019040,5.403194
2026-09-29,337.000000,338.750000,333.329987,334.980011,333.317104,7254900,0.000000,0.000000,0.995036,-0.004783,-0.004795,5.372566
2026-09-30,334.890015,336.339996,330.829987,330.829987,329.187682,9113300,0.000000,0.000000,0.995036,-0.012389,-0.012466,5.293617
2026-10-01,328.750000,333.579987,325.869995,333.179993,331.526022,8160000,0.000000,0.000000,0.995036,0.007103,0.007078,5.338323
2026-10-02,334.000000,334.850006,330.000000,332.380005,330.730005,6658200,0.000000,0.000000,0.995036,-0.002401,-0.002404,5.323104
2026-10-05,333.309998,333.750000,330.589996,332.380005,330.730005,5346100,0.000000,0.000000,0.995036,0.000000,0.000000,5.323104
2026-10-06,332.730011,333.790009,330.929993,331.279999,331.279999,6287462,1.650000,0.000000,1.000000,0.001663,0.001662,5.333619
