Date,Open,High,Low,Close,Volume,Return
2016-10-06,89.06096664537418,89.82378559780697,88.39251908906233,89.58786010742188,3900000,
2016-10-07,89.62719850608596,89.91816652801508,89.03739067806468,89.21826171875,4153100,-0.004125540985449372
2016-10-10,89.81589377914743,90.42929267653624,89.77657687537,90.20909881591797,3290300,0.011105765547096969
2016-10-11,90.16194310502698,90.61806252409703,89.3047527485102,89.39912414550781,3943300,-0.008978857798624063
2016-10-12,89.33618315430074,90.61803541406564,89.28900046983475,90.20909881591797,3340200,0.009060208118950142
2016-10-13,89.76087616987552,91.01913152010813,89.70582768579767,90.7596206665039,4464700,0.006102730853229543
2016-10-14,90.35853873947796,90.52368417165887,89.70581679335771,89.72154235839844,5312500,-0.01143766688844905
2016-10-17,89.58000615402428,89.96534554688512,88.15659933578063,88.400390625,5655700,-0.01472502253829977
2016-10-18,88.77785630410517,88.93513596065846,87.47241835517684,87.48814392089844,6198400,-0.01031948725171783
2016-10-19,87.84989971457163,87.89708241575127,87.38592048674565,87.49601745605469,6433400,8.999545313659318e-05
2016-10-20,87.52746654360783,87.52746654360783,86.76464761221149,86.95338439941406,7250700,-0.006201802921066313
2016-10-21,89.07666957796789,90.0439566429673,88.66773896501803,89.595703125,10108000,0.030387761716653028
2016-10-24,89.84734296610733,90.04394546712726,88.58122237955241,89.31258392333984,6173500,-0.003159964058378595
2016-10-25,89.25755639673825,89.28901352425899,88.60483450030866,88.64415740966797,4879000,-0.0074841246810819495
2016-10-26,88.29028939690659,88.62844609522223,87.60611621647455,88.16446685791016,3763100,-0.005411417579851641
2016-10-27,88.21163555320892,88.46328659107786,87.90493603830096,88.14086151123047,2960700,-0.00026774218141345507
2016-10-28,88.28242185052132,88.35319589751465,87.70833969229277,88.1565933227539,3304700,0.0001784848849184506
2016-10-31,88.43969373554364,88.65202785752597,87.912800321465,88.52619934082031,4181600,0.004192607769145873
2016-11-01,88.58910903794107,88.68347442077777,88.0386183054481,88.27454376220703,3935600,-0.002842724306331368
2016-11-02,88.15656865301605,88.68346196596876,87.93637479087658,88.38462829589844,3512500,0.001247069981895832
2016-11-03,88.65990111424026,88.74640673266381,87.70047952796799,87.8577651977539,3890700,-0.005961026349295406
2016-11-04,88.070093106203,88.07795888962903,87.15786022333165,87.32300567626953,3457400,-0.006086650625368395
2016-11-07,88.07792234315058,89.08452620995628,87.98355098070043,88.7227783203125,3842400,0.016029826655673318
2016-11-08,88.87223165013546,89.84737876376664,88.8643658670077,89.7372817993164,3300200,0.011434532351334736
2016-11-09,88.14870931043617,90.76745650464616,87.92065565073007,90.42144012451172,5099500,0.007624014361448106
2016-11-10,90.46076477244614,90.46863055443664,89.47775201781235,90.05183410644531,4437700,-0.004087592694359321
2016-11-11,90.17765078456088,90.40571044886033,89.78444570814804,89.82376861572266,4331200,-0.002532602394894834
2016-11-14,90.42929541628087,93.38619906233409,90.21696732991823,92.68629455566406,7093200,0.03186824583354597
2016-11-15,92.46611566976753,93.17388607203765,92.02572186400286,93.04805755615234,4447900,0.003903090551009347
2016-11-16,93.4727281776715,94.05467011622945,93.16602864249674,93.74797058105469,5371100,0.007522059495760791
2016-11-17,93.4963187014421,93.97602945731978,93.01660794556445,93.93670654296875,2836600,0.002013227174351373
2016-11-18,93.78727509456513,94.55795367282991,93.51203274518485,94.36921691894531,3655400,0.004604274430025201
2016-11-21,94.2119539262723,94.76243872223539,93.55136617128231,93.97602844238281,3603300,-0.004166490826136848
2016-11-22,93.97601502370473,94.59727977605903,93.48843855987602,94.12543487548828,3699100,0.0015898355738355185
2016-11-23,94.1569296805876,94.96693151733882,94.1569296805876,94.47935485839844,2860200,0.0037600886878061957
2016-11-25,94.43214052079578,95.14777070004577,94.30631200585779,94.88825988769531,1709100,0.004327982868952862
2016-11-28,94.66807379155279,95.83982950840773,94.55011704138961,95.80050659179688,5931700,0.009613904872755041
2016-11-29,95.40420772922475,95.72914605321624,94.32637267604136,95.6419677734375,6370900,-0.0016548849687706424
2016-11-30,95.27741609370014,95.49139531715825,94.5245132446289,94.5245132446289,5696100,-0.0116837258247936
2016-12-01,94.27883875639259,94.27883875639259,93.4149888087133,93.8905029296875,4445000,-0.006707363975528624
2016-12-02,93.51800176449109,93.91426448383216,93.28816866169457,93.70820617675781,3348700,-0.0019415888427629646
2016-12-05,94.66718334088216,95.37253066231935,94.33432403005598,94.5403823852539,5191900,0.008880505160096641
2016-12-06,94.54039926595587,94.8257090251764,93.99355455303458,94.50869750976562,3368000,-0.000335146470628489
2016-12-07,94.63546633968798,95.20607958133799,93.89049048611841,95.0396499633789,4059900,0.005618027415502436
2016-12-08,95.14267333825649,96.01445003826008,94.70678196501031,95.45967864990234,3255100,0.004419510032763085
2016-12-09,95.55479429268539,96.10955969505821,95.26948464389669,96.10163879394531,2623700,0.00672493510477179
2016-12-12,96.34731253856724,96.88623005188101,96.10163159969251,96.48204040527344,4172000,0.00395832595678991
2016-12-13,96.51377645909352,97.41725525166136,96.49792860593053,97.22705078125,4308000,0.0077217518705776644
2016-12-14,97.37762453647787,97.79766214518214,96.99720958064741,97.35384368896484,4967400,0.001304090854304718
2016-12-15,97.45688322311058,97.76596775264422,96.50584878520695,96.97344207763672,4402800,-0.003907412351827344
2016-12-16,97.39346230437883,98.1463591424245,97.11607957701938,97.67084503173828,10793800,0.00719169021084376
2016-12-19,97.66294306228495,98.00372934952954,97.29837592537956,97.47273254394531,3545500,-0.0020283687289548435
2016-12-20,97.62329982596388,98.19391920305125,97.25081184111573,97.74217987060547,2768800,0.0027643354159450073
2016-12-21,97.59953910074987,98.08298025124776,97.55991039799125,97.6233139038086,2762800,-0.0012161174116869233
2016-12-22,97.57576296648394,98.27318338148675,97.55198211725853,98.05127716064453,3037100,0.0043838222625551815
2016-12-23,97.77388205286695,98.1384430906262,97.53612196252861,97.59159851074219,2164100,-0.004688145460351567
2016-12-27,97.71841637490208,97.99579914682617,97.45688145573467,97.5361328125,1919300,-0.0005683450121588551
2016-12-28,97.42518220148841,97.75804153633106,97.1715742254429,97.22705078125,1980200,-0.003168897744225352
2016-12-29,97.29046469641932,97.76597894657064,97.29046469641932,97.31423950195312,1943300,0.0008967537326549646
2016-12-30,97.31422688798347,97.60746356003816,96.24431845220269,96.46622467041016,3574600,-0.008714190604407368
2017-01-03,96.57718152008852,96.68813463348961,94.2788557990106,94.80192565917969,5123800,-0.017252660368090145
2017-01-04,94.31054878703294,94.8970160528593,93.6606780204441,94.69096374511719,3780800,-0.0011704605501519083
2017-01-05,94.58000097293272,95.2615734637972,94.38979652442113,94.86531066894531,4261100,0.001841220291066259
2017-01-06,94.25506766464248,96.29185816756174,93.93012927386044,95.70539093017578,4089200,0.008855505298054789
2017-01-09,95.70540547728086,95.94315956001279,95.36461918352295,95.4438705444336,3021800,-0.0027325564756638387
2017-01-10,95.46763051269632,95.77671500476099,94.88909022610977,95.30120086669922,3108400,-0.001494801886392061
2017-01-11,95.84012003118279,96.29185937652167,95.59443903267108,95.80049133300781,3565200,0.005239078435191669
2017-01-12,95.34082219798584,96.93379413509147,95.2615648090239,96.76736450195312,3480700,0.010092570043136906
2017-01-13,96.87833742735286,96.87833742735286,95.97485863589854,96.2918701171875,2877400,-0.004913788726322421
2017-01-17,95.69745028431691,97.32212991270856,95.65782159231148,97.28250122070312,4077600,0.010287795868021199
2017-01-18,97.33006769648296,97.48064949643572,96.52962118823743,97.25081634521484,3395000,-0.0003256996385855304
2017-01-19,96.87832963139194,97.48065079272206,96.71982692674798,96.83078002929688,3155200,-0.004319103239472599
2017-01-20,96.89419555664062,97.44103418808146,96.70398503166948,96.89419555664062,4887100,0.0006549108385223157
2017-01-23,96.44244150140311,96.75152599944856,94.96041646338458,96.1967544555664,7022600,-0.007197965750863955
2017-01-24,96.66437929186623,96.73570371634496,95.51521317671637,95.93525695800781,3495200,-0.0027183609160055244
2017-01-25,96.28393788849286,96.62472415405855,95.85597331919007,96.52169799804688,3968300,0.00611288340318672
2017-01-26,96.57716209849924,96.98927271590091,96.49791075436315,96.59300994873047,2497300,0.0007388178219267516
2017-01-27,96.90210431364034,97.47272372404399,96.27601439852086,97.36969757080078,3592700,0.008040826375351307
2017-01-30,97.33006845500294,97.64707990903644,96.92588474643854,97.49649810791016,3778000,0.0013022587136739538
2017-01-31,97.49650381755791,97.75011178633852,96.76738166312498,97.1398696899414,3733300,-0.00365785874251634
2017-02-01,96.6088777874804,97.08439196741035,96.45036902984317,97.02098846435547,3233400,-0.0012238149584242741
2017-02-02,97.11611151513529,98.25735059328807,96.89420526027047,97.655029296875,3236600,0.006535089392049054
2017-02-03,97.72632228369208,98.67735655842968,97.7025474849594,98.46337127685547,3183000,0.008277525344066783
2017-02-06,98.34450443189603,98.98645431626112,98.23355132526322,98.62981414794922,2760300,0.0016904039434699758
2017-02-07,99.02606284919523,99.3985508168406,98.74075317382812,98.74075317382812,2847200,0.0011248021385550366
2017-02-08,98.7328595446624,99.35102866321614,98.66152908287225,98.80418395996094,2835200,0.0006423972280336088
2017-02-09,98.80417837271023,99.0657133069986,98.55849733858608,98.65360260009766,2493600,-0.0015240382929968543
2017-02-10,98.81210498273826,99.94541698092976,98.68529796782587,99.71558380126953,3681400,0.010764748302976024
2017-02-13,99.87408417474236,100.39715402921833,99.45404652908258,99.4936752319336,2993800,-0.0022254151344908157
2017-02-14,99.4619682164548,99.9137075911958,99.27968465807228,99.70764923095703,2663100,0.0021506291583321957
2017-02-15,99.58878424591323,100.48433612709664,99.42234852485636,100.23865509033203,2974900,0.005325628108481473
2017-02-16,100.45262308465762,101.30062526252647,100.10390987437825,100.41299438476562,3006000,0.0017392421544013548
2017-02-17,100.47638770829573,101.34816459919735,100.39713636303014,101.2847671508789,3677400,0.008681872017209269
2017-02-21,100.77754610605794,101.69687859406304,100.77754610605794,101.47496032714844,4495200,0.0018778063238888976
2017-02-22,101.06285933343298,101.53045256995735,100.1752345533032,101.32439422607422,3670700,-0.0014837759048025312
2017-02-23,101.38778763603274,102.15653229333992,100.9994518333636,101.6572494506836,3178000,0.0032850452958712584
2017-02-24,101.72857745835367,102.02974102934095,101.24513640160139,101.95840454101562,3537200,0.002962455623768623
2017-02-27,101.93446026495693,101.99034514194285,101.2159360672844,101.38359069824219,5184000,-0.005637728889158922
2017-02-28,101.4554656927097,102.13406964130498,101.0562861828306,101.91053009033203,4619300,0.005197482042811341
2017-03-01,102.20591998528914,103.78666735403145,101.88657517523146,103.02822875976562,5471600,0.010967450257033162
2017-03-02,103.02822586610714,103.63497428808036,102.30969549541132,102.37356567382812,6738100,-0.006354210819871531
2017-03-03,102.37356888626383,102.71686958327788,101.74287065034216,102.11011505126953,4067700,-0.00257342430953289
2017-03-06,102.11012085363774,102.46139468392302,101.71094133981663,102.21390533447266,3271500,0.0010164544732029768
2017-03-07,102.23785822238203,102.43744798532812,101.66303873053793,102.245849609375,3332400,0.0003125237686381066
2017-03-08,102.24584426417294,102.47736301701043,101.76682398534759,102.26180267333984,3571700,0.00015602651868795725
2017-03-09,102.1500218914513,102.76476167390095,101.94245295672368,102.30171203613281,3265700,0.00039026656825580375
2017-03-10,102.6370089450345,102.66095873530756,101.96639045341091,102.17396545410156,3178900,-0.001248723794437856
2017-03-13,102.19792452175147,102.40550564465234,101.67101078352422,101.87858581542969,3130800,-0.0028909481721599573
2017-03-14,101.91051838009777,102.37356192919366,101.79076332269555,102.0302734375,2492700,0.0014889058466627247
2017-03-15,102.35760510227061,102.42945448322429,101.76681510089541,102.0941390991211,3529300,0.0006259481570458636
2017-03-16,102.42944003533833,102.90844802278849,102.13404507631681,102.17396545410156,3945700,0.0007818896920515073
2017-03-17,102.64500317315242,103.77067989313545,102.52524203648066,102.70088195800781,12532700,0.005157052499278336
2017-03-20,102.98032859153963,103.37151669289418,102.56517851349835,102.81266784667969,3415500,0.0010884608441588117
2017-03-21,103.16393606320726,103.5870652975707,102.33363600114288,102.60508728027344,4062400,-0.002019017410537449
2017-03-22,102.65299568524695,103.10805395402858,102.51727612501415,103.06814575195312,3174200,0.004513016692971661
2017-03-23,103.10007390345703,103.4593329931223,102.83661398917162,102.9883041381836,2774500,-0.0007746487839384031
2017-03-24,103.29169154819733,103.53118950313727,103.11605159324698,103.25975036621094,3568200,0.0026356995612155654
2017-03-27,103.05217126060879,103.64296124924813,103.00427167433892,103.37950134277344,2540400,0.001159706237307434
2017-03-28,103.35555608332142,103.60304541123212,102.94040601412135,103.34756469726562,3487400,-0.0003089262870588083
2017-03-29,102.9883284590636,103.5232276179032,102.69293947722517,102.86058807373047,3197800,-0.004712028047894945
2017-03-30,102.78868882148633,103.4114076704672,102.66893988206222,103.24375915527344,2018000,0.0037251496294024022
2017-03-31,103.29967132337619,103.93836096472486,103.22782193649728,103.47531127929688,3041700,0.0022427711458588018
2017-04-03,103.38749130133652,103.55515205271233,102.87654202465592,103.47531127929688,3287100,0.0
2017-04-04,103.10007677207223,103.41143628271071,102.70887649173521,103.2198257446289,3414000,-0.002469048234881588
2017-04-05,103.69886352685464,105.04809236167596,103.50725295638527,104.114013671875,4052200,0.00866294745990337
2017-04-06,104.03415820896782,104.3135887287242,103.7547398712029,103.90641784667969,3856900,-0.0019939277900626884
2017-04-07,103.80263744343283,104.10600557047977,103.48328654392131,103.7547378540039,2176600,-0.00145977501504857
2017-04-10,103.74674875212148,104.30559761108266,103.40346023232799,103.77069854736328,2709300,0.00015383098342769408
2017-04-11,104.28163270113274,104.77662348903218,103.62698475608983,104.74468231201172,3677600,0.009385922792105816
2017-04-12,104.83250766260545,105.03209739227518,104.48122778926829,104.79258728027344,3195500,0.0004573498835866996
2017-04-13,104.58500497170951,104.69677471875087,104.24171652793561,104.39339447021484,2429200,-0.0038093611429874663
2017-04-17,104.7846001593373,105.27957875328194,104.51316107117343,104.86444091796875,3236400,0.004512224649312557
2017-04-18,105.39134052562044,106.02205079787713,105.22369199997442,105.62287139892578,3617400,0.007232484856809718
2017-04-19,105.8943099975586,106.18171965081024,105.6547999228508,105.8943099975586,3132800,0.002569884675901468
2017-04-20,105.90233266896335,106.53304319731006,105.89435346326036,106.39732360839844,2697300,0.0047501476788642805
2017-04-21,106.62081820456747,106.8842780655337,106.30146738128039,106.50904846191406,3466100,0.0010500720293193933
2017-04-24,107.17170293331115,107.5868407895493,106.3893024416523,107.16371154785156,5041000,0.006146549005848989
2017-04-25,110.28533060637487,113.35901815407149,109.51890047541372,113.12748718261719,10893800,0.05565107393749269
2017-04-26,113.12745370433302,113.36696381075375,112.04168511295042,112.44086456298828,7132200,-0.006069458773715342
2017-04-27,113.27117887811177,113.9976763101822,112.44887008223644,112.46482849121094,5183700,0.00021312472396761706
2017-04-28,112.08162123322003,112.37701016949072,111.59462174850817,111.71437072753906,4779900,-0.0066728218389674465
2017-05-01,111.6584768655056,112.92786459992449,111.6425062764591,112.6883544921875,3747200,0.008718518112802887
2017-05-02,112.55263805157004,113.21527742243072,112.3450691161882,112.75222778320312,3774100,0.0005668135922602957
2017-05-03,113.5266672466481,113.92584681656035,112.88797749838974,113.86197662353516,4278400,0.00984236730529009
2017-05-04,113.86196531528003,114.7002447652404,113.57455556620769,114.52460479736328,4178800,0.005819573781149057
2017-05-05,114.50064963032072,114.94772873413473,113.83003097459972,114.93177032470703,2452700,0.003555266818551228
2017-05-08,114.90774914679525,115.36281940286555,114.6922010926431,115.1552505493164,2813000,0.0019444599520044292
2017-05-09,115.03557638074834,115.74611559491167,114.96372697506769,115.25113677978516,3053800,0.0008326692010252046
2017-05-10,114.85194054427106,115.47465966733745,114.74814996309563,115.37886047363281,2273300,0.0011082206858550325
2017-05-11,115.0275494736941,115.29100936726464,114.48465909791516,115.13134002685547,1941900,-0.0021452842033736763
2017-05-12,115.36285698884762,116.16121586074277,115.33092799404726,116.04944610595703,2747900,0.007974423635540129
2017-05-15,116.10532562866472,116.87973471387326,116.10532562866472,116.783935546875,3332800,0.006329107682662816
2017-05-16,116.99951601002888,117.89367420802122,116.78395566515866,117.59029388427734,3540900,0.006904702548568231
2017-05-17,117.59030405743366,117.72603582179252,116.75203676529024,116.88775634765625,3875600,-0.0059744517460980084
2017-05-18,116.88771413896545,117.55035340087707,116.40869398900885,117.3667221069336,2730900,0.004097655513660259
2017-05-19,117.55832981346066,118.8197381418885,117.23099979149134,118.27684783935547,4071200,0.007754546741048474
2017-05-22,118.39663497440871,118.85968462823713,118.10123387852369,118.3088150024414,3294500,0.00027027405337487487
2017-05-23,118.33272054647877,118.58020977984171,117.87765026682206,118.01338195800781,3262300,-0.002497134676122781
2017-05-24,118.10926735120822,119.7459062217987,117.35880772006949,119.35470581054688,3348900,0.011365862330903642
2017-05-25,119.60212056394283,119.71389029995835,119.17101220559367,119.57817077636719,3408100,0.0018722761226945828
2017-05-26,119.6500308993576,119.94543194266892,119.15505233563023,119.64205169677734,3258200,0.0005342189129955432
2017-05-30,119.71390759973961,120.01728786218915,119.37061914022195,119.69793701171875,3113900,0.0004671042843953366
2017-05-31,119.84966134178762,120.6719702206603,119.4345233907014,120.46440124511719,6415700,0.006403320328932649
2017-06-01,121.1392042693349,122.42459106445312,120.7857345461165,122.42459106445312,4349800,0.016271942574532128
2017-06-02,122.52904288594581,123.63767652800937,122.23178996202583,123.50914764404297,4316700,0.008858976535350171
2017-06-05,123.42081438072407,123.4449143198868,122.72187936991928,122.74597930908203,2633700,-0.006179043006275253
2017-06-06,122.40851749678981,122.58525848344564,121.47662496338978,121.49268341064453,3661900,-0.01021048433107219
2017-06-07,121.49266344472068,122.11928601866519,121.0909816789432,122.06305694580078,2922900,0.0046947150984260055
2017-06-08,122.06309709948371,122.23179663192677,121.3159623950169,121.65337371826172,3709900,-0.0033563244915369994
2017-06-09,122.01488004977024,122.11127976901892,121.22757481471612,121.69352722167969,4143100,0.00033006485714870415
2017-06-12,121.69352613406873,121.69352613406873,118.92995312897375,119.27540588378906,5902600,-0.01987058303837086
2017-06-13,119.58872787255689,120.70540299058807,119.39591616026189,120.3599624633789,4267700,0.009092876872257571
2017-06-14,120.76163549602819,121.37218748606072,120.43225344185561,121.05083465576172,2675500,0.0057400499156272655
2017-06-15,120.42422832912256,121.72568601661833,120.22338737976887,121.44450378417969,2517500,0.0032520975963319376
2017-06-16,121.29186618036292,122.8262940194433,121.2436663124729,122.103271484375,5443900,0.005424434039156045
2017-06-19,122.42456932520226,123.05922112789253,121.98271692669394,123.02709197998047,3263800,0.007565894708428722
2017-06-20,123.93488594056019,124.74627863219602,123.58943327414043,123.77421569824219,3614400,0.006072838967723371
2017-06-21,123.86258689231805,124.05539855831793,123.40467604080646,123.5010757446289,2448500,-0.0022067597202892753
2017-06-22,123.54130600851681,124.44911118556726,123.46096471097997,124.3607406616211,2003800,0.0069607888984690724
2017-06-23,124.52138919315797,124.882900452047,124.06346594243543,124.232177734375,2214700,-0.0010337902987881398
2017-06-26,124.66595964020574,124.89091272963942,123.33238535834641,123.68586730957031,2360900,-0.0043974953572235576
2017-06-27,123.71800572829946,124.37676982463026,123.28419473825386,123.4930648803711,2139000,-0.001558807270329865
2017-06-28,123.75015534574541,124.26430769151357,123.50915601050944,123.95903778076172,1302800,0.0037732718095708773
2017-06-29,124.18394826881942,124.18394826881942,122.23176832274002,123.01907348632812,1975900,-0.007582862139475899
2017-06-30,123.15561461442755,123.53319640211794,122.68966236029148,123.04314422607422,2508200,0.0001956667292635217
2017-07-03,123.26811849245892,123.61355897255363,122.4968840068252,122.51295471191406,1100700,-0.004308972413660128
2017-07-05,122.77000722277963,123.37252980492906,122.1032140941985,122.9708480834961,2497300,0.0037375098221958947
2017-07-06,122.67361192286815,123.28417606765639,122.37637133134018,122.98692321777344,2019800,0.00013072313095241483
2017-07-07,123.21184934005858,125.77458072636817,123.03510839904733,125.54161071777344,4117800,0.020772025457344023
2017-07-10,125.54970005519618,125.7505410153892,124.64993647620642,124.93914794921875,2402200,-0.004798909023949527
2017-07-11,124.59361990577348,125.22828382151606,123.72598601052982,124.44902038574219,2008800,-0.003922930254620982
2017-07-12,124.85070808408393,125.92721209073376,124.73823769918549,125.79064178466797,2094900,0.010780489832441287
2017-07-13,125.71836133395233,125.75851970316529,123.99112241538907,124.55347442626953,3169700,-0.009835130347106924
2017-07-14,124.51332207647133,124.92303307741516,124.30443970636442,124.74629211425781,2440200,0.0015480715321387617
2017-07-17,124.86684077301408,124.87488225708645,124.28038857864424,124.73027038574219,2408700,-0.00012843450690258607
2017-07-18,124.52136007380828,124.73827168176038,123.21187346132596,123.68586730957031,3890300,-0.008373292809692012
2017-07-19,123.82242744802004,124.0875388895888,123.30023378734644,123.6296157836914,3072200,-0.00045479347885490906
2017-07-20,123.74208405148036,124.69808861742827,123.35647298784207,123.8866958618164,2240200,0.002079437653311089
2017-07-21,123.76620272116425,124.28035497000175,123.1476092745084,123.65373229980469,3522400,-0.0018804566575216786
2017-07-24,123.71799528158269,123.89473625551055,121.92649787315653,121.99076843261719,5307400,-0.013448553765894933
2017-07-25,126.7306003695798,128.5220976587882,125.75852507766467,127.79104614257812,9511400,0.04754685772116263
2017-07-26,127.54202740143572,127.73483911877491,125.06766552486148,125.73445892333984,4679000,-0.016093359287032705
2017-07-27,125.66211658215293,126.47350930016249,124.95515278294991,126.08789825439453,4624100,0.0028109981470567647
2017-07-28,125.6139652787096,125.85497687233912,124.57763136196921,125.20425415039062,3964500,-0.007008159515999424
2017-07-31,125.26042682749114,125.66210854984394,124.40083431599992,124.63380432128906,4272400,-0.004556153726345102
2017-08-01,124.50530883447269,125.24440200332951,123.48504571198825,123.7501449584961,4185100,-0.007090045654989496
2017-08-02,123.52521550981105,125.84693643972221,123.48505712583653,125.79873657226562,3326000,0.016554256275470136
2017-08-03,125.77464191971256,125.94335372125367,124.04741455207873,124.29645538330078,3666100,-0.011941941786528631
2017-08-04,124.20804662540279,124.37675837499654,123.09940093527281,123.57339477539062,4435400,-0.005817226289200339
2017-08-07,123.83051330362261,124.83471819685244,123.71804284591528,124.49730682373047,3252100,0.007476625935697312
2017-08-08,124.25626661150446,124.72221904577016,123.7983556598853,124.45710754394531,4234300,-0.00032289276620312
2017-08-09,124.76238968392987,125.06765956555674,123.99919659232616,124.45710754394531,3006500,0.0
2017-08-10,123.98309496455416,126.28874437128192,123.91882441119895,125.82279205322266,3874500,0.01097313392724586
2017-08-11,126.0317064397344,127.25281048869088,125.83086550635052,126.3691177368164,2925000,0.004342024800742417
2017-08-14,126.48959325104781,126.85110441046737,125.69427115199582,126.33695220947266,2809100,-0.00025453629747373974
2017-08-15,126.8029006308091,127.39739407475889,126.4012188531456,126.62615966796875,2160100,0.0022891755217948617
2017-08-16,126.84310226306577,128.04011866608394,126.61013216875493,127.65449523925781,2921800,0.008121035763743345
2017-08-17,127.53399481409916,128.1606175559817,126.77883093071306,126.84310150146484,3071600,-0.006356170507526682
2017-08-18,126.92344521106222,127.15641530843743,126.14418138100997,126.73866271972656,2595700,-0.0008233698206840945
2017-08-21,127.06803916742265,127.44562109959952,126.56191609698183,127.2206802368164,2195100,0.003803239727689034
2017-08-22,127.33312840446916,128.48997392985927,127.24475791965867,128.24896240234375,2122600,0.008082665205163542
2017-08-23,127.97585175928526,128.032080849167,127.23675855757638,127.58219909667969,2190700,-0.005198976219178197
2017-08-24,127.82323946323234,128.28115054356718,127.19661655854607,127.2608871459961,1634800,-0.002518470076222079
2017-08-25,127.6464543028391,128.00796550625572,127.35724288843446,127.59022521972656,2019600,0.002587897044538545
2017-08-28,127.76694827176306,128.50605360999822,127.46167842338559,128.2730712890625,2027300,0.005351868202756016
2017-08-29,127.895503510534,128.34538523851106,127.51792157633375,128.0401153564453,3283400,-0.001816093824495879
2017-08-30,128.00772330521409,129.00980844525282,127.94308378876687,128.92091369628906,2236500,0.006879081117599162
2017-08-31,129.11489628825456,129.30076268190695,128.77548326594436,129.27651977539062,2717000,0.0027583273256912566
2017-09-01,129.19574840373988,129.4624328025632,128.8967442282801,129.1472625732422,1878300,-0.0009998505712639494
2017-09-05,128.49263789830377,129.12297815433718,127.74108310498784,128.57345581054688,4000500,-0.004443042394103314
2017-09-06,128.67848067698057,128.79161833470235,127.86227416992188,127.86227416992188,4143300,-0.005531325545709231
2017-09-07,128.06430545669147,129.3573178173579,127.95116779996414,129.2199249267578,2965400,0.010618071402606954
2017-09-08,128.9209517261736,129.6078670190766,128.6381013511941,129.06642150878906,2984200,-0.0011879237513545693
2017-09-11,129.3007784788065,130.6907628339403,129.23612660983713,130.53721618652344,2333600,0.011395641566108061
2017-09-12,129.47046228550778,129.88260398575156,125.88236451041486,126.33491516113281,10324100,-0.03219235975881385
2017-09-13,126.6662487574767,127.50669818755631,126.0682283632315,126.87635803222656,4705600,0.004285773813226257
2017-09-14,126.87635803222656,127.1592083488069,126.10863731289727,126.87635803222656,3109700,0.0
2017-09-15,127.51482911292055,127.68454184104507,126.77944017394195,126.81175994873047,7425100,-0.0005091420064223806
2017-09-18,127.45825224620363,127.51481492856303,126.35111819934166,126.61779022216797,3831900,-0.0015295878445416022
2017-09-19,127.09455506158734,127.60366836217555,126.33491120832998,127.22384643554688,3554600,0.004786501267440402
2017-09-20,127.60366036449433,129.21184272604435,127.49052271244574,129.20376586914062,3641100,0.0155624868219717
2017-09-21,129.1957636249752,129.37355324513706,128.0967061235597,128.51693725585938,2503400,-0.005315855994297292
2017-09-22,128.39569422105473,129.09068649197053,128.13708671044193,128.41993713378906,2442700,-0.0007547652795149018
2017-09-25,128.0643616973007,128.24215128324724,126.14909754906846,126.27838897705078,3661500,-0.016676134598222037
2017-09-26,126.2703068877186,126.7471006070663,123.86208304745973,123.9267349243164,6420000,-0.01862277521739486
2017-09-27,124.05600411524091,125.00960371412926,123.99944144005566,124.49240112304688,3915900,0.004564521118674891
2017-09-28,126.19757794275935,127.93505243024157,125.64804315592421,127.27239227294922,4210200,0.022330609136172352
2017-09-29,127.28853953695742,127.7168474090026,126.16523943895676,126.61779022216797,3670100,-0.005143315365498835
2017-10-02,126.06828307813392,127.02187058249619,125.90665954040469,126.8440933227539,2407000,0.0017872930825033606
2017-10-03,126.67438797528438,127.24816574841017,126.35921774246492,126.7632827758789,2188400,-0.0006370856124090496
2017-10-04,126.73900351847333,127.21579716172252,126.59353373599231,127.04609680175781,1823100,0.0022310405638430453
2017-10-05,127.11882938052919,128.4279958071267,127.11882938052919,128.33102416992188,2796000,0.010113867332493198
2017-10-06,128.15325825970902,129.40586223941435,128.15325825970902,128.97755432128906,3548500,0.0050379879343214196
2017-10-09,128.9856851108743,129.69684376181362,128.89679027950686,129.3978271484375,2120000,0.0032584958627879246
2017-10-10,129.0502656151602,130.57763063186573,128.96944769278235,129.76950073242188,2909600,0.002872332497191099
2017-10-11,130.02808242621865,131.91911556676138,129.7694872973326,131.84637451171875,3572500,0.016004328964625447
2017-10-12,131.71710845402723,132.8565623418722,131.53931887386435,132.46058654785156,3023600,0.0046585432356975875
2017-10-13,132.89694866856425,133.75356431920224,132.59794457608035,133.6404266357422,2957400,0.008907103000517003
2017-10-16,133.69703540942865,133.93947688695465,132.88890537173248,133.3495330810547,2132300,-0.0021766883121405733
2017-10-17,133.2767891890495,134.16573706191292,133.13940857798596,133.66468811035156,2379700,0.0023633755740659623
2017-10-18,133.5757728889865,134.35158294399352,132.44439607031217,133.96368408203125,2798300,0.0022369107047393033
2017-10-19,134.00409700830016,134.9172753493187,133.27677274811117,134.55361938476562,2478100,0.0044036957237838514
2017-10-20,135.14356848661316,135.68501407498889,133.74550712167036,134.3920135498047,5577700,-0.0012010515636804442
2017-10-23,134.2303854493118,134.2303854493118,131.79790648363232,131.99993896484375,6214800,-0.01779923167885611
2017-10-24,133.55150511757256,134.5455134922278,132.20193004544578,132.43629455566406,7855200,0.0033057257014075248
2017-10-25,132.05648234045896,133.43837727546423,131.72514619119343,132.19386291503906,3716200,-0.0018305528815826255
2017-10-26,132.6464426699751,133.05858448406408,132.33127249894613,132.5413818359375,2934400,0.0026288582029090346
2017-10-27,132.6059842207225,134.02830022058512,132.34738915870696,133.65655517578125,2298100,0.008413774810527741
2017-10-30,133.34140731329555,134.60208773673915,133.07472301893918,134.3354034423828,2051000,0.005079049551357739
2017-10-31,134.351564901184,135.28899832852534,134.2545932814869,134.8849334716797,2873000,0.004090731223601596
2017-11-01,133.92331353697654,135.75777221228267,133.8020989613095,134.44859313964844,2186100,-0.003234907864063774
2017-11-02,134.94959411847526,136.14562271993938,134.55360609378465,135.84661865234375,2291000,0.010398216002477811
2017-11-03,135.76579725795975,136.93758292283897,135.44255029215904,136.29107666015625,1959500,0.003271763494901103
2017-11-06,136.49315197603687,137.72151302791704,136.2507228410676,137.4386749267578,3087700,0.008420201048547904
2017-11-07,137.4628727948251,138.04472719025296,136.99415606900374,138.0043182373047,2506000,0.00411560509331399
2017-11-08,137.51943803653165,138.1255353488499,136.93758363021962,137.46287536621094,2605000,-0.00392337629727435
2017-11-09,136.3476871473681,136.7355860735005,134.2303906088349,134.95770263671875,4219000,-0.018224358560944065
2017-11-10,134.47280526680362,134.79606461304786,132.1453996292611,133.81822204589844,4226800,-0.008443242353402991
2017-11-13,133.7212718028781,135.72543074592363,133.40610159678994,135.2567138671875,2605600,0.010749595976515591
2017-11-14,134.82839262031075,136.1052393710552,134.61020642073305,135.85472106933594,2180900,0.004421275551139248
2017-11-15,135.51532802059734,136.32345805845065,135.0789308947485,135.21632385253906,2019300,-0.004699116907914136
2017-11-16,135.50724099024114,136.48508377732216,135.38602641506355,135.8385772705078,2293400,0.00460191048121783
2017-11-17,135.39404421774003,135.52334792891804,134.27883361930128,134.73138427734375,2221400,-0.008150799393011998
2017-11-20,135.22436712157534,135.6445980895702,134.76372719550895,134.90110778808594,2442300,0.0012597177090736267
2017-11-21,135.4021272412214,136.78402205688647,135.3697951493588,136.0082244873047,2653100,0.00820687626196448
2017-11-22,136.79215419184536,137.66493597994827,136.30727131031577,136.61436462402344,2719200,0.004456643258182735
2017-11-24,136.4770210949644,137.02654366764207,136.42853525985606,136.6628875732422,963200,0.0003551818972498122
2017-11-27,136.49309732032535,136.71937264307974,135.83851425585158,136.54159545898438,2082400,-0.0008875278168903877
2017-11-28,136.7597962692299,138.49728265743246,136.60624964136608,138.46495056152344,2909900,0.014086221096756057
2017-11-29,138.75589687393895,139.01450435249112,136.61435764066806,137.7295684814453,4590300,-0.005310961922825208
2017-11-30,138.39617098795748,140.77810093548186,137.66451087914155,139.8025665283203,6023700,0.01505122008099713
2017-12-01,140.45292290949013,140.76183448007274,138.51810416744328,140.53421020507812,4279200,0.005233406617106695
2017-12-04,140.85946964813226,141.0301817406098,138.5506884543961,138.7295379638672,3943100,-0.01284151551837398
2017-12-05,141.16021638166464,141.65611489843982,140.20094419767733,140.63180541992188,3228700,0.013712057893180196
2017-12-06,141.03012084960938,141.81055586348708,140.6399095449674,141.03012084960938,2618700,0.0028323282098110525
2017-12-07,140.27411082882062,140.87568411374158,139.76194987146712,140.5667724609375,2284800,-0.0032854569355859065
2017-12-08,140.67241610792294,141.07888981794937,140.2415549676624,140.7618408203125,2241100,0.0013877273836475634
2017-12-11,140.59114316600935,140.84315490722656,140.00581997142996,140.84315490722656,2340800,0.0005776713805403233
2017-12-12,140.63988893677964,140.8024759228402,139.7050044634875,140.013916015625,2805900,-0.005887676203701786
2017-12-13,140.184663943436,141.42034757316645,140.15213909800957,141.0870361328125,2554000,0.0076643818537847075
2017-12-14,141.17645929826787,141.5178957439265,140.50171141592085,140.75372314453125,2666900,-0.0023624636069857763
2017-12-15,141.69677510584833,142.33899827877076,141.1927391375761,141.5016632080078,7435200,0.005313820812459458
2017-12-18,142.16013663650662,142.89992189731421,141.54230095313287,141.61546325683594,2426300,0.0008042311747307185
2017-12-19,141.76991773610234,142.18451650629012,140.70495846798875,140.95697021484375,3122500,-0.00464986680725632
2017-12-20,141.31467536549897,141.35532522428056,139.59123051359725,139.96517944335938,2749400,-0.007036124357473805
2017-12-21,140.3147582968847,140.43669547293896,139.558710591561,139.70504760742188,2343300,-0.0018585467969394198
2017-12-22,139.68068580438927,139.85952289388788,138.64823870748563,139.35549926757812,3234100,-0.0025020451718108516
2017-12-26,139.0871993408719,139.53432299354208,138.8677124242303,139.24978637695312,1280200,-0.0007585842767641182
2017-12-27,139.2823115359786,140.42857061047766,138.89210016759864,140.3716583251953,1596800,0.008056543406143923
2017-12-28,140.85126882779937,141.08703053170234,140.33098296297763,140.72120666503906,1800100,0.0024901632139584517
2017-12-29,140.62365009190876,140.62365009190876,139.76192775719005,139.9245147705078,2201800,-0.005661491351674042
2018-01-02,141.2334160458059,141.84312688814356,140.3635683611289,140.81881713867188,3696900,0.006391320131649669
2018-01-03,140.8268691340969,141.16018053219443,139.82694734439667,140.2252960205078,3789600,-0.004214785567894563
2018-01-04,140.83505067378402,141.55857356206818,140.42043944711355,141.20899963378906,2756400,0.007015165174886651
2018-01-05,141.4528804130893,142.26582800167026,140.9651068981024,141.4935302734375,3737700,0.0020149610887856273
2018-01-08,141.24154644123217,141.62363287580402,140.58304834437982,141.39599609375,2060800,-0.0006893190063108623
2018-01-09,141.63988491439017,141.63988491439017,140.64808765368178,141.07894897460938,2674300,-0.002242263769126951
2018-01-10,141.04642515959907,141.45289900732124,140.20909002565915,141.05455017089844,2172500,-0.00017294432577130703
2018-01-11,141.09516980490633,141.89999231660647,139.90827337044186,140.95697021484375,3078000,-0.0006917887862282202
2018-01-12,140.93260805143356,141.28216959404728,140.54239664454929,141.10333251953125,2901600,0.0010383474081800959
2018-01-16,141.14395889319348,141.78619444627287,140.5423856057879,141.19273376464844,3662600,0.0006335870565268298
2018-01-17,141.73742418238456,142.8267710289438,141.35533780410543,142.24957275390625,4129600,0.00748508057800934
2018-01-18,142.42026796420117,142.63162983883313,141.3715587908262,141.91624450683594,2154800,-0.0023432636078771774
2018-01-19,142.25770819284702,143.5990668012118,141.76180964949714,143.17633056640625,3746300,0.008879082616293443
2018-01-22,143.05439981593167,143.75353529528465,142.76173816400262,143.24951171875,3217900,0.0005111260503340986
2018-01-23,142.72916640061916,144.50138559748416,142.14384334000886,143.73721313476562,3197600,0.003404559011503938
2018-01-24,144.13561520639618,144.13561520639618,142.4690701079517,143.17633056640625,2810800,-0.0039021388833627713
2018-01-25,143.4039567290986,143.58280619976568,141.9894357942181,142.80238342285156,2815800,-0.0026117944361009338
2018-01-26,142.81046869705324,145.02981163241242,142.2739204343444,144.99729919433594,3957700,0.015370302083719478
2018-01-29,144.94851552367643,145.27368950304597,144.0867933142142,144.5176544189453,6091900,-0.0033079566175074904
2018-01-30,143.97300414997594,144.43637776473233,138.8920823830315,140.21717834472656,9613000,-0.029757444455554283
2018-01-31,141.12769449282317,141.69675527614206,138.42057776154033,139.12783813476562,7004200,-0.007768949730843744
2018-02-01,138.4205554358113,141.07888446725462,137.29868406921773,139.7456512451172,4751300,0.004440614607646776
2018-02-02,138.8514205807355,140.42040313316224,137.37998774837047,137.69703674316406,4604500,-0.014659593938703752
2018-02-05,137.0711347927068,137.76214541347576,125.08015424070092,133.20150756835938,7309300,-0.03264797326895175
2018-02-06,128.73021901444508,134.9899111859111,128.64891931686293,134.2826385498047,7020000,0.00811650709651679
2018-02-07,134.02252117878962,136.78653763100553,133.74612201448684,134.71353149414062,4974000,0.0032088507419083534
2018-02-08,134.69727651278006,134.7297889555437,129.06354375133188,129.23426818847656,5656000,-0.04067344419593355
2018-02-09,130.05528592985624,131.6811802841898,126.19378683831403,130.72190856933594,7187100,0.011511191278537503
2018-02-12,131.99828721180572,134.85986600663009,131.29102682623693,133.24209594726562,5255900,0.01927899772510555
2018-02-13,132.51043272762328,133.1851805914133,131.4698609967309,132.0226593017578,5406000,-0.009152037401081059
2018-02-14,131.24226336790701,131.7137744674734,129.811467643817,130.06349182128906,5865600,-0.014839630490935507
2018-02-15,130.9983806372031,131.3073047061569,129.10421117024273,130.70571899414062,5012100,0.00493779740846878
2018-02-16,129.640721446292,129.99028287024757,128.25057594954157,128.27496337890625,7165800,-0.018597163413663242
2018-02-20,127.63277330717837,129.38874310175595,127.04745004231918,127.76284790039062,5211100,-0.003992326055107909
2018-02-21,128.2506814498092,131.1447869625957,128.12061918773801,128.96607971191406,7833400,0.009417697173293549
2018-02-22,129.21800855031336,131.20972753543097,129.17735869253647,130.608154296875,4398200,0.01273260836205159
2018-02-23,131.24229368158132,132.7625020849609,131.24229368158132,132.55926513671875,4272400,0.01493866022644208
2018-02-26,133.32338530195622,133.93309590547125,131.94137708157425,132.98194885253906,4525200,0.0031886395521607547
2018-02-27,133.47785811067445,133.72986986245814,130.59189187284525,130.608154296875,4907500,-0.017850502088041398
2018-02-28,131.24626162564698,131.88438374238356,129.029243214163,129.0456085205078,6116800,-0.01196361578478089
2018-03-01,129.0946811089756,131.24625059736059,126.97582974745987,127.3766860961914,5609000,-0.012932810681823281
2018-03-02,121.82184089114364,123.08169457768571,120.1283878208806,121.29826354980469,11754300,-0.04772005562930459
2018-03-05,121.30647937264904,123.92436692990655,121.01196624226553,123.55622863769531,6397800,0.01861498278549978
2018-03-06,123.73616610857376,124.1124931641647,122.8199089061863,123.69525909423828,5015400,0.0011252403709298697
2018-03-07,122.59905280818845,124.9551576345445,122.4517900150055,124.66064453125,4492000,0.007804546787651967
2018-03-08,124.94692348752426,126.48493719026798,124.8814747679323,126.34586334228516,4291400,0.013518450970408047
2018-03-09,127.31123584409211,129.03740724728075,126.67312627164038,128.6365509033203,5076500,0.018130293311063417
2018-03-12,129.0456085205078,130.44453637774686,128.8574387052202,129.0456085205078,4461500,0.0031799485784949066
2018-03-13,129.71638009389457,130.80444155768788,129.43005601378,129.438232421875,4333100,0.0030425204380728488
2018-03-14,130.07639519220876,130.49361687156124,128.6365603431062,129.45465087890625,3879000,0.00012684395270268212
2018-03-15,129.83916636679223,132.65338758290437,129.74098700498138,132.2116241455078,5925700,0.021296826710231365
2018-03-16,132.4324848776297,133.53689948558952,132.187055248171,132.82516479492188,14293800,0.004640595358989197
2018-03-19,132.53065926588343,132.82517234135264,129.4301018040041,130.08456420898438,4307600,-0.020633142749485023
2018-03-20,130.68997285145764,131.4426147026179,130.28092755301802,130.3872833251953,3105100,0.0023270948252138712
2018-03-21,130.89450200818584,131.2299221655192,129.49556152542146,129.7982635498047,3871900,-0.00451746336275427
2018-03-22,129.13561005855632,130.17457616376277,128.31751943413235,128.4729461669922,3669400,-0.010210594090913738
2018-03-23,128.9228598209692,129.07829899025847,126.73856000717186,126.78764343261719,3447400,-0.013117958174512556
2018-03-26,127.79394161712052,129.42193396652348,127.79394161712052,129.26649475097656,3477000,0.01955120586870751
2018-03-27,129.66737224518437,130.70635089975954,128.0066491702799,128.83291625976562,3519100,-0.0033541444134166376
2018-03-28,129.12738670029208,130.69811878200426,129.11103387998006,129.5937042236328,3913200,0.005905229703356385
2018-03-29,130.07643835402575,130.75545522201892,127.93304443359375,127.93304443359375,5289500,-0.012814355450272097
2018-04-02,129.4792034275766,131.02539417025838,127.00856630752592,129.0292510986328,6960100,0.00856859672098298
2018-04-03,129.2419327081594,131.32806596384876,128.6856371642797,131.22171020507812,4719400,0.016991954055203706
2018-04-04,129.66732499070443,132.65334987896642,129.16011295062242,132.30975341796875,4888000,0.008291640241467668
2018-04-05,132.85790316868344,134.62498179041938,132.32614929303733,134.12594604492188,4503900,0.01372682345809939
2018-04-06,132.87426342867573,133.98686705754074,131.6389512125749,131.91709899902344,4321900,-0.0164684545461371
2018-04-09,132.71064039804574,133.81506755370256,131.76165243291086,131.90072631835938,3581500,-0.00012411340749829414
2018-04-10,133.20968218927777,134.1341284806189,132.57157257600167,133.1605987548828,3902600,0.009551671713183607
2018-04-11,132.93971428304522,134.21593354287106,132.75973336352402,133.6269073486328,2711100,0.0035018511339706127
2018-04-12,133.83139605247112,135.31213757420718,132.15430835474965,132.21975708007812,5178900,-0.010530441035228266
2018-04-13,132.6615387719152,133.47962915040543,131.92524994143287,132.30975341796875,2452800,0.000680657262409845
2018-04-16,131.95801018387925,132.89063292549554,131.59804833920782,132.2279815673828,3115200,-0.0006180334289310752
2018-04-17,132.8497238540138,133.7414395571662,132.57975247466956,132.98062133789062,2861900,0.005691985626538942
2018-04-18,133.0133538396343,133.60238009765408,132.31798428716132,132.375244140625,2503100,-0.004552371549892409
2018-04-19,132.21159356454598,132.6124623651272,129.8963961729165,130.5099639892578,3276600,-0.01409085334253024
2018-04-20,130.3463733555226,131.4916951720635,129.67553308935467,129.88824462890625,3961200,-0.004763769304255816
2018-04-23,130.05188725325013,130.64091359066006,129.3810468477822,130.06825256347656,3051900,0.0013858677903038075
2018-04-24,130.68994965530968,130.75539838941214,128.2438547108921,128.70199584960938,2904400,-0.010504152142740697
2018-04-25,128.5138276019565,128.71835021733287,126.81219794405676,127.57302856445312,3710200,-0.008771948544414765
2018-04-26,127.99845267783756,130.45272432270434,127.33578884794379,129.9945831298828,3680600,0.01898171261338555
2018-04-27,130.46907927417453,130.7717812704677,129.43011324871034,129.5037384033203,4141500,-0.003775886000358053
2018-04-30,134.73134517259228,137.39831607944825,133.96233799839393,136.98109436035156,12954700,0.05773853364560133
2018-05-01,136.11388218605325,136.21204903762452,132.6124563385664,133.7086944580078,6560100,-0.023889427352180137
2018-05-02,132.65339997322758,133.51239769164167,131.25447188824663,131.4508056640625,4318400,-0.016886626580999375
2018-05-03,131.38537159735674,131.5817053764649,130.1418702363535,130.9599609375,3450100,-0.0037340564333770976
2018-05-04,130.8535892132114,135.35308752145798,130.81268218652204,135.00949096679688,4283600,0.03092189399193157
2018-05-07,136.4329479088781,136.86653484894583,134.69858766553753,134.98492431640625,3379000,-0.00018196239549317372
2018-05-08,134.52682729596873,135.46762654193623,133.9623427551592,134.7967987060547,2808100,-0.0013936786741503004
2018-05-09,134.98496464901766,135.15676918748687,133.3896902906894,134.36322021484375,2762500,-0.0032165340376993923
2018-05-10,134.53501161131703,135.50854153070324,134.42047941392295,135.042236328125,1675100,0.0050535861837452956
2018-05-11,134.98493080403458,135.7866559887019,134.86222222380445,135.30398559570312,2258500,0.0019382770509082103
2018-05-14,135.51667749853465,135.78664884390582,134.4286281895577,134.755859375,2537300,-0.004051072245136678
2018-05-15,134.3877374602431,134.69860337917362,132.80063980402394,133.39784240722656,3471300,-0.01007760979056449
2018-05-16,133.54511840221727,134.11777934431768,132.31798246211395,133.24241638183594,2522000,-0.00116513147878472
2018-05-17,133.0460412895564,133.53688802327179,131.4916620917866,131.96615600585938,2975500,-0.009578484169178947
2018-05-18,132.26884300459503,133.21783081520175,131.34440938913528,131.69618225097656,2318000,-0.0020457802443744066
2018-05-21,132.35068478226597,132.5061239800665,131.3935203613096,132.10525512695312,2424000,0.0031061862916950123
2018-05-22,132.57973560512195,132.60427731984225,130.20727830631597,130.44451904296875,3224000,-0.01257130976650711
2018-05-23,130.64902512139892,132.24429879169278,130.20726182926674,132.21975708007812,3835100,0.013609142416513453
2018-05-24,131.80256134208832,133.02152068457985,131.2544422034442,132.84971618652344,3378000,0.004764485432111165
2018-05-25,132.89060523317133,134.1259172308092,132.6124574959128,133.52053833007812,2582100,0.005049481194320693
2018-05-29,132.8824602406195,133.11971352312713,131.0663104553541,131.40171813964844,3197100,-0.015868870938729462
2018-05-30,132.04801793996975,132.6125024991311,131.56534744097524,132.38343811035156,2396500,0.007471134963850323
2018-05-31,131.85981325807995,132.22796394848456,130.8453890852521,130.90264892578125,4881100,-0.011185607548097942
2018-06-01,131.64363312624323,131.76713375761398,130.9191488508102,131.03440856933594,3203800,0.0010065468089144325
2018-06-04,131.79182951649491,132.1293803168434,131.347247349605,131.90708923339844,3174600,0.006659935154366137
2018-06-05,131.70123623978054,132.54099258551955,130.8861775016488,131.29782104492188,2952300,-0.004618919210615857
2018-06-06,131.55301059511845,133.69356159865146,131.17430564921364,133.68533325195312,3586200,0.018183943861599827
2018-06-07,134.81326889853023,139.95881351297794,134.76387368020988,139.53070068359375,8342500,0.04372482223329621
2018-06-08,139.1519787026657,141.24312225208314,138.69093997128945,139.06141662597656,5056600,-0.003363303239488191
2018-06-11,139.16843314261416,139.16843314261416,136.8796962186944,137.06906127929688,3246500,-0.014327161300523694
2018-06-12,137.34078325536206,137.68656238829698,136.85503423689903,137.2666778564453,2985300,0.0014417299958431329
2018-06-13,137.48075455265754,137.99118867282044,137.1185061206577,137.14320373535156,3140500,-0.0008995199929212605
2018-06-14,137.52189519607475,138.26286125032385,137.2255112868484,137.53013610839844,2390000,0.0028213747565175584
2018-06-15,136.74798870796022,137.15963224704214,135.50481718001993,137.04437255859375,7384400,-0.003532051690996796
2018-06-18,136.27872905869793,137.1431831302049,134.86267407129134,136.8961944580078,4297700,-0.0010812417746126624
2018-06-19,135.5295324484284,136.26225754098215,135.21669186036684,135.81768798828125,3350400,-0.007878279407229183
2018-06-20,135.7683024362303,136.27873650760276,133.67714580134145,133.8335723876953,3649500,-0.01460866864967647
2018-06-21,134.43456061745687,134.68979020043326,131.3472336345224,132.16229248046875,4655800,-0.012487747860343457
2018-06-22,132.77152761220722,135.95764499267602,132.76328670045757,135.47190856933594,8703600,0.025042060233302132
2018-06-25,134.19579153024048,134.19579153024048,130.86147640612683,131.5695037841797,6126800,-0.028806007284963853
2018-06-26,131.7341926050532,133.24905074138155,131.56130931189432,132.47515869140625,3375100,0.0068834713301964
2018-06-27,130.9438298126784,132.12936537381876,129.56894171568982,129.60186767578125,4962100,-0.02168928155291494
2018-06-28,129.4619402947195,129.52780479249677,127.69187745554196,128.6962890625,4136500,-0.006987388604203559
2018-06-29,129.05853911774133,130.03825321582863,128.49048131652307,129.00091552734375,4024500,0.0023670182494213154
2018-07-02,128.4245333743729,129.14901733398438,127.97995139503062,129.14901733398438,3024000,0.0011480678725046545
2018-07-03,129.5524998284381,129.93121754252178,128.68804558558674,128.8280029296875,1437700,-0.0024856124415311154
2018-07-05,129.17372439867782,129.80765890183844,128.84441462585707,129.51951599121094,2248300,0.005367723210774722
2018-07-06,129.89003985256235,132.19524678753868,129.6265818886258,131.2484588623047,3298800,0.013348898487322014
2018-07-09,132.11291597745412,132.38460229793074,131.20729490919868,131.67657470703125,2477300,0.0032618733083618068
2018-07-10,131.58601296801112,132.53278835462396,131.28140068164078,132.2364044189453,2187500,0.004251551296497791
2018-07-11,130.81213486611344,131.48723656602502,129.83242084726888,130.58984375,3203800,-0.01245164428192369
2018-07-12,131.026131933239,131.54480680637573,130.75445825550077,131.00143432617188,2360800,0.0031517809069425695
2018-07-13,129.58543330931744,130.7051046894145,127.84006802007193,130.49928283691406,5186500,-0.0038331755056020267
2018-07-16,130.5898133896698,131.13318596390098,130.04645337780454,130.72154235839844,2818200,0.0017031474553168557
2018-07-17,130.54044288377597,131.72597870207355,130.54044288377597,131.52015686035156,1877500,0.006109279982051907
2018-07-18,131.60248172565517,131.61893842697532,129.92296857581266,130.02175903320312,3824000,-0.011392913929835435
2018-07-19,129.74182885685255,130.60628294281017,129.34665451215068,129.59364318847656,4869700,-0.00329264769150861
2018-07-20,129.4207831707503,130.36757126501485,128.66336023276028,130.05471801757812,2695500,0.003557850661170203
2018-07-23,129.91477874894076,130.76276392597617,129.28907216694645,130.6968994140625,2754300,0.004937778546392879
2018-07-24,131.1002594023851,131.38017403787686,129.68420440095346,130.0299835205078,3388400,-0.0051027675219885715
2018-07-25,129.8242065703299,130.89448282196594,129.59368707765384,130.81214904785156,4193400,0.006015270525819849
2018-07-26,130.26874791213243,130.8121205532368,127.37078561764385,128.54808044433594,7409800,-0.01730778540063138
2018-07-27,128.91033728902576,130.08763219259012,128.76213903069902,129.6512908935547,4234100,0.008582084192976014
2018-07-30,129.57719877003885,131.7424485749053,129.33021004635887,130.60630798339844,3274800,0.007366043818474832
2018-07-31,130.65571530587755,130.9027040524126,129.44548175398833,129.70069885253906,3530000,-0.006933885084436264
2018-08-01,128.90205787909017,129.43718943012973,128.15286365774418,129.19020080566406,4252800,-0.003935969901406655
2018-08-02,128.96795073330424,129.19847017269603,126.06998847741681,127.94708251953125,6245900,-0.009622388372960144
2018-08-03,128.18576749760555,129.23134537545715,127.02492995653607,128.60565185546875,3673100,0.0051472008815596215
2018-08-06,128.4575187320282,129.59365924648742,127.98825149499125,129.0255889892578,2375200,0.0032653085438345553
2018-08-07,129.182012507805,129.420760295977,128.30108907198428,128.4657440185547,1929300,-0.004339022786787994
2018-08-08,128.8362252788796,130.845035600961,128.57276733098055,130.83680725097656,2988000,0.018456774220522387
2018-08-09,130.77094055002348,131.41310358419747,130.04645633029958,131.149658203125,2764500,0.002391153978163807
2018-08-10,130.35930652767976,131.32255114982118,129.97236049625965,130.63922119140625,3343200,-0.0038920193823774873
2018-08-13,130.4745710460951,130.8944556194998,129.46193115925982,130.1946563720703,2879600,-0.003402996552502313
2018-08-14,130.36754383367048,132.90325756268965,130.23581485590236,132.21994018554688,3111600,0.015555813655582895
2018-08-15,131.56951535973022,132.1046595362224,130.38397987242013,131.6271514892578,3355500,-0.004483353232932918
2018-08-16,131.84942761754198,133.60303320807932,131.84942761754198,133.1502227783203,2822100,0.0115711027081431
2018-08-17,133.29022556220767,133.29022556220767,131.9235780202029,132.67276000976562,2527400,-0.003585895378858006
2018-08-20,132.78801875940187,133.5042873373359,132.63160470633247,133.10910034179688,2659500,0.0032888464218210345
2018-08-21,132.92792966972743,133.33133227536015,132.5656813657904,132.58213806152344,1920900,-0.0039588749298155035
2018-08-22,132.88679951803948,132.96912070653678,131.79182595585573,132.17877197265625,2361500,-0.003042386363387828
2018-08-23,132.18703776485265,132.37639037063397,130.38403614658444,130.94387817382812,2755500,-0.00934260305492618
2018-08-24,130.68862704005073,131.6107047715089,130.32637862773018,131.2155303955078,2199400,0.002074569849833452
2018-08-27,131.91530247080433,132.15406278998663,131.06731767308548,132.12112426757812,2627100,0.006901575364902879
2018-08-28,132.17879164391877,133.10086949146142,131.8577100675517,133.076171875,2138000,0.007228576147200183
2018-08-29,133.306632871033,134.47569893282744,133.11728037375244,134.28634643554688,3168200,0.009093848609378341
2018-08-30,134.22052626583098,134.43457643938822,133.67715363791592,134.0311737060547,3038400,-0.0019002135084125182
2018-08-31,133.81576423682748,134.95899713127218,133.81576423682748,134.39566040039062,3649700,0.002719417313581829
2018-09-04,134.0477762243956,134.18860730314947,132.6063212766834,133.9732208251953,3296300,-0.0031432530926727154
2018-09-05,133.87374174051183,135.36489948698875,133.5340838054822,135.23236083984375,2749200,0.00939844550196578
2018-09-06,135.06672796978432,136.11055404474172,134.78506583305938,135.64663696289062,3133800,0.003063439257246392
2018-09-07,135.51408474851866,136.0277054228905,135.14957486059322,135.7791748046875,2868300,0.0009770816642740154
2018-09-10,136.25966209279878,137.53544668303357,136.06084771359806,136.74844360351562,3080100,0.007138567458687017
2018-09-11,136.5909482695498,137.46078587305416,136.02761174684778,136.37554931640625,2946400,-0.0027268631165596746
2018-09-12,136.1271293191159,137.03839142534554,135.64664014712164,136.47506713867188,2613300,0.0007297336125462461
2018-09-13,137.0631720461141,137.07146440183067,133.9565724410762,134.53646850585938,3663600,-0.014204782407930217
2018-09-14,135.0335607035892,135.12468815202686,132.7553871334366,133.24415588378906,3939800,-0.009605667789726713
2018-09-17,132.1755160070609,132.39919481216288,129.6985149956933,131.00743103027344,5360000,-0.016786663840374527
2018-09-18,131.03229346894335,131.78616505199773,130.54352458617765,130.700927734375,3722800,-0.0023395871019531445
2018-09-19,131.47962380942022,132.12579570618445,130.65947672162417,131.8689727783203,2822000,0.008936776993038187
2018-09-20,132.72223668852982,133.4181120277908,132.02634870848155,133.2027130126953,3218700,0.010114132280510724
2018-09-21,134.7933572929073,136.93898010253906,134.62766178695898,136.93898010253906,8805500,0.028049481916240238
2018-09-24,135.77917414770332,135.92829757422052,133.47614820236404,135.2904052734375,4375300,-0.012038754983183853
2018-09-25,136.3507775145509,138.4964001057699,135.92000463715422,137.8585205078125,5282900,0.018982242156674323
2018-09-26,137.85019991462931,138.76975407120887,137.14604479342148,137.32000732421875,3092600,-0.003906274212214789
2018-09-27,137.20402965018053,138.5709413259297,136.93893967235525,137.95790100097656,2390700,0.004645307622593631
2018-09-28,138.13189975183226,139.0348819991343,137.9413524718839,138.5875244140625,3390200,0.0045638807818733085
2018-10-01,139.4822213990491,139.9627104776092,138.06561859780962,138.0738983154297,3118200,-0.0037061496033238273
2018-10-02,137.80880909532277,138.38041299336135,136.83953857421875,136.83953857421875,3071200,-0.008939848561319241
2018-10-03,137.60175055944185,138.8443912473087,136.1685625313965,136.4088134765625,3830300,-0.0031476655222908434
2018-10-04,136.5993236082519,137.57687401343912,136.27623759314602,137.3531951904297,3230400,0.00692317226283512
2018-10-05,137.7176759883064,138.75320948985254,137.34487381511795,137.99105834960938,2822500,0.004643963020265707
2018-10-08,137.72591081380358,139.31648823683412,137.61821131969475,138.98512268066406,2560500,0.007203831486937151
2018-10-09,139.3082705372596,141.2964900409355,139.0183160659442,140.69174194335938,4157900,0.012279150672957151
2018-10-10,142.48112169127918,142.48940140811885,139.35794929541285,139.48220825195312,4190500,-0.00859704823253371
2018-10-11,137.85853406380195,138.902347487384,134.05605733418994,135.0087432861328,5430700,-0.03207193965369182
2018-10-12,135.80399017295838,136.65728134941128,134.0891533848686,135.71287536621094,3446100,0.0052154554063643666
2018-10-15,136.43359127814568,137.07976307409248,135.5637407402826,135.58859252929688,4265900,-0.0009157777887963681
2018-10-16,135.39807001271865,136.24306883695357,134.95071248897528,135.91998291015625,4094700,0.0024440874757791775
2018-10-17,136.2513691985966,138.9520362615235,135.9531350178422,138.15675354003906,3608400,0.016456525243689457
2018-10-18,138.0490188374749,139.16739989062864,137.3282916845643,138.18984985351562,3378600,0.00023955624772975526
2018-10-19,137.84191468323573,139.2999410883331,137.76735931587694,138.75318908691406,3510000,0.004076560138067897
2018-10-22,139.15912477652446,140.6751472769778,137.67624642559198,138.04075622558594,5703500,-0.00513453323859725
2018-10-23,141.82666154986927,147.35226662993972,141.24676533471748,146.75579833984375,12918300,0.06313383346013923
2018-10-24,145.9107815463617,147.45993524801662,144.50244620945347,146.9214630126953,7866400,0.0011288458427238801
2018-10-25,147.0954512708342,147.68363982353537,144.64331517695499,145.2314910888672,4646400,-0.011502553059127174
2018-10-26,144.64334382098318,144.91671357791336,142.98648999779113,143.59951782226562,4741600,-0.011237048207423217
2018-10-29,144.97466528304335,145.9356432409943,142.6716401829529,143.5083465576172,3485200,-0.0006348995179864536
2018-10-30,143.74031631644684,147.9487255908484,143.6823330189826,147.8658905029297,5582900,0.030364393778051113
2018-10-31,148.13100438651014,148.25527599962587,146.10964083141806,146.5487060546875,5424700,-0.008907966832391923
2018-11-01,146.35813756965126,146.92147427575756,144.72613602632,144.87525939941406,3701200,-0.011419047634913637
2018-11-02,146.1759079057286,146.62326546138763,144.14626475203326,146.4244384765625,4190900,0.010693192775430571
2018-11-05,146.9712025485264,150.02809948232826,146.6315445245951,149.43991088867188,4747300,0.02059405139936432
2018-11-06,149.14170191412975,151.4861516856427,148.6943569257271,151.3618927001953,4864700,0.012861234994681281
2018-11-07,151.60211595719025,152.82818417523683,150.67428191551076,152.6376495361328,4363900,0.008428520634744086
2018-11-08,152.67081650985511,154.12056385711028,152.49685390702896,153.65664672851562,3318600,0.006675922981515647
2018-11-09,154.08737753332497,154.56786657156013,153.31694671323714,154.0376739501953,3237000,0.00247973146487368
2018-11-12,154.0459457612887,155.26373404862323,152.2482612992207,152.73703002929688,3080800,-0.008443674119092304
2018-11-13,152.3808289525609,153.19268368426856,151.86720837710362,152.43881225585938,2358100,-0.0019524916346762566
2018-11-14,152.61280357888958,153.33353093234814,151.9003559436946,152.30628967285156,3407500,-0.0008693493543191488
2018-11-15,151.57724078140703,152.41394723344396,150.37602454328228,152.06600952148438,3351100,-0.0015776114819899822
2018-11-16,152.01632407394303,155.5537101953574,151.95004841031295,155.4045867919922,3759500,0.021954789771978067
2018-11-19,155.5288213407775,156.48978663245023,153.9133792864161,154.68382263183594,3745900,-0.004637985113791987
2018-11-20,153.813986379234,154.60928158614394,151.62694036121724,152.19027709960938,3708300,-0.01612027353475398
2018-11-21,151.77605079316572,153.73113817585457,151.3535451152231,151.3701171875,3410600,-0.005389042767643959
2018-11-23,151.20443379015342,151.60207503771713,150.00321769096286,150.7156524658203,1747700,-0.004323605833435495
2018-11-26,151.1050105123964,152.50505352347014,150.83164085154297,152.33937072753906,3843300,0.010773388398308326
2018-11-27,151.87551132969367,152.9607485907254,151.75953206456336,152.9524688720703,2194200,0.004024554792390278
2018-11-28,154.0625787433583,155.78570851579346,153.02704493594248,155.62002563476562,3279500,0.017440429581600636
2018-11-29,157.9975333862042,158.13008468540843,156.24955263040948,156.78802490234375,4617100,0.007505456080050932
2018-11-30,156.98809173412084,157.72993790881642,155.6711039608563,157.12979125976562,6635700,0.002179798856671189
2018-12-03,156.78805839456484,157.05478318463625,153.9290245461381,154.5124969482422,4401700,-0.016656894218083362
2018-12-04,154.86259379843057,156.77139769477927,154.12074752607666,154.23744201660156,4436200,-0.0017801468300182588
2018-12-06,152.32033352516993,154.82927165260875,151.78687113293637,154.57920837402344,4878000,0.002215845601128974
2018-12-07,154.47915264938732,156.03786013499428,152.2619449242101,152.50367736816406,3088000,-0.013426973961707556
2018-12-10,152.50367382413353,154.27909594345422,150.49485004344749,153.91233825683594,3084900,0.009236897843920122
2018-12-11,155.51272300229988,155.72943765168847,152.42863150383485,153.02877807617188,2889100,-0.005740671545056086
2018-12-12,153.31220703154946,154.0707275306543,151.99523188817932,152.93711853027344,3024600,-0.000598969337994748
2018-12-13,153.37049614843036,155.67104901191064,153.2121224054527,155.39598083496094,2737500,0.01607760318957996
2018-12-14,154.42078300256765,154.42078300256765,151.870166393505,152.77871704101562,4450000,-0.016842544960831374
2018-12-17,152.37029983567848,153.05379236733353,150.2031023359328,150.69488525390625,4566700,-0.013639542388289239
2018-12-18,151.9035835309441,152.21198773691216,149.25293281563677,149.79473876953125,4269000,-0.005973304819591907
2018-12-19,150.82828123003316,152.5203576707307,148.85280570597882,149.3362579345703,3883800,-0.0030607272239804306
2018-12-20,148.54440692332707,149.0445207263215,143.81824817724493,144.7684783935547,5775300,-0.030587210394791953
2018-12-21,144.64344449604826,148.0776074030326,144.64344449604826,145.1602325439453,8536900,0.0027060735509398803
2018-12-24,145.23523937036398,146.09377997267265,141.8427435637954,141.93443298339844,2400900,-0.02222233668281226
2018-12-26,141.77604879038446,145.0685114402358,140.9008339799829,145.0601806640625,4065500,0.022022476258665602
2018-12-27,144.4434186431412,146.46058654785156,142.3095689495192,146.46058654785156,3934500,0.009653964839821727
2018-12-28,146.95234650967842,147.95258680631002,145.7437222879675,146.3355255126953,2896800,-0.0008538886679617663
2018-12-31,146.66896268465484,148.2026654803181,146.36888929256884,148.01095581054688,2482600,0.011449238262421835
2019-01-02,146.21046531251847,146.95231139980902,145.1768767123219,146.75225830078125,2571500,-0.00850408338269737
2019-01-03,146.2438016853703,147.0773371896685,145.37693035714685,145.7853546142578,3728200,-0.006588680117901036
2019-01-04,146.72728217939647,149.36958871276283,146.44388310562732,148.6027374267578,3194300,0.019325554476680384
2019-01-07,148.4860470974525,151.60347515238357,148.4860470974525,150.2198028564453,3283000,0.010881801087173848
2019-01-08,151.67016917620677,151.94522477850794,149.96141836174468,150.53656005859375,2941400,0.0021086248026243037
2019-01-09,150.50318011283503,150.78657915343732,149.36124045475066,150.2781219482422,2680700,-0.001716779699569182
2019-01-10,149.90304810180282,151.60346794869247,149.46961872170868,151.32839965820312,2498500,0.006988892969547855
2019-01-11,150.52814888444905,152.03684586382502,150.419797935475,152.0118408203125,2348900,0.004516278264047102
2019-01-14,151.22004932739898,151.4951176422148,150.61157181091016,151.0533447265625,1886200,-0.006305404161791595
2019-01-15,151.26170039997456,152.71205686567598,150.6532229971559,150.88661193847656,3860200,-0.0011038007029090524
2019-01-16,150.81994758150037,151.31173057892104,149.31958081765794,149.49462890625,3375600,-0.009225358130475758
2019-01-17,149.41121730778548,150.9615936279297,149.22783850614277,150.9615936279297,3061000,0.009812825600574948
2019-01-18,152.57036946388618,152.75374833602538,150.81995211902833,152.17861938476562,3498000,0.008061823723426675
2019-01-22,151.91189403421635,154.60421100921158,151.91189403421635,153.845703125,3190300,0.010954782918744632
2019-01-23,154.02069560293577,155.17930949131997,153.46222831905564,155.1126251220703,2530700,0.008235017106983822
2019-01-24,155.75448205845714,156.60469203724148,154.98763073751763,156.17958068847656,3214200,0.00687858622447135
2019-01-25,157.34652830652624,157.88832139185473,153.31220609185021,153.3705596923828,4405600,-0.01798584029814221
2019-01-28,152.58702355006668,153.13716009369455,151.561778332392,153.03713989257812,4138700,-0.002173949162560529
2019-01-29,152.77042473681033,153.13718248619142,150.84495927130516,151.84519958496094,3666700,-0.007788568895457981
2019-01-30,152.47035605759174,156.52967104200647,148.9278291620564,151.5117950439453,9489900,-0.002195687067664487
2019-01-31,150.24478375672106,151.57844573193404,147.42742951142384,149.0194854736328,10440100,-0.016449607567447955
2019-02-01,149.66136775118952,150.44489350267483,147.1024065295832,147.30245971679688,6529200,-0.011522155987713112
2019-02-04,147.77755051471385,148.185987619236,146.41889586343962,147.99427795410156,4533800,0.004696583062053339
2019-02-05,148.12765031198327,149.55298938533173,147.7192131975825,148.01095581054688,4495900,0.00011269257619872519
2019-02-06,147.9942627124358,147.9942627124358,146.69394908501232,146.85231018066406,3965200,-0.007828107206914292
2019-02-07,146.70228907953668,146.91900379147384,145.29361165508044,146.10214233398438,4176300,-0.005108314916917545
2019-02-08,145.67702888848078,146.2605012988376,145.36861204970708,145.6603546142578,4051600,-0.0030238278006673447
2019-02-11,146.06878138440692,146.61890520761463,145.1768921980241,145.2519073486328,3216400,-0.0028041073132538674
2019-02-12,145.69373145807563,146.10216861967655,144.86853907353773,145.01023864746094,4692800,-0.0016637902082196065
2019-02-13,145.0352072803396,145.58534387769484,144.82682336183333,145.1602325439453,5283000,0.0010343676273028013
2019-02-14,144.97685657179667,147.0690392953546,144.5434271701492,146.5939178466797,4428800,0.009876570721945699
2019-02-15,147.7692156471293,150.01975961169742,147.54415743504865,150.0114288330078,4648600,0.023312774748966314
2019-02-19,150.96169326134867,151.62018105185055,149.33630073653478,149.41131591796875,4765400,-0.004000447963915521
2019-02-20,149.59467515329936,150.8032995527544,149.48631142632328,150.44488525390625,3707400,0.0069176108220943
2019-02-21,150.41147212671154,152.8203891119914,150.36979280971008,152.3786163330078,4391000,0.012853418551504792
2019-02-22,152.52035238497672,152.8787793345907,151.70349099471528,152.67872619628906,3073500,0.001969501170855814
2019-02-25,153.31223575545562,153.96240538989036,152.04527047904995,152.21197509765625,3090800,-0.0030570801202044473
2019-02-26,152.90377628188529,153.21218039151725,152.09524571238248,152.71206665039062,2219100,0.0032854941433715368
2019-02-27,152.59537742591374,153.42056957874345,152.40365506907412,152.83709716796875,2261700,0.0008187337145031393
2019-02-28,152.77837047667373,154.33022123754066,152.6777006848193,154.21278381347656,3297900,0.00900099956750644
2019-03-01,154.8419100808631,155.73108094553587,154.40572126405075,155.227783203125,2691000,0.006581810953339096
2019-03-04,154.80834759852607,154.95933306727036,150.73995736112548,151.4865264892578,4899800,-0.02410172094625307
2019-03-05,151.49496782651744,152.4596316275183,151.2852571915415,152.1240997314453,3362500,0.00420877854264301
2019-03-06,152.66933953241028,153.8940552506465,152.58545016003148,152.6945037841797,2083900,0.0037495968997769413
2019-03-07,152.7700122017126,152.99650329057866,150.94972527202017,151.42787170410156,3268100,-0.008295204140866819
2019-03-08,150.7819151811945,150.99162577254526,149.54043206431928,150.57220458984375,2757200,-0.005650657997292807
2019-03-11,150.99161651397344,151.9311158097062,150.82385061112373,151.89756774902344,2071500,0.008802176754932667
2019-03-12,152.39250028106565,152.75320917604196,151.54527404823585,152.52671813964844,2191800,0.004141938544167667
2019-03-13,153.10553871433817,153.65916504389233,152.41768171135016,152.71966552734375,2612100,0.001265007141362906
2019-03-14,152.6609377603937,153.32361764525132,151.55365961388364,153.29006958007812,2375300,0.0037349744760424297
2019-03-15,153.73466355614087,155.571730619315,152.7616032158729,155.46267700195312,6010500,0.014173177870077547
2019-03-18,156.00793357790334,156.2428084674933,153.85211488422692,154.30508422851562,3669200,-0.007446113728139081
2019-03-19,154.39734641267032,154.65738553619602,153.11391842901588,153.60044860839844,4102800,-0.004566509416330522
2019-03-20,153.82697925568883,155.48788422676864,152.93780803682512,155.16073608398438,3522400,0.010158091917842338
2019-03-21,154.7160928176524,156.5531597039594,154.70769620191274,156.33505249023438,2830200,0.007568386409396499
2019-03-22,155.99116935449612,158.24764510742892,155.97438891923798,156.7041778564453,3319600,0.0023611171028583566
2019-03-25,156.23442622944086,156.41058879827506,154.35541429400308,155.7898406982422,2651600,-0.005834797583002094
2019-03-26,156.56994875865453,158.44057676443026,156.31830624641643,157.2661895751953,2609600,0.009476541412047235
2019-03-27,157.40040493840425,158.25602786553324,156.88871050547777,157.29135131835938,1684800,0.00015999461315896468
2019-03-28,157.6771926043228,158.9186756594341,157.64363174353386,158.86834716796875,1977100,0.01002595397897954
2019-03-29,159.58977306748918,159.81626410858928,158.46572727786904,159.29617309570312,2952000,0.002692958889299879
2019-04-01,159.79945294661317,160.09305286194007,157.48425288189907,158.0294952392578,3195100,-0.007951715548648597
2019-04-02,158.46575198559012,158.49930005630395,156.61190428553627,157.99600219726562,1797700,-0.00021194171342175938
2019-04-03,158.4405877326243,158.74257156793598,157.38363790917245,157.99600219726562,2512300,0.0
2019-04-04,158.58313681591378,159.99238571330844,158.4573027931137,159.27098083496094,2324900,0.008069689232411248
2019-04-05,159.6736631830067,160.4202324407903,159.43878832435925,159.97564697265625,2438400,0.004424322208610665
2019-04-08,159.9756469518885,160.63832684590352,159.04453133389995,159.25424194335938,2290100,-0.004509467803059941
2019-04-09,158.87675455169804,159.61494000194315,158.0714729693579,159.44717407226562,2279500,0.0012114724641048014
2019-04-10,159.84984558510965,160.47059372391058,158.33992632837928,158.72579956054688,2406800,-0.004524222620538865
2019-04-11,158.7760988787565,158.94386480983397,157.744326242896,158.44056701660156,1740400,-0.0017970143778454073
2019-04-12,159.03614737781103,161.29263576317769,159.01937974351776,160.72222900390625,3238800,0.014400743636985514
2019-04-15,160.8648063570202,161.3513364720572,160.09307290549492,160.93191528320312,1973500,0.001304650144515973
2019-04-16,161.4772137800956,161.9553602452857,160.54609790553056,160.80613708496094,1559200,-0.0007815615567666745
2019-04-17,161.05778470988272,161.35138474981588,160.52930975789215,160.7306365966797,1875000,-0.000469512480368528
2019-04-18,160.86484463370428,163.57430257447731,160.77257143821186,163.49880981445312,2918400,0.01722243672013568
2019-04-22,162.73539810119664,163.34774936580098,162.21531999698888,162.6682891845703,1738400,-0.005079673857108391
2019-04-23,162.99550625158022,164.3712076263251,162.83612410699084,163.7924041748047,2192900,0.006910474044261372
2019-04-24,164.05247314479703,166.30894925825632,163.85953010780545,165.78048706054688,3070100,0.012137821016537709
2019-04-25,164.82413649432073,166.1075642544352,164.09433495249917,166.0320587158203,2040800,0.0015174985894543802
2019-04-26,166.4850657161581,166.59411933295326,164.86609309640014,165.60427856445312,2302100,-0.0025764912793099226
2019-04-29,166.0740203567104,166.39278457534743,163.90980535591513,165.3526153564453,3456100,-0.0015196660991453337
2019-04-30,166.80381980928877,167.76848346934975,163.99369259128937,165.7301025390625,6162300,0.002282922358400219
2019-05-01,164.30403531509813,165.4113132822256,162.69345965359074,162.8780059814453,4059600,-0.017209284939318392
2019-05-02,162.8948038252225,163.70008534220494,162.16501505050985,163.2471160888672,2418000,0.0022661752591932594
2019-05-03,163.85945793097764,166.06561735829757,163.36454402742254,165.68814086914062,2915200,0.01495294274567538
2019-05-06,164.85771157837095,167.08063903058994,164.36279758708,166.84576416015625,2371300,0.0069867600960644705
2019-05-07,166.05724774357768,167.44971640488694,165.02546237200391,166.1243438720703,3072500,-0.004323875357083895
2019-05-08,165.8475591069869,167.00515307272119,165.04226466151346,166.11598205566406,2040900,-5.0334684317476786e-05
2019-05-09,165.3526092146653,166.35083371513448,164.75703828058784,165.8643035888672,1923600,-0.0015150767775766738
2019-05-10,165.30228635528158,168.07046891994833,165.26873829013127,167.76010131835938,2668800,0.011429811529497957
2019-05-13,166.09081199022052,167.6930042081197,165.48684437718754,166.95481872558594,2809400,-0.0048002033048683
2019-05-14,166.78706969762118,167.44136587812008,165.78884499155387,166.09921264648438,2787700,-0.0051247761857528
2019-05-15,165.80561702604035,167.54201440178002,165.67139914973282,166.98838806152344,1899000,0.005353278928127869
2019-05-16,167.23162649427474,168.2969599588017,166.83736953023057,167.76010131835938,2520500,0.004621358801017994
2019-05-17,166.81219774696325,168.07884514462012,166.76186925165118,167.1141815185547,2239600,-0.0038502587607461836
2019-05-20,167.11421010549893,168.33891303332322,166.3256960781407,166.92127990722656,2217400,-0.0011543102421065488
2019-05-21,168.5150798425184,168.73317429824633,166.98839305297957,167.63429260253906,2264600,0.004271550611814057
2019-05-22,167.36587730485593,167.9111198690018,166.51025427829464,167.73497009277344,1760300,0.0006005781315465697
2019-05-23,166.77030785876144,167.29038621414605,166.17473673560616,166.90452575683594,3560400,-0.004950931433547745
2019-05-24,167.65941894797032,167.6845831948755,165.52876497844835,165.89785766601562,2105800,-0.006031400803875986
2019-05-28,166.32564952437926,167.2483811704071,164.73185428093225,164.97511291503906,3675100,-0.005562125780034011
2019-05-29,164.2872994420882,165.0003078468815,163.4484569895878,164.42990112304688,2925100,-0.0033048123584129563
2019-05-30,164.42152601233963,167.28198222143428,164.2285958069517,167.13099670410156,2685000,0.016427034028521303
2019-05-31,166.56563015749117,168.7762635074142,166.43062630605326,167.291259765625,3669100,0.0009589068735535999
2019-06-03,167.3672278691033,167.99161115009585,166.48972840970146,167.7216033935547,3211800,0.0025724214674012202
2019-06-04,167.90724249389586,169.0041265524602,167.73004828168158,168.43881225585938,3829900,0.004276186536458226
2019-06-05,168.81855795208267,169.22355688153453,168.118239524784,168.86074829101562,4294600,0.0025049810640751513
2019-06-06,168.85225393661887,171.6029035978825,168.77631907318866,171.324462890625,4657600,0.014590214863689832
2019-06-07,171.704124737113,174.1425759198667,171.704124737113,173.374755859375,4345000,0.011967310062772185
2019-06-10,173.89784924143274,173.89784924143274,168.53156882143682,169.8478240966797,4647500,-0.020342821797863286
2019-06-11,170.69157437213372,171.83063546555044,169.92375452326246,171.50157165527344,2991400,0.009736642593975331
2019-06-12,172.53944895597567,173.38320387954695,171.87287535653448,172.9106903076172,2874000,0.008216359994508649
2019-06-13,173.13848742656222,173.30723581654058,171.83911066158424,172.5394287109375,2277800,-0.0021471292261872055
2019-06-14,172.12603913293447,173.6532337927434,171.94041198232642,173.2144775390625,2715800,0.003912432266458543
2019-06-17,173.6025849426648,173.6025849426648,171.35819363428502,171.9656982421875,2694400,-0.007209439503077175
2019-06-18,172.96978004616508,173.3072769061393,172.05852307461882,172.55633544921875,2470900,0.0034346222128520676
2019-06-19,172.6491440458141,172.9697750658336,170.95320113005326,172.590087890625,2328400,0.00019560244669292182
2019-06-20,172.96976792833368,173.2988318498931,172.21039360925164,173.07101440429688,2162200,0.0027865245307521214
2019-06-21,173.45917612707254,173.76292848002825,172.10916280845126,172.3454132080078,4267400,-0.004192505595385532
2019-06-24,172.7588356485782,173.18071314710954,171.8138341717655,172.0585174560547,2486800,-0.0016646555693760057
2019-06-25,172.80099712958557,174.14256426105896,172.7334951961264,173.56881713867188,3020900,0.008777825735961864
2019-06-26,173.3832196508756,173.5350893710872,172.134452980631,172.590087890625,2576000,-0.005638854168516505
2019-06-27,172.69129271723273,174.10880747069783,172.29472693276,174.0413055419922,2253500,0.008408464640720537
2019-06-28,174.5728646927932,175.49256721862287,174.08349823367953,175.21412658691406,3658200,0.0067387511330687655
2019-07-01,176.22663012663796,176.7075636734926,173.9738063289624,174.06661987304688,2689500,-0.006549167788123311
2019-07-02,174.4463544322967,176.8341827392578,174.08354594512556,176.8341827392578,3120000,0.01589944624781836
2019-07-03,177.036659840822,179.61010199397242,176.9354004977304,179.55947875976562,2306000,0.015411590555013177
2019-07-05,179.12916510768935,179.7282238677155,177.39946501418504,178.2347869873047,1876200,-0.007377453875510809
2019-07-08,178.23476399466446,179.32320199376318,178.2263182070891,179.01101684570312,1818000,0.00435509740561324
2019-07-09,178.86759757076013,179.45822339836775,178.428841438247,178.95196533203125,1618800,-0.00032987642164372666
2019-07-10,179.08695623908244,180.10790521159282,178.83382722423323,179.7197723388672,1842300,0.004290575995694379
2019-07-11,180.96013481430612,181.23857550762793,178.54699501352982,179.458251953125,1922800,-0.001455156449058248
2019-07-12,179.45823569558004,180.0572944779615,178.26010525613881,179.71136474609375,1960100,0.0014104271618273767
2019-07-15,180.25134332381387,181.15415427139268,179.45821174623381,180.74072265625,2408500,0.005727839814752889
2019-07-16,180.1670465128763,181.3229870149687,179.00266021900168,180.32736206054688,2380400,-0.002287036311619084
2019-07-17,180.5466827432686,181.32293576153884,180.02355878794447,180.31887817382812,1698400,-4.7047140388500885e-05
2019-07-18,180.63102183785693,182.20883913027245,179.9982057634003,182.1750946044922,2259800,0.01029407707868879
2019-07-19,181.89669935515008,182.47044655924935,180.39481652714994,180.45387268066406,2860500,-0.00944817362419903
2019-07-22,180.38638411203593,181.68577408183822,179.3148244823405,181.40733337402344,2580000,0.005283680971738702
2019-07-23,182.03164919501904,182.46195947033183,179.41600439493834,180.8250732421875,2503600,-0.0032096835392836365
2019-07-24,180.42857322159185,181.3651418234935,179.1038845142132,179.53419494628906,2971600,-0.0071388235754756835
2019-07-25,179.1797874925031,181.0698030655564,179.137597173412,180.93479919433594,3789000,0.007801323020753204
2019-07-26,183.89636230419933,184.7485629208126,180.9769778072884,181.89666748046875,5029300,0.005316104422232737
2019-07-29,182.25102958500253,183.44915980860947,180.81664905672244,181.39039611816406,4278600,-0.0027832910262582944
2019-07-30,180.80822222444914,181.58448802081398,178.52165377707482,179.16290283203125,2808500,-0.012280105969236343
2019-07-31,178.9435429598433,179.47511267334357,176.65696148758047,177.79603576660156,4048800,-0.00762918575119953
2019-08-01,178.18415607399137,179.82948845155846,177.2813450132998,178.24322509765625,3231800,0.0025151816750388356
2019-08-02,178.28541717000186,181.48324265192664,177.93947456288086,180.9685516357422,3517800,0.015289930579929667
2019-08-05,180.25978683643729,181.07823007634818,176.70757322948273,177.56820678710938,3685600,-0.018789700298188272
2019-08-06,177.61038352461347,181.02759300346648,177.08725967403362,180.6310272216797,2970300,0.01724869834520759
2019-08-07,179.9391741772496,183.56732300039022,178.31916623464048,182.95138549804688,3767200,0.012845845545236934
2019-08-08,183.35638035410938,185.40671151291602,182.39450025636805,183.94700622558594,3724300,0.00544199610639029
2019-08-09,184.0060839861691,187.2545328708566,184.0060839861691,186.59640502929688,3784000,0.014403054760574907
2019-08-12,185.9973121060858,186.1744934061094,182.56322385453086,183.22979736328125,2338200,-0.018042189320244595
2019-08-13,185.62608709238918,185.81171420945586,183.97232174252565,185.3982696533203,2913300,0.011834714229038479
2019-08-14,184.74015807161155,185.40673174368743,182.57171437657692,182.6560821533203,3233700,-0.014790793382956968
2019-08-15,182.25109994775784,184.343608971877,181.97265922232037,184.1664276123047,2774100,0.00826879368690614
2019-08-16,184.93420284467987,185.47421836969536,183.3479523013224,184.33514404296875,2475900,0.0009161085049618212
2019-08-19,185.61764403436374,185.80327114128642,183.18762581623278,184.59669494628906,2721100,0.0014188878885696976
2019-08-20,184.66420795685084,185.55858613947,184.2338975693677,184.33514404296875,2333800,-0.001416877498247815
2019-08-21,185.54172157726072,186.29266302128738,184.5545297603726,186.2251739501953,2053200,0.010253226084690592
2019-08-22,186.08168728971668,186.37700663444608,183.83730919354647,185.1957550048828,2550600,-0.005527818411853458
2019-08-23,184.9257210097978,185.1788500015163,180.4706971043832,181.12039184570312,3662300,-0.0220057050393635
2019-08-26,182.31855702283906,183.24667967116116,180.74073950841705,183.0188751220703,2553100,0.010481885871716168
2019-08-27,183.58418733761283,183.85418220291305,182.29324340820312,182.29324340820312,2070000,-0.003964791682733337
2019-08-28,182.77419515580883,184.11577532579415,181.7448130755328,183.99765014648438,2146100,0.009349807521196185
2019-08-29,185.48266722103617,186.4867377527792,184.25077922943788,186.08172607421875,2729800,0.011326644259180396
2019-08-30,186.4379952440035,186.60763596087108,184.0120954588019,184.88575744628906,2733700,-0.006427114865930839
2019-09-03,184.85178049023034,185.47946524029334,183.45222870840237,184.1732177734375,3183100,-0.0038539457159568746
2019-09-04,184.48704979239668,185.97990585776213,183.6388334715121,185.33526611328125,2252200,0.00630954030066011
2019-09-05,186.78573514089567,186.8875169650355,185.25045261784217,186.17501831054688,2752100,0.004530989783414263
2019-09-06,186.4464327504887,187.3200945505443,186.1410743485345,186.63304138183594,1976500,0.002460174707892726
2019-09-09,187.03176533574708,187.03176533574708,184.1987249217307,184.28353881835938,2569600,-0.012588888580932878
2019-09-10,182.73126375642107,182.73126375642107,176.66652131119625,177.85401916503906,6407600,-0.034889278198947715
2019-09-11,177.86248878309937,179.44017171429994,176.88703221340697,178.29507446289062,3393300,0.002479872537725969
2019-09-12,179.7370273476036,181.54373219375674,179.22810533734807,179.94908142089844,3439100,0.009276795576044217
2019-09-13,180.24596788621588,180.48346742024566,177.23479736356597,177.96426391601562,3791800,-0.011029884060593464
2019-09-16,177.5317087713627,178.00670792107775,175.86072129934337,175.9200897216797,3437700,-0.011486430755000443
2019-09-17,176.42902434643887,178.83795599567685,175.996438609597,177.99822998046875,3667900,0.011812978620445502
2019-09-18,178.67679726062016,178.87189637081553,176.67500583973865,178.4901885986328,2534800,0.0027638399450267137
2019-09-19,178.44777853659062,179.6776897843006,178.01517986943858,178.5665283203125,2552000,0.0004276970195340457
2019-09-20,178.41381989338856,179.63525348043868,177.59104901718828,177.60801696777344,5979300,-0.005367810874497669
2019-09-23,177.32812849373212,180.22054968678773,177.32812849373212,179.43170166015625,2812100,0.010268031384606413
2019-09-24,180.24594631298595,181.11113047925895,179.44014349449014,179.83880615234375,3049800,0.0022688548813885046
2019-09-25,179.83883445615396,180.7973101322075,178.97365015371454,180.3562469482422,2414500,0.0028772477251661766
2019-09-26,181.7048862133947,182.93479718804113,180.22898527816727,180.33078002929688,3053100,-0.00014120342032075683
2019-09-27,180.72097457897465,181.20446411398996,180.06784436146,180.80580139160156,2333200,0.0026341668473208735
2019-09-30,180.80579130893108,182.67186459787084,180.508910424047,182.1205291748047,2488000,0.007271491141789266
2019-10-01,179.08392651326898,179.56740311440493,176.81919035630557,177.294189453125,4811900,-0.026500800011662773
2019-10-02,176.36960757893186,176.83612912860073,174.38478455970818,174.96157836914062,4171400,-0.013156726067444557
2019-10-03,175.42809664585724,178.15086364746094,175.01246601067874,178.15086364746094,3499900,0.018228489409208626
2019-10-04,178.82944763437015,179.57588213487838,178.15934949611741,179.5589141845703,2220300,0.007903697508285568
2019-10-07,179.0584975623603,180.55983135831744,179.0584975623603,179.7540283203125,3057000,0.001086630182791204
2019-10-08,178.9567137971475,180.78886454598006,178.10001979033777,179.06698608398438,2555900,-0.0038221242814311385
2019-10-09,179.5674055115337,181.06875213190162,179.49954664783155,180.52589416503906,1745900,0.008147275569659884
2019-10-10,179.61830139160156,180.78036666835447,179.39776978553604,179.61830139160156,1853100,-0.005027493577224762
2019-10-11,180.69553244072836,180.89910902911726,176.99730854623553,177.294189453125,3945700,-0.012939171122710702
2019-10-14,176.42901639027352,178.14241719265058,176.2508852462209,176.7513427734375,3088000,-0.0030618413460810068
2019-10-15,177.75223362524102,177.88795136077977,175.1736613637828,175.7674102783203,3766800,-0.005566761076199578
2019-10-16,175.58077265144496,177.2178238844174,175.41960948493397,176.68345642089844,2891400,0.005211695052726784
2019-10-17,176.85311938768328,177.69285828301665,175.4450770575201,175.4535675048828,3340500,-0.0069609738281650735
2019-10-18,175.4111384747637,177.3196252046669,175.3517571195337,176.8531036376953,3518800,0.007976675269219413
2019-10-21,177.8709897453345,178.7700971254898,176.80224166108962,177.99822998046875,3684200,0.0064750141174754194
2019-10-22,173.9606594653098,174.0963771652192,168.9222531052543,169.0240478515625,10265400,-0.050417254878831974
2019-10-23,169.7365338873195,170.61019548430505,167.96376524432947,168.97314453125,7943700,-0.0003011602251841161
2019-10-24,169.2530765906314,169.26156703708315,166.07226543211473,166.26736450195312,4955600,-0.016013077325411684
2019-10-25,166.33521223159974,166.80172081610206,164.8932342486741,165.0713653564453,4773700,-0.007193228503322824
2019-10-28,165.3851721194403,165.67357543091669,162.43338370531905,162.67088317871094,7711400,-0.014542087130320347
2019-10-29,162.85754808633772,163.8754051733263,162.55218966596564,163.38343811035156,4454600,0.00438034710156332
2019-10-30,163.9517111619232,167.0985991038164,162.586082499253,167.0052947998047,6332600,0.022167832500910256
2019-10-31,167.4379108741126,167.94684588723655,165.93657717663154,166.8441619873047,4961000,-0.0009648365502012979
2019-11-01,167.76026110040706,167.9214243089052,164.29953617022002,164.50311279296875,4192400,-0.014031352169901368
2019-11-04,161.29684556739588,161.79729017386092,159.0830000832176,160.02452087402344,17662100,-0.027224967618586837
2019-11-05,160.86420679192585,163.70573640929192,160.69456613031136,163.01019287109375,10496000,0.018657590604009622
2019-11-06,163.96027373892517,165.63126150050329,163.7482195858595,164.70669555664062,6473500,0.010407341134112125
2019-11-07,166.0128804016067,166.25037990891352,163.12895041702245,163.77359008789062,4820200,-0.005665255232013999
2019-11-08,165.06294460417917,165.215617369543,163.89240163202734,164.22320556640625,3499400,0.0027453478810248733
2019-11-11,164.2401754489964,164.76606557065406,163.2816866015491,163.4004364013672,2746700,-0.005010066404448343
2019-11-12,163.70575302456075,164.43521959201766,163.51066689104152,163.94325256347656,2930600,0.003321999463796077
2019-11-13,164.35885833212865,165.47849699702974,164.13831383457455,165.40216064453125,3405000,0.008898860174131329
2019-11-14,165.5972881690652,165.82631022659774,163.84148690866346,164.55398559570312,3173900,-0.0051279562825721214
2019-11-15,165.03743833384138,165.22403399739196,163.96867759905936,164.52850341796875,2991300,-0.00015485603488807342
2019-11-18,164.72358402172858,166.01287627416272,164.43519361899067,164.79144287109375,3420300,0.001598139213951466
2019-11-19,164.72363460376852,164.89327530789734,163.7142549414813,164.07899475097656,2910500,-0.0043233320110831475
2019-11-20,164.20621674086937,165.37675956424465,164.16380333051774,164.6642608642578,3131300,0.003566977687604167
2019-11-21,164.79145486481656,165.11378118707242,163.07805438621074,163.15440368652344,3509500,-0.009169307108960578
2019-11-22,163.86692207390925,164.06200821442218,162.98476980395108,163.8245086669922,2417700,0.004107182921990082
2019-11-25,164.50311341658457,164.82543983480272,162.51828987259853,162.76426696777344,3999600,-0.0064718136977532925
2019-11-26,162.85755907029684,164.57943743546335,162.8151456590711,164.56246948242188,3877200,0.01104789489823621
2019-11-27,164.774514099163,166.81871874052214,164.48612362785857,166.5048828125,4133000,0.011803501346250744
2019-11-29,167.751177575058,167.7767860972377,165.83900511524976,166.0182647705078,2815500,-0.0029225451756881293
2019-12-02,166.78658560206551,166.9658452853637,165.4207367522413,166.6158447265625,3197500,0.0035994832067467453
2019-12-03,165.8646161197243,166.49631037720846,164.19999702464034,164.8572998046875,3745300,-0.010554487928570055
2019-12-04,165.258523072367,166.0097411620468,164.66096914907564,165.87315368652344,2217200,0.00616201941339245
2019-12-05,166.03536470358816,166.03536470358816,164.87439710802607,165.78781127929688,2819600,-0.0005145040371502541
2019-12-06,166.07806186532284,167.09391021270721,165.70245275949662,166.760986328125,3095100,0.005870003598688278
2019-12-09,167.02559918772596,167.61462131314664,165.85608676997063,166.1890106201172,2227500,-0.0034299131985365827
2019-12-10,166.13778783839362,166.79510368292307,165.84754921508932,166.41949462890625,2470100,0.0013868787588844356
2019-12-11,167.03415745289948,167.1024512054929,165.83050448663025,166.2231903076172,2490300,-0.0011795752758821942
2019-12-12,166.67557517963726,168.31458567465805,166.385336587182,167.5804443359375,3024700,0.008165250743945807
2019-12-13,167.3499808893843,168.4511995831879,166.75242692119997,168.2719268798828,2077900,0.00412627229081175
2019-12-16,168.67314887937417,169.15973692554158,167.72559433877962,168.92071533203125,3650100,0.0038555953103904805
2019-12-17,168.68169639528588,169.63778278438576,167.69998845404214,167.75975036621094,3338200,-0.0068728395066188774
2019-12-18,167.82802842067318,167.9902113977533,166.21462627706407,166.99998474121094,4287700,-0.004528891008370395
2019-12-19,166.85485226378475,168.32312195432598,166.67557958388556,168.22068786621094,3345700,0.0073096002187762465
2019-12-20,169.4926696129894,169.8768105492924,167.87072240036474,168.2890167236328,6415500,0.0004061858163142418
2019-12-23,168.6304785408228,168.6304785408228,167.34146818881305,167.48658752441406,2388900,-0.004768161433473139
2019-12-24,167.25606430802392,168.28898917054156,167.03411943189136,167.8877716064453,1152500,0.0023953206520059833
2019-12-26,167.83654701008163,168.3060582901054,167.45240615395232,168.22068786621094,1809600,0.001982969078570207
2019-12-27,168.45114834690693,169.42431109215164,168.3230927332958,169.168212890625,2263900,0.0056326307806304765
2019-12-30,168.6646426882438,168.85244725822554,167.26465327382667,168.0926971435547,2242400,-0.0063576704434755715
2019-12-31,167.99875984893353,168.98045469368617,167.79387862645768,168.69021606445312,2278700,0.003554698871826245
2020-01-02,169.02314686716053,171.41337579163405,168.86095085423665,171.4048309326172,3554200,0.01609230773127268
2020-01-03,170.20972966655032,171.19996944960985,169.74876316102961,170.7987518310547,2767600,-0.0035359511063066673
2020-01-06,170.38898503584235,173.09506095796405,170.17557198495862,172.71945190429688,4660400,0.011245398766977166
2020-01-07,172.32675618754138,173.01821234828117,171.16578873688627,172.9755401611328,4047400,0.001482683357389547
2020-01-08,172.96697488653103,176.44134499609987,172.60844258719732,175.77549743652344,5284200,0.01618701275788692
2020-01-09,176.5864977242059,178.72916009470467,175.93772673002715,177.8584442138672,5971600,0.011850040578584853
2020-01-10,177.93526441829934,178.37062234558226,176.93649291992188,176.93649291992188,2336400,-0.005183623965791084
2020-01-13,177.0303753880965,177.3718310153523,175.64745013860679,176.28768920898438,2784200,-0.003666873352300093
2020-01-14,175.39142358276646,177.26091135184924,175.39142358276646,176.97921752929688,2622700,0.003922726104218732
2020-01-15,176.97918756452754,179.56575279381994,176.97918756452754,179.0706329345703,3369400,0.011817293773079385
2020-01-16,179.3608768668734,180.2145291268603,178.6011268765131,179.99258422851562,2726700,0.0051485342897190645
2020-01-17,180.47912548703272,181.6315610327466,180.41937661337278,180.95716857910156,3540400,0.005359022732632779
2020-01-21,180.43644654255039,181.19619641719163,179.45475180336936,180.25718688964844,4100500,-0.003868217517711381
2020-01-22,181.9644832029982,182.39130924934094,180.47059204079866,180.49620056152344,2757400,0.0013259591808747473
2020-01-23,179.7279096379659,182.2547256166987,178.08889914866523,182.18643188476562,3378200,0.009364359570915415
2020-01-24,182.83521161411437,182.83521161411437,180.03523359835924,180.3254852294922,3106300,-0.01021451837011933
2020-01-27,177.42305876923737,179.78767885913044,176.96209234204028,178.7035369873047,3389300,-0.008994559144667291
2020-01-28,179.17305793748983,181.15353727393483,179.14744941380295,179.59988403320312,3855200,0.005015832708236356
2020-01-29,180.7096763882378,184.74744854272544,179.94992628273332,183.05722045898438,5734800,0.019250215245919078
2020-01-30,182.68163112211465,185.02064361171637,181.68285928140054,184.54258728027344,3560700,0.008114221430680413
2020-01-31,183.9791543209092,185.32792656914765,181.94745760162962,182.65599060058594,3920800,-0.010223096508461982
2020-02-03,183.52667507003875,185.14007706549853,182.87789111849662,183.68885803222656,3539200,0.0056547142431215836
2020-02-04,184.48274642414742,184.9778661799283,182.89495307826274,183.21080017089844,3367900,-0.0026025414194923435
2020-02-05,184.08159392388146,184.2011047329512,181.83648405453428,182.99745178222656,2911400,-0.0011644967898882808
2020-02-06,183.29621132848854,183.38158176338013,181.52061309347937,181.71694946289062,2903300,-0.006997377869828347
2020-02-07,181.4523244734422,181.69134606704728,180.19745459416563,180.641357421875,2421600,-0.005919051823150223
2020-02-10,180.41081820688032,182.06690524124303,180.33399264978837,182.0071563720703,2318800,0.007560831969423143
2020-02-11,182.68161697475068,184.2694109891107,182.38283341895036,184.15843200683594,2694500,0.011819731035014103
2020-02-12,184.388870220235,185.64373996240082,183.6291203037814,185.6352081298828,2844900,0.00801905243737111
2020-02-13,184.9949579860068,186.42908730557855,184.55105523322126,185.60104370117188,2853400,-0.00018404067339983232
2020-02-14,185.6693822963181,185.95962096316484,184.71329585225791,185.3193817138672,1720400,-0.0015175668287630284
2020-02-18,184.32061611892675,185.27670259447714,184.10720302879847,184.51695251464844,2712600,-0.00432997990710815
2020-02-19,185.08037793777913,185.17428022441956,184.05599764533056,184.0730743408203,2229500,-0.002405622723434475
2020-02-20,184.5169473694929,184.94377353784768,181.64014316300594,183.60354614257812,2869400,-0.0025507706649851025
2020-02-21,183.74011626141825,184.70473445317376,182.9376810567068,184.2779083251953,2791200,0.0036729256966174795
2020-02-24,179.76208053446197,183.68887281054398,179.36086296131788,182.27182006835938,4218800,-0.010886211348219765
2020-02-25,183.17670052955822,185.09741808326578,180.24866655209803,181.0596466064453,5053700,-0.0066503613200298295
2020-02-26,181.73400925331194,183.1596068086609,179.05354197081962,179.35232543945312,4190800,-0.009429606204320318
2020-02-27,177.3035898224314,179.26699282518075,171.52435978749,171.58412170410156,6406200,-0.043312534232928024
2020-02-28,168.36288523688373,170.45883345637452,162.1867140333358,166.79092407226562,11324000,-0.02793497197894479
2020-03-02,166.4817176515904,173.9893341064453,165.94054693624688,173.9893341064453,6154200,0.04315828378683739
2020-03-03,173.51678363593297,176.66928996378027,169.35925592622766,171.3778839111328,5115200,-0.015009254496685664
2020-03-04,173.45671890506398,177.94926869177388,172.57195579302885,177.82901000976562,4260400,0.037642698995968615
2020-03-05,174.0666072882235,175.15753373717075,168.6463552633042,170.3557586669922,4107200,-0.04202492800450863
2020-03-06,165.70001349490107,171.43810286725392,164.2483239779167,170.8196258544922,6360100,0.0027229322397417377
2020-03-09,161.20745624886436,167.04862002119816,158.140853460397,160.5116729736328,7788500,-0.060344078318260164
2020-03-10,164.02493248518653,171.7988322666967,161.3964124486598,171.67857360839844,5835200,0.06957064509943778
2020-03-11,165.73437412726292,168.13956095977807,159.62692369557274,161.7056884765625,5625100,-0.05809044729474655
2020-03-12,150.13498810802378,154.48149616725195,145.4964251998284,146.1406707763672,9079300,-0.09625522668271058
2020-03-13,153.1243259535583,154.16371486957829,144.4828450115456,152.15367126464844,8042600,0.041145291425976005
2020-03-16,134.94800723847789,139.08835287096898,126.81333032167515,127.99873352050781,9341300,-0.1587535650199774
2020-03-17,127.14829295731845,128.4024168317088,115.9641876353569,126.8046875,13708200,-0.009328576835617719
2020-03-18,118.11169183292505,121.72806285549106,106.71284271198098,117.93989562988281,12627600,-0.06990902343509331
2020-03-19,116.13602616592158,133.0066736104484,110.13166442714369,128.41964721679688,12773400,0.08885671409953977
2020-03-20,131.9329179792085,138.76191934854208,126.93357847718292,127.55205535888672,12000000,-0.006755912173201151
2020-03-23,122.79322843367547,131.60651804387592,117.252718006461,117.76811981201172,10660400,-0.07670543229857363
2020-03-24,127.99016126076513,139.99889889561433,125.4990828281056,139.1141357421875,11678400,0.18125462106595158
2020-03-25,141.73408914492265,147.19729455988826,136.76910210102926,139.99891662597656,9708700,0.006360107684734384
2020-03-26,140.86644953940626,146.8278576833009,138.2980524187482,143.75267028808594,8259900,0.026812733645203535
2020-03-27,139.82712269331222,145.80573013909358,136.76910439163933,140.88368225097656,6441400,-0.019957806914889353
2020-03-30,141.66533679415278,146.29531549493237,140.50570236648744,144.42271423339844,5621700,0.025120240512434
2020-03-31,143.31460687248716,145.6081200967245,141.73406049512116,142.0347137451172,4519900,-0.016534798566533282
2020-04-01,137.62805193963445,138.67602591348341,134.3037485759069,135.8671112060547,4668900,-0.043423205330848424
2020-04-02,133.1440777380031,139.11408376352338,133.1440777380031,138.7275390625,4803200,0.02105312927502534
2020-04-03,137.7053963972572,139.3546641470118,134.13197638584816,137.7225799560547,5050400,-0.007244121197829023
2020-04-06,145.34181321072418,152.7892912079823,144.51718613469336,152.07632446289062,8330900,0.10422215813424351
2020-04-07,158.51025398932595,159.0771935048893,150.46147972102648,150.83084106445312,7848300,-0.008189857315636373
2020-04-08,150.3325905426592,154.12075862240636,149.55091567648705,152.46290588378906,5665700,0.010820498034871617
2020-04-09,155.24602723812447,159.30907948058203,154.29254309568714,157.7972412109375,4901300,0.0349877584729652
2020-04-13,156.9210691634722,157.06710972577707,151.9646815929196,154.7220458984375,3182500,-0.019488270446941458
2020-04-14,157.84022334109503,158.47588392512034,156.19954086702887,158.04638671875,3863800,0.021485889751578613
2020-04-15,153.5366219005899,155.45217522014144,152.27389942839474,152.76351928710938,4961500,-0.03342605637066354
2020-04-16,152.04196770543177,154.5416438795398,147.97892896162767,154.189453125,7120800,0.009334256271032126
2020-04-17,156.611858557528,160.46873485887735,154.81655037733077,159.85885620117188,6467600,0.03676907182215472
2020-04-20,158.44150268061918,159.5839667205585,155.95042434868222,156.03631591796875,3856500,-0.023911970684894146
2020-04-21,152.35985806414442,154.09503071292175,151.26894443053786,152.54025268554688,4758300,-0.02240544588517346
2020-04-22,155.26319359965464,161.25896913475648,155.26319359965464,160.1852264404297,4243600,0.050117746760538706
2020-04-23,159.91038819714663,160.91540999401758,155.75285877063433,156.37132263183594,5050100,-0.02380933556323983
2020-04-24,157.41928426596277,158.35559797617907,155.35770327310098,158.07212829589844,3319600,0.010876710866396522
2020-04-27,159.0427910309791,161.80875375388422,158.71638210654086,159.67845153808594,4048200,0.01016196377884282
2020-04-28,163.20889646607975,163.20889646607975,159.40355848730567,159.71278381347656,3805000,0.0002150088196617439
2020-04-29,161.9461975949815,163.56111110584348,160.52886221429557,161.33631896972656,3465200,0.010165342544815159
2020-04-30,156.33696964805858,161.75722182826294,155.27181194944203,161.11297607421875,7127200,-0.0013843311718901852
2020-05-01,158.05493397854747,159.3777792892384,156.4657894538134,156.9038848876953,3764800,-0.026125091157055302
2020-05-04,155.74427650030222,156.73212794957988,153.64832801421292,156.22531127929688,4027100,-0.004324772512064534
2020-05-05,157.65120484776497,157.93467450729625,153.8544520477113,153.96612548828125,3828400,-0.01446107402517316
2020-05-06,155.1343735504054,155.58104114266916,151.92173019686905,152.01622009277344,3916900,-0.012664509088112563
2020-05-07,154.1894880150431,155.95901430402256,153.1586974018449,155.5810546875,3039600,0.02345035676160734
2020-05-08,157.36774154549954,157.56530654992562,154.54165627386686,155.67552185058594,3411600,0.0006071893732542133
2020-05-11,154.07780340677547,157.09288178858898,153.34766611605536,155.37489318847656,2631300,-0.0019311235224116485
2020-05-12,156.31116507537953,156.84373724913627,151.56092851848175,151.64682006835938,3610600,-0.023994051056851706
2020-05-13,151.33762456840816,151.6726449617285,146.89662516757917,148.451416015625,4729100,-0.021071355477773612
2020-05-14,146.20078275252948,150.89089597059373,144.1821546260861,150.6761474609375,4868400,0.01498625951185506
2020-05-15,148.6489574193971,150.07489101854958,147.47212638529558,149.30178833007812,6879600,-0.00912127867627932
2020-05-18,154.67049590718867,155.6067964536979,152.99545981315575,154.47293090820312,4653000,0.03463550327135123
2020-05-19,154.72203962170636,155.8731018745125,152.96111190059818,154.24960327148438,3365000,-0.0014457396218594543
2020-05-20,156.33694554692852,158.57033572619778,155.10859012337843,158.14083862304688,4920800,0.02522687429356818
2020-05-21,158.20954809963257,159.3262431996742,156.43143689176674,158.98265075683594,2913600,0.005323179901654873
2020-05-22,158.4672577923585,159.2145917132435,157.35056263025533,158.40713500976562,2475200,-0.0036199908878772336
2020-05-26,162.85668052100874,163.77581045571725,158.26107016909364,158.77645874023438,3990900,0.0023314841875397008
2020-05-27,162.12655916504684,162.1351443878756,159.14584844216046,161.25038146972656,3993400,0.015581168323823391
2020-05-28,162.7106737714681,163.62120549262812,160.3913921387148,162.1179656982422,3567600,0.005380354580299063
2020-05-29,162.07477282445373,163.17297301646488,160.58746372275255,161.1149444580078,5717200,-0.006186983878772256
2020-06-01,161.4521469676182,162.4292732291437,160.492305634897,162.0574493408203,2168200,0.0058498911195550285
2020-06-02,162.91354188189555,163.05190050266407,160.91603712499088,162.21311950683594,3125500,0.0009605863022577044
2020-06-03,162.97403300895286,167.5916418262837,162.64543467545718,167.14198303222656,3881500,0.03038511028192703
2020-06-04,166.3032735855975,167.98082249832945,165.6979578766452,167.09881591796875,3469100,-0.00025826613681789734
2020-06-05,171.2148271220095,173.0739727447365,169.71886288255286,170.48846435546875,4728300,0.020285292979957514
2020-06-08,169.20872879312853,175.30501916018792,169.1741457322123,175.23583984375,4443900,0.02784572848508371
2020-06-09,173.26427183913256,174.30194836913265,172.08824987379026,172.52926635742188,3728600,-0.015445319226600307
2020-06-10,172.19197809389559,172.56380196570353,169.20003621838782,169.3124542236328,3459900,-0.01864502296743631
2020-06-11,165.07527960077405,166.81337773942957,161.12351039127267,162.1438751220703,5796000,-0.04233934907171111
2020-06-12,165.74113374332214,165.74113374332214,160.36256607987644,163.57933044433594,4108600,0.008852972837764872
2020-06-15,159.6276212936354,164.40087528434944,159.22984353043998,163.85610961914062,4499000,0.0016920180199593293
2020-06-16,166.02653258944335,167.32361487529838,162.1439281970601,164.5738067626953,5434800,0.004380045060406124
2020-06-17,165.95736421803625,166.7875027413014,164.66028184672487,164.980224609375,3154100,0.002469517201274307
2020-06-18,164.3057553754074,164.93701167775245,162.47254970627543,163.85610961914062,3153300,-0.006813634742563579
2020-06-19,166.27729947059808,166.3378363119351,161.2965081397825,161.32244873046875,6267700,-0.01546271844584246
2020-06-22,160.83820873576633,162.36876957790219,159.87836728488162,162.1007080078125,3223200,0.004824246615819927
2020-06-23,163.9079540732565,164.06359760140467,161.1149074742452,161.3743133544922,2951900,-0.004481131897865032
2020-06-24,159.93888731953808,160.58742841564228,156.8085866566788,159.35951232910156,4146600,-0.01248526474572631
2020-06-25,158.68505547983114,159.17795312342076,155.93524713539784,158.03651428222656,3145200,-0.0083019709808273
2020-06-26,157.69930387137808,158.07978355865825,154.68143335970106,155.4250946044922,5107400,-0.016524153861498192
2020-06-29,156.1427805464909,158.0970465486158,154.93216242926155,158.07110595703125,2622200,0.01702435092140253
2020-06-30,158.17487660854837,160.14644083986786,157.28421439854895,159.51519775390625,3163100,0.009135710085229398
2020-07-01,159.93020673850052,161.21864626537393,158.86660320111932,159.679443359375,2193800,0.001029654902990229
2020-07-02,161.7029377741242,161.7029377741242,158.12299090947587,158.69371032714844,2690200,-0.006173199326653944
2020-07-06,160.83819628647214,163.19023978235867,159.2298137958233,163.0,3171500,0.02713585600824442
2020-07-07,162.02292547167923,162.43800145123927,160.18971940975044,160.6826171875,2399600,-0.014217072469325132
2020-07-08,160.4058535208844,161.90181816381372,159.75731233414228,160.70851135253906,2776400,0.00016115100371338897
2020-07-09,161.0284424066627,161.3483851465844,157.91543965881849,159.3941192626953,2333500,-0.008178733526816306
2020-07-10,158.9185214995096,160.3539624039521,158.25268222787727,159.86972045898438,2714100,0.0029838064195155667
2020-07-13,160.49231435133342,163.38912343562882,159.72271275047848,159.904296875,3221600,0.00021627870441220942
2020-07-14,160.05127688903767,165.02342481880436,159.7399766647813,164.91966247558594,4138600,0.03136479568467476
2020-07-15,167.66949986938403,167.75597730047306,164.1933288089423,165.82765197753906,3735400,0.005505647345643405
2020-07-16,165.26557777881328,166.68372058758095,164.4267968229674,165.09263610839844,2111100,-0.0044324083491225075
2020-07-17,165.45579804604571,165.9400399438941,164.40949248703802,165.5768585205078,1972600,0.0029330345890863363
2020-07-20,165.07531201235577,166.69235002257207,164.61701072028742,165.68927001953125,2157100,0.0006789082727374218
2020-07-21,166.3118682532554,168.53419538749577,166.02650860823283,166.87393188476562,3505400,0.00714990092656409
2020-07-22,167.07284337196273,172.64163863354702,166.93448476811398,171.7509765625,3484400,0.029225922962624384
2020-07-23,171.61262907605436,172.31305135698207,169.49405091474625,170.8257293701172,2702200,-0.005387143705969599
2020-07-24,170.25497604192785,172.0017167604943,169.25189616832728,171.83741760253906,2199900,0.005922341067427395
2020-07-27,172.11415204569488,175.12339219955948,171.82880557770986,174.0251922607422,4541700,0.012731654657796687
2020-07-28,171.73372148567844,172.84920658593398,169.05307914719046,169.69297790527344,6051000,-0.024894179395462346
2020-07-29,169.74484447859516,171.6126462106271,169.23466192606722,169.66702270507812,3342900,-0.00015295388480840444
2020-07-30,168.62071122306912,169.83131617964938,166.82208872000385,168.97525024414062,2705700,-0.004077235811109636
2020-07-31,167.88567463363455,168.3439759749403,165.71522840981677,167.9980926513672,3194700,-0.005782844477884241
2020-08-03,168.04134402716696,169.13954411389423,167.4014453162778,168.10186767578125,3143500,0.0006177154917432759
2020-08-04,168.57745929313316,172.68488655231374,168.0499786331174,172.39088439941406,3699900,0.025514390666408593
2020-08-05,172.9442962291125,173.37665696968529,171.13703150022292,172.3043975830078,2259600,-0.0005016901949749242
2020-08-06,171.88933775474786,176.0573016948869,171.53479877502258,175.69410705566406,3158900,0.019672797213566406
2020-08-07,175.8497681571665,177.40626952608758,175.78923131759026,176.92202758789062,2980000,0.006988968228954562
2020-08-10,176.70583818781745,177.4062604694243,175.14068123908555,176.50694274902344,2783600,-0.002346145612993178
2020-08-11,177.26788330078125,179.36050746176028,176.61934226431498,177.26788330078125,2478400,0.004311108333227454
2020-08-12,178.87624981500483,179.343193514433,177.5964659771275,178.14988708496094,2167100,0.004975541918572635
2020-08-13,178.09803414016608,179.2135189955994,177.57055353234668,178.55633544921875,1795000,0.002281496614499501
2020-08-14,178.0893689617925,179.28268871117825,177.44082791444833,179.0232696533203,2060200,0.0026150525710937345
2020-08-17,178.94544197807383,181.1591265686839,178.8676202216698,180.44140625,2619000,0.007921521037046908
2020-08-18,180.95160926005315,181.96333179211626,179.1962257393023,181.86822509765625,2921500,0.007907380447253809
2020-08-19,181.78177429863902,182.6032571728992,180.41551259862752,181.16781616210938,2711100,-0.0038511891517651886
2020-08-20,179.96579869187445,182.44755787736625,179.94851376541413,181.4877166748047,2084900,0.0017657689951346978
2020-08-21,181.55692510692157,183.48525028479852,180.9516095240396,182.94912719726562,3484800,0.008052393568207972
2020-08-24,183.54578590526555,184.6180453449138,182.39570469517432,183.85708618164062,2463900,0.00496290415966838
2020-08-25,185.01582239877868,185.21470465407677,183.51120220250684,183.88302612304688,2302400,0.00014108752588759543
2020-08-26,183.3987816537407,185.4135843528064,182.97507655893068,184.84286499023438,2316700,0.005219833975025123
2020-08-27,185.34442139883046,186.86633983327803,183.40745349259433,183.4852752685547,3226800,-0.007344561131701899
2020-08-28,184.03001570409853,187.39378144100755,183.12205559013253,185.8372802734375,3212500,0.012818494570969508
2020-08-31,185.71551513671875,186.99409338930312,185.09796521175662,185.71551513671875,2900900,-0.0006552244874633573
2020-09-01,183.3845225475908,185.79381831586596,183.15838438913295,184.99362182617188,2926700,-0.003887092093600497
2020-09-02,185.48070473759194,188.8554575631458,184.99362974664564,188.07264709472656,4092000,0.016643953657212496
2020-09-03,189.7078122407005,189.7078122407005,184.30646987037778,185.9590606689453,3126700,-0.011238138338727666
2020-09-04,187.25501594524508,189.42077391294816,183.31491180616518,184.15859985351562,3828600,-0.009682027909545976
2020-09-08,183.68023435090004,188.13351940798523,183.57586494086885,185.76771545410156,4107600,0.008737662003652558
2020-09-09,187.00279611235126,189.75999853683408,186.51572118549953,187.62034606933594,3213200,0.009972834142389475
2020-09-10,187.62907113606622,190.89944139752637,187.62907113606622,188.95114135742188,3325600,0.00709302224394226
2020-09-11,189.34252226368926,190.63848673592432,188.11612855340996,189.61215209960938,3616500,0.0034983156885892708
2020-09-14,191.10816323549855,193.60442890222598,190.77764241458397,191.83877563476562,2543800,0.011743042365694567
2020-09-15,192.88247364973785,194.51766485307854,192.5693522123278,193.4130401611328,2640700,0.008206185225891893
2020-09-16,193.23911951578572,197.1966231875786,192.4824147770095,195.53533935546875,3463700,0.010972885760793805
2020-09-17,194.5698834970318,194.5959758487192,191.7865887187382,193.59573364257812,3376600,-0.009919463761814296
2020-09-18,192.76077422765118,194.45685703183116,191.46480961481066,191.58657836914062,3861400,-0.010378096849731455
2020-09-21,188.86413832304862,189.6556417678225,185.61115445653223,188.2292022705078,2831800,-0.017524067328787307
2020-09-22,188.24658832491363,188.70758420261276,186.61141000035119,188.2292022705078,2475600,0.0
2020-09-23,189.3251043323544,191.08206451452264,186.34176383222047,186.97669982910156,2777700,-0.0066541345673146735
2020-09-24,186.78539450310797,189.96879486590154,185.77644576433195,187.97698974609375,1727000,0.00534981052669381
2020-09-25,187.2637333479831,190.69936346761273,185.8285876438719,189.76869201660156,2196800,0.009531497833473734
2020-09-28,191.3517121870592,193.07387388063947,190.49933100342008,191.57785034179688,2111700,0.009533492094876417
2020-09-29,191.71703628753164,192.18672523890805,190.02965981739888,190.20361328125,1731700,-0.007173256501704528
2020-09-30,190.36886911161332,193.26524000237,189.9687774816147,190.90814208984375,3034100,0.003704076891283714
2020-10-01,192.73464757756932,193.96104120269194,189.42947919867987,190.99508666992188,2443000,0.0004554262543563503
2020-10-02,189.18594092273744,194.2654688378688,188.82934102476298,193.67401123046875,3833100,0.014026143851420647
2020-10-05,195.57884636250319,197.00528587060612,194.83952761894975,196.63128662109375,2913800,0.01526934549368053
2020-10-06,197.2923221174816,198.88402210343378,194.48293468031903,194.90911865234375,2453600,-0.008758361898270062
2020-10-07,196.2050569815222,198.66653701526982,195.81365847033018,196.98785400390625,1972500,0.010665151871474654
2020-10-08,196.64868438120044,197.50977191675827,195.0830767128217,196.39645385742188,3195800,-0.003002216301481453
2020-10-09,197.38800240500467,197.63153990005478,194.06543429542376,195.55276489257812,3237700,-0.004295846224679045
2020-10-12,195.53535931397386,197.01398356430576,194.0654280911165,196.66607666015625,2412400,0.005693152782522359
2020-10-13,196.30945262668487,198.81442466811896,195.6397179377576,197.74459838867188,2098900,0.0054840252413197454
2020-10-14,198.66656517257164,199.59722339678532,197.7445999754227,197.97943115234375,1862600,0.0011875558957636922
2020-10-15,196.70086552998995,200.04952594695158,196.21379054682419,199.7364044189453,2177300,0.008874524269390394
2020-10-16,199.84946128699588,201.71079095241467,199.31018837352917,199.5015411376953,2162800,-0.0011758661718841434
2020-10-19,199.65809665876236,200.9366749288984,195.8484541990267,196.57037353515625,2009500,-0.014692455937049487
2020-10-20,197.21403675911543,200.0495164315592,196.94439365387623,197.83157348632812,1883200,0.006416022559708523
2020-10-21,197.64019419545127,199.60590636972478,197.62280814335352,198.47518920898438,1518200,0.003253351885717626
2020-10-22,198.1012470594993,199.52768687378557,197.33584906984825,199.31024169921875,1961300,0.004207339434024293
2020-10-23,200.40611432773616,200.40611432773616,198.13598684889357,198.927490234375,2278100,-0.0019203803155352084
2020-10-26,197.24881807592206,197.65761596716888,192.19539556236117,195.065673828125,2537800,-0.019413186190103904
2020-10-27,195.23960712124233,195.90063544628367,193.71749142380338,193.9349365234375,1801900,-0.005796700580358416
2020-10-28,189.951339089726,191.86485329587018,186.53310852301604,186.733154296875,3272900,-0.03713504310087079
2020-10-29,186.73316667073584,189.30770936690033,185.32412659069712,186.9593048095703,2477600,0.0012110892334404877
2020-10-30,185.78513353412637,187.19417379897288,182.575641133711,185.2632598876953,3450900,-0.009071733143223515
2020-11-02,187.76823203652128,188.1509376074214,183.34103888784247,184.88055419921875,2983200,-0.002065739794865684
2020-11-03,187.51596496204712,189.69912239634508,186.08952554783093,188.5684051513672,2615000,0.01994720844559228
2020-11-04,187.0028004391509,190.89072018909465,185.5241762993402,186.8897247314453,3360800,-0.008902235868062713
2020-11-05,187.93350357829763,189.7861272607113,186.72449578429118,188.14224243164062,3622000,0.006701907780083394
2020-11-06,187.8726051747419,189.51648993914895,186.3504891605947,188.35968017578125,3916100,0.0011557093257226203
2020-11-09,197.2575361872011,198.17951477035658,180.19244508356306,185.45462036132812,7981200,-0.015422938771939232
2020-11-10,187.65517128226185,187.86392341170975,183.81943551137638,185.54161071777344,4255600,0.00046906545803948596
2020-11-11,186.8375759605746,190.6994041009762,186.39399261485792,189.62957763671875,4126900,0.02203261523456046
2020-11-12,189.22941735075736,189.4555687435081,183.41929078277477,185.32411193847656,4253200,-0.022704610493255117
2020-11-13,185.92429639207407,186.4722624173854,184.68920953193313,185.50680541992188,3072100,0.0009858052443061371
2020-11-16,187.4376659480469,188.5248913885808,185.81118093598255,188.5074920654297,3702100,0.01617561489841468
2020-11-17,187.52465623238672,189.08155728126317,186.15040163207462,187.88125610351562,2443100,-0.003322074656304408
2020-11-18,187.95953705676183,189.47294635661973,187.35938649779965,187.45506286621094,3095200,-0.0022684180750307537
2020-11-19,186.8636510177381,187.4203100413714,185.55028715917464,187.09849548339844,2840500,-0.0019021485862293908
2020-11-20,186.4722405148081,187.1941599210714,185.81121211389342,186.2113037109375,3932600,-0.004741843434757365
2020-11-23,187.12459345454937,189.26425952098893,186.69839619249234,188.7423858642578,3010300,0.01359252689218815
2020-11-24,190.4906303123662,192.43894348983932,189.82960188319743,191.0994873046875,3870900,0.01248845843309887
2020-11-25,191.33429260354728,191.86485918931044,189.5425470662542,190.7776336669922,1889200,-0.001684220309718265
2020-11-27,190.4993511783594,191.69963938437326,189.3164490286916,189.89920043945312,1394400,-0.004604487489725306
2020-11-30,189.39169817672237,190.36289328921987,187.61553725058928,190.2491455078125,3413600,0.0018427937956007057
2020-12-01,191.5090930703362,191.55282989728462,188.57800472808285,189.11172485351562,4224800,-0.005978584824971933
2020-12-02,187.23933207230868,187.58930679198502,182.9783291146564,184.4919891357422,6223700,-0.024428605478332144
2020-12-03,184.56195438968174,186.56558400728036,184.22946911880965,185.0606689453125,3732500,0.003082409226732974
2020-12-04,185.13946636776632,186.6968766448392,183.82704107692868,184.3870086669922,3151100,-0.0036402131374516644
2020-12-07,182.45334323572186,182.96081589566643,180.4059632064372,182.76832580566406,3826000,-0.008778725101243445
2020-12-08,180.72092104656045,182.95204616578755,180.59842858338249,182.33082580566406,2709400,-0.0023937408085971112
2020-12-09,183.29328544366058,183.32827757034326,181.40339018652725,182.59332275390625,3010900,0.0014396739941384684
2020-12-10,182.42711063847298,182.6545928766694,181.1759383023725,182.02462768554688,2956400,-0.003114544714900913
2020-12-11,181.52590290723938,182.81208065483102,180.8784350106155,181.77963256835938,2770800,-0.0013459448883518244
2020-12-14,184.37822560936067,187.88678395535945,183.92326118274366,185.41941833496094,4745000,0.020023067024479646
2020-12-15,186.5568579094935,189.17296346592968,186.13688560751896,187.9917755126953,3798200,0.013873181141618174
2020-12-16,188.00927874963762,190.31038839732835,186.94183857667613,187.0643310546875,2682000,-0.004933431026322599
2020-12-17,188.45549614044708,188.80547083021318,186.8280884667453,187.4580535888672,2558800,0.0021047440308894494
2020-12-18,188.24550470007264,189.73293051921004,187.0818328402402,188.18426513671875,7929100,0.0038739949228550064
2020-12-21,184.28199851396943,185.9706592659201,181.99837806126428,185.20069885253906,4342500,-0.015854493902622946
2020-12-22,184.7894532127604,186.28562371565633,184.0632430482604,185.41941833496094,2772800,0.0011809862693661355
2020-12-23,185.75191245486832,186.74059700832703,185.3056793508942,185.50692749023438,1658800,0.00047195248512399424
2020-12-24,185.59439826776253,186.13687637118494,184.7369509664975,184.9556884765625,1047700,-0.002971527916125316
2020-12-28,186.35563834577826,188.0092936049325,185.6556755515443,187.2568359375,2550100,0.012441614961353764
2020-12-29,187.79930415989924,188.7967468207615,185.8831611493975,186.11065673828125,1665700,-0.0061208937632658555
2020-12-30,186.32936923745217,186.6793439185241,184.85944620545774,185.10443115234375,1855000,-0.005406598437576404
2020-12-31,184.83319517248268,188.05300489781277,184.4219675873583,187.7467803955078,2610900,0.014274910798809382
2021-01-04,187.6680629834444,187.86929778029418,182.18212179002984,183.93202209472656,4055400,-0.02031863498668296
2021-01-05,183.89703164333326,185.44569727776258,183.40706165407857,185.0344696044922,2576100,0.005993776924813288
2021-01-06,184.87695913615977,185.23569188197473,182.89081866735972,184.61447143554688,3083400,-0.002269837451600476
2021-01-07,186.55682074562992,186.55682074562992,184.22945078252218,185.4718780517578,3142000,0.004644308810375586
2021-01-08,186.2768852171619,189.09422582300368,185.69067020734363,188.87548828125,2639100,0.018351085163123004
2021-01-11,188.193009360068,189.09420687372906,186.46935663572316,187.4405517578125,2545400,-0.007597261754266227
2021-01-12,186.96810802287163,187.52807560980247,184.56199500312997,185.13946533203125,2952000,-0.012276353244811355
2021-01-13,184.53572631494438,186.47811657889235,184.5269682696275,185.5681610107422,2069800,0.0023155283393636594
2021-01-14,185.57693468790717,186.07564933785983,181.98963368367805,182.42710876464844,3666700,-0.016926676586033085
2021-01-15,181.96336138322374,184.35197126074965,181.48213618977542,183.6607666015625,3593700,0.006762469927129144
2021-01-19,184.33449643128685,184.61448689556872,181.88464662222154,182.94332885742188,3331600,-0.003906320099910321
2021-01-20,183.87072249173718,187.59801773883177,183.41575814051902,186.91555786132812,4077700,0.021712893433802227
2021-01-21,187.29180167243615,188.95421474327568,186.6443471933331,186.8280792236328,2674900,-0.00046801153791709016
2021-01-22,185.93566837750276,187.3618415231361,184.76323827468664,186.69688415527344,2196400,-0.0007022235035790692
2021-01-25,185.6819253205461,187.28308572661442,184.2295048406354,186.661865234375,2615300,-0.00018757099807464872
2021-01-26,185.9356612046721,188.560511790681,185.63818134242106,188.44677734375,2907800,0.009562275117811714
2021-01-27,185.8306659374449,186.49562325991764,181.11468505859375,181.11468505859375,5464000,-0.03890802691617068
2021-01-28,182.5408721477242,184.05453231896465,179.47854631939524,180.95721435546875,5401600,-0.0008694529826449582
2021-01-29,179.4610146114056,183.2145446465796,177.7111144205092,181.84962463378906,5203300,0.004931609283989502
2021-02-01,182.40956989044196,183.46826525097674,180.7646729902867,181.9283447265625,2812500,0.0004328856489639321
2021-02-02,182.06837584843444,186.04065705684846,181.68339564137972,183.529541015625,2786000,0.008801246949556418
2021-02-03,182.29588774107918,183.73080559983967,181.92839689188781,182.61087036132812,3020700,-0.0050055737578434956
2021-02-04,183.7395342117772,185.58567958955132,182.57584889302103,184.64073181152344,2777500,0.01111577556242338
2021-02-05,186.00561664196755,187.39678393291456,185.49814404167017,185.9968719482422,2600200,0.0073447506593673495
2021-02-08,185.95313285987518,186.35561575674382,183.70451817612906,185.12193298339844,2696200,-0.004704052039580686
2021-02-09,185.55068059982685,189.14671281984673,185.2881928905178,188.9717254638672,3047300,0.02079598250961423
2021-02-10,189.7591802748101,190.13540240614262,187.07307708334164,187.58929443359375,3161600,-0.007315544306324084
2021-02-11,187.7118128825952,187.93930848248345,185.8394199602052,187.4755859375,2583600,-0.0006061566382936645
2021-02-12,187.23927950549822,187.85174176832493,186.355584908468,187.1517791748047,2781200,-0.0017271942961323283
2021-02-16,187.56303270865038,189.8116606826838,187.09056556914229,188.1405029296875,2892900,0.00528300483833144
2021-02-17,187.20430493684574,188.0180020157527,186.040619853024,186.75807189941406,3280000,-0.007347865072892312
2021-02-18,186.61811620026717,188.86674454929238,186.05814862454838,188.49050903320312,2191000,0.009276370847960624
2021-02-19,188.36803523916325,188.75301548893256,185.46320732389904,185.69944763183594,3181600,-0.014807437338266949
2021-02-22,185.05194597412898,186.36437112288166,183.46828843074272,185.5419158935547,2910800,-0.0008483155996972247
2021-02-23,187.67682074346087,188.72675832923218,184.11576696718126,184.8944854736328,3243000,-0.0034894024716943806
2021-02-24,184.47445054414996,187.32679602284392,184.1069731547007,186.6005859375,2887100,0.009227427521685039
2021-02-25,186.10185642111202,186.29434648305462,183.51201197971923,184.57069396972656,3131400,-0.010878272206783612
2021-02-26,185.5302768788485,186.313773121712,181.47193908691406,181.47193908691406,5334000,-0.016788986464561728
2021-03-01,182.53714254000732,185.2045517649506,182.53714254000732,183.32943725585938,2827500,0.010235732192488856
2021-03-02,183.1093511947039,184.7819793180652,181.5159498551938,183.6991729736328,3016600,0.0020167831380915047
2021-03-03,182.68682622338486,183.98091764602265,181.00538588066166,181.1902618408203,3488600,-0.013657715994032316
2021-03-04,181.48954598312594,182.66039107522468,178.46999528606656,180.32749938964844,3926200,-0.004761638083672692
2021-03-05,181.12861260319934,183.31183586147887,178.67248811673775,182.55474853515625,3608100,0.012351134203304248
2021-03-08,182.8452743311275,185.38943773498514,182.35228969593103,184.0865478515625,3157100,0.00839090370805251
2021-03-09,185.42463149201336,185.92641455347447,183.35584259372317,183.59353637695312,3646700,-0.002678150469782925
2021-03-10,183.7432080313347,188.06564871284658,183.3206517152004,187.783935546875,3447200,0.022824328419265072
2021-03-11,189.0076169784846,189.47419270135507,186.18175370848246,186.25218200683594,3618000,-0.008156999881689608
2021-03-12,186.6659052039842,188.6026496064005,186.120102744843,186.9300079345703,2818200,0.00363929120416695
2021-03-15,188.08324112967296,194.1575501529488,187.95119648185462,194.0783233642578,5479700,0.038240598760310274
2021-03-16,193.30364805442923,194.81782287839974,191.1732424143833,193.55014038085938,3583400,-0.00272149395276422
2021-03-17,197.68769708804024,197.98700726699775,193.6821768047099,197.2915496826172,5240600,0.01933043961836267
2021-03-18,196.91302330435045,198.38319231267428,194.91467560144395,196.2263641357422,3254600,-0.005399042932089926
2021-03-19,196.10308034257935,198.2334857432628,194.5536982601249,195.82138061523438,7719400,-0.0020638588616341824
2021-03-22,196.6577208110522,199.75649881973067,196.00626911638852,198.13668823242188,4220700,0.01182356906029991
2021-03-23,197.15947451529706,199.3074767314404,196.9745985905359,197.52040100097656,2794000,-0.0031104145170852693
2021-03-24,198.35673571802084,199.8532998686633,197.22989656475104,197.23870849609375,2442500,-0.0014261438487127576
2021-03-25,198.20708747633105,198.35675599623602,195.82139114962482,197.3707733154297,3249600,0.0006695684652515688
2021-03-26,197.37078794986024,198.3215498378355,195.80379523620414,198.2599334716797,3263100,0.0045050244335262946
2021-03-29,197.9254002237147,200.6104203268428,197.45882450136406,200.1438446044922,3621300,0.009502228210328756
2021-03-30,199.06982570257398,199.8533220080047,197.38838543415656,198.05743408203125,2419000,-0.010424555032326532
2021-03-31,197.20351498573433,199.38675187560543,197.19471648599358,197.31796264648438,3564100,-0.003733621204244253
2021-04-01,197.78454581127977,199.14906556067456,196.56088265999048,198.2599334716797,2441200,0.004773872649815214
2021-04-05,199.48358970359052,202.03655164978278,199.12264972077412,201.46434020996094,2866300,0.016162654158960343
2021-04-06,202.22144133407227,204.47509324726636,201.3499062162937,204.15817260742188,3230900,0.013371261607158402
2021-04-07,203.9556815723597,204.95046283677664,203.56834607274507,204.77439880371094,2551300,0.003018376332521333
2021-04-08,204.77438024318315,204.94164576092342,201.7724397216957,202.69679260253906,2772200,-0.010145829817151064
2021-04-09,202.64399287967584,203.89406497570508,201.48194608366785,203.7796173095703,2728900,0.005342090977998426
2021-04-12,203.77958685058493,204.57189502929788,202.90806531667016,203.3218231201172,2292700,-0.0022465160917328753
2021-04-13,202.86405040375234,203.93805832992518,202.20380029009638,203.6387481689453,2570900,0.0015587360174362797
2021-04-14,203.55067933048994,203.61229568024663,202.1157316639522,202.74957275390625,2129200,-0.00436643528323688
2021-04-15,202.30945472546995,203.6739744398222,201.77245071270517,203.60354614257812,2063000,0.004211961470855563
2021-04-16,205.6899545885879,206.22695865929126,204.51031070632996,205.18817138671875,2694300,0.007782896094702396
2021-04-19,205.2233489147219,205.38181593573043,203.20739103459172,204.0701141357422,2254800,-0.005448936180971975
2021-04-20,203.56834508933633,205.302603343946,203.42748849043434,205.12652587890625,1885700,0.005176709718804684
2021-04-21,205.3818018926949,205.87478648821582,204.10532104368772,204.46624755859375,2065500,-0.003218883162396491
2021-04-22,204.96808711604402,206.0332833193842,204.18459069807358,205.08253479003906,1839500,0.00301412697109682
2021-04-23,205.8131806864369,207.0896751170519,205.2057618029712,206.50865173339844,2137500,0.0069538683282777125
2021-04-26,206.68474020446126,207.18653684954745,204.15818684272628,204.51031494140625,2490100,-0.009676770320364292
2021-04-27,204.73921531543922,207.43303429159062,204.59835869938297,206.86080932617188,2623800,0.011493280353311652
2021-04-28,207.05446782144804,207.27455122972611,204.46628479084583,204.5983428955078,2777000,-0.010937143860327181
2021-04-29,205.989239740005,207.58264121986812,204.78317371513978,207.06324768066406,3146700,0.012047530543368712
2021-04-30,205.9980519319774,208.01400986309136,205.88360427128927,207.8291473388672,2640400,0.0036988681805296686
2021-05-03,209.51055508242064,209.67780714834748,207.21288432306633,207.371337890625,2458000,-0.0022028163715445137
2021-05-04,206.55267752989928,207.87317793414041,205.32901435928218,205.87481689453125,2529700,-0.007216624106862191
2021-05-05,206.10371463023057,207.18653471653428,203.8500625830981,206.9136199951172,2070000,0.005045799754702873
2021-05-06,207.3537319841559,207.45056919960584,205.26734603552393,206.75511169433594,1832600,-0.0007660602563764884
2021-05-07,206.87840543442653,207.51224672995804,205.98927329369567,206.737548828125,1406800,-8.49452575416576e-05
2021-05-10,206.96638978662742,209.4489230144315,206.96638978662742,208.73585510253906,2031500,0.009665908712477744
2021-05-11,209.29051557200552,209.34333343892322,204.41345988995982,205.87481689453125,3028500,-0.013706501006271132
2021-05-12,204.3342124068754,205.61950524734897,200.3375041650286,200.66322326660156,3198200,-0.025314381363115257
2021-05-13,200.716036909308,203.42746568651285,200.61040118838545,202.27423095703125,2819200,0.00802841529306697
2021-05-14,203.1017128797936,204.80074979578998,202.89042804019567,203.9908447265625,1943100,0.008486566783170169
2021-05-17,203.18977211576703,204.50147386096717,202.69678750712953,203.95565795898438,1630900,-0.0001724918960225308
2021-05-18,204.14051278907823,205.3377667574312,203.92922793602006,204.17572021484375,2913000,0.0010789710766623273
2021-05-19,202.6791471533098,203.02247662883914,200.87446106590846,202.6087188720703,2967000,-0.007674768288435829
2021-05-20,203.11053367985545,206.01563673742052,202.96967710465685,204.39581298828125,1890200,0.008820420592755118
2021-05-21,204.60711596763878,205.46983905967934,202.74961169530772,203.56832885742188,2601100,-0.004048439734461784
2021-05-24,203.81484303365912,204.8096108878397,203.3746762245876,204.15817260742188,1823300,0.002897522189776014
2021-05-25,204.38700463059806,204.91521004570254,203.10172538417044,204.360595703125,2681900,0.0009915013105665782
2021-05-26,205.8131707125811,205.8131707125811,204.37823618850894,204.54550170898438,1564200,0.0009048026368447815
2021-05-27,205.12648946162903,206.94878612523587,204.5894855273742,206.75511169433594,5242900,0.010802535215344244
2021-05-28,207.25085818683326,207.49871188388326,205.7637224975197,207.0384063720703,2853600,0.0013701943106161352
2021-06-01,208.88843983140205,208.89730043129333,206.02041492513416,206.4630126953125,2574300,-0.002779163957260078
2021-06-02,207.1091988329801,207.42786976344252,206.08236877848873,206.94100952148438,3172000,0.0023151692883474073
2021-06-03,205.86993504308646,206.03811085128467,203.72774993115783,205.76370239257812,3249400,-0.005689095320587145
2021-06-04,206.64002362725208,206.95869452277498,205.42731020871148,206.5869140625,1615200,0.004000762332470487
2021-06-07,207.13577259695643,207.19774277297992,204.62182030797564,205.09097290039062,1877000,-0.007241219362310591
2021-06-08,204.9228079674439,207.11808955808996,204.7811734113984,205.9319305419922,2106200,0.004100412756879335
2021-06-09,206.23286545838246,207.41903781823564,204.87851728176378,204.89622497558594,1982200,-0.00502935879676536
2021-06-10,205.40962927442237,207.9324284778346,205.30339662407013,207.65802001953125,2534000,0.013478994277588141
2021-06-11,208.02093409578552,210.23392275637897,207.76423335424144,209.72935485839844,2654300,0.009974740386489156
2021-06-14,209.95064172800923,210.47291728739506,207.85273291988332,209.7736053466797,1836800,0.00021098853000878215
2021-06-15,210.26048182733618,210.50833548181598,208.60517059770098,209.21595764160156,1948300,-0.0026583311287258216
2021-06-16,209.97723581676004,210.03919247968344,206.94100815120714,208.53436279296875,2951700,-0.003257853063963756
2021-06-17,208.09175764463117,209.1451424400405,206.49840305943266,207.02952575683594,1895600,-0.007216254510662101
2021-06-18,204.89619242904922,206.1531683505022,202.55042988320574,203.25857543945312,4408200,-0.018214553231464814
2021-06-21,204.15269428762193,206.45419506738293,203.12586400539794,206.16207885742188,2193000,0.014284776972834923
2021-06-22,206.6843000556272,207.89701355605072,205.74598148927993,207.02952575683594,1758300,0.004207596781239165
2021-06-23,206.51612226661197,207.53409173521732,205.98499953959316,206.4630126953125,1701500,-0.0027363877662012204
2021-06-24,207.22429849606644,208.1626036851317,206.0204319215833,206.54269409179688,1839800,0.00038593545373655225
2021-06-25,206.02039060487186,206.61346992605766,205.6663043263211,205.73712158203125,3000100,-0.0039002711439776183
2021-06-28,205.95847098220653,206.0292882552949,203.60384730331984,204.5598602294922,2901700,-0.005722163037406247
2021-06-29,204.94931538502206,205.1086576004955,203.63922981195975,203.9224853515625,1932100,-0.0031158355173621644
2021-06-30,204.4093585623406,205.58667028643703,204.1261030047528,204.47132873535156,2450700,0.002691431417398027
2021-07-01,204.8431166212437,205.71945161897384,204.25888428474832,205.60438537597656,2210500,0.005541396183185832
2021-07-02,206.32138253893686,207.23313288426243,205.7548579213849,206.80824279785156,1851500,0.0058552127653968
2021-07-06,206.8347822393478,207.04722051328662,204.48015898510926,206.0292510986328,1762700,-0.0037667342881501087
2021-07-07,205.2945648742583,208.01212188858338,205.1175284531229,207.69345092773438,2069400,0.00807749297843574
2021-07-08,206.20630454772825,206.9852809686167,205.31226188794483,206.1089324951172,1932600,-0.007629120829469538
2021-07-09,207.19772717124923,209.10973927822675,206.30367102859958,208.6228790283203,2560500,0.012197174099976005
2021-07-12,207.65800989055137,209.11859057529531,207.57834553693212,208.5609130859375,2158600,-0.000297023714136313
2021-07-13,208.6051957371525,210.20739759205694,208.19799982314302,209.056640625,1884600,0.0023768957074821184
2021-07-14,209.81790814428504,211.60600700549676,209.47268240688894,209.90643310546875,1993200,0.0040648911124190334
2021-07-15,209.42840536353197,210.1365644827211,207.9501304622435,209.68511962890625,2165800,-0.0010543434676502095
2021-07-16,210.49070241182636,210.5703802988076,207.47219501245326,207.79971313476562,1680900,-0.008991608453081223
2021-07-19,205.8168116738609,206.5338314124846,200.4259740368436,202.93992614746094,3774900,-0.02338688015489676
2021-07-20,204.1703389291842,208.48125024660666,203.78086425076836,207.374755859375,3275600,0.02185291872379813
2021-07-21,208.88843972449132,210.77391054672987,208.21569597668892,208.84417724609375,2146600,0.007085825758440967
2021-07-22,208.59632842807304,212.1725260564037,208.1625912479179,211.26962280273438,2538300,0.011613661384404228
2021-07-23,212.56200322732388,216.9171635379904,212.09285068518173,215.06710815429688,3996400,0.017974592377193233
2021-07-26,214.21733299152513,216.49229214343762,213.86326015798062,215.9700164794922,2638400,0.0041982631976784646
2021-07-27,216.13821390361787,218.68758162312815,216.04084184469176,218.0679473876953,3135200,0.009713991517902754
2021-07-28,214.65989428785605,215.81065106172915,211.87153405351904,214.02255249023438,4948500,-0.018551075231009406
2021-07-29,215.3857827009282,217.0499411114627,215.08480595559766,216.0054168701172,2572300,0.009264745031826838
2021-07-30,215.85490162499792,217.23580427464785,214.40318172318524,214.8457794189453,2336800,-0.005368557270344576
2021-08-02,216.20015501764772,216.58962969398317,212.17251276823606,212.5354461669922,2693900,-0.010753449559034678
2021-08-03,212.05747738054092,212.40270315943403,208.24228611694886,209.7471160888672,3300000,-0.013119364926705734
2021-08-04,209.30448057744582,209.43726801128636,206.29482117522588,207.87046813964844,2240600,-0.008947193097156303
2021-08-05,208.67602754249936,209.6231798650284,207.4367455274064,209.2779541015625,2230500,0.00677097605307031
2021-08-06,209.5081025782914,209.91529852546896,208.61405982313738,209.13632202148438,1558600,-0.0006767654084069985
2021-08-09,208.7202690935397,208.9681362933506,207.16232966638103,207.73770141601562,2093100,-0.006687602574004692
2021-08-10,208.10946063624883,208.10946063624883,206.46299651989776,206.6488800048828,2027500,-0.0052413279039433824
2021-08-11,207.30396119397852,208.85305350495466,206.91447296609675,208.50782775878906,1969100,0.0089956826955091
2021-08-12,208.90612720944424,209.57887089217112,208.06519422928292,209.49920654296875,1490800,0.004754635808333019
2021-08-13,209.60547567544694,211.5617640391461,209.1451836544704,211.40243530273438,1699700,0.009084658558719871
2021-08-16,211.56172106373964,213.3763745106677,211.17223288894402,213.30555725097656,2175300,0.009002365301595816
2021-08-17,212.7567944018463,213.1905316554619,210.8624761218317,212.69482421875,1652000,-0.0028631838762079864
2021-08-18,211.9512574214725,212.23451301761838,210.4818293396112,210.7473907470703,2215500,-0.009155998406791599
2021-08-19,209.5081195040755,210.78280352011558,208.96816307393502,209.99497985839844,1455400,-0.0035702026298152223
2021-08-20,209.7559272622724,211.90694579918738,209.18940269433088,211.1102752685547,1989700,0.005311057487699555
2021-08-23,211.96894441628234,212.50891427281044,210.66770580312462,212.14598083496094,2086900,0.004905993159682653
2021-08-24,212.79213318605383,212.79213318605383,210.95978563249767,211.05714416503906,1687700,-0.005132487854054291
2021-08-25,210.61458598468386,212.0928745464392,210.53492162109603,211.41127014160156,1668000,0.0016778677545528087
2021-08-26,211.3758729171314,211.49095267910056,208.83536560853372,209.7471160888672,2008000,-0.007871643037855702
2021-08-27,210.17198507713798,211.00407110325975,209.23367990113277,210.21624755859375,1784000,0.0022366527772796907
2021-08-30,210.09228709749607,210.46406756961193,208.78220159951476,209.4283905029297,2245600,-0.003747840924828938
2021-08-31,209.828932728508,211.59122494618148,208.86767872403274,211.35092163085938,2938100,0.009179897354474553
2021-09-01,211.72473880071576,212.7571847258192,211.12840794311893,211.9650421142578,2197100,0.0029056910594931207
2021-09-02,212.89961026384097,213.56714667577677,212.16977751561066,213.49594116210938,2140200,0.007222412868563177
2021-09-03,212.17868865960233,213.300145024648,211.39544153293068,212.56141662597656,1339300,-0.0043772473192978945
2021-09-07,212.37448162231843,212.37448162231843,210.00694925817226,210.22056579589844,1820000,-0.011012585761023042
2021-09-08,210.76349580365232,213.1310281662011,210.05145425944164,212.3833770751953,2718400,0.010288295396353897
2021-09-09,212.20535456013485,214.88439556530494,211.62682848713467,212.3744659423828,2992200,-4.195776964854847e-05
2021-09-10,213.89644314051458,214.78649156187612,212.7571686665956,212.88177490234375,2035200,0.0023887474311463652
2021-09-13,214.3503606316187,215.21370867750164,213.4692078148037,214.68858337402344,2294800,0.008487379779262616
2021-09-14,215.15143737607326,215.61426643592966,213.16663286441758,214.61741638183594,2013800,-0.00033148941163541057
2021-09-15,214.02996686660154,214.74200839274496,211.9917481677792,214.48388671875,2507200,-0.0006221753357069648
2021-09-16,213.86975062152666,216.8069134225148,213.5671373873987,216.4687042236328,3410700,0.009253923617513982
2021-09-17,217.029438270388,217.7325842403199,215.28495069288277,215.827880859375,4756600,-0.002960351088884372
2021-09-20,213.504812093108,215.35611437363613,210.6210504209479,212.80166625976562,4549900,-0.014021425719233815
2021-09-21,213.61166210531445,215.7032817291878,213.07762751762567,214.0566864013672,2008300,0.00589760486212354
2021-09-22,215.2137253460386,218.827320004653,214.92000771768483,216.39749145507812,3361900,0.010935444685534312
2021-09-23,216.94042913189386,218.9074287373645,216.75351296876855,217.86607360839844,2941700,0.0067865026689792884
2021-09-24,219.52158692565177,220.1802277811297,218.27552431373556,219.32577514648438,2508800,0.006699994698163403
2021-09-27,218.95195298784998,221.53308846463088,218.3111169170102,220.8299560546875,2463300,0.006858203999044354
2021-09-28,220.1000781163648,220.47391042161013,216.20167508927196,216.9671173095703,3007500,-0.017492367494564842
2021-09-29,217.51006130967087,218.6938274690725,216.41529185348688,217.42105102539062,1719000,0.002092177475781387
2021-09-30,217.85712841044463,218.43565437890754,214.3414403058835,214.59954833984375,3136800,-0.012977136630699881
2021-10-01,216.34411752121827,217.7859918926175,213.83417397582764,216.21949768066406,2076000,0.0075487080627725245
2021-10-04,215.44511313954638,217.8927462350988,215.267106176082,216.35296630859375,2236500,0.0006172830358102122
2021-10-05,217.1451450052024,219.7351895353198,216.29069242478013,218.25770568847656,2463100,0.008803851467263923
2021-10-06,217.67026885794482,219.98440049531104,216.29960008145514,219.93099975585938,2107900,0.007666597896759386
2021-10-07,220.7320389089278,222.46763085349102,220.44721685594152,221.01686096191406,2423900,0.004937281271217175
2021-10-08,221.84458949329178,222.1828122705555,219.93988623907933,220.4650115966797,1687500,-0.002496865455570263
2021-10-11,220.82104774669668,221.7466922507019,219.3524595101164,219.46817016601562,1504000,-0.004521540281809844
2021-10-12,220.49170683782418,221.26605825297,217.33203200772223,217.63465881347656,2346700,-0.008354338358733782
2021-10-13,216.52213051447757,217.05615153518622,213.52265744485447,215.9702911376953,3214300,-0.007647530429460203
2021-10-14,216.17498234065116,218.4356995373593,215.42733128487245,217.66136169433594,2512000,0.007830107315836665
2021-10-15,218.27550782390915,219.290162611549,215.38285008235857,215.6142578125,2564700,-0.009404994372454123
2021-10-18,215.7655647118999,216.68231361853373,214.61740807482647,215.62315368652344,2484900,4.125828279488708e-05
2021-10-19,216.47760652828566,217.10953338495636,214.97342232589102,216.07708740234375,2071600,0.002105217867651943
2021-10-20,213.96766851885124,215.97027778004247,212.97971407342104,213.36244201660156,3040200,-0.01256331903755914
2021-10-21,213.76294071113773,215.31162994754536,212.99749847903678,214.85769653320312,2702400,0.007008049319594978
2021-10-22,214.2436198359015,215.60539320501084,211.83158198136948,212.22320556640625,3283700,-0.012261561998035075
2021-10-25,212.92628586780833,212.94409063942004,210.49645741367956,211.2440948486328,3178400,-0.004613589334683144
2021-10-26,211.3598467353325,212.18758543246344,210.1760804418032,210.42529296875,3066400,-0.0038760935801284147
2021-10-27,214.54621354763347,217.7236799252986,212.58810938216553,216.04148864746094,5249400,0.026689736768217287
2021-10-28,216.63780490213213,219.0231420041229,215.86346703364708,218.5069122314453,3448500,0.01141180612769932
2021-10-29,216.28179562171252,219.03204235596561,215.81007098112138,218.55142211914062,4329400,0.0002037001358023982
2021-11-01,218.77395009695684,224.016335843676,218.36452176248017,223.02838134765625,4456200,0.020484695020996257
2021-11-02,224.0786058043486,224.48803409062543,220.87443934821673,221.835693359375,2624300,-0.005347696024489812
2021-11-03,220.72312703371986,223.51787871247765,220.6519215257249,222.86813354492188,2399000,0.004654076041200161
2021-11-04,223.50901168614217,226.2325583705236,222.69016856137202,225.59173583984375,2711000,0.012220689658949846
2021-11-05,226.68646463569698,229.21419922772463,226.62415471903896,226.7042694091797,3224300,0.004931623781315064
2021-11-08,226.76657636660786,227.54091428608942,224.22993247849,225.27130126953125,2471300,-0.006320869665943807
2021-11-09,225.10219464326718,225.79643146465196,222.91266911200944,224.8707733154297,2258900,-0.0017779803811863726
2021-11-10,223.23303954387035,225.82308367647997,223.23303954387035,225.29795837402344,1794300,0.0018996913306938978
2021-11-11,225.47596228991512,225.47596228991512,221.85345879122872,222.65451049804688,1640500,-0.011733119532260083
2021-11-12,222.64563044247544,223.41107270809417,221.52417420352532,223.10845947265625,1625200,0.002038804305351638
2021-11-15,223.10847690300113,225.8587237678772,223.10847690300113,225.12889099121094,1709200,0.009055826584658533
2021-11-16,225.62730466124384,226.24144032619125,224.63045464339464,224.70166015625,2195500,-0.0018977166061623363
2021-11-17,224.65712907704298,225.48486760393345,222.97493807559528,224.90634155273438,1412000,0.0009109029116298739
2021-11-18,225.3246886035107,225.61840624747248,223.47338603557955,225.6094970703125,1751200,0.0031264370436314692
2021-11-19,225.44037288199178,225.46708683089278,222.71682671391216,224.24771118164062,2743100,-0.006036030869070452
2021-11-22,224.88855993561668,227.36289375692309,224.47914521813988,225.6094970703125,2438700,0.006072685787944732
2021-11-23,226.79327128291976,227.66551506856936,225.22679070731556,227.54090881347656,2770000,0.008560861879684634
2021-11-24,226.5173489432616,229.44561618725524,226.11682982440746,228.84036254882812,2642800,0.0057108576305140435
2021-11-26,224.74614792148083,225.32468761075816,220.97235087134197,222.52102661132812,2573300,-0.027614603766202395
2021-11-29,224.15872219083641,224.57704607611615,222.36082040182964,222.77914428710938,2084600,0.001159969822681406
2021-11-30,221.4008779500338,221.8662592333993,218.3310794493458,218.91282653808594,3836100,-0.017354935810511396
2021-12-01,219.95095487144718,224.55116564236818,218.47423880221035,218.53688049316406,3275300,-0.0017173321950436637
2021-12-02,219.86152217711177,224.05003596908523,219.2708301326981,222.67176818847656,3290500,0.018920777518107945
2021-12-03,224.0320949932352,224.35427568242383,221.57089235978597,223.14605712890625,3229900,0.0021299913513428415
2021-12-06,225.89371192372587,229.947983968142,225.86686352526146,228.92770385742188,3616800,0.02590969700699519
2021-12-07,229.9658637945712,233.03564854266278,229.51837235096448,232.61500549316406,2596200,0.016106838856159822
2021-12-08,232.69556121932533,235.21046106133267,231.88112347753233,232.3196563720703,3453100,-0.001269690751323549
2021-12-09,232.2480469343002,235.46999062020794,231.22775338680074,234.789794921875,2955100,0.010632499153875541
2021-12-10,236.16813324526987,237.41214549080317,234.87039688866528,237.14366149902344,2529600,0.010025421155683834
2021-12-13,236.47236401888765,237.94012165489582,234.84348871610464,235.46102905273438,2878800,-0.007095413959845587
2021-12-14,235.38049883431728,235.90853545912,234.2617702276903,234.95089721679688,3695500,-0.0021665234284831136
2021-12-15,234.62871351292424,237.7701121405648,233.95747635745983,236.74085998535156,2641800,0.007618454705891287
2021-12-16,237.67164777771399,238.86199028495074,236.35602187181047,237.66268920898438,2347700,0.0038938323688182397
2021-12-17,236.2754754130018,237.03621630774464,233.4831332554271,234.21702575683594,5943200,-0.014498125320456023
2021-12-20,232.364411697307,234.44970980979403,231.29042130608752,234.24388122558594,2824500,0.00011466061727682941
2021-12-21,236.53502323069478,238.49503784193672,235.75639252729624,236.62452697753906,2851800,0.010163107524932435
2021-12-22,236.56187525275112,237.56425168228418,236.33812953856216,237.11676025390625,1795100,0.0020802293095081303
2021-12-23,237.99384252598833,239.29155122198705,237.5731995098227,238.02069091796875,1509800,0.003812175331235901
2021-12-27,238.48612609546657,240.08815334656651,238.06548298415143,240.0702362060547,1485500,0.008610786231152856
2021-12-28,239.47950510793171,240.9472901295574,239.18417277747324,239.74801635742188,1304000,-0.0013421899096073275
2021-12-29,240.2581504058446,241.39476876153768,239.8106589931406,240.29393005371094,1318500,0.002277031128696372
2021-12-30,240.75038816519577,240.98309244772724,238.69193852232428,239.1483612060547,1714600,-0.004767364899313842
2021-12-31,239.85538969308016,240.8577660560927,239.14834563560592,239.9180450439453,1519200,0.0032184365973031426
2022-01-03,241.188934180537,242.2987315547,237.6716579210936,240.37449645996094,2750600,0.0019025305742716991
2022-01-04,241.19788343197095,242.6745997047268,240.09704466944623,240.31185913085938,2506000,-0.0002605822582013584
2022-01-05,241.01887867207577,241.89597172709924,238.8709252225005,239.13047790527344,2473000,-0.0049160338148048766
2022-01-06,239.9627599936199,242.32552745967837,239.67635897118163,241.36788940429688,2908400,0.009356446399566565
2022-01-07,240.3566039805259,241.79754064339195,238.96043285001454,239.01412963867188,2209100,-0.009751751864898628
2022-01-10,238.70095218456152,238.70991075627754,234.4945476985435,236.6425018310547,3122400,-0.009922542283180014
2022-01-11,235.8190329559193,236.23074475048796,232.98195248961812,234.59291076660156,3206200,-0.008661128278285246
2022-01-12,235.71162774193797,236.23073308764899,232.9461340257812,233.51893615722656,3044000,-0.004578035226492916
2022-01-13,233.9574737548828,236.14123412805134,233.2235812513553,233.9574737548828,2371300,0.0018779530468611139
2022-01-14,233.71586952128663,233.80534596950443,230.15382741285592,230.64605712890625,3460100,-0.01415392538152438
2022-01-18,229.97480136830976,230.10011208606286,227.60310211458463,229.54522705078125,3076500,-0.004772811171490199
2022-01-19,230.50283968597859,230.860854703472,228.29224444159692,228.41754150390625,2304700,-0.004912694379942462
2022-01-20,229.67052466199223,231.0040405429893,226.34118693165684,226.5470428466797,2602200,-0.008188944880989202
2022-01-21,227.3614858439718,231.3173092484668,227.0482499732749,227.85372924804688,3738100,0.005767836935534509
2022-01-24,225.87576797522527,227.25403550613945,221.7588415499137,226.97659301757812,5153100,-0.003849558369588446
2022-01-25,224.4885799801199,226.01004829768772,221.12344892956412,224.3543243408203,3908600,-0.011553035676038825
2022-01-26,226.43067135616647,227.5136066627531,221.83045984403847,223.61148071289062,3839000,-0.003311028793905546
2022-01-27,223.38772779969952,225.94737933106697,219.4945468877721,222.6180419921875,5199000,-0.004442699979160136
2022-01-28,223.74573931869853,229.42888655993593,221.2039909975636,229.19618225097656,3833200,0.02954899881394124
2022-01-31,228.23854203244417,232.2480615839875,227.71945031384064,232.2033233642578,3174200,0.013120380469463289
2022-02-01,232.47182176008627,232.60606374033117,228.7397444893608,231.7916259765625,2496500,-0.0017730038559762296
2022-02-02,231.64839750613118,235.03143156410644,231.34410661668153,234.73609924316406,2371500,0.012703104584543157
2022-02-03,234.4855506347759,235.20152612384223,232.75823996568562,233.2683868408203,2242200,-0.006252606254751436
2022-02-04,232.579203382201,234.24388578975595,230.71765095555372,232.74925231933594,1989700,-0.0022254816802014243
2022-02-07,233.59051935079827,234.1095973762083,231.95271278443616,232.56129455566406,1959300,-0.0008075547474326594
2022-02-08,233.14305573107544,234.82562802730672,231.89008507836442,232.76715087890625,2920000,0.0008851701812011559
2022-02-09,234.47658486279593,235.27313283417757,232.16754076567017,232.5702667236328,2379300,-0.0008458416685087622
2022-02-10,231.44258686453307,233.08935214764065,229.08877743229036,229.89425659179688,3246600,-0.011506243551828943
2022-02-11,229.89422825330038,231.58575886119309,227.97896560099522,228.3638153076172,3592700,-0.006657153192379028
2022-02-14,229.03508492881795,229.33937584753906,225.24929730176342,226.77972412109375,2825800,-0.006936699600983531
2022-02-15,228.05953528625426,229.93900472468306,226.9318481606552,227.1555938720703,2171500,0.0016574222075331768
2022-02-16,227.11981067339562,227.86264810711106,224.81969810264783,226.51121520996094,2941800,-0.0028367281259746857
2022-02-17,225.070292023918,226.32327625632965,223.74572117832176,224.5780487060547,2831900,-0.008534528862574553
2022-02-18,224.05004104115727,225.7952551606546,223.75469501226436,224.28274536132812,2813500,-0.0013149252405922907
2022-02-22,223.75464918833592,227.95212078557878,223.3877166121516,226.1621551513672,3980500,0.008379645019108706
2022-02-23,226.90499816207156,227.19139922570628,221.13236157968313,221.76779174804688,3497200,-0.019430144713553976
2022-02-24,217.41819882253432,219.78991180476672,214.44686256627307,219.29766845703125,4856000,-0.01113833199828207
2022-02-25,220.1657606715947,223.32504874644712,218.044655883938,223.25344848632812,4549700,0.018038404407714648
2022-02-28,219.9865651694889,221.13851465429616,218.11464382359688,220.28355407714844,4410400,-0.013302792988488021
2022-03-01,218.06070226288043,219.23065510992865,214.46085579954712,215.65780639648438,3910700,-0.02099906050655065
2022-03-02,216.75573771593983,218.45666444047495,215.63978048682904,216.83673095703125,4482000,0.00546664449688139
2022-03-03,216.89972394317033,218.09667442893738,212.10292732841597,212.97589111328125,4707400,-0.017805285233317147
2022-03-04,211.14898369705813,212.74191955524407,208.46710200586995,212.21994018554688,4184100,-0.0035494671428902835
2022-03-07,210.86999463992672,210.86999463992672,201.76238788668195,201.8883819580078,5425000,-0.04868325859721778
2022-03-08,201.88840534247998,206.75720132752525,199.97148256954404,200.50245666503906,5258800,-0.006864809552324935
2022-03-09,204.10227377462556,204.51626212962952,199.8004586664804,200.21444702148438,5630500,-0.0014364394748331843
2022-03-10,198.17150950675563,199.83644369027687,195.90360279668224,199.79144287109375,5444900,-0.002112755381459719
2022-03-11,202.25737699902066,206.19020483695428,201.77139003994193,204.17428588867188,6126300,0.02193709077122974
2022-03-14,204.0933119773965,205.5872516860047,200.83545503769423,203.55332946777344,4436100,-0.0030413057070125538
2022-03-15,205.17325790094222,211.10401574915124,205.17325790094222,209.30409240722656,5087400,0.02825187362196191
2022-03-16,211.37395551260204,214.37983739332458,210.91498008602264,214.31683349609375,4173200,0.023949560809896964
2022-03-17,212.78693828863197,213.71389770507812,211.0770028855853,213.71389770507812,3752800,-0.002813291803448581
2022-03-18,213.4979071563302,215.26183810502692,212.38196345316797,215.0188446044922,5336500,0.006106046042990032
2022-03-21,215.61279248887072,216.07176794146474,210.65400923009526,211.77896118164062,3704000,-0.015067904530930987
2022-03-22,213.32694400440064,214.5868987931782,212.8139729072487,214.2989044189453,2938100,0.011898930957279452
2022-03-23,213.40790190351382,214.19985878578402,212.34594005827793,212.49893188476562,2200500,-0.008399354812663073
2022-03-24,213.79488355656403,216.92674619755033,212.81392867135054,216.2247772216797,2337500,0.017533477951477527
2022-03-25,216.47678238125852,217.65574374943273,215.4778243398641,217.41275024414062,2134800,0.005494157689629686
2022-03-28,217.70972881970343,218.64568290539944,215.86480466724407,218.63668823242188,2041800,0.005629559383738325
2022-03-29,221.70553717445395,223.77543778943732,220.283596252953,223.3434600830078,2657400,0.0215278226570208
2022-03-30,222.7495316880565,225.44042231117683,222.7495316880565,224.1174774169922,2227300,0.003465592114032301
2022-03-31,224.7384041535031,226.20534590560544,222.54249572753906,222.54249572753906,3803400,-0.0070274826738421226
2022-04-01,223.29848387074415,224.47743145443326,221.5525560438999,224.31544494628906,2023000,0.007966789502175109
2022-04-04,222.10150605474004,222.5334974882934,218.13268603485466,222.13751220703125,2500700,-0.009709241108115885
2022-04-05,221.48054763524243,224.75640719727826,220.87756129953647,223.64944458007812,2532500,0.006806290202970189
2022-04-06,222.8664918753489,227.1323148374512,221.37255231152088,226.30435180664062,2886000,0.011870842029352291
2022-04-07,225.70137592679066,229.92219825807757,224.57642386545942,228.91424560546875,4041800,0.01153267172280481
2022-04-08,227.7262790616837,229.55321375818264,225.81836484861253,226.30435180664062,2551000,-0.011401185592120111
2022-04-11,226.1153424795493,227.63627971668302,224.92738662605183,225.39537048339844,2326700,-0.004016632097374906
2022-04-12,225.64736131840553,227.051299174897,223.91044207429908,224.24342346191406,2724900,-0.005110783859552326
2022-04-13,224.41442198632203,226.48433638383418,224.10843834235976,226.18734741210938,2133800,0.00866881142012832
2022-04-14,226.18736173660912,228.3472641902552,225.37738801724817,225.4493865966797,2105900,-0.0032626087350727806
2022-04-18,224.65742790530223,227.2313187371788,224.20744708666874,225.94436645507812,1426600,0.0021955254164605087
2022-04-19,225.0264243175338,230.35420982915153,225.0264243175338,229.8502197265625,2324500,0.01728679202214556
2022-04-20,230.39017673953472,232.00111574355748,229.32822861014176,230.25518798828125,2278700,0.0017618789409925562
2022-04-21,231.87512781896996,233.63904507080937,229.38224378319404,229.71522521972656,2476900,-0.002345062333979464
2022-04-22,229.4902184738759,229.4902184738759,224.9364147672133,225.14340209960938,2643600,-0.019902133677661804
2022-04-25,224.4954152633711,227.80728104629702,223.12746980527186,227.58229064941406,2523000,0.01083260058727209
2022-04-26,225.1074373581534,227.15934905354433,223.4875034585483,223.71249389648438,2948500,-0.01700394499891489
2022-04-27,223.1724683362455,225.86335839893232,222.33551065996272,222.41650390625,2706500,-0.0057931051040629455
2022-04-28,224.93639384986565,230.73214847659392,223.26246480383747,228.76123046875,3547400,0.028526329885907753
2022-04-29,228.84223504274587,229.35521974736739,223.91044930916485,224.23443603515625,3388000,-0.019788293778268184
2022-05-02,225.76437668017658,226.3853524065294,218.0247011133983,221.96653747558594,3418700,-0.010113961975112273
2022-05-03,222.64152043369896,223.04650044499425,218.04271567961555,221.27357482910156,2562000,-0.003121923936668103
2022-05-04,221.5345450989107,229.2922094986164,221.5345450989107,228.87823486328125,3289300,0.03436768281098668
2022-05-05,227.59129665498077,229.03124075966613,222.09253053204662,224.01844787597656,2925900,-0.02123306740026043
2022-05-06,223.36148542108316,227.19531712893837,222.920499266359,225.6923828125,2964500,0.0074723084299297415
2022-05-09,222.2905049815022,224.90038800859853,222.10150701196764,222.7314910888672,2918900,-0.013119147783080765
2022-05-10,224.08146961414857,225.7823966853514,220.42761356089264,221.1025848388672,3070800,-0.007313318121459966
2022-05-11,220.73362418716596,222.10155617178714,218.87970516321556,219.97764587402344,2833200,-0.0050878598532150265
2022-05-12,220.77858820838367,221.7325453154425,216.99873846991193,219.76162719726562,2861000,-0.0009820028571517758
2022-05-13,222.4255003047441,222.45249805371606,218.04269177885848,220.52658081054688,3255200,0.003480833405891115
2022-05-16,220.0046286638598,220.92257964983335,216.64776185774969,219.6266326904297,2147100,-0.004080905425592807
2022-05-17,221.39056108491673,222.29052271534323,215.50481806415036,217.45773315429688,3204900,-0.009875394024685291
2022-05-18,215.5047911112347,216.0627628579704,207.32413047723617,207.9361114501953,3946100,-0.04378608001650375
2022-05-19,206.5412131563545,208.926106203138,205.49725427340076,206.0912322998047,3518300,-0.008872336495686084
2022-05-20,208.23312323311288,210.64501377396772,205.72222263281944,210.51002502441406,3208200,0.021440954451576566
2022-05-23,212.17495315752342,214.99183750969158,210.14104477698064,214.1908721923828,3053500,0.01748537708615938
2022-05-24,213.74088970370605,221.21057406929,213.6958888751982,220.05862426757812,5258200,0.02739496793273699
2022-05-25,218.31271647860825,221.12059266086493,217.421749428934,219.5996551513672,2641700,-0.0020856674794661467
2022-05-26,221.3905678060642,224.38744177424485,221.030588635895,223.271484375,1972300,0.016720560062363887
2022-05-27,224.54041997989646,226.67332458496094,223.89244652705992,226.67332458496094,2063800,0.015236339828543999
2022-05-31,224.99040313488518,228.84223773796847,223.75746012004984,226.9793243408203,3924700,0.0013499592703272167
2022-06-01,227.86126007523777,228.06824738035894,223.361452462811,224.3424072265625,2264100,-0.011617433094030849
2022-06-02,224.63042848766491,225.38639296160082,221.588553781934,225.3323974609375,2089700,0.004412853756067703
2022-06-03,224.81657414127056,226.48169154150975,224.58129226691696,224.75323486328125,1838900,-0.002570258889455279
2022-06-06,225.4047775305215,225.8120019614766,223.82111622580558,224.49078369140625,1569300,-0.0011677303422780172
2022-06-07,222.61753815555358,226.04729008638677,222.1922108600941,225.27809143066406,2782000,0.0035070826797953814
2022-06-08,224.3369151236564,224.86178734934597,221.61302283310357,222.26458740234375,2101300,-0.013376817999400603
2022-06-09,220.46376598416634,222.61754995117263,219.02489976801778,219.14254760742188,2682600,-0.01404650120565698
2022-06-10,216.4458077906783,216.74444277304428,214.61781980179506,214.81690979003906,1992300,-0.01973892274507949
2022-06-13,210.66317883416815,217.27837098950943,210.5636338411758,215.8032989501953,4697000,0.004591766826551602
2022-06-14,217.1516392895871,219.8121786225309,215.93899673772626,216.06568908691406,3564800,0.0012158763929708272
2022-06-15,217.06114021848333,218.6176541232319,213.67662485658957,216.1923828125,3152100,0.0005863667022809604
2022-06-16,213.64044159075257,214.76258374205645,211.59526105581412,212.8350372314453,3272000,-0.015529435114124523
2022-06-17,211.95725555913677,213.10654519595795,210.10210647505403,212.10205078125,7236300,-0.0034439181618307613
2022-06-21,213.76712820690562,217.2783359663733,211.8848319754606,216.81680297851562,3263500,0.022228696893308975
2022-06-22,216.0928479061023,221.30536496802705,215.70372631599867,219.9569854736328,3054300,0.014483114094382854
2022-06-23,220.53615603270526,221.79403508941274,217.60412894686036,220.4275665283203,1937000,0.0021394230952664905
2022-06-24,221.94786368568796,224.42742977602262,221.25106265627608,224.33692932128906,3104800,0.017735362480021166
2022-06-27,224.33693835667512,225.12425368096117,223.13336787251387,223.5496368408203,2059200,-0.0035094198839693558
2022-06-28,223.5768030565699,226.20116467794912,219.46833873680023,219.74887084960938,2381700,-0.01700188846165429
2022-06-29,222.7442294667273,225.21473729270448,221.8121327534135,224.19215393066406,2997200,0.020219822126392506
2022-06-30,224.6536708147481,224.96135027243471,222.119809933097,223.4138946533203,2786200,-0.0034713939078547806
2022-07-01,222.93428443491965,229.0788846259416,222.61754662975667,228.91600036621094,2531400,0.024627410579939335
2022-07-05,227.27802017470555,228.9521819693957,225.92965450168876,228.30966186523438,2390700,-0.0026487379650463883
2022-07-06,228.47257239928015,228.82550210719123,225.66722378162584,227.55857849121094,1948600,-0.003289757287918804
2022-07-07,229.1874647919016,230.68968400976487,227.30516850839177,228.89788818359375,2396700,0.00588556011055652
2022-07-08,228.59022076183166,230.41820858215857,228.33683603805503,229.1693878173828,1450300,0.0011861168136741984
2022-07-11,228.1196299662104,231.12405457726763,228.1196299662104,229.20556640625,1478100,0.00015786833141961942
2022-07-12,228.92505501677806,231.3231654473407,226.9251107304273,227.57667541503906,2112800,-0.0071066816428176915
2022-07-13,225.29623996353288,230.58114187888245,224.66276424888136,228.65359497070312,2205300,0.00473211744437374
2022-07-14,226.13777606636594,229.04266934422836,225.89343589328234,228.59019470214844,2371000,-0.0002772765001258781
2022-07-15,229.875242385694,232.01998177814698,229.3594146177523,230.77113342285156,2627200,0.009540823584077485
2022-07-18,230.97928628460429,231.2960102846876,228.11059838761196,228.4273223876953,2164400,-0.010156430747608192
2022-07-19,229.74855907526427,232.22811160449368,228.92505180371154,232.11952209472656,2181300,0.01616356427259924
2022-07-20,232.37288956314777,232.49053739561165,229.3775094681487,230.3820037841797,2183700,-0.0074854466994714874
2022-07-21,229.84809523850814,230.58110201816123,228.3368314490587,229.3775177001953,2056500,-0.004360089188760519
2022-07-22,229.63090593193147,230.33676534598365,228.45446897236724,229.8480987548828,2226600,0.0020515570113657233
2022-07-25,230.37297803186576,230.5811125298952,225.02472370241773,226.58123779296875,2860400,-0.014213130235190441
2022-07-26,225.83915956325592,234.5809736751772,225.0609025630727,232.65342712402344,5272300,0.02679917097373674
2022-07-27,231.48602959225732,235.20537170156737,230.4815353347523,234.28233337402344,2718300,0.007001428133408316
2022-07-28,234.20093107607192,238.90667975434425,233.07880247826003,238.41799926757812,2849100,0.017652487210600976
2022-07-29,238.58990205947558,239.22337768163544,237.18724154637502,238.33651733398438,2653800,-0.0003417608311623299
2022-08-01,237.58544032338793,240.22787729629422,237.4677924742148,239.11480712890625,2384000,0.0032655079617163185
2022-08-02,239.4676905507003,240.21881397028343,236.09224717857256,236.2370147705078,2375200,-0.012035190931722672
2022-08-03,236.23702180311267,237.92930032182633,235.06965700088628,237.1781768798828,2305300,0.003983973935199225
2022-08-04,236.82528731956495,237.25964539032262,234.10138057776894,235.8660430908203,2089600,-0.005532270322353594
2022-08-05,234.96107468103233,235.31399058507483,232.63534810281516,234.5900421142578,1818500,-0.005409854508269252
2022-08-08,235.28684029204658,236.11034754709237,231.06977284048088,232.3909912109375,2253500,-0.009374016405390595
2022-08-09,232.48145208470066,235.4768318320772,231.9927717668951,235.34109497070312,2315800,0.012694570234385028
2022-08-10,237.09675903675796,238.64421488400822,235.7393348437994,236.517578125,2967900,0.004999055326241786
2022-08-11,238.18269830030152,238.24602377086035,234.04707282442442,234.63528442382812,2007000,-0.007958367052858462
2022-08-12,234.87959183711854,237.55826178689705,234.87959183711854,237.25961303710938,1530800,0.011184714267189477
2022-08-15,237.28676617104725,240.37264683151776,236.41802251004776,240.2097625732422,2342700,0.012434267671469934
2022-08-16,239.84777149877968,241.73911223196077,239.14191214564576,240.9789581298828,1828000,0.0032021827439510098
2022-08-17,240.68030164977,242.49925853145317,240.3364165062816,241.4585723876953,1699100,0.0019902744270061667
2022-08-18,240.71652032736623,241.9472381526456,240.1916618705528,241.2413787841797,1591900,-0.0008995066995048928
2022-08-19,240.66222507834237,242.30018114301342,240.3002508726495,241.2052001953125,1833800,-0.0001499684218748687
2022-08-22,239.35908121609788,240.52647350371004,237.43153485792848,237.9564208984375,1986700,-0.013468943846336456
2022-08-23,237.65782596359105,238.3184490203498,235.7664848807717,235.77554321289062,2211100,-0.009165029787020162
2022-08-24,235.92932660359227,237.0967189448587,235.16011416761265,236.0650634765625,1777200,0.001227948665610601
2022-08-25,237.08764215464723,237.71205933855418,235.46780290188835,237.6034698486328,1330400,0.006516874413409646
2022-08-26,237.8206647034987,238.18266651654642,232.01996400040383,232.5267333984375,2357800,-0.02136642387179566
2022-08-29,231.21456452767882,232.30954553499038,230.3910572852005,231.35935974121094,2017500,-0.005020384710889392
2022-08-30,231.66703251080904,232.31859714442018,228.56306288294945,229.39561462402344,2051300,-0.008487856810219685
2022-08-31,231.2700395691806,232.64398807553843,229.47752958159148,229.55032348632812,3119200,0.0006744194415322369
2022-09-01,229.1317501262874,233.41738492015992,229.07714429086133,233.36279296875,2577800,0.016608425658127812
2022-09-02,234.21811832699578,235.28268921310342,230.5330086556309,231.5793914794922,1791300,-0.007642184371253302
2022-09-06,231.54296295631067,233.5993521374824,230.5511722521961,231.4701690673828,2645700,-0.00047164132961741156
2022-09-07,232.15262124598885,236.41097396238618,231.98884539121244,235.13711547851562,4185200,0.015841982687908818
2022-09-08,234.61847150839984,237.55744014381605,234.1453042224258,236.6475372314453,2448900,0.006423578642001715
2022-09-09,236.8112863355093,237.2480218613512,234.94596913380343,236.137939453125,2007000,-0.002153404105878831
2022-09-12,236.57473261223535,237.8485910034644,236.04700119587986,236.91139221191406,2204300,0.0032754277460891323
2022-09-13,234.51836194017866,235.61936442986186,230.81506439824065,231.4156036376953,2604900,-0.02319765429136833
2022-09-14,232.02522772125513,235.00060005671872,231.45198448047051,232.68035888671875,2745200,0.0054652980574445564
2022-09-15,232.04343941768124,232.23451124996225,229.74138621152034,230.63308715820312,2289500,-0.00879864436478861
2022-09-16,229.1590737043827,232.7713896872843,229.06807785172822,231.94337463378906,4304100,0.005681264088041038
2022-09-19,231.11532476087976,234.34546878319915,230.52389345978298,233.85414123535156,2195800,0.008238073644394328
2022-09-20,233.0261184982812,233.38096615983633,230.00523446192608,232.38917541503906,2140200,-0.006264442496394129
2022-09-21,232.14351378445676,233.76313971339374,228.45840454101562,228.45840454101562,2438800,-0.016914603991357247
2022-09-22,227.8305467806102,227.86693678128677,225.33740827183937,225.60128784179688,2300500,-0.012506069562023048
2022-09-23,224.9371054537669,226.656821405674,222.18919476626937,223.79061889648438,2672100,-0.008025969012119494
2022-09-26,223.78152341557936,224.0635910956175,220.5968632375706,221.7979278564453,3179100,-0.008904265289872537
2022-09-27,222.5440472913445,222.86250496783993,215.24662233130957,215.37400817871094,4193800,-0.028962938201533284
2022-09-28,214.85538805839545,217.0391495851139,212.69890862544247,215.5924072265625,4202400,0.0010140455187626074
2022-09-29,215.02824514774954,216.24751161741295,211.51601964085708,213.28121948242188,3053200,-0.010720172263357308
2022-09-30,212.29857064923584,213.67251915526347,209.80543147767108,209.95101928710938,3629300,-0.015614127692039736
2022-10-03,212.4805196597596,215.51049784828732,210.8335977053382,214.13653564453125,3286700,0.01993568010116764
2022-10-04,215.38313588877529,219.33211140517844,214.9281844085256,217.01185607910156,3685700,0.013427509817116823
2022-10-05,215.56510904917147,218.74976934214993,214.86447989719144,217.54869079589844,3033000,0.0024737575471507345
2022-10-06,217.77613625465372,218.26749154945185,213.33581996175013,213.5996856689453,2999200,-0.018152281737507825
2022-10-07,212.88086586211958,213.4632031005785,211.17024414988992,212.18023681640625,2294300,-0.006645369575772886
2022-10-10,212.380463248114,214.97367847607885,212.380463248114,213.78170776367188,2668700,0.007547691393385181
2022-10-11,213.06287074471436,217.57598144577642,212.85358307695103,215.69248962402344,3169200,0.008938004473534544
2022-10-12,215.89266958435562,218.41309067472758,215.7015838623047,215.7015838623047,2709300,4.216298071901825e-05
2022-10-13,213.3358534525593,226.8388100051469,213.3358534525593,224.5185546875,5026900,0.04087578156507066
2022-10-14,226.63862255922695,226.9570802530364,220.56957170661104,221.2519989013672,2918300,-0.01454915737667839
2022-10-17,223.65414558948834,224.94620609913457,221.5886620266796,224.2728729248047,2758200,0.013653544548468455
2022-10-18,226.90248435566096,227.85788518851942,224.97349462822538,226.73870849609375,3123600,0.010994800838511676
2022-10-19,227.47574537130797,229.76870477217568,226.67502630471532,228.15817260742188,3021300,0.0062603519299511134
2022-10-20,227.06625398251742,229.0680374315311,226.61130256755905,227.2664337158203,2410700,-0.003908424061302096
2022-10-21,227.66680847645026,232.35280281170725,227.02077131484364,231.61578369140625,3254900,0.01913766984624088
2022-10-24,232.28000236033637,233.72674458410717,230.26912480292273,232.31640625,4125100,0.003024934429888493
2022-10-25,231.63397636549027,234.0998053264675,231.47928066227067,232.689453125,2689000,0.0016057706858574328
2022-10-26,234.6093485881806,237.20257727618412,233.04431456827928,233.4901580810547,3582600,0.003441088305899953
2022-10-27,239.30445300423938,242.93495654237387,238.63113377129037,241.22433471679688,4145700,0.03312420831484175
2022-10-28,243.40814408013702,250.05042442714523,242.02507384141484,249.7865447998047,4647600,0.035494802350932275
2022-10-31,248.4580259564472,248.97667715333557,246.4107449068601,248.0940704345703,3336100,-0.006775682679748929
2022-11-01,249.031351553388,249.1223474059947,245.36444361442642,248.3580322265625,2740900,0.0010639584877212283
2022-11-02,248.40343980529792,251.74279496859774,245.95579929419915,246.01039123535156,3069900,-0.00945264773667287
2022-11-03,245.0641600776279,249.93214662771243,244.19976889795325,248.3580322265625,3225400,0.009542852964145698
2022-11-04,250.76924780819584,250.86932379974314,247.61188359651868,249.87753295898438,3256500,0.00611818638921946
2022-11-07,250.28697440276179,253.02576299820754,250.28697440276179,251.50624084472656,3029500,0.006518024515671517
2022-11-08,251.91572770864028,254.33607298676716,251.5881759619039,253.31698608398438,2628800,0.007199603608944782
2022-11-09,253.41706356660254,255.00028571434848,252.6618286154591,252.76193237304688,2610800,-0.0021911428819600953
2022-11-10,256.128543722317,256.2923473386125,248.0213060168609,251.0240020751953,4510900,-0.006875759658644287
2022-11-11,251.43346301761247,252.04311019522524,244.92766265823775,246.93856811523438,4742800,-0.01627507300571651
2022-11-14,246.52000641663568,249.9594385523102,246.2015348216957,247.73927307128906,3357400,0.003242526925486322
2022-11-15,245.90119701795038,246.61091999112944,242.34347423957013,243.7083282470703,5429100,-0.016270915685858256
2022-11-16,244.69107855141633,249.7046242069271,244.69107855141633,247.95762634277344,4132700,0.017435998704956823
2022-11-17,247.5572786247941,249.6318560419144,246.18331641576043,248.7310333251953,2467400,0.0031191094778135753
2022-11-18,249.24056019249872,250.31423871585477,247.60271866911614,248.74009704589844,2699200,3.643984661638733e-05
2022-11-21,249.90483662475162,250.20512014469904,248.49449817661676,249.7865447998047,2974200,0.004206992625371386
2022-11-22,250.223311670252,250.4962714484967,249.5863684969685,250.00494384765625,2770400,0.0008743427234105816
2022-11-23,250.72370138529624,250.81469721743323,248.29427649861168,248.6491241455078,2514800,-0.005423171563257667
2022-11-25,249.77740788978608,250.51442688138985,248.27604616730727,250.22325134277344,1596600,0.006330716839140882
2022-11-28,250.11413272138913,251.0786276477025,247.8393752974359,248.29432678222656,3160500,-0.00770881422967562
2022-11-29,246.5836778240622,247.42080068257977,245.19152754337824,246.9567413330078,2873500,-0.005387096300399685
2022-11-30,246.70965694908926,250.08610993086816,245.9867775609348,249.6103057861328,5196500,0.010745057773283495
2022-12-01,249.94888990691007,250.93710721996175,248.32930144892353,250.16848754882812,2599600,0.002236212807549487
2022-12-02,246.88354250784187,250.2142556738413,246.7096850665166,250.16848754882812,2807500,0.0
2022-12-05,247.99066533530453,249.40897427079426,247.05734763037896,248.51223754882812,2586900,-0.006620538087063199
2022-12-06,248.70445165986,250.14105146930964,247.084863113651,248.677001953125,3573000,0.0006630031821450721
2022-12-07,249.34496225715841,250.69921283890582,246.75544704596635,247.36849975585938,2766400,-0.00526185448187233
2022-12-08,247.97247920509412,250.32410683521135,247.62476424973966,250.15940856933594,3022700,0.011282393741446572
2022-12-09,250.36067481565448,250.86395672333978,248.63128726503257,248.92410278320312,1677400,-0.004938074458992081
2022-12-12,249.06134863539063,253.19726306819425,248.17377080358432,253.1149139404297,3230500,0.016835698553773648
2022-12-13,254.99983950414233,256.1161740945343,250.38812132610911,250.97372436523438,3390100,-0.008459357616909302
2022-12-14,251.833840006663,253.5357775524902,249.16194773460506,251.2024688720703,2660900,0.0009114281083189013
2022-12-15,250.52530413402914,251.06516682943413,246.33446393328495,248.64035034179688,2735300,-0.01019941619912279
2022-12-16,247.43258633736914,247.99073970122774,243.1777141038042,243.50711059570312,5932500,-0.020645240159279377
2022-12-19,243.62605354415717,245.6116753565018,242.18032248968268,243.24172973632812,2160800,-0.0010898279673468014
2022-12-20,244.2391451398979,245.17246310864866,242.06137528839034,244.5410919189453,1785600,0.00534185554438249
2022-12-21,244.7515672948164,247.00252714015977,244.59600033209006,245.373779296875,2366800,0.0034051020685132993
2022-12-22,244.55935440544198,245.3371332525307,241.24695980372354,243.1868133544922,2366700,-0.008912793977619016
2022-12-23,243.3057695846184,245.5475977877266,242.29010261813207,244.83387756347656,1269000,0.0067728351972089484
2022-12-27,245.8312500255789,246.02339794932223,243.94629592755228,244.1658935546875,1674700,-0.002728315278247684
2022-12-28,245.22734359495732,245.35546083488532,242.54632001050015,242.58290100097656,1427800,-0.006483266481919103
2022-12-29,243.34239590441064,245.0534927231234,242.37246906680426,243.33323669433594,1393900,0.0030931103975722074
2022-12-30,242.66529995768286,242.82999820296254,239.1881787633834,241.13719177246094,1720100,-0.009024845728878295
2023-01-03,241.13717563283686,241.88750482145403,237.4587754456775,241.8691864013672,2743800,0.0030355940679485105
2023-01-04,243.62604030896404,243.90053735362883,240.55156171103994,241.92410278320312,2584100,0.00022704992997657492
2023-01-05,242.2626367441762,242.2626367441762,239.16984000405213,239.88356018066406,1945600,-0.008434639538035915
2023-01-06,241.3476497957794,246.95677254724612,241.00909410627793,246.57244873046875,2855400,0.027883897274023628
2023-01-09,246.99335884231414,247.01167726338647,244.10186867954485,244.5410919189453,2654600,-0.008238377085446169
2023-01-10,244.2940015501762,246.23385498164185,244.27568313232854,246.05999755859375,1718400,0.006211249110443573
2023-01-11,246.61818277434568,246.81948992583563,244.2757147885106,245.96852111816406,2391400,-0.00037176477825451304
2023-01-12,246.59991156779722,246.98423540503873,243.57117277284792,244.0286865234375,1933000,-0.007886515664314087
2023-01-13,243.75414915444492,246.09661693633984,243.28747627016116,246.04171752929688,2168900,0.008249157238593874
2023-01-17,247.07567202753063,251.98939229454243,247.07567202753063,250.81813049316406,3640200,0.019413020734170505
2023-01-18,250.26913907875812,251.0560491949192,243.1410682135477,243.4338836669922,3276500,-0.02944064215634179
2023-01-19,244.0560910714736,246.270469501326,241.13715164887722,241.18289184570312,2845400,-0.009246830340053802
2023-01-20,241.9606683175044,245.82208473751678,240.49661901583005,245.75802612304688,2588600,0.01896956389539728
2023-01-23,245.99594137994595,248.12797067341123,245.00772416100108,246.40771484375,2434000,0.0026436114048939974
2023-01-24,239.02343037305013,247.20377659884676,239.02343037305013,246.65475463867188,2517100,0.0010025651797409552
2023-01-25,247.35930936282924,249.86650306870305,245.97763717512603,249.8024444580078,3097400,0.012761520952422112
2023-01-26,249.80244894898647,251.40374669865946,248.6129246475675,251.3762969970703,2222500,0.006300388863196504
2023-01-27,251.6325423508975,251.9161986192303,248.86001036488082,249.30836486816406,2203200,-0.008226440414667913
2023-01-30,248.58548533227383,249.40900433877312,247.112276820325,247.87176513671875,2862400,-0.005762340674790423
2023-01-31,242.56466371700628,244.77904280108464,240.88101627988434,244.67837524414062,5477900,-0.012883233759265589
2023-02-01,244.3306187294563,245.6482604864661,241.10973217033316,243.64434814453125,3557700,-0.004226066560143016
2023-02-02,242.38165835816648,243.37903502535758,239.75550586310848,240.84439086914062,3735600,-0.011491985333186072
2023-02-03,240.3136604754627,242.68357818861304,239.14242647196713,241.7777099609375,3008500,0.0038751954672009425
2023-02-06,242.47309288105922,245.41035083271882,241.89662117233314,245.15414428710938,2863900,0.013965035597025777
2023-02-07,242.50054289139518,245.01686815211707,241.22866937121918,244.6234130859375,2514000,-0.0021648877391617916
2023-02-08,242.56463593564857,243.29667468822493,240.14897786320452,240.48753356933594,2801800,-0.01690712865308852
2023-02-09,241.28359472688254,241.52151080384127,238.08099859610303,238.5110626220703,3534600,-0.00821860043192546
2023-02-10,238.70318132542963,240.36853781125868,238.17247774695315,240.12149047851562,3049900,0.006752004870302697
2023-02-13,241.29273848845625,244.12016982624309,240.6522081335418,243.58030700683594,2418300,0.014404443856431026
2023-02-14,243.99202272901147,244.788092008088,242.1070687344757,243.95541381835938,2202100,0.0015399718316018163
2023-02-15,243.64434796696818,244.93454001661758,242.61952169546777,243.9097137451172,1862000,-0.0001873296129275559
2023-02-16,242.54632787725916,244.96198577480084,240.90842095665957,243.24172973632812,2785400,-0.002738652752006021
2023-02-17,243.67174967047922,247.057361723118,242.78417210583063,247.04820251464844,3055600,0.01564892990378941
2023-02-21,246.40773006761316,247.27698932074617,244.8704628523404,245.7305908203125,2824300,-0.005333419474111811
2023-02-22,245.41034350054042,247.49660471657697,244.91622091862118,245.81295776367188,2192000,0.0003351920616982973
2023-02-23,244.9528298704378,245.10836888042553,241.53060863326962,244.11099243164062,4217000,-0.0069238226801190406
2023-02-24,243.31495057072684,243.653506256523,239.96594678045793,241.27442932128906,2645300,-0.011619972874207574
2023-02-27,242.50970166569206,243.6717763675855,241.14631982632534,242.28094482421875,2024800,0.004171662557698408
2023-02-28,242.1705366220761,243.49575800271666,241.86681840632434,242.87916564941406,2853400,0.0024691204074234196
2023-03-01,241.61837791493895,242.52947651627989,240.82689611209094,241.78402709960938,2058900,-0.004508985144429656
2023-03-02,241.53552706138268,247.0665746429689,241.4066700968801,246.2475128173828,2385900,0.018460631048777154
2023-03-03,247.0297944235999,247.91328477429317,244.98670367873606,247.62799072265625,2725800,0.005606058268280645
2023-03-06,247.70156372533538,249.20167432354657,247.47148610194466,249.07284545898438,2217600,0.005834779550209834
2023-03-07,249.88272400272913,251.3828347744426,245.55728103409245,245.8425750732422,2766600,-0.01296917927680774
2023-03-08,244.6737069871544,244.94981695574728,242.170489686702,244.18594360351562,2314000,-0.0067385865496771835
2023-03-09,245.8057565789911,246.284307983652,240.08142348175676,240.78086853027344,2339300,-0.013944599033804295
2023-03-10,242.71349536431944,245.33635778933836,240.44032733316175,241.14895629882812,3093100,0.0015287251466509222
2023-03-13,239.62127670001703,246.09105937192783,239.62127670001703,242.1153106689453,3552400,0.004007292359663683
2023-03-14,242.1521090661206,245.66770213154163,241.6735576877057,244.7105712890625,3194400,0.01071910988589142
2023-03-15,243.49579894825337,245.17998330079416,241.64599349163805,245.1155548095703,3419400,0.0016549490215092
2023-03-16,244.6001875741634,249.1097045870956,244.3517137849753,249.00848388671875,3097900,0.015882015648386094
2023-03-17,248.08811386273211,248.45623245396715,244.53570064747572,245.906982421875,5075300,-0.012455404797591996
2023-03-20,246.49593093159896,249.75383756883443,246.49593093159896,249.16482543945312,2108900,0.013248273739494776
2023-03-21,248.4838819047279,249.2845476971609,246.29353800756695,248.67713928222656,3120100,-0.0019572833218590713
2023-03-22,248.52069178266424,250.30609666172734,246.37635227477585,246.5236053466797,2240800,-0.008659959422738894
2023-03-23,246.63399890661964,249.84590161077847,246.63399890661964,248.1341094970703,2263800,0.0065328597970397695
2023-03-24,248.82438014398483,250.16802579766718,247.41630600574848,249.70787048339844,2229200,0.006342380696946037
2023-03-27,250.32445432721858,253.03938151833523,249.00841706156834,252.017822265625,2799100,0.009250616641577336
2023-03-28,252.15586836445684,254.20817091842545,251.7141372932155,253.86766052246094,2036000,0.007340108886768393
2023-03-29,254.92605471208606,255.98440636181076,254.41989507959028,255.33099365234375,2053400,0.005764157304917417
2023-03-30,255.16529747293495,256.2144368353372,254.46585250756843,255.65306091308594,1788800,0.0012613715872689113
2023-03-31,256.6931058564548,258.276041587718,256.3065629549915,257.3280944824219,2902500,0.006551979324454171
2023-04-03,258.59805350018036,260.32824183486315,257.3924489216693,259.65643310546875,2352700,0.009048132220968785
2023-04-04,258.9845821583986,260.8344152578279,258.0458755556684,259.7852478027344,2282300,0.0004960966910196873
2023-04-05,260.89881704345373,262.2700987992342,259.3250939380437,259.54595947265625,2600800,-0.0009211005324668564
2023-04-06,259.9233165889007,260.89884358019344,259.13186295227297,260.3466796875,1731000,0.0030850806403253106
2023-04-10,260.61354898961974,261.52467558193973,259.5183771286745,261.1657409667969,1941800,0.0031460408109680316
2023-04-11,260.60436241364613,262.78549402063294,260.21781960773626,261.8099670410156,2732900,0.0024667327032785735
2023-04-12,261.230141817739,263.9358569426243,260.9080275246531,262.5645751953125,2557400,0.0028822743565704023
2023-04-13,263.733403292968,266.466726773098,263.3100402147066,266.0341796875,3229300,0.013214290197398393
2023-04-14,266.23667955671766,266.83487587052247,264.6997483918583,265.9513854980469,2054700,-0.00031121636156072885
2023-04-17,266.7428294280754,267.3594499073978,265.21511041314756,266.25506591796875,2371000,0.001141864402598225
2023-04-18,266.33792189619993,267.98528598080827,265.96980321821917,267.72760009765625,2086700,0.005530539577193183
2023-04-19,267.7275395810248,268.362556093407,267.064914876176,268.058837890625,2254000,0.0012372194456153895
2023-04-20,267.773543484413,268.4269841812564,266.77962047140727,267.81036376953125,2274200,-0.0009269387387075279
2023-04-21,269.02517839488087,269.2184357404211,267.3594185977592,268.785888671875,2171200,0.0036425957853643
2023-04-24,269.4945140099385,270.04670593250324,268.4637707334966,269.8350524902344,2995200,0.003903344121015895
2023-04-25,271.49166055987104,271.49166055987104,266.36552314365815,268.27978515625,5845200,-0.005763770568839144
2023-04-26,266.8716894348813,268.27055149651557,266.6692199707031,266.6692199707031,3290000,-0.00600330429148388
2023-04-27,267.5527052643503,271.53763790160804,266.8900804928042,271.23394775390625,3142300,0.01711756528820474
2023-04-28,271.3351257334535,272.5775504952528,270.48845582208514,272.18182373046875,2838200,0.003494680457265309
2023-05-01,272.1542331962965,274.9887772933129,272.0898047181339,273.8659973144531,2124400,0.006187678372131744
2023-05-02,273.67272698663083,274.67586205437163,272.02536333911456,274.31695556640625,2083800,0.0016466383427489184
2023-05-03,273.1113472837836,273.5715025242074,271.1694775646584,271.6940612792969,2425500,-0.00956154635681794
2023-05-04,272.46712882684767,272.6972064556,270.0835279632509,271.63885498046875,2005300,-0.00020319288013948
2023-05-05,272.2002378532294,273.35062602632024,270.9946332946821,272.964111328125,1815800,0.004878743682495523
2023-05-08,273.4242361666348,273.672709873535,272.016162322909,273.0469055175781,2969600,0.0003033152931726235
2023-05-09,274.8323304441889,275.04398388540295,272.68799124080635,273.0193176269531,1637500,-0.00010103718470166889
2023-05-10,272.7616621753314,274.25256086485234,270.4240653697494,272.9365234375,1849300,-0.0003032539608287532
2023-05-11,272.87209362754186,273.27703253947357,269.9823048547247,271.2983703613281,1955100,-0.006001956262724151
2023-05-12,271.66649567383564,272.80767186156675,270.8566178300323,272.5408020019531,1801700,0.004579576497161675
2023-05-15,272.20027089325646,273.0009647508619,271.1787395526684,272.3199157714844,1700500,-0.0008104703180082939
2023-05-16,272.35671438261875,272.5867920268505,270.5529135158239,270.7093505859375,2859500,-0.005914239437773472
2023-05-17,271.9701169459147,271.9701169459147,269.32883061445244,270.07427978515625,2802100,-0.0023459507379655076
2023-05-18,269.88107235484046,270.9670320776391,267.93001845675485,270.6173095703125,2410700,0.0020106682709224444
2023-05-19,270.4240490379727,272.41192319916337,269.16322807632906,271.9977722167969,2371200,0.005101161668764842
2023-05-22,271.9977788227368,273.00094206344147,266.09861276069245,266.2918701171875,2514700,-0.020977753064320925
2023-05-23,265.1874986988314,265.5096130319449,262.6934647904859,263.5493469238281,2943900,-0.01029893699778539
2023-05-24,263.6229563170303,264.23954862958226,261.9019520746941,263.13519287109375,2262100,-0.0015714478429501577
2023-05-25,263.93590235815265,264.0463351437791,262.0216404551188,262.76708984375,2748100,-0.0013989121839893537
2023-05-26,262.9142791066359,265.73963889098417,262.9142791066359,263.24560546875,2148200,0.001821063761388686
2023-05-30,261.3037173827801,263.5308808424197,261.07363978960285,262.21484375,3385200,-0.003915589462223146
2023-05-31,262.17808652841774,262.9327479560999,260.77001244293785,262.3897399902344,3104900,0.0006669959554277405
2023-06-01,262.2149101348761,265.0862747309685,261.0000933947906,264.9298095703125,2605300,0.009680521731423974
2023-06-02,265.25370056703775,268.4918865190991,264.73559307348717,268.22357177734375,2869400,0.012432584360262622
2023-06-05,268.30678171006366,268.7693796095637,266.4841448566438,266.8542175292969,1974500,-0.00510527184084919
2023-06-06,268.1772386598623,268.51958482000737,260.8867195376179,263.2552185058594,2771500,-0.013486760886746607
2023-06-07,263.1719492705685,263.4402357160834,260.2668209868475,260.81268310546875,3614800,-0.009278203160619447
2023-06-08,259.952216084284,264.661458430965,259.054775197959,264.40240478515625,3043700,0.013763600899101558
2023-06-09,264.1618365495561,265.79018983451783,263.4401851136715,265.33685302734375,1975900,0.003534189649094799
2023-06-12,266.6044004997163,267.15026258314685,265.0685722253561,266.9837341308594,1885000,0.006206755996106983
2023-06-13,266.91899198177174,268.0199772577371,266.04004466575384,266.9652404785156,2027800,-6.926883543656448e-05
2023-06-14,266.54890118867604,267.899679077782,265.81798864054184,266.86346435546875,1964500,-0.0003812336125273985
2023-06-15,267.98289504373344,271.52640993905953,266.6968878650636,270.7214660644531,2619200,0.014456837387996302
2023-06-16,272.4793867051422,274.3852875328472,271.21187315062036,271.72998046875,4891200,0.00372528421538898
2023-06-20,271.6837100690748,274.9496497415842,270.78626911593426,271.1193542480469,2729800,-0.002247180158956863
2023-06-21,271.37833830032395,273.0806945535184,270.9064795820086,272.4885559082031,2837100,0.005050180441576124
2023-06-22,272.58118958236304,273.0067717563531,269.7130768764594,271.35992431640625,1799400,-0.004141941257074677
2023-06-23,269.5558562563997,270.5735774882814,267.97377902554854,268.22357177734375,3720600,-0.011557906153472741
2023-06-26,267.9737489437649,268.0755069381597,265.59598874954673,267.4648742675781,1851800,-0.002828601173037182
2023-06-27,268.59355627641116,270.6104760875398,267.9829237379102,269.5094909667969,1815000,0.007644430711949424
2023-06-28,269.64830902408164,269.99062692944483,267.4278166660002,269.9165954589844,1666500,0.0015105386111899932
2023-06-29,269.74076869154334,272.6181417195285,268.50100996281674,272.4423522949219,1744000,0.009357545547143964
2023-06-30,273.06229695595164,276.7260643510221,272.83099801019426,276.0876770019531,2644700,0.013380168965378525
2023-07-03,275.5140679350159,276.0784238259705,272.7477132658113,272.78472900390625,1601300,-0.011963402473857965
2023-07-05,273.0345044931462,275.0699464390026,272.5534128671863,274.69061279296875,2356000,0.006986768636286778
2023-07-06,273.2288678898026,274.39459555799453,271.489495029791,272.8587951660156,2569600,-0.006668657542854395
2023-07-07,271.74850748046185,272.34061810162973,269.74082020091475,270.24969482421875,2586500,-0.009562089945495122
2023-07-10,270.5272814149832,273.5064134073666,270.46251092423296,272.4609375,1703700,0.008182220805908802
2023-07-11,273.20101318629855,273.39529635412566,269.9443066451195,272.692138671875,1529600,0.0008485663082438144
2023-07-12,274.6258101256804,274.87563101936973,273.1177649456574,273.4970703125,2156000,0.002951796280396435
2023-07-13,273.29352613499356,274.4685143149839,272.94194730963636,273.13623046875,1656900,-0.001319355426139257
2023-07-14,273.1640361974854,273.9041814792333,272.01680254035637,272.8772277832031,1550000,-0.0009482545947946397
2023-07-17,273.00669978294326,274.6535467887279,272.5163472541065,272.6366271972656,1669900,-0.0008817173491979524
2023-07-18,272.4423749673231,273.6266243168028,270.58272260211,271.84100341796875,1991600,-0.0029182571229551257
2023-07-19,272.93272333454934,273.3027959565313,271.2858761672081,272.1278076171875,1969200,0.0010550439249878973
2023-07-20,272.2943833573592,275.30126981467447,272.1093328968608,274.9034423828125,2104300,0.010199746912779917
2023-07-21,275.3937383203643,276.9573212148863,273.2287839051948,273.4970703125,2835500,-0.005115876535129349
2023-07-24,273.8579307571017,274.7368779774111,272.8031940927305,273.21954345703125,2034400,-0.0010147342900296286
2023-07-25,272.1926195177327,272.86799439108927,269.83335325340124,270.490234375,2780600,-0.009989435775704214
2023-07-26,270.38847069956853,270.6937728881957,267.8441822669806,269.9258728027344,2896900,-0.0020864397325457418
2023-07-27,270.15717415851026,276.5410195447609,269.7038372506883,273.1085510253906,4698300,0.01179093426506106
2023-07-28,273.67289517252624,275.4307897085426,271.0361098379696,272.0353088378906,2843000,-0.003929727514830672
2023-07-31,271.6467004162392,272.22957823443465,268.35300592855367,271.26739501953125,3296000,-0.0028228461284670603
2023-08-01,271.0823433582357,271.924274843523,268.538055152655,269.2967224121094,1916200,-0.007264686591914149
2023-08-02,268.54727788357974,271.4986540403344,267.73310125623664,267.95513916015625,2388300,-0.004981803120128858
2023-08-03,267.19655234824023,269.48178724562166,267.0577786165646,269.25048828125,1910700,0.004834201445636399
2023-08-04,270.53650142417445,270.9158350821513,265.30915091400146,265.5496826171875,2520500,-0.01374484290701361
2023-08-07,266.3453717260318,269.60205078125,266.32684973978013,269.60205078125,2176800,0.015260301289474087
2023-08-08,269.2782213032188,269.7870959246244,266.9559990878967,267.9181823730469,1948400,-0.006245755191118252
2023-08-09,267.38154943909933,268.04769145290436,266.34533480312075,266.6691589355469,1895800,-0.004661958462232607
2023-08-10,267.2057213723,268.64902415442924,265.3275755574313,266.08624267578125,2436300,-0.0021859155445362877
2023-08-11,265.76251546391757,267.3445925066447,265.30917851965205,267.030029296875,1761800,0.0035469200196258655
2023-08-14,267.1872557634921,268.16796087937774,266.10476444553444,267.20574951171875,1712400,0.0006580541346097313
2023-08-15,266.4100298775391,267.45547697474746,265.64210187500385,266.73382568359375,1883800,-0.0017661439882463714
2023-08-16,266.05852934057776,267.27053342654716,263.7085243999982,264.05084228515625,1829400,-0.010058654509083942
2023-08-17,264.7447630285863,265.10560293031847,260.7016620451405,260.7756652832031,2148400,-0.012403584755151686
2023-08-18,260.6461790988472,262.51506457362314,259.3323885528999,260.6646728515625,2624500,-0.00042562419127600837
2023-08-21,260.62765573556754,261.1735178433902,257.8335464824701,259.0918273925781,2682600,-0.006033980139226736
2023-08-22,259.75802427659545,259.81353377488455,258.21293461490967,259.3416748046875,2052300,0.0009643199271229808
2023-08-23,260.9236858199126,261.9691614971832,259.6561722057818,260.784912109375,2308800,0.0055650034101708545
2023-08-24,260.6646198636862,263.44946787439966,260.6646198636862,261.22900390625,2006400,0.001702904486624357
2023-08-25,263.4587930482283,264.7355679055044,262.30229817529533,263.292236328125,3725200,0.007898175129954055
2023-08-28,263.29214302273266,264.7909835640751,262.30220522071687,262.45947265625,2317600,-0.0031628873053330953
2023-08-29,262.70936691875903,263.28298381513827,259.452659530692,262.37628173828125,2348500,-0.0003169667191921244
2023-08-30,262.570542226966,264.58749041783517,262.0987115946763,262.9776306152344,2410700,0.002291933070204033
2023-08-31,263.4333592722999,263.9821560024235,261.2660763080312,261.5172119140625,2979800,-0.00555339516047515
2023-09-01,262.8102074259085,263.36831503457546,259.6383247096256,261.3219299316406,2136400,-0.0007467270738801268
2023-09-05,261.37779987242436,261.97312236599987,259.5732675952646,259.6662902832031,2410300,-0.006335632255856205
2023-09-06,258.5872570720365,259.1918618878835,255.79674710363324,256.2060241699219,2705800,-0.013325819495119462
2023-09-07,257.88962447796496,259.50811114392815,256.81993468854637,258.8941955566406,3732800,0.010492225526031795
2023-09-08,258.66160817234476,260.7731118075881,258.44768728350857,259.7220153808594,2351300,0.003197521761501454
2023-09-11,260.1592160124281,260.5684930305574,259.1081195061656,260.2243347167969,2433200,0.0019340652936212788
2023-09-12,259.9731932215163,261.84284392613637,258.29889864693985,261.1080017089844,1450200,0.0033957892260507716
2023-09-13,262.00103035537603,263.1358390379518,261.0150239119393,262.0940246582031,1724300,0.003776303072924314
2023-09-14,263.54501860836154,265.65652239531437,262.8381088050909,264.87518310546875,2219700,0.010611300470861673
2023-09-15,264.038010599649,264.038010599649,258.33609303483706,258.8011779785156,5730700,-0.022931574999740745
2023-09-18,259.25701336875557,260.698765680047,257.5920009289288,258.32684326171875,2884800,-0.0018328151382535074
2023-09-19,257.1361709889188,258.8290870299704,257.1361709889188,258.7081604003906,2128100,0.001476103427182629
2023-09-20,259.27558103398604,260.6987400222243,257.787331718431,257.8431396484375,1979300,-0.0033436160290204464
2023-09-21,257.60124289226945,257.833785356902,252.09462483969705,252.28067016601562,2370100,-0.021573075358941707
2023-09-22,252.44814547113756,254.5317456825035,251.91794173075402,253.2108917236328,1958300,0.003687248638609697
2023-09-25,251.56449532949242,252.78301579477613,250.13202553869863,250.94126892089844,1895500,-0.008963369574210733
2023-09-26,250.04830865409386,250.49477209107005,247.96470853090656,249.02511596679688,2251600,-0.007635862217248768
2023-09-27,249.0250917644679,249.22973028203882,243.9742759188035,245.23001098632812,2735000,-0.015239848260826694
2023-09-28,245.77874506621615,247.71348551291157,244.75555273965927,247.04376220703125,2182400,0.007396122576548203
2023-09-29,248.49488294986818,248.69952146319952,243.47197117036487,245.04396057128906,3367100,-0.008094928679341806
2023-10-02,243.70455017977844,243.76966889526707,239.48157025515044,239.75132751464844,4425000,-0.021598708428893776
2023-10-03,239.24901291408213,240.26289478719684,236.14224858328612,236.71896362304688,3408100,-0.012647954541216366
2023-10-04,237.50026927272043,238.35602383069633,236.27243825914707,237.94674682617188,2820000,0.005186670236864144
2023-10-05,238.12350490573434,239.84432497396145,234.0121554695383,234.61676025390625,3799600,-0.013994671566988415
2023-10-06,232.54249648344606,233.3052426846802,228.57066666939386,230.8867950439453,5130700,-0.015898119153654244
2023-10-09,230.421692381018,232.53318206128236,229.99380797526317,232.4680633544922,2782300,0.006848673655182047
2023-10-10,234.14236048078692,235.732943008009,233.00755210553024,233.95632934570312,3129600,0.006402023442426463
2023-10-11,234.95162122898336,235.04464390008852,231.97508026608807,233.3982391357422,2919400,-0.0023854460852661408
2023-10-12,234.1144697225171,234.54233993801196,228.7101847516194,228.99853515625,3528300,-0.018850630560813153
2023-10-13,229.5845757456749,231.43560503884268,228.82182950123527,230.97052001953125,2646500,0.008611342696737134
2023-10-16,231.81695557911812,232.99827538720868,230.74726581621064,232.48667907714844,2774700,0.0065642968526415935
2023-10-17,232.6261934944547,233.84471382715512,231.96578079491886,233.60287475585938,2627500,0.004801116705445807
2023-10-18,235.19344917473052,239.13736020347525,234.71905347374314,238.15138244628906,4559200,0.01947111179681915
2023-10-19,238.36537021702046,244.22542978701404,238.36537021702046,240.3373260498047,5646200,0.009178798716436676
2023-10-20,240.8768012544093,242.16044032166266,239.5745690073892,240.08615112304688,3779200,-0.001045093289861132
2023-10-23,238.69090269184997,239.27691431557056,236.76545823190244,236.96080017089844,3409800,-0.01301762278885743
2023-10-24,236.89567283888525,239.7606121424711,236.89567283888525,239.3048095703125,2468000,0.009891971151867907
2023-10-25,240.09546115606778,241.31398151052966,238.9978674360468,240.01174926757812,2759100,0.002954139110429743
2023-10-26,240.31869243059197,241.41631453519156,237.82584380044935,237.9653778076172,2702600,-0.008526130350725136
2023-10-27,238.6350812866303,241.26747805299618,237.0724026359904,237.90025329589844,3209000,-0.0002736722136587044
2023-10-30,241.93719121515304,243.76031622983905,236.82125688044272,241.9836883544922,6305100,0.017164483862548874
2023-10-31,245.06255437464068,245.27650367120177,241.6116319872673,243.86265563964844,3990600,0.007764851002699302
2023-11-01,244.63467906800759,244.99745894767426,241.68602805076398,243.67660522460938,3543000,-0.0007629311447915343
2023-11-02,245.18347271036683,248.74603921013713,245.10907161081545,248.21583557128906,4109700,0.01862809251834263
2023-11-03,248.87626141225869,249.8529284732058,246.95080286595737,249.16461181640625,3126500,0.0038223840269235865
2023-11-06,249.29485650942067,250.31802074160723,248.63441540893092,250.1320037841797,3090600,0.003882541588555277
2023-11-07,250.02968121263456,250.9505688028356,249.3878616505235,249.90878295898438,2360800,-0.0008924120936876223
2023-11-08,250.0575509147064,251.20167006138766,248.61579898665926,248.81112670898438,2223300,-0.004392227584014696
2023-11-09,249.50876570262304,249.60178837023165,247.36938628028815,248.2716522216797,2501700,-0.002168208851590747
2023-11-10,248.6623265934948,249.40647960441865,246.69037079098257,249.09022521972656,2664900,0.0032970860374987865
2023-11-13,248.72744096057895,250.8854420747679,248.59723192752557,250.40176391601562,2591900,0.0052653157912243564
2023-11-14,251.14590087165465,252.689986483398,250.54129604686335,252.53184509277344,2647800,0.008506654040473238
2023-11-15,253.40619325630522,254.02941961433268,250.2343103130289,251.5086669921875,2575900,-0.004051679502876326
2023-11-16,252.1411844285688,256.8757462417383,252.10396968097115,256.8385314941406,3593700,0.02119157389561721
2023-11-17,257.2385094320893,257.7687131598767,255.93627707250855,256.494384765625,2604800,-0.001339934185550673
2023-11-20,256.1223301339698,260.26156984376576,255.8153581195837,259.54534912109375,3499400,0.011894858276358056
2023-11-21,260.32671888524476,261.070872047307,258.9872715800734,260.88482666015625,2940800,0.0051608612660500874
2023-11-22,261.61031956482816,262.68932020035106,261.56382241818676,262.2428283691406,2285000,0.005205368692267287
2023-11-24,262.3079419472599,262.8567388449497,261.40567590510045,262.81024169921875,1218000,0.0021636943652827423
2023-11-27,262.921834285682,264.07523590845966,261.4614606913372,262.1590881347656,3703900,-0.002477656731499689
2023-11-28,261.8428656816528,263.74042050729196,261.7033458532684,262.39166259765625,2199600,0.0008871501062404086
2023-11-29,262.503254431754,262.7451077031732,259.98250180789273,260.8010559082031,2433400,-0.006061955908607142
2023-11-30,262.40117978216534,264.1416488188139,260.1928104835642,263.72991943359375,5030400,0.011230259460381697
2023-12-01,265.0493179434208,268.42733790888377,264.81538209351487,267.5851745605469,4967400,0.01461819400405151
2023-12-04,266.67750151578235,268.9326465288639,266.67750151578235,267.7442626953125,3522900,0.0005945326942229379
2023-12-05,268.1372066659885,270.20521973059437,266.8833141854757,268.12786865234375,3005300,0.0014327326874143953
2023-12-06,268.30577599971656,268.90463706161603,265.18973378177986,268.4273986816406,2765100,0.0011171163624368319
2023-12-07,269.01685014359714,269.6344441896338,267.285747768291,268.3618469238281,3131900,-0.0002442066574963597
2023-12-08,268.86712691740263,269.40050748590113,266.7336332000299,267.18280029296875,3623600,-0.004393495738587716
2023-12-11,267.210905288104,270.7199433305378,267.210905288104,270.5702209472656,3353000,0.012678288612075761
2023-12-12,270.54213940432624,272.9563734765948,269.9713496118384,272.6943664550781,2252200,0.00785062561717198
2023-12-13,272.9469776328681,276.9519579931947,272.8159598578485,276.9145202636719,3312300,0.015475764547152604
2023-12-14,275.66993589928245,276.29686781398,269.5033920078866,271.38421630859375,4626800,-0.019971159149806517
2023-12-15,271.74919101137544,273.00308349506435,267.360553040156,268.8109436035156,6328500,-0.009482027879440191
2023-12-18,270.10235037116576,271.9176950107972,269.0823934025687,271.5808410644531,2490100,0.010304258538755606
2023-12-19,271.99256373169,272.97508294077085,270.9819448044862,272.0487060546875,2054200,0.001722746672411013
2023-12-20,272.0486840967888,272.9282851615869,270.16783075830875,270.42047119140625,2398500,-0.005985085857949102
2023-12-21,271.89891295781547,272.79721844876485,270.70116278434415,272.6662292480469,2313100,0.008304689533105147
2023-12-22,272.0205860549145,273.67684139922756,271.8334259741091,272.9563293457031,1700300,0.0010639384952668696
2023-12-26,272.50714400238485,274.21954154472564,272.19836130205414,274.041748046875,1381500,0.0039765287867612464
2023-12-27,273.70490666314123,275.6980443986702,273.6674689364624,275.6231689453125,1892100,0.005770729860353319
2023-12-28,275.5482976323408,277.4197840077955,275.10849719184426,276.83026123046875,1907100,0.004379502237693789
2023-12-29,276.8209481968784,277.7754247091876,276.3343719255394,277.457275390625,2227800,0.0022649769478571002
2024-01-02,276.09106784178584,278.17778582174475,276.09106784178584,277.9532165527344,4458400,0.0017874505594102086
2024-01-03,277.9157257106462,278.842102324898,275.34243195406617,275.47344970703125,3114800,-0.008921525990805201
2024-01-04,276.3437209352328,278.1684032542585,272.22645608594706,272.9937438964844,4615400,-0.009001614541016778
2024-01-05,270.6263358779893,271.6743638981857,268.745511096131,270.42047119140625,3407300,-0.00942612335487758
2024-01-08,269.9712780389689,273.23701264791066,269.04487285841026,273.1434326171875,3097000,0.010069361294226642
2024-01-09,271.0193747824257,272.1796875,269.04494129143825,272.1796875,2176400,-0.003528348120813818
2024-01-10,272.30127540005486,275.4734586041593,272.1796242131199,275.1927185058594,2199700,0.011070006852952119
2024-01-11,275.52964150684943,275.99751318299855,271.97379963414386,275.2489013671875,2047400,0.0002041582409344489
2024-01-12,276.47466859550053,276.74604211024365,274.02302606285537,274.612548828125,1714800,-0.002311916726648766
2024-01-16,274.61257154137724,275.3424501309806,271.3468367510085,272.385498046875,2859000,-0.008109792472170918
2024-01-17,271.4966322346284,273.55525079638767,271.4872656615277,272.4510803222656,2008200,0.00024077006984901672
2024-01-18,273.3213071703403,275.5577477744598,272.59142840481735,275.4454345703125,2221200,0.01099042897721314
2024-01-19,278.85150369621863,281.73358049836776,277.46659333036456,281.21893310546875,4250900,0.020960588960796445
2024-01-22,281.61196449342236,282.9594371631386,278.60820786567746,279.23516845703125,3250200,-0.007054164620180492
2024-01-23,278.32755950511853,280.91955881826794,278.0374812936213,280.76983642578125,1874000,0.005495969498505948
2024-01-24,280.72300574779547,282.6319301827343,280.07734055004585,281.1347351074219,3209700,0.0012996363366015729
2024-01-25,281.4154470663677,281.9488276315899,277.06424618278976,278.1122741699219,3219600,-0.010750933840833032
2024-01-26,276.3530569148373,276.961312906653,272.95633271490726,273.4803466796875,4210500,-0.016654883370607165
2024-01-29,272.9002285360642,273.94825661207494,269.7841869121367,273.52716064453125,3899700,0.00017117853407788708
2024-01-30,273.36810027622346,275.9694658781974,271.5527557313255,275.716796875,2524200,0.008005187584696039
2024-01-31,276.8864541464154,278.32750691476315,272.909544871676,273.9107971191406,3476200,-0.006550198523734285
2024-02-01,272.95634258670935,278.97316538476565,271.62757448441903,278.9263610839844,3380600,0.018310939245896884
2024-02-02,277.0456055446993,279.01067275246595,274.50038189275807,277.9626159667969,3971600,-0.003455195534198041
2024-02-05,268.5676939683837,272.71302993838333,265.12413691754153,267.5945129394531,7581900,-0.0373003505931252
2024-02-06,264.787302474864,266.38741564124894,263.44919630973874,266.3593444824219,5927200,-0.0046158213166004325
2024-02-07,266.73366302647946,271.8615474902749,265.85406188567106,268.8671569824219,3954700,0.009415147438784466
2024-02-08,267.80977830234195,274.3131779392063,265.93829146181304,273.17156982421875,4605000,0.016009440833557376
2024-02-09,273.3774758331147,273.7143583647652,270.3550424051339,270.86968994140625,3323000,-0.008426498717614472
2024-02-12,270.4297929119172,272.4790728659175,270.2052236752981,270.8415222167969,2392300,-0.00010398994666205308
2024-02-13,270.08363370569,271.272017594323,267.31384111863764,268.6612854003906,2756100,-0.008049861773635536
2024-02-14,268.8578410386349,269.79358457958244,268.1747379733576,269.6532287597656,2139300,0.0036921708235584383
2024-02-15,269.40051280312014,273.3306464131973,268.8203564778449,273.1060485839844,2401400,0.01280466709076511
2024-02-16,272.104791367754,274.8278076891189,270.6731053180279,273.2557373046875,2837500,0.0005480974203215805
2024-02-20,273.2370788842652,276.5121808571931,273.0873565101366,273.8453063964844,2264000,0.002157572600715474
2024-02-21,274.2570061340509,276.2314393879881,273.47098517232604,275.0243225097656,2076400,0.0043054092428891355
2024-02-22,275.1085117865271,277.6069587952144,274.4067043585003,276.9051513671875,3146600,0.006838772804740101
2024-02-23,276.98006369384973,279.54399163181495,276.1098291311041,278.61761474609375,2199000,0.006184295851670463
2024-02-26,279.04800242790463,279.4878029226363,277.3543093337849,278.0280456542969,2595300,-0.002116051034081745
2024-02-27,277.72864218872184,277.72864218872184,274.47227328649876,274.8840026855469,2811200,-0.011308366252587798
2024-02-28,275.13661072426464,277.0736062748018,273.9107892440589,276.2220764160156,2507300,0.004867775925103457
2024-02-29,276.86206852569154,277.37964416031815,274.5187909340764,275.0552062988281,3601700,-0.004224391230156721
2024-03-01,274.2176350107381,275.4222000968098,272.4672347668122,273.5965270996094,3028900,-0.005303223374125143
2024-03-04,272.3166154798766,274.0764065773267,271.49789159766976,273.7940979003906,2832000,0.0007221246661122116
2024-03-05,274.3776093301552,276.2127022510294,271.8932063237065,275.29986572265625,2969600,0.0054996357986265565
2024-03-06,276.0432607789354,277.7466190277342,274.93280824824035,275.6668395996094,2348000,0.0013329969340516445
2024-03-07,276.86202493713665,277.5395945756477,273.87882881115263,273.9541015625,2237700,-0.006213072415953369
2024-03-08,272.9471751608482,276.1844490584692,271.808463019113,275.3092346191406,2482300,0.004946569695111647
2024-03-11,274.93280278938516,278.03834207512756,274.66930509717923,277.4454650878906,2893300,0.007759385447804634
2024-03-12,278.2547420847561,278.89466088652136,276.2408732158852,276.9654846191406,2233100,-0.0017299993301311822
2024-03-13,275.0363325090108,276.17501587673803,265.94561913573466,266.1902770996094,5441300,-0.03890451380376292
2024-03-14,265.77626139543804,265.8703451579122,261.45673685981836,265.1269226074219,4659300,-0.003994715749101485
2024-03-15,265.2774489815048,267.4795428013794,261.9742938921469,262.68951416015625,5071700,-0.009193364533841564
2024-03-18,263.0001003697867,263.7811736544254,261.68261178895796,262.16253662109375,3319400,-0.002006085171489591
2024-03-19,262.74597594324,267.63950819304955,262.1624901502826,266.1996765136719,4055400,0.015399377594568442
2024-03-20,266.7925591184846,267.8277388130274,264.78808132793637,267.68658447265625,2867300,0.005585686573544857
2024-03-21,267.7336678000209,268.75000792714724,265.98329627022076,266.8208312988281,3653300,-0.0032342045662604457
2024-03-22,267.15018052004115,267.6301340166248,265.4938929389632,265.9738464355469,2556100,-0.003174358085754836
2024-03-25,263.49887292411023,264.04467938162134,261.2779676374883,262.2001953125,2985500,-0.01418805335043094
2024-03-26,262.7648414982998,262.9812973399342,260.83566480917324,262.2001953125,2572100,0.0
2024-03-27,261.7108427632598,265.6633085072839,261.7108427632598,265.3998107910156,2605000,0.012202948494001609
2024-03-28,265.6162625780149,266.6796732907432,264.6751952172425,265.3339538574219,3453900,-0.0002481423532196825
2024-04-01,264.91043653902216,264.95747841489066,262.21899793164164,263.70587158203125,2408800,-0.006135974125141441
2024-04-02,263.4988304561353,263.9505530757908,261.09912045211854,261.37200927734375,2907700,-0.008850247780552323
2024-04-03,260.2710255975304,261.5790943892377,258.93469721263284,259.3017272949219,2748000,-0.00792082514170478
2024-04-04,259.96042504557556,259.96042504557556,254.0129014609616,254.17286682128906,4095100,-0.019779507553373876
2024-04-05,253.54239093627564,254.67165458210835,250.66269827761258,250.9732666015625,6816000,-0.012588283949192092
2024-04-08,251.49082848525177,252.8553876252974,250.20157081561908,251.79197692871094,3753200,0.003262141574816413
2024-04-09,250.5309648207951,253.77765884418858,249.8533951428303,253.5612030029297,3934900,0.007026538715805275
2024-04-10,251.236737219149,253.1376828186282,249.48633711426078,252.83656311035156,3817500,-0.002857850033822995
2024-04-11,253.6176794790812,253.97528970753993,251.40616521290195,252.78953552246094,2519200,-0.00018599994918500062
2024-04-12,252.12136373881484,252.42251219122647,250.86972804808394,251.63201904296875,2708400,-0.0045789730856534705
2024-04-15,252.0742904357458,252.6953983425235,250.3709608037587,250.54037475585938,3686700,-0.004338256678387831
2024-04-16,250.44628005176173,251.25558425739865,249.52402363034162,249.7875213623047,2912900,-0.003004918445932314
2024-04-17,250.79444391311415,254.20110305901744,249.87218758911825,254.0411376953125,3383100,0.017028938474625166
2024-04-18,255.01043701171875,255.3021655883094,253.0059589912698,255.01043701171875,3402700,0.0038155210813486384
2024-04-19,255.97979248994284,256.1774086333409,254.53996029269487,255.96095275878906,3017100,0.0037273601747784824
2024-04-22,257.61721467009886,260.20515015993544,256.27149510796767,259.33935546875,3129300,0.013198898791194402
2024-04-23,260.50628239462225,261.0520888456811,258.07831244011464,260.562744140625,3275700,0.004717327494177415
2024-04-24,259.30171567379637,260.7038968893335,256.8078928438117,260.4403991699219,4071600,-0.0004695413041746477
2024-04-25,260.6944537836497,263.3294594619447,258.53001047567074,259.358154296875,4179800,-0.004155441615418365
2024-04-26,255.24569185510458,259.8380761143531,254.43635905035003,256.9960632324219,3636500,-0.009107448620062852
2024-04-29,257.69245278016876,258.25709891857554,256.5349583514852,257.428955078125,3148900,0.001684429871253057
2024-04-30,248.7522888565619,260.5532799899585,247.15249179324195,256.9490051269531,6894400,-0.0018643976977112953
2024-05-01,255.3868967928177,260.1392760694148,254.13526096429274,258.25714111328125,4843200,0.0050910334744507235
2024-05-02,258.33241947353457,260.0263292948101,256.6384809331613,257.1748962402344,3084000,-0.004190570949486938
2024-05-03,257.98424305151525,258.4359370447062,253.04363896729433,254.3893585205078,2642100,-0.010831297146221108
2024-05-06,255.08571584129203,255.85739796767524,253.18477011641556,253.42942810058594,2481300,-0.003773469242206895
2024-05-07,254.1258231470344,254.71870014438773,251.25555063461033,251.73550415039062,3160000,-0.0066840065216222655
2024-05-08,251.73552776350667,253.0812472436403,250.38038841932672,252.66717529296875,3259800,0.003700992220873056
2024-05-09,252.63893666779688,252.6577763953115,251.28379736519884,252.1590118408203,3140000,-0.0020111969493433746
2024-05-10,252.3659812621095,259.15106713056565,252.055413030982,258.79345703125,4983500,0.02631056150639499
2024-05-13,259.15112967708006,260.4309674792171,255.16101333030443,255.3303985595703,3840700,-0.013381553426451198
2024-05-14,256.0832705072754,256.6949586074086,252.87422704886032,254.70932006835938,3143200,-0.0024324502476583687
2024-05-15,255.13277775370656,258.20066677273167,254.3046625374294,257.7301330566406,2982500,0.011859844733873581
2024-05-16,258.3323942060927,259.32050338534043,256.8361006425287,257.3913269042969,2339900,-0.001314577183217036
2024-05-17,257.90889752128066,257.90889752128066,254.95396118384193,256.3279113769531,2454500,-0.004131512666466608
2024-05-20,255.72558937573427,256.092619365508,251.52843774384937,252.0836639404297,2651100,-0.01655788249404444
2024-05-21,252.68596934083456,253.2223558316529,249.7968860724648,250.2015380859375,2362600,-0.007466274589443267
2024-05-22,250.2015496042785,251.09557499528748,248.95933391964303,250.10743713378906,1906100,-0.00037610061420212393
2024-05-23,249.50518852520082,249.96630233183043,242.41895260160774,242.7294921875,5636200,-0.029499102589030213
2024-05-24,243.4917723266706,245.11040941965987,242.343668938398,242.89889526367188,3382900,0.0006979089135201733
2024-05-28,242.2213349060112,243.5576344377221,237.76065621345006,238.59820556640625,4324700,-0.017705678293008065
2024-05-29,238.42884493265007,238.84291689988763,234.47636459369505,234.67398071289062,4029300,-0.016447000698098013
2024-05-30,235.84087915905013,238.0523930816089,235.3609400003352,237.21484375,3597800,0.010827203891077941
2024-05-31,239.2099366002787,243.97173558357187,238.5700032694871,243.63296508789062,6125400,0.027056153975990815
2024-06-03,244.30538184368933,246.21869808037096,242.0984719247504,246.0292510986328,4342800,0.0098356394828496
2024-06-04,245.6408983227432,249.19281234186013,245.55565585495043,248.8423614501953,4592700,0.011434048345880354
2024-06-05,247.68683862340703,247.91415190238536,244.996858835131,246.256591796875,4136800,-0.010391195607737602
2024-06-06,247.1280098059333,247.96153037722806,245.2525885205201,246.9480438232422,3354300,0.002807851848033005
2024-06-07,246.33238866280507,247.5921216578029,241.85222996764662,242.67626953125,2290100,-0.017298271433361823
2024-06-10,242.47736605920082,242.47736605920082,239.77790522625895,240.40304565429688,2866200,-0.009367310126136563
2024-06-11,239.64528653403133,241.23655166821823,238.78336630798884,240.84820556640625,2729400,0.0018517232628971758
2024-06-12,241.416553539808,242.77101013412974,240.02420176013575,241.0376739501953,3169600,0.0007866713532014291
2024-06-13,240.19465331773878,241.283915726951,237.9119528860406,240.29884338378906,3153000,-0.003065207833688688
2024-06-14,239.50324239862582,240.22309191279567,237.37209356489902,240.18521118164062,2806600,-0.00047287868950307566
2024-06-17,238.97278974764,241.0755241056961,238.57497709243694,240.11886596679688,2532900,-0.00027622522851156184
2024-06-18,240.53565554790063,240.91453511295325,236.17864894562786,237.54257202148438,2956300,-0.010729244180541553
2024-06-20,237.05003567419465,242.18373422923133,236.3301717712956,240.39356994628906,4046500,0.012002050413712162
2024-06-21,244.63692698893885,247.64894355904585,242.10796558966678,245.6883087158203,8425800,0.022025292817583475
2024-06-24,245.31889790265785,247.56370327016026,244.1822736860608,246.62600708007812,3901200,0.0038166177672802615
2024-06-25,246.38920687504122,246.38920687504122,242.08901434210702,243.7844696044922,3903800,-0.011521645706502048
2024-06-26,243.09300078343023,244.53272849778202,241.22706071065977,244.21066284179688,2796100,0.0017482378512303498
2024-06-27,244.37171252223035,245.15785686345131,243.39612118272422,244.53274536132812,2651000,0.0013188716486958185
2024-06-28,243.93599072569404,245.7829686690482,239.50319452220867,241.37860107421875,8958700,-0.012898658142690533
2024-07-01,241.36918559513836,241.85224080013182,236.52910916438543,236.78485107421875,3817600,-0.019031305921718866
2024-07-02,236.4911988949865,237.7698939098111,234.34111703392682,234.70103454589844,3944900,-0.008800463876243336
2024-07-03,235.37353048706055,237.72252585922834,235.07042685050888,236.79429626464844,2026100,0.008918843169140933
2024-07-05,237.7414787115308,238.1392914037268,235.66715831789818,237.82672119140625,2814300,0.00436000758060473
2024-07-08,238.46132538307444,239.23801762021904,234.00959545763624,234.75787353515625,3163900,-0.012903712589049876
2024-07-09,234.17060708874905,234.3316254729008,230.66605445933735,232.83509826660156,4927300,-0.008190461259510173
2024-07-10,233.95276920913008,237.3247177403477,232.91086850441582,237.2584228515625,4092700,0.018997670960656077
2024-07-11,237.94983299634396,242.14582062573302,236.67113812605226,241.34072875976562,5546400,0.01720615799067815
2024-07-12,240.81978376570575,243.34875940510997,238.50866927081,240.48826599121094,4543000,-0.003532196048861902
2024-07-15,240.24201361845329,242.22161040870046,237.92143247344012,238.24346923828125,3393600,-0.00933432965503489
2024-07-16,237.7414915951808,243.71817777662315,236.8890378446758,243.68028259277344,4173000,0.022820408768705835
2024-07-17,245.2904882167691,248.20778136443477,244.23910646140575,247.2132568359375,3711500,0.014498400139613343
2024-07-18,244.40010150488223,248.47295139847233,243.99282229663334,245.81138610839844,3421800,-0.005670693980903363
2024-07-19,246.6354636513164,246.6828109449997,241.55857926752483,243.68972778320312,3470600,-0.008631245113518426
2024-07-22,244.65586389445704,246.067177605327,242.85623296102023,245.83038330078125,2759500,0.008784348593809277
2024-07-23,245.96296891389926,246.3986912388819,240.1188873110402,240.63037109375,2653100,-0.021152845865552994
2024-07-24,233.30869465615456,240.89557881913302,233.11924765408324,239.9862823486328,5983300,-0.0026766727000817614
2024-07-25,240.76297476767905,242.5626056664728,237.83620068850072,238.17718505859375,3323100,-0.007538336242948085
2024-07-26,239.5410980723876,240.63036047846046,237.50467295873733,238.6886444091797,4002900,0.0021473901896191805
2024-07-29,240.15677456300187,249.98846376867712,237.0121394184022,247.61106872558594,9381000,0.03738101717612796
2024-07-30,247.21327421860272,253.24678896832086,246.559719572017,252.3659210205078,4936600,0.01920290687889814
2024-07-31,251.39977564147088,253.53092426092988,249.29704118071587,251.3808135986328,4652100,-0.0039034883073414406
2024-08-01,252.7258185311736,254.5727966627236,248.53928273633122,254.55386352539062,4936000,0.012622482524955458
2024-08-02,255.16953297981965,262.18811953021776,254.60122087630137,262.074462890625,9585900,0.029544235789940032
2024-08-05,259.5644778198244,263.1921541944006,253.5404151044393,254.26976013183594,6794900,-0.029780477932511484
2024-08-06,255.60521548065492,258.7688126437951,253.9192412857599,255.79466247558594,3369300,0.005997183239404347
2024-08-07,255.3211097976539,258.7120207071066,254.39286564084497,255.14114379882812,3540000,-0.0025548565807943513
2024-08-08,254.72433022389268,259.1950072861162,253.91922390886268,256.8649597167969,3227200,0.006756322764343903
2024-08-09,257.34808027262125,257.34808027262125,252.8584402793848,253.75827026367188,2664900,-0.012094640921635369
2024-08-12,253.33199456113255,255.29265821533954,251.31450258989514,255.22634887695312,3008100,0.00578534292401911
2024-08-13,256.0314636230469,257.63219538475676,253.40779321575297,256.0314636230469,2603600,0.0031545126497967146
2024-08-14,255.60522074265685,257.16808621912895,254.3170736483774,256.82708740234375,2242100,0.003107523458399042
2024-08-15,257.6322222641652,261.19361811583036,257.49015145211615,260.3506164550781,2445200,0.013719460390151372
2024-08-16,260.2369245832584,264.7360160910673,260.1895772875027,263.77935791015625,3286000,0.01316970745744217
2024-08-19,267.41654287682695,273.09015431532623,266.83877862337033,272.3608093261719,5268800,0.03253268748549498
2024-08-20,271.3662758918082,274.93712363628697,270.1444091738184,270.542236328125,3697600,-0.006677072970028508
2024-08-21,271.9819061145094,274.6529525487795,271.14838561823626,274.40667724609375,2686300,0.014284057714677001
2024-08-22,274.25508113594304,275.15491082305664,272.3607271887963,273.93304443359375,1746400,-0.0017260250998748505
2024-08-23,275.0413330671737,275.42019818411654,271.9630070204851,274.22674560546875,2145900,0.0010721640847757286
2024-08-26,273.97098921863034,276.7746254745558,272.66388013351127,273.43109130859375,2018500,-0.0029014467393334575
2024-08-27,273.80997774823754,274.965535111632,272.84386739086375,274.3404235839844,2897600,0.003325635980307551
2024-08-28,274.63401324347814,275.5906424640546,270.1917503071848,271.8871765136719,2603800,-0.00894234629466295
2024-08-29,272.5786574866371,273.83839046280355,269.7371258446586,272.6544189453125,1797100,0.002821914742279219
2024-08-30,272.37030012408786,273.62058108846367,271.167395367707,273.4122009277344,2528500,0.002779276365125982
2024-09-03,272.81197392093446,274.574454164975,270.2873542018394,272.01171875,2902800,-0.005122237314144407
2024-09-04,272.9929642099804,275.2984839001173,272.459460807491,274.4029541015625,2558300,0.00879092769440648
2024-09-05,275.32706297799297,275.8510301880685,272.69763258851157,274.3457946777344,2412500,-0.00020830469560817466
2024-09-06,274.20291128421013,278.3661568993101,273.9647390721448,275.8129577636719,3863600,0.005347860672189064
2024-09-09,276.3083612241908,277.9374511067844,274.1838545051008,277.5087585449219,3208600,0.006148372415131442
2024-09-10,278.9568034243169,282.21501189200455,277.27055472561506,277.4896545410156,2497100,-6.884108453519833e-05
2024-09-11,277.0705220111791,277.6516774047131,272.3070771326653,276.4989318847656,2747500,-0.0035703048385307135
2024-09-12,276.44176082384314,278.8425264714268,274.6221214707058,278.51861572265625,2274200,0.007304490560319232
2024-09-13,280.5573608845113,282.7009110319637,278.77583719154126,282.5008544921875,2205500,0.014297926762269597
2024-09-16,283.3487020167605,285.9114080172544,281.08129813036294,282.6532287597656,2916200,0.0005393763068506363
2024-09-17,282.94853307845744,283.32009561264766,278.3470596258945,279.852294921875,2997400,-0.009909435141359113
2024-09-18,279.9762254401002,281.1385070895135,276.6322780156082,278.2137451171875,1788200,-0.0058550522344115175
2024-09-19,280.3287015713255,281.1194205454117,277.1371880241563,279.9476318359375,2271400,0.006232210842133767
2024-09-20,279.0806464346647,283.9488720211343,278.9758355531806,282.7865905761719,5817300,0.010141035027215972
2024-09-23,284.85397380586426,286.01625539705253,282.8438142337414,284.9111328125,2312400,0.0075128818237082395
2024-09-24,284.9110975174109,287.1880376034403,283.6154547624973,286.0638427734375,2408100,0.00404585791210943
2024-09-25,286.1210041486788,287.52145779690676,284.2823218089743,286.25439453125,1986200,0.000666116192682864
2024-09-26,286.9022439182387,289.89370088928723,286.51163799740874,289.2839660644531,1971100,0.010583493532611676
2024-09-27,289.1601126207102,292.43736462841156,289.1601126207102,289.32208251953125,3402800,0.00013176138171999696
2024-09-30,289.37921870352363,290.5986591864681,287.8072880216134,290.103271484375,2286500,0.0027000668529717498
2024-10-01,290.1032730878556,290.78921018041285,287.95018711632065,288.6456604003906,3036200,-0.005024455865410227
2024-10-02,286.3591607052395,289.693571202418,285.40647199175993,289.38873291015625,2352400,0.0025743415256438418
2024-10-03,289.14106763749,289.63645537578606,287.007053904822,289.09344482421875,1802500,-0.0010203855656991667
2024-10-04,288.71230299048415,291.41796452166807,287.1213291202745,289.38873291015625,2432400,0.0010214278158988677
2024-10-07,289.3887832050228,290.68442612513263,285.8066637161777,286.616455078125,2091800,-0.00957977114088937
2024-10-08,288.32170859381847,288.9981093984277,286.1495505489459,287.61669921875,2038300,0.0034898350143657275
2024-10-09,288.6075055101925,290.5795780176724,287.67386015514745,289.45538330078125,1854100,0.0063928279791320985
2024-10-10,289.64598138630333,291.2846073230743,288.59801786736455,289.655517578125,1739500,0.0006914166703744229
2024-10-11,290.0175528960449,291.0464440629636,288.6361424322009,290.60821533203125,1775600,0.0032890716595768144
2024-10-14,290.71297855602154,295.7336670882907,290.0937366570546,295.18109130859375,2376300,0.015735535801483902
2024-10-15,297.23890343583287,300.4399238251242,296.29575083430143,298.5155029296875,3067100,0.01129615588285704
2024-10-16,298.49642610500024,298.8870319551494,295.43827448953414,298.1153564453125,1821300,-0.0013404546177598897
2024-10-17,299.12525062058495,300.14460557709685,297.69621736932356,299.8111877441406,3095200,0.005688507023083211
2024-10-18,300.64003822602075,302.173853374492,299.36343860978326,301.58319091796875,2531200,0.005910397097456999
2024-10-21,302.12620108928144,302.8597609921583,299.5348864135449,299.9921875,2404100,-0.005275504291621824
2024-10-22,299.230016657076,300.80194733581675,298.4773843771167,299.8016357421875,5889100,-0.0006351890674236582
2024-10-23,278.9187227938551,287.330982183024,277.0705039753999,284.4443359375,18792000,-0.051224869959995534
2024-10-24,284.96831349442,288.0836249618097,284.16805826689364,287.3119201660156,5522600,0.010081354649106755
2024-10-25,286.759307752285,287.33092680507997,278.37565855713456,278.7662353515625,8863200,-0.029743579067360804
2024-10-28,285.0445187997812,285.73045594255296,282.5103629410342,282.74853515625,6656000,0.014285445293133359
2024-10-29,283.52017894769557,288.37889740686165,281.0431823730469,281.0431823730469,9048900,-0.006031340824668607
2024-10-30,280.5668983191568,281.3957330613711,276.12736428304834,277.7278747558594,4924000,-0.011796434943534329
2024-10-31,278.4233073822643,280.45253921875025,277.3944162500876,278.2899169921875,4277400,0.0020237156130697986
2024-11-01,280.57642133733503,282.8342894114851,279.40460350668064,281.2432861328125,4131800,0.010612562512309465
2024-11-04,280.7955008807863,281.0050935896433,277.9945933504951,278.99493408203125,2583100,-0.007994331461905535
2024-11-05,279.8523424026608,283.3106074899397,278.7186403747717,283.2534484863281,3032100,0.015263769639074498
2024-11-06,286.07339980730114,286.1210226191487,278.8710746011146,280.09051513671875,4646400,-0.011166442514686792
2024-11-07,280.89074579504916,282.51032828936735,279.909477551669,280.7192687988281,3357400,0.002244823112994343
2024-11-08,281.6148519116161,287.5500853043546,281.281404973272,284.8254089355469,3279100,0.01462721157079283
2024-11-11,286.27341680743496,289.436350254198,285.82565195759946,287.26422119140625,2872400,0.008562481363491248
2024-11-12,285.9400645819877,287.14043284338226,283.44399520553725,284.5205383300781,2452900,-0.009551077575720712
2024-11-13,284.75863823391165,284.97776709501267,281.25275089880137,283.281982421875,2327100,-0.004353133575075163
2024-11-14,283.9013109597725,285.9114707161971,282.55801603315865,284.434814453125,1932600,0.0040695564941830575
2024-11-15,283.63452205272904,285.3303070216605,276.01301134764293,278.78533935546875,4039400,-0.019862108330579553
2024-11-18,279.1473367343533,281.46236339255825,277.0323665706992,277.32769775390625,2865000,-0.005228544675026536
2024-11-19,276.27977689093143,278.251849862303,273.993329379689,276.9752502441406,2353300,-0.0012708702110179049
2024-11-20,276.87041010968096,277.5373038888388,274.622078531957,277.1466979980469,2524600,0.0006190002671904171
2024-11-21,271.51634235502775,274.9460282837377,270.04919327673764,274.8221740722656,4475700,-0.008387341226045009
2024-11-22,274.82217468252765,276.8514067395937,274.5078001305038,276.5465393066406,2879100,0.006274476359835468
2024-11-25,277.96598286469,282.57699287182345,277.96598286469,282.1768798828125,5021800,0.0203594685736741
2024-11-26,282.9485559478488,283.21530763225684,280.881208588371,282.31024169921875,2254200,0.00047261780079788096
2024-11-27,282.94855996593714,285.3302818511723,281.02413914921834,281.119384765625,2240300,-0.004218256222041417
2024-11-29,280.24292163770014,282.9961769621355,280.1095312594648,282.0054016113281,1655900,0.0031517458194560977
2024-12-02,281.29616540226664,281.9958222716214,278.8426134544929,280.2802429199219,3149900,-0.00611746683414216
2024-12-03,280.1652904715016,282.5900914606042,278.21969939525445,282.254638671875,3031000,0.007044362925421099
2024-12-04,280.1269113175444,283.7305787821925,279.68604644111883,282.820068359375,3742500,0.0020032609212752295
2024-12-05,283.2513619922632,287.2767071214637,282.6667107749147,287.0179443359375,2594800,0.014842921158014555
2024-12-06,288.06266081834536,291.1679316977729,286.19373045652577,286.5483703613281,4158700,-0.0016360439612784772
2024-12-09,285.2065396558257,290.0369834416812,284.7369233324265,288.8389587402344,2391600,0.00799372327966097
2024-12-10,287.6505198038519,290.22867123141833,283.53889095024374,288.2063903808594,3523000,-0.002190038221069446
2024-12-11,288.81022698599253,289.34693974890007,283.6635171978582,283.7881164550781,3037600,-0.015330242747020884
2024-12-12,283.88393755850535,286.1362005396291,282.8200764420385,284.2960510253906,2040700,0.0017898373499825038
2024-12-13,283.9701956844323,286.7592006644849,283.14593949080995,284.2673034667969,2547600,-0.00010111838870097145
2024-12-16,284.8231849237076,289.5577810054407,284.81362061493206,285.3311462402344,3179900,0.0037424028738561876
2024-12-17,285.244803547925,287.52584661082017,282.56124067901396,283.7688293457031,3295800,-0.005475451646683727
2024-12-18,282.75299901478246,286.54836248380184,278.5838962815168,278.78515625,3800900,-0.017562440198925944
2024-12-19,278.7851373886055,280.6827897460771,276.83954649516136,278.16217041015625,3438500,-0.002234644943883146
2024-12-20,277.48164432655483,283.7880619525256,277.2707908352898,280.51025390625,7678000,0.00844141923623698
2024-12-23,280.1077689247682,280.91283801478914,277.6829680975201,279.1781005859375,2492200,-0.004749036093196546
2024-12-24,279.16849881718224,282.0341644609155,278.69888250731265,281.76580810546875,1461000,0.009269020435701103
2024-12-26,280.81697050705765,283.15551690168405,280.4336084789619,282.5421142578125,1433900,0.0027551467566750976
2024-12-27,281.142837495677,284.15228945947547,280.56777981325035,281.41119384765625,1617200,-0.004002661384222228
2024-12-30,279.3505897598073,279.3505897598073,276.98329194246384,277.558349609375,1936700,-0.013691154874127087
2024-12-31,278.0184070846185,279.13017757993197,276.58077736202114,277.8363342285156,1915600,0.0010015357834913807
2025-01-02,278.85221870734887,283.4622150466389,278.1813132292147,280.34735107421875,3117000,0.009037755456555496
2025-01-03,280.6540191623539,282.69545773971504,278.6126098336399,282.52294921875,2240100,0.0077603663319625316
2025-01-06,281.08536506920154,283.3089060825865,279.60939034927253,280.0310974121094,2838900,-0.00881999785692189
2025-01-07,281.56452872971863,282.6667054975419,276.2932205588147,277.30914306640625,3419500,-0.009720185975264584
2025-01-08,276.95454741056636,277.117491632226,274.635158820836,274.9706115722656,2724200,-0.008432940465942784
2025-01-10,275.54567291633293,275.80443571442765,270.0635108800168,270.57147216796875,3946000,-0.01599858028151757
2025-01-13,271.17529689374777,272.6704294216864,268.6929931550721,271.83660888671875,3394300,0.004675794933638233
2025-01-14,273.16879252306757,273.48508742665155,267.7633202254659,269.871826171875,2238900,-0.007227807626391192
2025-01-15,272.50748061358263,272.8141819599726,268.9421578955878,270.5618896484375,2867800,0.0025570045097000893
2025-01-16,268.5875778600082,269.26807703396133,265.03184829419075,268.1083679199219,3403700,-0.009068245833526944
2025-01-17,269.2967262690642,272.2678033712273,268.357464613406,269.2679748535156,3312800,0.004325142637622292
2025-01-21,269.08598585516955,271.13698927281234,267.1403945892771,270.8590393066406,3858600,0.005908851410906024
2025-01-22,271.5202986350709,271.7407457031548,268.7408872593502,269.6513977050781,3660600,-0.004458561193504518
2025-01-23,269.0763547292215,273.1496388168411,268.9805069009592,272.60333251953125,2279400,0.01094722608366272
2025-01-24,272.6800338518875,274.9227327332202,271.5011669372702,273.59051513671875,2523000,0.003621315293776739
2025-01-27,274.6926585212651,281.229087950708,273.9259344541828,280.9032287597656,4343000,0.026728681070659732
2025-01-28,280.24193952721043,282.2450333697588,277.9417378909465,279.0439147949219,3180100,-0.006619055156656395
2025-01-29,279.26433085255024,280.9511588477962,277.94170701524587,278.047119140625,2358300,-0.003572182016688852
2025-01-30,278.8138771965844,279.93521186135337,277.3283091190038,278.2484130859375,2125200,0.0007239562342333805
2025-01-31,277.77875992126326,279.1397287212575,275.401897860213,276.6957702636719,2556500,-0.005580059936536208
2025-02-03,275.08561348422853,278.8042866232601,272.3732985856772,277.9896240234375,3048800,0.004676087959467834
2025-02-04,277.7116881339518,278.55510210874303,276.37947077635044,277.72125244140625,2976900,-0.0009654014353018825
2025-02-05,277.9417069114187,278.20046969523696,274.4338873764231,276.8203430175781,2362900,-0.0032439340378468406
2025-02-06,279.4656101966567,284.7944216439595,278.2484276488796,282.12042236328125,3590000,0.019146278369312597
2025-02-07,282.1203995687315,284.5068844322786,281.6028740067887,282.0628967285156,2858000,-0.00020390453935859032
2025-02-10,289.70152047285944,297.37847184893224,288.97314136911376,295.5958251953125,8052000,0.04797840702821077
2025-02-11,294.5894623757219,298.63399473275257,293.4393762698158,297.3113708496094,4180400,0.005803687021504356
2025-02-12,296.7075582955319,297.1963617028224,293.05598157302177,294.8099060058594,3110200,-0.008413619824232499
2025-02-13,294.7140350151864,298.57646493828514,292.921794994227,297.1292419433594,3096800,0.00786722525346173
2025-02-14,297.30178323232815,298.06850724281907,294.982394840327,295.7203674316406,2674400,-0.0047416218696755275
2025-02-18,294.5702961406582,294.5702961406582,290.91871947938375,292.1550598144531,3367800,-0.01205634785372589
2025-02-19,290.7079084626766,291.1583669505648,287.0563312677612,289.3852844238281,2990700,-0.009480497761647833
2025-02-20,288.321433935748,290.52581716539675,285.7528757277619,290.4491271972656,3020000,0.00367621586410527
2025-02-21,291.2829164856791,293.23807153673886,289.04978229442736,292.1358947753906,3036700,0.005807445849129289
2025-02-24,292.31798250009376,297.53178754424937,291.4745685593266,294.7811279296875,3397600,0.009054803608884443
2025-02-25,296.3241963681174,298.74899704360496,295.18367458314026,297.8001708984375,3891600,0.010241642638229242
2025-02-26,298.73945892276373,301.4709319132767,291.0529135217829,291.6183776855469,4140900,-0.020758192294654143
2025-02-27,292.5001377859469,298.81612068650725,291.57046942054006,297.0622253417969,3350400,0.018667711203441684
2025-02-28,294.8194886041753,295.69165409641187,291.24460161523825,295.5095520019531,4972900,-0.005226761289010229
2025-03-03,297.00369104984446,298.3339515520948,291.5284423722716,293.3214111328125,4371300,-0.00740463668371083
2025-03-04,293.6105584217209,301.6499261338723,293.6105584217209,294.7480163574219,3954500,0.00486362457858025
2025-03-05,293.04184158811705,297.3410656324044,292.43454622275885,296.36749267578125,2327500,0.005494443485568823
2025-03-06,296.70482282628,300.12687479390166,293.4081189157219,299.18218994140625,2954900,0.00949732118125457
2025-03-07,299.61599464800787,311.52082469568893,299.1629353857067,309.7085876464844,7607600,0.035183904854562575
2025-03-10,308.5518330461261,314.5572731777192,304.35862997087366,305.814208984375,4707600,-0.012574332186599202
2025-03-11,306.1708821354208,306.24801488323266,295.2685712522962,295.7023620605469,4513100,-0.03306532733521472
2025-03-12,292.7429727718379,295.38419533474234,285.66755925537524,288.60760498046875,4546200,-0.02399289958537909
2025-03-13,289.6005301343105,292.5213079334088,286.55443367895145,286.7761535644531,4178600,-0.006345818282021964
2025-03-14,286.2652629598832,289.83190256336763,285.0506721749352,289.02215576171875,2696800,0.007831900140054193
2025-03-17,290.439140477424,294.2274996031467,289.2149302799776,293.0129089355469,2758400,0.013807775958595503
2025-03-18,293.97689206982767,293.97689206982767,291.3742059236607,292.6562805175781,2435400,-0.0012171082129599498
2025-03-19,293.03216178391386,296.97472735212995,292.6851527074059,295.8565673828125,2812200,0.010935309023864193
2025-03-20,296.92655609952476,298.49780480321255,294.49740419158235,295.9336853027344,2723500,0.00026065982108858243
2025-03-21,295.34569914631584,295.933696605479,290.7669204529086,294.429931640625,6016100,-0.005081387272865112
2025-03-24,295.25890776281244,296.8494543697139,293.5527208749365,294.6516418457031,3443400,0.0007530151701720111
2025-03-25,295.866186912146,297.53383675430956,293.07072815381065,295.8565673828125,2657100,0.004089322325040223
2025-03-26,296.8012710608519,302.73922803680506,296.69525029830265,302.2765197753906,2624400,0.02169954329346102
2025-03-27,303.79954508228,305.226206648274,299.48102343043587,301.4185791015625,3119500,-0.002838264362927112
2025-03-28,297.8616013058093,298.8255547080935,294.9600921513265,296.02044677734375,3211600,-0.01790908954686521
2025-03-31,294.00580563789237,301.9102357859867,293.4659940530739,301.1101379394531,4418800,0.01719371488530208
2025-04-01,301.7945454792101,303.4332781779918,299.74134925777133,302.3247375488281,2411200,0.0040337386767734795
2025-04-02,301.4378437693863,302.61386803280544,298.6616534152479,300.34857177734375,2776800,-0.006536566565827906
2025-04-03,300.15580098434344,308.195168450948,300.07866824197765,306.79742431640625,7023900,0.021471227583673036
2025-04-04,303.2308411680627,303.6067677131538,288.5112532884041,289.29205322265625,8831100,-0.057058403057831275
2025-04-07,282.0527583574542,293.890104413768,280.0284504227013,289.0799865722656,7725900,-0.0007330538396345121
2025-04-08,292.8297837325325,297.13865691708224,284.2891701147927,289.02215576171875,5562500,-0.00020005124267719054
2025-04-09,286.6893824176529,300.4160693335526,286.0146032748954,293.0032653808594,8265700,0.013774409815221267
2025-04-10,290.4777098778258,296.5409849141477,286.21705238448175,295.72161865234375,6049500,0.009277552821641555
2025-04-11,295.42277317139144,299.683459760862,293.0032409408479,298.7291259765625,4439900,0.010170062432109273
2025-04-14,301.16795332053084,306.7299832587044,299.9148256691265,304.6767578125,4068300,0.019909782203172632
2025-04-15,304.73461075435876,305.76604801249243,300.5992421911809,301.2161865234375,2901200,-0.01135817288430041
2025-04-16,302.2668807738098,302.9609284124612,296.29035780667164,297.9580078125,3098900,-0.010816745104380354
2025-04-17,298.0736642371367,301.70775787597887,296.0590052104956,300.07867431640625,2728500,0.007117333477544063
2025-04-21,299.7894872321322,300.05939298927376,294.1214369146377,297.5916748046875,2669900,-0.008287824909198438
2025-04-22,300.5221303299041,308.4650971683822,299.9726698153671,307.5782470703125,4200700,0.03355796922806831
2025-04-23,307.01914640665785,308.3686752326332,303.4428876634425,306.9998779296875,3210100,-0.0018803967645110164
2025-04-24,306.95170963896555,307.3951494349213,302.228343315625,304.8213806152344,2479500,-0.007096085279069908
2025-04-25,305.0912619077717,310.18093486337096,303.67424918287344,305.3226013183594,2282900,0.0016443095366649452
2025-04-28,306.24800833389014,306.5564510659693,302.92235732182024,305.39007568359375,2578300,0.000220993679940662
2025-04-29,304.6670949581791,305.31295664959094,301.7174000459559,303.163330078125,3164500,-0.007291479922798216
2025-04-30,305.3707930585232,309.429028465984,301.8138028078022,308.127685546875,5564600,0.01637518451677744
2025-05-01,301.8619934283808,307.7421148980341,300.3678774644831,302.3343505859375,5186900,-0.018801734581737728
2025-05-02,302.2475872138464,304.5803674659087,299.4810455673571,300.71490478515625,3994600,-0.005356473049267119
2025-05-05,301.71737090272853,305.95875937057303,299.500290167895,304.3393249511719,3534100,0.012052678827493057
2025-05-06,303.7513549521108,305.80458049013066,301.5921086558952,305.3708190917969,2691700,0.003389289704150089
2025-05-07,305.07195848528244,307.73244965487095,304.72491999162776,306.6624755859375,2725900,0.004229796736905378
2025-05-08,306.6142701516407,308.13733292603973,301.89090459661634,302.1897277832031,2131500,-0.014585246513086791
2025-05-09,301.62104225639933,302.92238535623204,299.9534215397297,302.3729248046875,1917800,0.0006062317962567398
2025-05-12,300.7630828345406,300.92693842406544,294.0154096383401,300.67633056640625,4137900,-0.005610933053536882
2025-05-13,300.4160684590116,300.91734304960863,297.3314352579417,297.5627746582031,3018600,-0.010355174623615682
2025-05-14,297.1289654657124,297.7748271414783,294.6708962375798,296.4156494140625,2656600,-0.003855069725903326
2025-05-15,296.7048125972908,303.7706067273408,296.7048125972908,303.14404296875,2928500,0.022699184634778158
2025-05-16,303.03803004383155,307.17339842668156,302.0740766298587,307.12518310546875,2636900,0.013132833149979373
2025-05-19,306.64316733913876,310.01700385829383,306.5660640195525,309.6507263183594,2748600,0.008223172021759373
2025-05-20,309.64113522254377,310.1231119581858,307.3565702024048,308.2723083496094,2035000,-0.004451525062249662
2025-05-21,306.0744428563061,307.18301269122816,303.809176123254,305.03338623046875,2386700,-0.01050669175081198
2025-05-22,304.72494741134784,305.2069241165834,301.3607594224109,302.9801940917969,2642000,-0.006731040703592317
2025-05-23,303.71278110576066,304.27186109043697,301.7463080862575,303.2308044433594,2701500,0.0008271509374193631
2025-05-27,303.1729651235377,304.24293917786963,300.907668960175,303.59710693359375,2526700,0.0012079989396420743
2025-05-28,303.597128312377,304.2718780267841,300.9366075742255,301.56317138671875,1935600,-0.006699456287374561
2025-05-29,301.1101254141823,302.1993974867277,298.8641268869387,300.6184997558594,2248800,-0.0031325828897320607
2025-05-30,300.753454048171,303.92486889988015,299.38462730719056,302.5367736816406,4062900,0.006381090742383133
2025-06-02,301.2280558954059,303.67098501273387,299.92903591826075,303.118408203125,2577000,0.0019225250352421508
2025-06-03,302.3040812547235,304.7761212483275,299.6963377767472,302.8372802734375,3028100,-0.0009274525138674994
2025-06-04,303.428622641247,304.64039829077274,300.01627306255443,302.0423583984375,2069500,-0.002624914192474126
2025-06-05,302.45919442011717,302.45919442011717,298.3585350761651,299.53155517578125,3813500,-0.008312752012564206
2025-06-06,297.7575200532531,300.38464149575424,297.4279206119077,297.9610900878906,2622800,-0.005243070590572607
2025-06-09,294.44211172024967,295.8962425325001,290.6807552857299,295.4599914550781,4059800,-0.008394044444107629
2025-06-10,290.83587140702707,293.16247483202903,290.29299826067216,291.2430114746094,4698700,-0.014272592237280612
2025-06-11,291.0200826132478,293.92834447979845,288.1021170734771,292.49359130859375,3312100,0.00429393937266509
2025-06-12,292.44509926934296,293.908904127082,290.8940205311631,293.8895263671875,2584700,0.004772532117194306
2025-06-13,292.5807864122111,295.779862093692,291.940965359042,292.677734375,2435500,-0.004123290840495897
2025-06-16,293.8701507390761,294.7038381860803,286.70611889320145,287.2296142578125,4045700,-0.018614740642371452
2025-06-17,286.9484714275244,286.9581750996374,282.86721935739735,283.3713073730469,3379000,-0.013432831063521444
2025-06-18,284.0402275052062,284.14684956759544,279.7747829066433,280.7732849121094,4008700,-0.00916826225287981
2025-06-20,280.9089757521812,281.72328544558883,276.8374272851434,278.66961669921875,7085000,-0.007492408736640144
2025-06-23,279.6972054300478,280.6666259765625,277.1282468986573,280.6666259765625,5172500,0.0071662253710966795
2025-06-24,280.76354259073514,283.16771592795135,279.75533705133944,282.5569763183594,4461200,0.006735215970974595
2025-06-25,281.9656443882119,282.17891809063184,275.61595167765546,276.8180236816406,4259800,-0.02031078018846233
2025-06-26,277.205821044771,278.0201307652791,274.8016474049133,276.8955993652344,5354900,0.0002802407247981531
2025-06-27,277.26398340851233,283.25499535990065,276.51751064445875,282.6345520019531,7422200,0.02072605216505763
2025-06-30,281.98506537852626,284.6024832155756,281.98506537852626,283.2356262207031,5054800,0.0021266834309268123
2025-07-01,283.5555146760124,290.4868657845525,283.41010750843674,288.3929138183594,5121900,0.018208470687361755
2025-07-02,288.9648751151313,288.9648751151313,283.6524692404692,285.6203918457031,4021500,-0.00961369659173561
2025-07-03,285.6591423134676,285.81422355410155,283.66210893183637,285.087158203125,1678600,-0.0018669312759229673
2025-07-07,285.1259706942,286.6382644027505,283.545810446125,284.55401611328125,3404300,-0.0018701020880915742
2025-07-08,284.0499049055572,284.05957899300904,281.38399857998456,282.7508850097656,3123600,-0.006336691810379547
2025-07-09,283.31315765190647,284.8351550259391,282.43098139532134,284.0596008300781,3265800,0.004628511844506855
2025-07-10,287.23929639837934,291.58231110167065,285.99843928092,289.2654113769531,5366800,0.018326472795366255
2025-07-11,289.0230583876412,293.4823692719043,288.19904499924735,290.7389221191406,4524100,0.005093974890303388
2025-07-14,290.0312645551204,292.8329044494615,285.8142787876518,292.6487121582031,5707500,0.006568745681322596
2025-07-15,292.0863830015085,293.5308396549028,290.08937915066525,290.457763671875,2937600,-0.007486615847958067
2025-07-16,290.61286035166273,291.29146649815283,287.1520222564187,289.759765625,2804700,-0.0024030965399276516
2025-07-17,290.6031867256261,293.20125627572133,289.2944926546617,291.1848449707031,3134300,0.004918140869659027
2025-07-18,290.5740843981555,291.21390546329565,287.36530498505,287.9857482910156,3481300,-0.01098648070097663
2025-07-21,288.993932999779,289.6628355160308,286.2504859834333,286.6964111328125,3037500,-0.004477086681734743
2025-07-22,286.81273632196115,290.9230993792855,286.02750807989815,290.02154541015625,2672000,0.011598102202274863
2025-07-23,290.33173292889296,290.7098211202876,287.8403447550341,289.0036315917969,2467600,-0.0035097868915904273
2025-07-24,287.83062966410387,288.3637990784222,285.40707853654015,285.4749450683594,4426000,-0.012209834540839237
2025-07-25,287.7337148587041,289.50777105575554,285.8821180337556,289.34295654296875,3401000,0.01354939038059233
2025-07-28,287.9760857615536,290.7389404334455,285.96937798660764,290.0700378417969,3070500,0.002512870219877561
2025-07-29,289.8082747648475,293.5696015118145,289.17812776266567,293.4145202636719,3147700,0.011529913419389581
2025-07-30,293.31759901986976,296.0901277446135,291.87314220368455,294.3257751464844,2805900,0.003105691163455715
2025-07-31,291.8149747768154,294.19006705138605,290.82617642733516,290.89404296875,3639600,-0.011659638630107771
2025-08-01,294.21913995828754,294.4130359040335,292.16397310459837,293.6278076171875,3344800,0.009397802101884789
2025-08-04,291.3399510485874,296.98198564023403,291.3399510485874,294.92681884765625,4734500,0.004424006162802918
2025-08-05,293.7344489506997,295.28552786533305,289.24602672993404,289.6337890625,4222900,-0.01794692597247438
2025-08-06,297.6121015100775,300.9081253819151,292.51294007583914,298.2519226074219,6474300,0.02975527673348277
2025-08-07,299.7060382918553,300.6851624408587,295.0431281631079,298.4942626953125,3603300,0.0008125348724394854
2025-08-08,297.612086978641,299.1146768869695,294.59720349019955,296.1094970703125,2622000,-0.007989318131163659
2025-08-11,296.15794892907724,297.9028939138988,294.49054456351604,295.05279541015625,2649000,-0.0035686179288783038
2025-08-12,295.8380688277429,296.15796457759603,290.71952973953097,292.416015625,3438300,-0.008936637192305974
2025-08-13,292.4742072098649,295.973801379629,292.1833632788895,295.74114990234375,2999100,0.01137124541635215
2025-08-14,296.15798957967235,299.8321018911416,293.4436237675177,299.50250244140625,4699400,0.012718394245456066
2025-08-15,300.67546058872637,300.67546058872637,297.1273780704529,299.4830627441406,3416600,-6.490662718061646e-05
2025-08-18,298.9402064912358,300.50098894087773,297.1855576846649,299.2601318359375,3272600,-0.0007443856963409434
2025-08-19,299.2601470600023,304.6113380502157,299.0177919132366,301.42193603515625,2893600,0.007223829602547527
2025-08-20,304.0781792691129,306.4823234756939,302.83732205735095,303.5061950683594,3879900,0.006914755643265602
2025-08-21,302.3331830750981,304.0102912818524,301.65460643874314,303.64190673828125,2282200,0.0004471462926525227
2025-08-22,305.00878499333777,307.1124109686467,303.5740319637122,304.4659118652344,2796700,0.002713739798977599
2025-08-25,304.136303802552,305.90062662661927,302.41073649770146,303.85516357421875,2944300,-0.002005966077693322
2025-08-26,303.84545945767877,305.4837824653459,302.7500095619097,303.3704528808594,2807600,-0.0015952030818162655
2025-08-27,303.777621363776,306.0654693361455,301.8194024256887,301.9066467285156,3234400,-0.0048251441049818045
2025-08-28,301.60611682952276,302.9632996828609,299.8902531061275,302.6724853515625,3471700,0.00253667360869847
2025-08-29,302.6821490162526,304.30106455377484,301.9065949280222,303.95208740234375,2492500,0.004227678803691015
2025-09-02,305.20000555853386,308.20278872287105,304.49805895214695,307.8420715332031,3228700,0.012798017490533553
2025-09-03,307.1205972235211,308.9242128644137,305.1317733649389,308.4562683105469,3219500,0.0019951684130916636
2025-09-04,309.850402441357,311.4200160516085,308.54400764242354,309.04119873046875,2881300,0.0018963155559315048
2025-09-05,309.4116566022667,310.06486883975157,305.4144618450883,306.49664306640625,2533100,-0.008233710180116649
2025-09-08,304.9758163549553,305.2292764328022,301.99255047800943,304.956298828125,2873600,-0.005025647990368087
2025-09-09,303.40614030144354,305.83372169781285,302.93819574489953,304.68328857421875,2310800,-0.0008952438593836654
2025-09-10,304.26408839462243,304.26408839462243,296.9716447064472,298.268310546875,3479500,-0.0210545778777792
2025-09-11,298.551046442417,301.1930826757622,297.59561002209045,300.69586181640625,2761500,0.008138817245051388
2025-09-12,299.9061847721782,300.77388161191897,297.59561912362983,297.7418518066406,2072600,-0.00982391307922037
2025-09-15,297.488354946062,298.04403907277435,292.97445159068906,294.4953308105469,3584500,-0.010903811393643492
2025-09-16,295.88947915856454,298.3267895305461,295.10955174045995,295.68475341796875,3578500,0.004038850477351197
2025-09-17,297.25434949141004,298.89221482426154,296.2891841617515,297.3226013183594,2681600,0.005539169272199329
2025-09-18,293.91039597285817,295.0998046716087,290.4104217102844,293.58868408203125,4654100,-0.012558470899190155
2025-09-19,294.1346356056132,297.1568767473548,293.20844573809586,294.7975769042969,5696900,0.004117641066601285
2025-09-22,294.7390903984847,296.6206869582699,292.88674037451847,295.39227294921875,3657900,0.0020173030293086924
2025-09-23,296.12347670009456,296.8156943264736,292.7892524880344,295.5872802734375,2976900,0.0006601639314114394
2025-09-24,294.90481247140707,298.30731816945877,294.4368678957304,296.69866943359375,2427300,0.0037599356749320467
2025-09-25,298.20981927446417,298.64851731338973,294.3783743062202,294.7195739746094,2558400,-0.0066703887238945825
2025-09-26,295.7627424986048,298.11231333293136,294.43685990042405,297.5858459472656,2284700,0.009725421131693057
2025-09-29,298.2098181598646,298.43403168370224,294.28087483576917,295.39227294921875,3073800,-0.007371227590023177
2025-09-30,295.1582865428624,296.84491603394395,294.42709343003946,296.26971435546875,2640100,0.0029704277552340397
2025-10-01,295.65547347436546,297.1275885411123,290.8198288211113,292.9841613769531,3055300,-0.011089736207642087
2025-10-02,292.08728243678723,294.79757039433105,291.45358768726504,292.3602600097656,2690400,-0.0021294713142694377
2025-10-03,291.40481935115974,293.83240069013704,291.17084707841923,293.43267822265625,2599100,0.003668139482619237
2025-10-06,291.5413498360924,292.1360393347989,287.5149080090486,288.6165771484375,3814200,-0.016412967715082827
2025-10-07,287.60268013372865,290.5957049963574,286.75450071879175,288.88958740234375,2515700,0.0009459271418281734
2025-10-08,288.9480609678646,289.22103857437753,286.07202245983416,287.0177001953125,2464600,-0.006479593895588276
2025-10-09,286.2864829242931,287.7196226760953,284.7168692568706,286.4424743652344,2802700,-0.0020041475828378452
2025-10-10,287.310152981918,290.478656404087,285.5455426869882,289.5622253417969,4016200,0.010891370015832846
2025-10-13,287.21269077345306,292.8867570642824,286.6277302714134,292.5845031738281,3369300,0.010437403665011225
2025-10-14,292.6332520590798,297.85883150097783,292.58448799758173,296.92291259765625,2992800,0.014827885198180235
2025-10-15,296.0162694867911,301.34910658919034,296.0162694867911,297.59564208984375,2522100,0.002265670528091235
2025-10-16,298.12207052462423,299.574698018397,297.0691357588407,297.673583984375,2021600,0.0002619053625378953
2025-10-17,299.1067193899543,300.5983521596888,298.62901607389057,300.3643798828125,2194200,0.00903941781605555
2025-10-20,300.2279381780272,300.95913137402596,298.17083251540714,300.05242919921875,2329600,-0.0010385741602099152
2025-10-21,300.8128300509132,300.8128300509132,298.7070201006747,299.7696838378906,2461100,-0.0009423198541759215
2025-10-22,300.491148901437,304.94655979594006,299.44797282942983,302.333740234375,2735700,0.008553421292164298
2025-10-23,304.1471125950101,304.1471125950101,298.5412982840883,299.2724914550781,2081500,-0.01012539578587468
2025-10-24,299.91595791645517,299.9842097559083,297.3713901007486,298.1221008300781,1994500,-0.0038439571221756674
2025-10-27,298.2293063014565,302.31424107240935,297.6833511306093,302.22650146484375,2139700,0.013767515468787739
2025-10-28,300.803149139298,302.79197327168157,298.64854503405684,298.716796875,2336500,-0.011612828699113953
2025-10-29,297.059418910132,297.137399755967,293.666671945957,294.7683410644531,2502300,-0.013218057544313933
2025-10-30,292.96471694423406,296.75718629660815,292.57475322156193,294.8463134765625,3128400,0.00026452098562490534
2025-10-31,292.47726290562366,293.16945076384906,289.5524902765674,290.9466247558594,3582700,-0.013226174255738576
2025-11-03,290.2057128257287,290.4494438867482,287.0566968065191,288.93829345703125,3899300,-0.006902748229209998
2025-11-04,290.73213756685544,292.23352916661946,288.9870446692362,291.7070617675781,4151300,0.009582559228891618
2025-11-05,292.04829403976186,302.3922553816337,291.70706461571217,298.0050964355469,6070300,0.021590271520361082
2025-11-06,296.6304363465138,298.7265173535044,290.04969822426983,290.9271240234375,3544900,-0.023751179079718243
2025-11-07,292.8087237705519,294.96329787122295,290.84911665389984,292.1457824707031,3250100,0.004188878748780489
2025-11-10,291.5023551386917,292.4967671778253,288.6165876458968,291.599853515625,3824300,-0.0018686867578958655
2025-11-11,293.3156875252421,299.58447289249386,293.3059585145914,299.135986328125,2755800,0.025844089843125362
2025-11-12,299.08726416290125,301.3393368298675,298.11233990006474,299.2432556152344,2818600,0.00035859706625762655
2025-11-13,299.59417941049986,302.3239848820439,298.81425199138664,299.8671569824219,2294300,0.002084930421923037
2025-11-14,300.71536853058353,302.9576821937589,295.72373184810175,299.3309631347656,3112500,-0.0017881046162306902
2025-11-17,299.4675223401335,299.9842310497767,296.4744974784598,297.2544250488281,2435700,-0.006937264572267399
2025-11-18,298.01481220918396,300.7056124306779,296.53293818627435,296.9521484375,2773800,-0.0010168952448007529
2025-11-19,296.9521446892695,297.19587572792767,294.466099995886,295.1485290527344,2008300,-0.006073771125266747
2025-11-20,294.8658772186418,297.97588822955555,294.30040444265956,296.5329895019531,4205100,0.004690724543544578
2025-11-21,298.59002079028744,302.7529661207029,298.4827934105646,301.5928039550781,3348900,0.017063242985623006
2025-11-24,301.2418620255709,302.55801583385596,296.4062456341619,297.2544250488281,3687300,-0.014384888662317685
2025-11-25,299.0580209717536,303.64990597044806,299.0580209717536,302.6652526855469,4189600,0.018202681544033927
2025-11-26,303.7571407007805,305.0245302622128,301.9535249769533,304.5663146972656,2786600,0.0062810712324941065
2025-11-28,304.5370508718153,305.4437231874728,302.89918544630694,304.0008544921875,1850700,-0.0018566078315003232
2025-12-01,303.53008413913665,303.5496888528057,297.53753675314846,297.73370361328125,3354100,-0.020615569944285483
2025-12-02,297.95927935250177,297.97891399813676,293.83022711274293,294.9385070800781,3947800,-0.009388243585730316
2025-12-03,296.5862179516254,302.81414233067187,296.252758196309,301.79412841796875,4986900,0.023244239640872966
2025-12-04,302.59836749118125,307.7670385395168,301.4116386789634,302.6081848144531,4632200,0.002697389776109116
2025-12-05,302.7258925653012,306.0507029055487,302.2747446285462,305.2464904785156,3147200,0.008718553550295383
2025-12-08,306.0016709356205,307.7180264617017,303.10837393359475,303.83416748046875,3575000,-0.004626827963960745
2025-12-09,304.71682745389813,306.68819374866047,302.49048014575857,304.8149108886719,2355100,0.003227890452005111
2025-12-10,303.5496790460409,305.33469565065496,300.1267859425891,304.55987548828125,4103900,-0.0008366893851979862
2025-12-11,305.51124039360394,306.96279735100126,303.1181483472558,303.7556457519531,4844000,-0.0026406293180897267
2025-12-12,304.5598935570124,311.68032575400963,304.4029660508381,310.6308898925781,3771900,0.022634127914249014
2025-12-15,310.6112933840832,313.51437749784895,309.72857239717507,312.6022644042969,3814900,0.006346356965337474
2025-12-16,312.97493887870365,314.4166786026873,308.2672332126843,308.4535827636719,2972300,-0.013271438223682819
2025-12-17,309.48337259069643,313.0632233573001,308.94395860357446,312.5630187988281,3328600,0.013322704824293652
2025-12-18,313.2397792844148,315.60344953193317,312.2295826992887,313.50457763671875,3335200,0.0030123808040662947
2025-12-19,312.57282217617626,313.19068492389414,309.67952564123004,309.7677917480469,7128600,-0.011919398169049966
2025-12-22,308.9439872834096,312.15110932866907,308.4241779623578,310.1405334472656,2514600,0.0012032939161148448
2025-12-23,306.0997381277588,308.08089191184695,304.6579983651666,304.86395263671875,2922800,-0.01701351562111786
2025-12-24,304.70701435324025,307.3747221893948,304.3147105395716,307.3060607910156,1011500,0.00801048511368907
2025-12-26,306.96283068269395,307.23744636057637,303.9126062557378,304.70703125,1308900,-0.008457462681750072
2025-12-29,304.49124577382133,305.1189558265816,302.2943204508857,302.5983581542969,2148300,-0.006920329626305954
2025-12-30,301.176223434335,302.7062592067001,300.8721857306302,302.10797119140625,1678300,-0.0016205869915545401
2025-12-31,301.86277909457914,302.284504952713,299.47950420602217,299.7541198730469,1903600,-0.007791424069602093
2026-01-02,299.4206585581962,299.67563957782625,294.51678600787426,297.4296875,3124300,-0.007754463471699169
2026-01-05,295.45832268111786,296.51754598787215,293.85965543252763,294.09503173828125,4573300,-0.011211576725066341
2026-01-06,293.32024884046234,298.37123173493234,292.59445532792637,296.9490966796875,3769100,0.009704567005219378
2026-01-07,299.4598979776727,301.09780474308735,297.4787440440514,298.3124084472656,4100200,0.004591062181437344
2026-01-08,297.6062044183036,303.0593080192622,296.81177950048897,302.9416198730469,3268300,0.015517998228355978
2026-01-09,303.0985544005959,303.56930699636376,298.74391330457183,301.41162109375,2972000,-0.005050474015217965
2026-01-12,301.52930636088854,301.5685457204481,298.3221846094238,300.8525695800781,3206600,-0.0018547775684402135
2026-01-13,299.36182282237445,303.70664683960075,299.33240078348734,303.4908752441406,2967900,0.00876943038161504
2026-01-14,303.4908975490152,305.1974357916168,300.04836909189675,302.2060852050781,2949000,-0.004233372874980046
2026-01-15,302.99065268432594,302.99065268432594,297.9592748169513,302.6866149902344,3189200,0.0015900731609364005
2026-01-16,300.9899040467046,302.5983586806912,299.96007285164006,301.5195007324219,2590600,-0.0038558502425030117
2026-01-20,300.5485555978324,300.65642643155405,296.635274719889,297.01776123046875,3018000,-0.014930176957105412
2026-01-21,297.5081317143059,299.83256247846094,297.3119947738281,299.8129577636719,3630900,0.009410873348527415
2026-01-22,300.26411149259263,301.71566854850863,299.0872000342411,300.14642333984375,2809400,0.001112245376781562
2026-01-23,300.21510101154615,303.55954587746265,299.4893074788171,303.3045349121094,2350200,0.010521903066923466
2026-01-26,304.0401137190526,308.3162764355122,304.0106916794757,306.93341064453125,3385000,0.01196446249467864
2026-01-27,306.31549879299183,308.51242409346327,305.06010863117064,308.0906982421875,2506600,0.003770484272878738
2026-01-28,308.94400151026895,310.19939181123476,305.6191612224381,306.7862854003906,2184500,-0.004233859864121836
2026-01-29,306.8941635705093,311.29783165811136,306.2566661084502,309.4441833496094,3211300,0.008663679165937577
2026-01-30,309.5912844929312,309.9737709866393,305.57992035072476,308.9439697265625,2983200,-0.0016164906304984017
2026-02-02,312.86706262010074,313.37705458029586,309.1499189186751,312.4060974121094,3309800,0.011206328735307913
2026-02-03,309.44418399517144,316.68230487298047,309.44418399517144,313.3378601074219,4043400,0.0029825368423694876
2026-02-04,314.93650382541017,320.66425358097814,313.553638038349,317.4669189453125,4805900,0.013177656975365437
2026-02-05,318.8301711142076,321.75288998937276,316.741146506765,317.2609558105469,3936800,-0.0006487703835407199
2026-02-06,316.6920694152664,321.2428773090625,315.06398020830636,320.87017822265625,2831900,0.01137619472553264
2026-02-09,319.6736391777476,321.0271127608222,316.96669201159824,319.3401794433594,2673900,-0.0047682797690074
2026-02-10,319.17343735585456,321.69403499639793,317.29036708301226,319.70306396484375,3502900,0.0011363572291995805
2026-02-11,317.3590060510847,318.94788591560524,314.642271405461,316.9961242675781,4553200,-0.008467043336072955
2026-02-12,323.4888445036093,326.9706119838195,313.9949543996973,325.6955871582031,6499700,0.027443436132618793
2026-02-13,326.1074973302475,329.21656543677904,320.2522727974895,321.2820739746094,3587900,-0.013551037710099356
2026-02-17,323.6555675531873,325.69556523364076,318.75169531753295,321.3213195800781,3367200,0.0001221531129429465
2026-02-18,320.9780762775588,322.47866014217095,317.60420943031005,321.586181640625,3661800,0.0008242903424304782
2026-02-19,322.14518805289447,326.59791272108475,320.6642388917405,320.8211364746094,4032300,-0.002378974003524048
2026-02-20,321.72344928467595,323.93019184963737,319.69323894150466,322.900390625,3862700,0.006481038541409134
2026-02-23,324.07732602392485,329.1283089492243,323.9007937890671,328.1279296875,3806200,0.01618932405867235
2026-02-24,328.86350213327495,329.54023894701015,325.94078328655087,326.6469421386719,2756900,-0.004513445564474083
2026-02-25,325.6171656492003,327.72582504298435,323.6556164585424,326.6077575683594,2812500,-0.00011996000959302311
2026-02-26,328.4319399506456,330.4621502744081,326.7057673162356,328.0984802246094,2425900,0.00456425979391506
2026-02-27,329.11851759075506,334.7873932006084,329.11851759075506,334.5029602050781,4269100,0.01951999282680128
2026-03-02,334.5029580457016,335.17969486432975,327.9808134222245,328.3829345703125,4555400,-0.01829587884966266
2026-03-03,325.55236644920046,327.6037902832031,323.1952365809543,327.6037902832031,2901100,-0.0023726698469543894
2026-03-04,327.1796569824219,328.2546694573761,325.0789326578172,327.1796569824219,2455900,-0.0012946532163581326
2026-03-05,325.2663407128366,326.2624662213533,319.6644289441592,322.94866943359375,4321400,-0.012931695044400171
2026-03-06,321.8046049062987,323.8165400128452,316.9029246913742,323.5502624511719,3341200,0.0018628131171223306
2026-03-09,321.3213272765867,327.1402460817511,320.11809699358105,326.2525939941406,3407500,0.008352122858736877
2026-03-10,323.8264105905106,325.11840002832855,322.2188128676216,323.4319152832031,2391400,-0.00864568975959823
2026-03-11,322.5344292239082,323.14590148024587,317.98781576444924,320.73944091796875,2200500,-0.008324702164524411
2026-03-12,318.80640558219835,322.820464068594,317.58346102047176,319.45733642578125,2639600,-0.003997339673967315
2026-03-13,320.5126238293825,322.46538619542446,320.0194971554425,321.9722595214844,2449800,0.007872485020507414
2026-03-16,323.33328129703995,324.1913168604088,322.0215776388675,322.1596374511719,2584300,0.0005819691732635857
2026-03-17,322.84016502708477,325.94685703158274,321.63693474715745,321.814453125,2437800,-0.0010714698119940191
2026-03-18,319.3192567979415,320.0392326249746,310.90651638617527,311.3898010253906,3038400,-0.032393362070535114
2026-03-19,311.6461981251395,312.37604609819977,305.0777469559857,305.3243103027344,3362300,-0.01947877131069453
2026-03-20,305.5412927929855,307.0897178621847,303.39126759388006,304.6043701171875,6436600,-0.00235795238457448
2026-03-23,309.16085067926105,309.6736916056165,303.81534407420764,304.2295837402344,3003200,-0.0012304038080902524
2026-03-24,302.17819646523463,306.91220078975135,300.5903128255685,303.6082458496094,2954900,-0.002042332251144696
2026-03-25,305.7977216545152,308.63813621444734,303.8745155176257,307.4151916503906,3714000,0.012539006607439118
2026-03-26,306.47824648242255,308.4112947343063,304.5550402979326,304.6832580566406,3025700,-0.008886787861989931
2026-03-27,305.49196656414665,305.7089434989622,301.13271363669384,301.69488525390625,3137200,-0.009808129339941685
2026-03-30,304.4564336437287,306.5176996178158,303.411007457791,304.28875732421875,3569600,0.008597666705981721
2026-03-31,305.96537024092487,307.3954194584251,303.3123464721505,306.5176696777344,3021300,0.0073249908183126156
2026-04-01,305.9062103204162,306.7247873457474,299.8210139971293,303.0657958984375,3887300,-0.011261581699110845
2026-04-02,302.6120804728592,303.2728834131993,298.86433005039225,302.9178466796875,2649100,-0.00048817524363453657
2026-04-06,301.8527119678883,306.0442889008324,301.60614861889155,305.5018615722656,1816000,0.00853041483326833
2026-04-07,306.0048084442783,306.0343948401185,300.03798786468286,300.6593322753906,2033700,-0.015851063139035948
2026-04-08,302.9376048453138,304.0126174639944,298.93341835809395,302.7896728515625,4155100,0.0070855627864581106
2026-04-09,300.9946581521989,306.8234189822539,299.81114210926046,305.2947082519531,2484700,0.008273186389744058
2026-04-10,303.07563082363697,304.4564095392754,299.9985253050213,301.4779052734375,2708600,-0.01250202795970412
2026-04-13,300.03801372804526,300.70865882360886,297.94716131360246,300.32403564453125,2872100,-0.0038273770937200524
2026-04-14,298.8544950928382,299.40679459021294,297.38498715497303,299.0517578125,3150100,-0.004236350345055762
2026-04-15,299.10103932468877,302.7206023224684,298.8347617584247,302.0499572753906,2976500,0.01002568747571253
2026-04-16,302.3655448315679,304.0323154341624,300.3831960252064,302.7403259277344,2334400,0.0022856108260076446
2026-04-17,303.08551988617984,308.2436358322758,302.97704646285155,307.079833984375,3225500,0.014334093231030298
2026-04-20,307.858983198716,308.2337642947297,301.74423036806667,302.7206115722656,2395200,-0.014195730001375417
2026-04-21,301.34969580733303,301.94145383057173,296.83266875613555,297.6907043457031,2708100,-0.016615674765052324
2026-04-22,297.8978308510336,298.74602443576583,295.7083470739728,295.945068359375,2845600,-0.005863925076749932
2026-04-23,298.3416599391747,300.69882006312105,297.76964619797747,298.3712463378906,3064300,0.008198068621199095
2026-04-24,298.1345574327624,298.4304214221892,295.10675218267494,295.24481201171875,3847800,-0.010478336517156683
2026-04-27,293.69639842741697,294.4262162872214,286.2008668226613,286.2205810546875,4985000,-0.03056524819366868
2026-04-28,288.18324543903753,290.59954812568003,287.02931575825147,288.3706359863281,4087100,0.007511880954604866
2026-04-29,287.29560707638467,288.4889953763427,285.32310025101145,286.0923767089844,3493000,-0.007900455154011499
2026-04-30,286.5558891555019,290.47131602709976,286.2403109686552,289.5541076660156,4137700,0.012100046134932763
2026-05-01,290.6488761580763,291.5167538292981,282.4234966797502,282.6996765136719,3761800,-0.023672367170318176
2026-05-04,282.38406369813305,285.76690543278403,279.79021259672,280.194580078125,3750500,-0.008861334637663476
2026-05-05,280.4904435958864,282.6207544199236,279.1294091723573,281.2498779296875,4007100,0.0037663035854165194
2026-05-06,283.22238505723794,284.5340887570602,278.51793735991527,280.194580078125,4807900,-0.003752171767435697
2026-05-07,283.87328028108067,287.39421186233204,278.27136863855725,279.8000793457031,6613800,-0.0014079527602278707
2026-05-08,281.0821937152935,282.56157368221614,271.0519842964108,271.9593505859375,6044100,-0.028022610923130298
2026-05-11,272.0382677570585,272.9357619815596,268.24121616625547,270.8251953125,5849000,-0.004170311743258548
2026-05-12,274.37568594039965,275.4112398882207,270.9928141748546,271.0618591308594,4366600,0.0008738618948886945
2026-05-13,270.7265486203554,273.68530871456693,269.483859749406,271.9100646972656,3451000,0.0031291955612122724
2026-05-14,273.9811469939042,273.9811469939042,270.529260541003,271.1900634765625,3428200,-0.0026479388378093383
2026-05-15,272.2059229206775,273.6853029365507,271.23938380833744,272.590576171875,3866400,0.005164321573432273
2026-05-18,272.02842637150906,278.9124560016947,271.36762333491095,278.5870056152344,3969300,0.02199793377882031
2026-05-19,279.50420625406184,281.3978260164958,276.43697264124904,276.93994140625,4087500,-0.0059122075896791415
2026-05-20,276.43698065936854,277.1569263961757,272.6004403926739,276.417236328125,4056900,-0.0018874311717941294
2026-05-21,277.18649023579366,281.23013496498675,276.1016356360643,280.2734680175781,5116300,0.013950764216727585
2026-05-22,279.10968522036455,279.82966096807286,276.5552927730481,278.38970947265625,3056200,-0.006721144738551343
2026-05-26,277.15689743886645,278.1431507598905,274.878654675146,275.4211120605469,4227400,-0.010663459571593648
2026-05-27,276.3876134598186,279.652109454885,276.0029903261778,277.05828857421875,3808100,0.005944266586622282
2026-05-28,276.160830153176,276.36793494420823,273.70503866724454,274.14886474609375,4115700,-0.010501125388081012
2026-05-29,273.96144552159177,277.5514220468564,273.60640877411515,275.3619384765625,4901300,0.004424872346607156
2026-06-01,274.29680165128195,275.0562360621085,269.64168421507065,272.3144226074219,4594600,-0.011067309759660193
2026-06-02,271.40090146892226,276.047894393123,271.02360885440544,274.4095153808594,4211600,0.007693653363552766
2026-06-03,273.82368353264275,274.89607817165677,271.3612060546875,271.3612060546875,5011100,-0.01110861378819561
2026-06-04,275.8393606350222,276.5344323704757,269.9313720924454,270.79522705078125,3541600,-0.0020857034508912076
2026-06-05,272.4633513726649,278.77847993328396,272.4633513726649,277.8649597167969,5428100,0.026107301605762245
2026-06-08,276.14714612486694,278.20254379179346,275.19393007874413,275.8194885253906,3842300,-0.007361385881440419
2026-06-09,275.65069825583004,283.29636611161214,274.09180186941984,280.2579650878906,5431700,0.016091961399208543
2026-06-10,282.3133457122863,284.4283175375529,280.3075829886626,280.5260314941406,4152700,0.000956498796264027
2026-06-11,280.8437910243767,284.2297278376757,279.056507040074,282.7601623535156,4565400,0.007964076800557773
2026-06-12,283.98150001060793,285.62978787770203,282.02540245229324,282.7998962402344,4028800,0.00014052151614296626
2026-06-15,282.2240017765549,286.20567980730715,281.59844327712307,284.10064697265625,4388500,0.004599544588647531
2026-06-16,285.96737089674605,287.2482748968351,283.0779052837137,285.8978576660156,3874300,0.0063259648033549
2026-06-17,283.48503034446304,285.2624055692407,280.9728875048118,281.81689453125,3591000,-0.014274199772189244
2026-06-18,282.372942840958,282.75026577228687,275.9684527326959,276.6436462402344,8106400,-0.018356771334168465
2026-06-22,275.0450215052318,275.59112765810073,268.1738473462148,268.1937255859375,4891100,-0.030544423373306206
2026-06-23,271.9569785156409,272.3144231952014,268.6008287250847,269.7427062988281,3783500,0.0057756038457144054
2026-06-24,270.2490987639077,274.111628262771,269.30579152909695,271.947021484375,4698700,0.008171917661065065
2026-06-25,270.7654161401501,271.4108225221019,262.6630039963424,262.6729431152344,6192700,-0.03410251863954861
2026-06-26,262.9013072127416,268.87883891906404,262.68285870682627,267.8561096191406,7422800,0.019732395892912313
2026-06-29,268.2830774877338,270.57677173403766,263.72547605148605,265.2943115234375,4522000,-0.009564083116661792
2026-06-30,266.3071280420642,269.27601572270896,265.5028472302361,268.4022216796875,4752600,0.011714952116398614
2026-07-01,268.3426623588889,270.52714758685124,267.00218416455726,267.5284423828125,3902100,-0.003255484591024649
2026-07-02,269.8816866630309,278.6493835449219,267.955376307874,278.6493835449219,6871800,0.04156919190743902
2026-07-06,278.0834195342428,279.03663566249736,271.64914248858736,277.5273742675781,6744000,-0.004026598814143356
2026-07-07,281.79700578361246,285.07373347544586,279.3941024451281,280.2182312011719,3688500,0.00969582528820867
2026-07-08,279.2848686726307,279.6324045366515,274.29037013609775,276.28619384765625,4735900,-0.014032054005411077
2026-07-09,274.11164682311124,275.62090819880984,270.9938237820326,274.5386047363281,3605400,-0.006325285700999439
2026-07-10,276.2464638812526,276.43512533907005,270.5767719337864,272.6619567871094,2980800,-0.006835643209526454
2026-07-13,274.07191085354395,274.07191085354395,269.4150092442901,270.68597412109375,4169600,-0.007247005373611559
2026-07-14,270.08030160363097,271.87752471586197,266.426281266226,267.0419006347656,3834500,-0.013462365378037355
2026-07-15,266.10854006078404,268.3724473238403,262.2261319781115,263.080078125,6050900,-0.014835958328443088
2026-07-16,264.8673642859957,271.65908612945566,264.1127184248796,271.5299987792969,4812000,0.032119196233026726
2026-07-17,273.05911400187017,274.4095008933363,265.3042375883925,265.820556640625,3782000,-0.021026929489704638
2026-07-20,267.84619239528087,268.0944279767408,264.3808333748024,265.7510986328125,3693400,-0.0002612966005725026
2026-07-21,264.6389585358198,264.98649438503827,261.7892191161757,262.0473937988281,3539500,-0.01393674326480121
2026-07-22,263.8247802894131,264.0928638006665,260.00194638761616,261.7098083496094,4524400,-0.0012882610444044928
2026-07-23,259.7338301448311,262.1566117497002,259.118210775137,260.9452209472656,5105700,-0.0029215083957508936
2026-07-24,261.9282631941143,264.5794022204664,261.04452998386705,262.89141845703125,3703500,0.0074582607901407805
2026-07-27,265.6120641785752,269.2561757378411,264.9169924505013,268.75970458984375,4874400,0.02232209087407555
2026-07-28,274.2605667732101,276.73301354861496,269.71290466111174,271.09307861328125,5261500,0.008682008439466316
2026-07-29,270.7058498650848,271.10302070376486,268.34264246697853,269.6036682128906,3650700,-0.0054940923169612965
2026-07-30,268.58096032322203,269.8817123473665,264.4304686690481,266.5454406738281,4040200,-0.011343419617894757
2026-07-31,265.2347431335693,269.15687735136447,263.64602938830313,268.72991943359375,4965200,0.008195521012264395
2026-08-03,273.76410901916006,274.37972838774834,263.35809326171875,263.35809326171875,7440500,-0.019989684003914765
2026-08-04,268.4220819795939,269.61362487535825,262.4445801677033,266.4461364746094,7486000,0.011725643873878644
2026-08-05,269.7228633231028,273.3570055075901,267.1114202024565,272.0661926269531,4775300,0.02109265394763682
2026-08-06,274.0520670118535,274.8761957644676,269.8420014761994,274.31024169921875,4214900,0.008248173176527596
2026-08-07,272.5726032193221,274.9159325259076,271.3612123890142,272.5428161621094,4909700,-0.0064431627713242845
2026-08-10,272.2051960400188,273.8038184768259,268.45184534033194,271.78814697265625,4742100,-0.002768993144197318
2026-08-11,271.30162848517847,272.27469252047894,269.4051051052162,272.2151184082031,3030600,0.0015709715096214882
2026-08-12,270.0107994629913,274.2506825888297,266.8631892584935,273.75421142578125,4351700,0.005653958628668576
2026-08-13,275.42232020943675,276.4053233190208,270.2292214452201,270.3285217285156,4023300,-0.01251374245321657
2026-08-14,270.4079478235915,273.39671367305345,269.3554314697184,270.9044189453125,2735400,0.002130360544697618
2026-08-17,268.3128772878258,268.90864874551687,263.2687435907245,263.6559753417969,4911800,-0.026756461307406276
2026-08-18,265.58227506264063,268.3029272358699,264.9567165726631,265.10565185546875,3089200,0.0054983639638455095
2026-08-19,264.47016594652433,269.95119608361927,264.21199127302407,265.5624084472656,5351600,0.0017229228747106529
2026-08-20,265.68157277220826,269.9611515690353,265.02622723203285,267.2305603027344,3526300,0.00628158128713463
2026-08-21,267.39934074205325,269.33559028618606,266.2177370185577,269.0377197265625,3776000,0.006762547748209835
2026-08-24,270.22922357845107,271.4902796120944,268.6802361138274,270.6164855957031,4115900,0.005868195250633201
2026-08-25,270.53703839509745,270.6760648558924,266.0886764847458,266.20782470703125,3192700,-0.016291176344882197
2026-08-26,266.6050082304743,267.161053495718,264.23186158236393,265.04608154296875,4182300,-0.004364045892869761
2026-08-27,263.6162484147,263.85457517841604,258.016069453591,258.2245788574219,5980400,-0.025737044086203476
2026-08-28,259.48558826868964,263.2289999937744,258.4827371885051,263.12969970703125,3887300,0.01899556142685288
2026-08-31,263.12971047210067,264.1921660095524,261.53108790824797,261.6800231933594,5244100,-0.005509361031027504
2026-09-01,262.75,264.5,260.739990234375,261.1099853515625,3701000,-0.0021783773741707035
2026-09-02,261.9599914550781,262.7799987792969,260.17999267578125,260.95001220703125,5106800,-0.0006126657481745346
2026-09-03,261.57000732421875,262.0899963378906,256.1199951171875,259.6300048828125,4576000,-0.005058468145123118
2026-09-04,258.010009765625,258.5,255.49000549316406,255.69000244140625,4225500,-0.01517545109312235
2026-09-08,254.38999938964844,256.80999755859375,254.27999877929688,255.80999755859375,4197600,0.0004692992140551411
2026-09-09,255.5,256.5,253.35000610351562,253.47999572753906,4434000,-0.009108329827965389
2026-09-10,255.0399932861328,255.55999755859375,252.5399932861328,253.0500030517578,4345400,-0.0016963574365980172
2026-09-11,253.97999572753906,254.72999572753906,252.14999389648438,252.52999877929688,4096800,-0.0020549467148379685
2026-09-14,254.27999877929688,258.45001220703125,254.27999877929688,257.489990234375,4165000,0.01964119700255096
2026-09-15,257.7799987792969,257.7799987792969,252.6999969482422,252.77999877929688,4783500,-0.018291940012079455
2026-09-16,252.25999450683594,253.16000366210938,247.8300018310547,248.55999755859375,7134200,-0.016694363640644028
2026-09-17,250.3000030517578,250.60000610351562,248.10000610351562,248.47999572753906,4941900,-0.00032186124815125616
2026-09-18,248.27000427246094,250.4499969482422,247.64999389648438,248.24000549316406,9577400,-0.0009658332199834474
2026-09-21,249.41000366210938,250.3800048828125,246.52000427246094,247.8800048828125,6334600,-0.001450211901326548
2026-09-22,250.67999267578125,252.05999755859375,249.3699951171875,250.35000610351562,5016800,0.009964503679394499
2026-09-23,250.2899932861328,250.32000732421875,234.02999877929688,238.32000732421875,16605700,-0.04805272013583517
2026-09-24,239.6999969482422,242.55999755859375,237.02000427246094,237.02000427246094,7387500,-0.005454863258665621
2026-09-25,236.77999877929688,238.0,235.2899932861328,236.5,6530000,-0.002193925673308006
2026-09-28,235.74000549316406,237.47999572753906,233.22999572753906,233.60000610351562,5365000,-0.012262130640525948
2026-09-29,232.1999969482422,236.00999450683594,232.05999755859375,233.97999572753906,5239500,0.0016266678685574743
2026-09-30,234.22999572753906,234.97000122070312,230.8800048828125,230.94000244140625,5575900,-0.012992535010013295
2026-10-01,231.5399932861328,232.83999633789062,229.61000061035156,231.8300018310547,5937100,0.0038538121600404374
2026-10-02,232.6999969482422,233.0,230.8300018310547,231.88999938964844,6425900,0.00025879980209575493
2026-10-05,231.89999389648438,233.0800018310547,229.1999969482422,233.0399932861328,5594000,0.004959221611588349
2026-10-06,233.34500122070312,234.3000030517578,231.6999969482422,233.61000061035156,1935277,0.0024459635283240466
