Date,Open,High,Low,Close,Adj Close,Volume,Daily Return
2015-01-02,103.76000213623047,104.19999694824219,102.44000244140625,102.94000244140625,94.46272277832031,31314600,
2015-01-05,102.48999786376953,102.61000061035156,101.13999938964844,101.43000030517578,93.07707214355469,36521300,-0.014668756034244224
2015-01-06,101.58000183105469,101.75,99.62000274658203,100.06999969482422,91.82905578613281,66205500,-0.013408418729556004
2015-01-07,100.7300033569336,101.5999984741211,100.48999786376953,101.36000061035156,93.01282501220703,37577400,0.012891009451640123
2015-01-08,102.22000122070312,103.5,102.11000061035156,103.30000305175781,94.7930908203125,40212600,0.019140003627153845
2015-01-09,103.62000274658203,103.6500015258789,102.0199966430664,102.62000274658203,94.16908264160156,41410100,-0.006582844522854403
2015-01-12,102.81999969482422,102.93000030517578,101.29000091552734,101.55000305175781,93.18717193603516,34129800,-0.010427102802981092
2015-01-13,102.54000091552734,103.62000274658203,100.69999694824219,101.5199966430664,93.15965270996094,56162300,-0.0002953113127320828
2015-01-14,100.5,101.4800033569336,100.06999969482422,100.95999908447266,92.64576721191406,51354200,-0.005516180911996127
2015-01-15,101.43000030517578,101.58999633789062,99.52999877929688,99.6500015258789,91.44366455078125,51005400,-0.012975257233103554
2015-01-16,99.5199966430664,100.94999694824219,99.36000061035156,100.81999969482422,92.5173110961914,35362200,0.011741070862420822
2015-01-20,101.43000030517578,101.87999725341797,100.29000091552734,101.62000274658203,93.25143432617188,30964100,0.007934982343111852
2015-01-21,101.31999969482422,102.62000274658203,100.95999908447266,102.13999938964844,93.72860717773438,40128800,0.005117056429324807
2015-01-22,102.54000091552734,104.13999938964844,101.63999938964844,104.02999877929688,95.46292877197266,40887200,0.018503652688976135
2015-01-23,104.0199966430664,104.58000183105469,103.72000122070312,104.26000213623047,95.67399597167969,34783000,0.0022109860070520515
2015-01-26,104.13999938964844,104.33000183105469,103.61000061035156,104.13999938964844,95.56388854980469,19960900,-0.001150860489903538
2015-01-27,102.5,102.55999755859375,101.0999984741211,101.44000244140625,93.08623504638672,45253200,-0.025926671057621253
2015-01-28,103.06999969482422,103.18000030517578,100.9000015258789,100.91999816894531,92.60905456542969,43591700,-0.005126219582511249
2015-01-29,100.83999633789062,102.08000183105469,99.95999908447266,101.88999938964844,93.49919128417969,46539700,0.009611767692986328
2015-01-30,101.80000305175781,102.58000183105469,100.95999908447266,101.0999984741211,92.77423095703125,42927600,-0.007753653450809028
2015-02-02,101.33000183105469,102.06999969482422,99.75,101.9800033569336,93.581787109375,43624700,0.00870453081651279
2015-02-03,102.3499984741211,103.02999877929688,101.68000030517578,102.95999908447266,94.48107147216797,30750400,0.009609608777207068
2015-02-04,102.54000091552734,103.55000305175781,102.30999755859375,102.87000274658203,94.39847564697266,34073200,-0.0008742050011535385
2015-02-05,103.12999725341797,103.83000183105469,102.87000274658203,103.76000213623047,95.21520233154297,23605500,0.008651905435683949
2015-02-06,103.91999816894531,104.16999816894531,102.76000213623047,103.12999725341797,94.63707733154297,34169300,-0.00607177200534581
2015-02-09,102.7300033569336,103.29000091552734,102.55000305175781,102.80000305175781,94.33421325683594,22604700,-0.0032002686816500203
2015-02-10,103.37000274658203,104.54000091552734,103.20999908447266,104.4000015258789,95.8024673461914,23686500,0.015564385800918012
2015-02-11,104.5199966430664,105.0199966430664,104.31999969482422,104.77999877929688,96.15119171142578,20303600,0.0036400353236647476
2015-02-12,105.45999908447266,106.04000091552734,105.30000305175781,106.0,97.2707290649414,22520300,0.011643509909639471
2015-02-13,106.30000305175781,106.93000030517578,106.0999984741211,106.91000366210938,98.10576629638672,29030200,0.008584671251798737
2015-02-17,106.91000366210938,107.08000183105469,106.63999938964844,107.01000213623047,98.19756317138672,17675300,0.0009356929614379172
2015-02-18,106.87999725341797,107.22000122070312,106.73999786376953,107.16000366210938,98.33519744873047,15149600,0.0014016058331665082
2015-02-19,107.08999633789062,107.76000213623047,107.05999755859375,107.69000244140625,98.82156372070312,19828100,0.00494600391915867
2015-02-20,107.62000274658203,108.47000122070312,107.27999877929688,108.41000366210938,99.48226165771484,28336700,0.006685766872491783
2015-02-23,108.3499984741211,108.55000305175781,108.11000061035156,108.5199966430664,99.58319091796875,17868000,0.0010145452925183207
2015-02-24,108.37999725341797,108.7300033569336,108.05000305175781,108.5999984741211,99.65660095214844,19745000,0.0007371729455842857
2015-02-25,108.44000244140625,108.86000061035156,108.08999633789062,108.33000183105469,99.40884399414062,19472300,-0.002486106847320424
2015-02-26,108.44000244140625,108.94000244140625,108.13999938964844,108.87999725341797,99.91354370117188,22255500,0.0050770101205581675
2015-02-27,108.83999633789062,108.91000366210938,108.2300033569336,108.4000015258789,99.47307586669922,27757600,-0.004408489761808854
2015-03-02,108.61000061035156,109.41999816894531,108.58999633789062,109.37999725341797,100.37234497070312,22988600,0.009040326703167345
2015-03-03,109.05000305175781,109.16000366210938,108.18000030517578,108.87000274658203,99.90435791015625,20788900,-0.004662509984034613
2015-03-04,108.51000213623047,108.66999816894531,107.86000061035156,108.44999694824219,99.5189437866211,21007400,-0.0038578309454904147
2015-03-05,108.7300033569336,108.97000122070312,108.19000244140625,108.63999938964844,99.69329833984375,15381000,0.0017519735096513944
2015-03-06,108.5,108.70999908447266,107.13999938964844,107.41000366210938,98.56462097167969,30990400,-0.011321496900589256
2015-03-09,107.62999725341797,107.98999786376953,107.19000244140625,107.72000122070312,98.84906768798828,26237100,0.002885890631997956
2015-03-10,106.94999694824219,106.9800033569336,105.72000122070312,105.72000122070312,97.0137710571289,34234500,-0.01856665595119611
2015-03-11,105.87999725341797,106.01000213623047,105.06999969482422,105.11000061035156,96.45401000976562,25459700,-0.005769913294409013
2015-03-12,105.02999877929688,105.91999816894531,104.95999908447266,105.80000305175781,97.08719635009766,21473200,0.006564645060043839
2015-03-13,105.69999694824219,106.12000274658203,104.68000030517578,105.33999633789062,96.6650619506836,42021100,-0.004347992477729434
2015-03-16,105.7300033569336,106.73999786376953,105.62000274658203,106.69999694824219,97.91307830810547,25674100,0.012910728366972712
2015-03-17,106.41000366210938,107.04000091552734,106.16000366210938,106.87000274658203,98.06906127929688,19603800,0.001593075959685164
2015-03-18,106.58000183105469,108.41000366210938,106.02999877929688,107.91999816894531,99.0325927734375,40622200,0.00982503025491921
2015-03-19,108.02999877929688,108.37999725341797,107.87000274658203,108.08000183105469,99.17943572998047,31314000,0.0014827740285352498
2015-03-20,108.72000122070312,109.06999969482422,108.51000213623047,108.52999877929688,99.8214111328125,31761400,0.006472868070956039
2015-03-23,108.47000122070312,108.7699966430664,108.27999877929688,108.31999969482422,99.62828063964844,17268500,-0.0019347601979609053
2015-03-24,108.30999755859375,108.80999755859375,107.91000366210938,107.93000030517578,99.26957702636719,22445300,-0.0036004195894805413
2015-03-25,108.0999984741211,108.19999694824219,105.41999816894531,105.45999908447266,96.99776458740234,41581400,-0.022885283759811137
2015-03-26,104.58999633789062,105.69999694824219,104.23999786376953,105.0999984741211,96.6666259765625,47846300,-0.0034138787862627584
2015-03-27,105.08000183105469,105.7699966430664,104.91999816894531,105.5199966430664,97.05294799804688,33878400,0.003996436387239122
2015-03-30,106.16000366210938,106.81999969482422,106.16000366210938,106.7300033569336,98.16586303710938,30570200,0.011467091541463414
2015-03-31,106.43000030517578,106.6500015258789,105.56999969482422,105.5999984741211,97.12650299072266,30488100,-0.010587795127862454
2015-04-01,105.5999984741211,105.62000274658203,104.37000274658203,105.05000305175781,96.62065887451172,32970500,-0.005208095634404275
2015-04-02,105.1500015258789,105.45999908447266,104.77999877929688,105.12000274658203,96.68505859375,19164200,0.0006665212180132496
2015-04-06,104.5,106.2699966430664,104.33999633789062,105.9800033569336,97.47602844238281,24451100,0.008180890203069557
2015-04-07,105.91999816894531,106.69999694824219,105.80000305175781,105.80000305175781,97.31049346923828,19379400,-0.0016982121224027313
2015-04-08,105.83999633789062,106.79000091552734,105.83000183105469,106.63999938964844,98.08307647705078,25866900,0.007939359675087188
2015-04-09,106.58999633789062,107.3499984741211,106.2300033569336,107.30999755859375,98.6993179321289,23114700,0.0062828520190465476
2015-04-10,107.2699966430664,107.76000213623047,107.02999877929688,107.75,99.10401153564453,17164300,0.004100267478990283
2015-04-13,107.83000183105469,108.37999725341797,107.36000061035156,107.4800033569336,98.85565948486328,17783500,-0.0025059737434738327
2015-04-14,107.37000274658203,107.68000030517578,106.55999755859375,107.16999816894531,98.5705337524414,23755700,-0.00288426311561385
2015-04-15,107.44999694824219,108.06999969482422,107.31999969482422,107.83999633789062,99.18677520751953,21128600,0.006251781659474487
2015-04-16,107.55000305175781,107.87999725341797,107.4000015258789,107.69000244140625,99.0488510131836,16195300,-0.0013905502426847516
2015-04-17,106.66000366210938,106.94999694824219,105.55000305175781,106.01000213623047,97.50362396240234,46514000,-0.01560065598919036
2015-04-20,106.54000091552734,107.79000091552734,106.5,107.5999984741211,98.96604919433594,28945900,0.014998675664583683
2015-04-21,108.22000122070312,108.41000366210938,107.93000030517578,108.05999755859375,99.38914489746094,22759800,0.004275160083375473
2015-04-22,108.33999633789062,108.83000183105469,107.63999938964844,108.6500015258789,99.93180084228516,21429200,0.005459911596825462
2015-04-23,108.27999877929688,109.55000305175781,108.26000213623047,109.05999755859375,100.30888366699219,29473200,0.0037734016752299926
2015-04-24,110.20999908447266,110.69000244140625,110.02999877929688,110.54000091552734,101.6701431274414,32508100,0.013570676999739684
2015-04-27,110.94999694824219,111.16000366210938,110.0199966430664,110.26000213623047,101.41260528564453,31121300,-0.0025330724819975226
2015-04-28,110.33999633789062,110.55000305175781,109.11000061035156,110.04000091552734,101.21025085449219,36849200,-0.001995357782026974
2015-04-29,109.43000030517578,110.06999969482422,108.75,109.3499984741211,100.57563018798828,34043900,-0.006270320062898405
2015-04-30,108.7300033569336,109.16999816894531,107.05999755859375,107.62999725341797,98.99363708496094,44080500,-0.015729387924991456
2015-05-01,108.05000305175781,109.12000274658203,108.02999877929688,109.05000305175781,100.29967498779297,32874300,0.013193149997217768
2015-05-04,109.4000015258789,109.91000366210938,109.16999816894531,109.2300033569336,100.4652328491211,23507300,0.0016506320817917253
2015-05-05,108.80000305175781,109.0,107.4000015258789,107.44999694824219,98.82808685302734,47843300,-0.016295647256921453
2015-05-06,107.63999938964844,107.94999694824219,106.0,106.70999908447266,98.14744567871094,42687200,-0.006887122841188087
2015-05-07,106.68000030517578,107.6500015258789,106.5999984741211,107.3499984741211,98.73612213134766,29335800,0.005997878483396946
2015-05-08,108.45999908447266,108.91999816894531,108.30000305175781,108.69000244140625,99.96856689453125,33023300,0.012482207489818986
2015-05-11,108.76000213623047,108.9800033569336,108.19000244140625,108.2699966430664,99.582275390625,19679300,-0.0038641296550123716
2015-05-12,107.62999725341797,108.33000183105469,106.80000305175781,107.77999877929688,99.13162994384766,33665000,-0.00452535800180931
2015-05-13,108.25,108.80999755859375,107.83999633789062,108.0,99.33393859863281,20738400,0.002040808316172704
2015-05-14,108.87999725341797,109.66999816894531,108.4800033569336,109.58000183105469,100.78717041015625,23904200,0.014629761308421863
2015-05-15,109.86000061035156,110.01000213623047,109.30999755859375,109.58000183105469,100.78717041015625,23937400,0.0
2015-05-18,109.4000015258789,110.27999877929688,109.31999969482422,110.05999755859375,101.22866821289062,17631100,0.00438049605855273
2015-05-19,110.18000030517578,110.3499984741211,109.76000213623047,109.94000244140625,101.11829376220703,14212900,-0.001090347750614118
2015-05-20,110.0199966430664,110.66999816894531,109.43000030517578,110.01000213623047,101.18265533447266,21131900,0.0006364978073798433
2015-05-21,109.81999969482422,110.7300033569336,109.66000366210938,110.58000183105469,101.70695495605469,16771800,0.005181714394121073
2015-05-22,110.44999694824219,110.87000274658203,110.37999725341797,110.47000122070312,101.60576629638672,13543800,-0.000994904032980748
2015-05-26,110.2300033569336,110.37999725341797,108.76000213623047,109.19999694824219,100.43762969970703,25488400,-0.011496754950621635
2015-05-27,109.52999877929688,111.08000183105469,109.29000091552734,110.95999908447266,102.05641174316406,30572700,0.01611728640248611
2015-05-28,110.75,111.01000213623047,110.37000274658203,110.70999908447266,101.82649230957031,17302400,-0.0022528661322364085
2015-05-29,110.63999938964844,110.79000091552734,109.79000091552734,110.05000305175781,101.21944427490234,30383000,-0.0059615923214013655
2015-06-01,110.63999938964844,110.72000122070312,109.5199966430664,110.41999816894531,101.55976104736328,24570200,0.0033621679599096232
2015-06-02,110.01000213623047,110.61000061035156,109.47000122070312,110.06999969482422,101.23783111572266,19449600,-0.0031698571197946723
2015-06-03,110.56999969482422,110.80999755859375,110.12999725341797,110.4000015258789,101.54137420654297,20507200,0.0029983168097835744
2015-06-04,109.77999877929688,110.4800033569336,109.20999908447266,109.55999755859375,100.76876831054688,31374600,-0.0076087791999402965
2015-06-05,109.43000030517578,109.69000244140625,108.62999725341797,109.30000305175781,100.5296401977539,22641700,-0.002373037964064739
2015-06-08,109.25,109.33000183105469,107.97000122070312,108.19000244140625,99.50869750976562,24549200,-0.010155638535858325
2015-06-09,107.93000030517578,108.4000015258789,107.19999694824219,108.01000213623047,99.34315490722656,27554600,-0.0016635993303280028
2015-06-10,108.37999725341797,109.80999755859375,108.26000213623047,109.48999786376953,100.70439147949219,30297900,0.013702369061429964
2015-06-11,109.86000061035156,110.1500015258789,109.45999908447266,109.6500015258789,100.8515396118164,17593500,0.0014611888335989143
2015-06-12,109.06999969482422,109.30000305175781,108.5999984741211,108.75,100.02375793457031,27201800,-0.008207923056328892
2015-06-15,107.94000244140625,108.37999725341797,107.30999755859375,108.20999908447266,99.527099609375,31238800,-0.004965403574620719
2015-06-16,108.0999984741211,108.9800033569336,108.05000305175781,108.80000305175781,100.06976318359375,16456900,0.005452420258890367
2015-06-17,108.9800033569336,109.44999694824219,108.43000030517578,109.0999984741211,100.3456802368164,23296700,0.002757246988947637
2015-06-18,109.5,110.87999725341797,109.44000244140625,110.69000244140625,101.80809783935547,43032400,0.014573797288410795
2015-06-19,110.48999786376953,110.58000183105469,109.80999755859375,109.88999938964844,101.30477142333984,27877600,-0.004943874079740063
2015-06-22,110.69999694824219,111.02999877929688,110.44999694824219,110.69999694824219,102.05148315429688,19120900,0.007370943347146275
2015-06-23,110.81999969482422,110.88999938964844,110.33000183105469,110.79000091552734,102.13445281982422,18127900,0.0008130177334306765
2015-06-24,110.66000366210938,111.12999725341797,110.19000244140625,110.22000122070312,101.6089859008789,15815900,-0.0051448546933745565
2015-06-25,110.6500015258789,110.76000213623047,109.81999969482422,110.0,101.40616607666016,18326700,-0.001996081571137842
2015-06-26,109.9800033569336,110.2300033569336,108.86000061035156,109.2699966430664,100.7331771850586,32311700,-0.006636567751637568
2015-06-29,108.05999755859375,108.66000366210938,106.63999938964844,106.69000244140625,98.35474395751953,50874900,-0.023611220195801086
2015-06-30,107.48999786376953,107.72000122070312,106.73999786376953,107.06999969482422,98.705078125,34809900,0.0035619447866366283
2015-07-01,108.12999725341797,108.3499984741211,107.41999816894531,107.91999816894531,99.48863983154297,21293000,0.007938413315986326
2015-07-02,108.2300033569336,108.31999969482422,107.62000274658203,107.94999694824219,99.51631164550781,20499400,0.0002781404390661546
2015-07-06,107.2699966430664,108.31999969482422,107.04000091552734,107.69999694824219,99.28585052490234,24311000,-0.0023158125215332337
2015-07-07,107.81999969482422,108.06999969482422,105.83000183105469,107.97000122070312,99.5347671508789,44230800,0.0025070704905139074
2015-07-08,107.19999694824219,107.33000183105469,105.88999938964844,106.08999633789062,97.80162048339844,39691500,-0.017412475229417024
2015-07-09,107.5,107.5999984741211,106.0199966430664,106.02999877929688,97.7463150024414,28381000,-0.0005654863455603065
2015-07-10,107.44000244140625,108.05000305175781,107.05000305175781,107.6500015258789,99.23979187011719,26415800,0.015279111725475136
2015-07-13,108.58000183105469,109.62999725341797,108.56999969482422,109.54000091552734,100.98210906982422,25780700,0.017556638994037144
2015-07-14,109.69000244140625,110.55999755859375,109.62999725341797,110.26000213623047,101.64585876464844,21977200,0.006572943474227433
2015-07-15,110.47000122070312,110.80999755859375,110.06999969482422,110.37999725341797,101.7564926147461,28631500,0.0010884245697979633
2015-07-16,111.29000091552734,111.95999908447266,111.06999969482422,111.94000244140625,103.19461059570312,29838900,0.014132935835375227
2015-07-17,112.83999633789062,113.58999633789062,112.6500015258789,113.58999633789062,104.71566009521484,35926800,0.014739621485378773
2015-07-20,113.83000183105469,114.38999938964844,113.4800033569336,113.9800033569336,105.0752182006836,26539000,0.0034336612608067973
2015-07-21,114.0199966430664,114.19999694824219,113.58000183105469,113.91000366210938,105.01068878173828,35468900,-0.0006141259571030844
2015-07-22,112.16999816894531,113.16999816894531,112.16999816894531,112.62000274658203,103.82147216796875,35575000,-0.011324719679167927
2015-07-23,112.7300033569336,113.0999984741211,111.91000366210938,112.19999694824219,103.43425750732422,25698300,-0.0037296202082173213
2015-07-24,112.80000305175781,113.0,110.93000030517578,111.0999984741211,102.42021942138672,30844700,-0.009803696670473983
2015-07-27,110.47000122070312,110.94999694824219,109.94000244140625,110.18000030517578,101.57211303710938,35994800,-0.008280653850076036
2015-07-28,110.66999816894531,111.3499984741211,109.79000091552734,111.12999725341797,102.44789123535156,33553500,0.008622230768421835
2015-07-29,111.37000274658203,111.79000091552734,110.94000244140625,111.55000305175781,102.83509063720703,26714100,0.00377947654350419
2015-07-30,111.29000091552734,112.2699966430664,110.62000274658203,112.08000183105469,103.32363891601562,25438100,0.004750793486750116
2015-07-31,112.43000030517578,112.48999786376953,111.72000122070312,111.94999694824219,103.20382690429688,22081700,-0.0011595798693863069
2015-08-03,111.97000122070312,112.27999877929688,110.86000061035156,111.5999984741211,102.88115692138672,25001800,-0.003126531181923853
2015-08-04,111.55000305175781,111.75,110.93000030517578,111.38999938964844,102.68756103515625,22132300,-0.0018817428965967054
2015-08-05,112.01000213623047,113.0,111.87999725341797,112.25,103.48037719726562,28989900,0.007720664062105254
2015-08-06,112.3499984741211,112.5,109.94999694824219,110.44999694824219,101.82099914550781,42125400,-0.016035678422340105
2015-08-07,110.18000030517578,110.56999969482422,109.4000015258789,110.30999755859375,101.69194030761719,30006800,-0.001267507085706332
2015-08-10,111.01000213623047,111.80999755859375,111.0,111.56999969482422,102.85353088378906,21500800,0.011422641486218854
2015-08-11,110.9800033569336,111.41000366210938,109.52999877929688,110.13999938964844,101.53523254394531,36123300,-0.012817239510554579
2015-08-12,109.37999725341797,110.73999786376953,108.22000122070312,110.5199966430664,101.8855209350586,41889000,0.003449919622350528
2015-08-13,110.62999725341797,111.16000366210938,110.0999984741211,110.33999633789062,101.71961975097656,22510500,-0.001628309720159149
2015-08-14,110.08000183105469,110.66999816894531,109.86000061035156,110.51000213623047,101.8763198852539,17924900,0.0015405104213028764
2015-08-17,110.23999786376953,111.45999908447266,109.95999908447266,111.43000030517578,102.72444915771484,21224900,0.008325087453258995
2015-08-18,111.27999877929688,111.37000274658203,110.70999908447266,110.86000061035156,102.198974609375,13984400,-0.005115379567848244
2015-08-19,110.5199966430664,111.11000061035156,109.48999786376953,110.12999725341797,101.52599334716797,42511400,-0.006585009925777596
2015-08-20,109.11000061035156,109.45999908447266,107.06999969482422,107.08000183105469,98.71426391601562,57747300,-0.027694675407288427
2015-08-21,105.56999969482422,106.47000122070312,102.4000015258789,102.4000015258789,94.39991760253906,97763400,-0.043705399223228136
2015-08-24,94.2300033569336,102.52999877929688,84.73999786376953,98.45999908447266,90.76773834228516,150829900,-0.038476508798946374
2015-08-25,102.06999969482422,102.73999786376953,98.01000213623047,98.08999633789062,90.4266357421875,75088300,-0.0037579717896171205
2015-08-26,100.95999908447266,103.2300033569336,98.93000030517578,103.02999877929688,94.9806900024414,104103800,0.050361867638621716
2015-08-27,104.5199966430664,105.70999908447266,103.27999877929688,105.63999938964844,97.38677978515625,69377700,0.025332410015688422
2015-08-28,105.08000183105469,106.0,104.8499984741211,105.62000274658203,97.36837005615234,49919600,-0.00018903724966079505
2015-08-31,105.02999877929688,105.61000061035156,104.05000305175781,104.30999755859375,96.16070556640625,39549400,-0.01240304720156693
2015-09-01,101.70999908447266,103.29000091552734,100.62999725341797,101.05000305175781,93.15538024902344,73155500,-0.03125315376671611
2015-09-02,102.87999725341797,103.91999816894531,101.69999694824219,103.9000015258789,95.7827377319336,43963600,0.028204033689591457
2015-09-03,104.30999755859375,105.0199966430664,103.0999984741211,103.38999938964844,95.31258392333984,45131800,-0.004908544271406856
2015-09-04,101.97000122070312,102.8499984741211,101.58999633789062,102.16000366210938,94.17867279052734,49379600,-0.01189676206579926
2015-09-08,104.12000274658203,105.16999816894531,103.69000244140625,105.04000091552734,96.83365631103516,37343500,0.028190920957370524
2015-09-09,106.27999877929688,106.30999755859375,103.58999633789062,103.86000061035156,95.74586486816406,47146700,-0.011233609101540587
2015-09-10,103.73999786376953,105.68000030517578,103.62000274658203,104.98999786376953,96.7875747680664,47686700,0.0108799466309768
2015-09-11,104.51000213623047,105.56999969482422,104.20999908447266,105.56999969482422,97.322265625,29106100,0.005524374985269365
2015-09-14,105.95999908447266,105.9800033569336,104.8499984741211,105.25,97.02725982666016,19718800,-0.0030312261684962705
2015-09-15,105.5,106.81999969482422,105.11000061035156,106.48999786376953,98.17039489746094,30020200,0.01178158666794249
2015-09-16,106.51000213623047,107.19000244140625,106.13999938964844,107.08999633789062,98.72351837158203,31329100,0.005634320557626582
2015-09-17,106.9800033569336,108.7300033569336,106.63999938964844,107.12999725341797,98.7603988647461,56139800,0.00037357352910838415
2015-09-18,105.2300033569336,106.5999984741211,105.16999816894531,105.3499984741211,97.3557357788086,48384000,-0.014222938567322041
2015-09-21,105.93000030517578,106.55000305175781,104.7300033569336,105.68000030517578,97.66069030761719,35772600,0.0031323735203587777
2015-09-22,104.05999755859375,104.41999816894531,103.12999725341797,104.0999984741211,96.20057678222656,47359700,-0.014950882702052137
2015-09-23,104.37999725341797,104.66000366210938,103.63999938964844,104.18000030517578,96.27450561523438,21775100,0.0007684863800263564
2015-09-24,103.16999816894531,104.19000244140625,102.2699966430664,103.80000305175781,95.9233627319336,38284300,-0.003647309129834908
2015-09-25,104.91000366210938,105.01000213623047,102.27999877929688,102.91999816894531,95.110107421875,44700000,-0.008478177650332208
2015-09-28,102.4800033569336,102.55000305175781,99.69000244140625,99.98999786376953,92.40245819091797,44077500,-0.028468575047937317
2015-09-29,100.23999786376953,101.26000213623047,98.75,99.47000122070312,91.92192840576172,49315500,-0.00520040044999015
2015-09-30,100.88999938964844,101.87000274658203,100.5,101.76000213623047,94.03814697265625,41411400,0.023021912220478224
2015-10-01,101.94000244140625,102.2300033569336,100.58999633789062,102.22000122070312,94.46324920654297,39339100,0.00452052967409422
2015-10-02,100.80000305175781,104.01000213623047,100.4800033569336,104.01000213623047,96.11741638183594,59370900,0.017511224621081567
2015-10-05,104.77999877929688,105.77999877929688,104.55000305175781,105.5,97.49434661865234,32853500,0.014325501960502196
2015-10-06,105.25,105.5999984741211,104.18000030517578,105.0,97.03227233886719,33051500,-0.004739498194624048
2015-10-07,105.66000366210938,105.86000061035156,104.29000091552734,105.62999725341797,97.6144790649414,37389300,0.0060001349246050495
2015-10-08,105.2300033569336,106.2300033569336,104.20999908447266,106.05000305175781,98.00263214111328,50188900,0.003976388337980419
2015-10-09,106.0999984741211,106.7300033569336,105.80999755859375,106.52999877929688,98.4461898803711,23916200,0.0045259778188317945
2015-10-12,106.7300033569336,106.98999786376953,106.3499984741211,106.79000091552734,98.68647003173828,16162000,0.002440725757484108
2015-10-13,106.18000030517578,107.26000213623047,106.0,106.0999984741211,98.04879760742188,26999600,-0.006461599286217479
2015-10-14,106.0999984741211,106.62999725341797,105.48999786376953,105.93000030517578,97.89173126220703,30902600,-0.0016019201565706798
2015-10-15,106.31999969482422,107.68000030517578,106.18000030517578,107.66999816894531,99.49967956542969,38393800,0.016425782673264777
2015-10-16,107.9000015258789,108.18000030517578,107.37999725341797,108.12000274658203,99.9155502319336,27091100,0.00417961814872414
2015-10-19,107.9800033569336,108.80999755859375,107.73999786376953,108.73999786376953,100.48846435546875,23776300,0.0057339835711784914
2015-10-20,108.55000305175781,108.77999877929688,107.80999755859375,108.18000030517578,99.97097778320312,23404700,-0.0051497112189421435
2015-10-21,108.7300033569336,108.83999633789062,107.4800033569336,107.5199966430664,99.36104583740234,30195200,-0.006101090129612241
2015-10-22,108.4800033569336,109.80000305175781,108.16999816894531,109.70999908447266,101.38488006591797,42778700,0.020368487584435213
2015-10-23,112.66000366210938,113.23999786376953,112.06999969482422,112.77999877929688,104.221923828125,53170900,0.027982907908580268
2015-10-26,112.69999694824219,113.06999969482422,112.2699966430664,112.8499984741211,104.28660583496094,25918000,0.0006206180471453049
2015-10-27,112.55000305175781,113.23999786376953,112.5199966430664,113.08000183105469,104.49916076660156,31390500,0.0020381805500220285
2015-10-28,113.25,114.0199966430664,112.33999633789062,114.0199966430664,105.3678207397461,42221900,0.008312602386201684
2015-10-29,113.5,114.02999877929688,113.37999725341797,113.83999633789062,105.20149993896484,24913300,-0.0015784781313078478
2015-10-30,113.88999938964844,114.08000183105469,113.30000305175781,113.33000183105469,104.73017883300781,27199200,-0.00448017477156204
2015-11-02,113.62999725341797,114.75,113.38999938964844,114.61000061035156,105.91304779052734,22176900,0.011294442258191983
2015-11-03,114.37999725341797,115.41999816894531,114.20999908447266,115.01000213623047,106.2827377319336,20418400,0.003490504230766911
2015-11-04,115.38999938964844,115.47000122070312,114.54000091552734,115.0199966430664,106.29193878173828,28633000,8.657144143109363e-05
2015-11-05,115.12000274658203,115.4000015258789,114.11000061035156,114.70999908447266,106.00543212890625,25004100,-0.0026954692530385405
2015-11-06,114.48999786376953,114.91999816894531,113.76000213623047,114.79000091552734,106.07939147949219,29924900,0.0006976939681355709
2015-11-09,114.36000061035156,114.51000213623047,112.87000274658203,113.56999969482422,104.95196533203125,33479800,-0.010628135509986425
2015-11-10,112.97000122070312,113.38999938964844,112.62999725341797,113.27999877929688,104.6839828491211,35452100,-0.0025533822264532935
2015-11-11,113.58999633789062,114.13999938964844,112.94999694824219,113.13999938964844,104.55460357666016,22748800,-0.0012359032293164374
2015-11-12,112.68000030517578,113.2300033569336,111.95999908447266,112.04000091552734,103.53807067871094,31196900,-0.00972250731364388
2015-11-13,111.56999969482422,111.69000244140625,109.77999877929688,109.83999633789062,101.5050277709961,52836000,-0.019635703991661035
2015-11-16,109.7300033569336,111.44000244140625,109.4800033569336,111.41999816894531,102.96514129638672,33980600,0.014384642391160885
2015-11-17,111.61000061035156,112.29000091552734,111.20999908447266,111.48999786376953,103.02979278564453,30579500,0.0006278968633832704
2015-11-18,111.94000244140625,113.73999786376953,111.83000183105469,113.62999725341797,105.00743103027344,32966500,0.019194819198980806
2015-11-19,113.69000244140625,114.2300033569336,113.48999786376953,113.70999908447266,105.08135986328125,26188100,0.0007040342981678993
2015-11-20,114.25,114.56999969482422,114.13999938964844,114.4800033569336,105.79293823242188,22727600,0.006771689765591615
2015-11-23,114.5199966430664,114.94000244140625,113.66000366210938,114.1500015258789,105.48795318603516,20696200,-0.002882848812807204
2015-11-24,113.41000366210938,114.31999969482422,112.83999633789062,114.05000305175781,105.39553833007812,26374400,-0.0008760702351865435
2015-11-25,114.22000122070312,114.36000061035156,113.91000366210938,114.1500015258789,105.48795318603516,14159900,0.0008768384072161961
2015-11-27,114.4000015258789,114.54000091552734,113.91999816894531,114.30999755859375,105.63581848144531,8828000,0.001401726841257167
2015-11-30,114.6500015258789,114.6500015258789,113.6500015258789,114.0199966430664,105.3678207397461,25041600,-0.0025369968780645236
2015-12-01,114.4800033569336,115.16000366210938,114.33999633789062,115.16000366210938,106.42132568359375,28639400,0.009998355631267719
2015-12-02,115.25,115.75,114.27999877929688,114.44999694824219,105.76524353027344,22395500,-0.0061649500145388725
2015-12-03,114.76000213623047,114.95999908447266,111.83999633789062,112.51000213623047,103.972412109375,42754300,-0.01695104517378876
2015-12-04,112.8499984741211,115.33000183105469,112.62000274658203,115.13999938964844,106.40283203125,40037300,0.023375623134705092
2015-12-07,115.22000122070312,115.29000091552734,114.06999969482422,114.62000274658203,105.92231750488281,25892100,-0.0045159937681551465
2015-12-08,113.41999816894531,115.0,113.37999725341797,114.62999725341797,105.93152618408203,30792600,8.693804493842272e-05
2015-12-09,114.12999725341797,114.76000213623047,112.19999694824219,112.88999938964844,104.32357025146484,48509200,-0.015179201041840673
2015-12-10,113.1500015258789,114.16000366210938,112.80999755859375,113.4000015258789,104.79486846923828,30154600,0.004517658057880958
2015-12-11,112.08999633789062,112.38999938964844,110.72000122070312,110.79000091552734,102.38292694091797,56022200,-0.023015836209845708
2015-12-14,110.94000244140625,111.68000030517578,109.37999725341797,111.62999725341797,103.1591796875,53098500,0.007581857344535425
2015-12-15,112.66000366210938,113.27999877929688,112.16999816894531,112.30999755859375,103.78758239746094,48428000,0.006091583045392257
2015-12-16,113.06999969482422,114.16999816894531,111.88999938964844,113.9800033569336,105.33087158203125,44944100,0.014869690081614984
2015-12-17,114.4800033569336,114.4800033569336,112.30000305175781,112.31999969482422,103.79683685302734,45668800,-0.0145639612201367
2015-12-18,111.62999725341797,111.87999725341797,109.83000183105469,109.83000183105469,101.80574035644531,53746100,-0.019182631734735334
2015-12-21,110.87000274658203,111.06999969482422,110.05000305175781,111.05000305175781,102.93663787841797,26432800,0.011108386599941511
2015-12-22,111.63999938964844,111.94000244140625,111.05000305175781,111.77999877929688,103.61328887939453,26540300,0.006573470971295681
2015-12-23,112.36000061035156,112.69000244140625,112.16000366210938,112.61000061035156,104.38264465332031,25656900,0.007425261588031473
2015-12-24,112.61000061035156,112.9000015258789,112.54000091552734,112.58999633789062,104.36409759521484,11468600,-0.00017768335116497003
2015-12-28,112.31999969482422,112.55000305175781,111.51000213623047,112.52999877929688,104.3084716796875,19183600,-0.0005329985771840295
2015-12-29,113.19999694824219,114.55000305175781,113.12999725341797,114.30000305175781,105.94918823242188,27725700,0.01572946594187208
2015-12-30,114.19999694824219,114.23999786376953,113.25,113.2699966430664,104.99443817138672,19520100,-0.009011395716791215
2015-12-31,112.87000274658203,113.08000183105469,111.83999633789062,111.86000061035156,103.68746185302734,29886800,-0.012448052879010074
2016-01-04,109.44999694824219,109.5999984741211,108.12000274658203,109.5,101.49986267089844,50807600,-0.021098010724090566
2016-01-05,110.04000091552734,110.18000030517578,108.80000305175781,109.30999755859375,101.32373046875,38795200,-0.001735294979851587
2016-01-06,107.41000366210938,108.88999938964844,107.41000366210938,108.26000213623047,100.3504638671875,41891100,-0.009605514888367361
2016-01-07,105.94999694824219,107.29000091552734,104.80999755859375,104.87000274658203,97.2081298828125,61386300,-0.03131359700074565
2016-01-08,105.62999725341797,106.29000091552734,103.9000015258789,104.01000213623047,96.41096496582031,69344000,-0.008200599249807539
2016-01-11,104.75,105.05999755859375,102.7300033569336,104.33000183105469,96.70756530761719,50024100,0.0030764171056893996
2016-01-12,105.33000183105469,106.08000183105469,104.08000183105469,105.54000091552734,97.82917785644531,46734200,0.011597981453264739
2016-01-13,105.97000122070312,106.2300033569336,101.73999786376953,101.9000015258789,94.45513153076172,69870700,-0.03448916161428517
2016-01-14,102.30000305175781,104.9800033569336,100.66999816894531,104.06999969482422,96.46659851074219,78445700,0.02129547593002279
2016-01-15,100.62000274658203,101.94000244140625,99.51000213623047,100.83999633789062,93.47254180908203,91443900,-0.031037237218711988
2016-01-19,102.20999908447266,102.37000274658203,99.87999725341797,101.05999755859375,93.67647552490234,56563800,0.0021817499756970893
2016-01-20,99.47000122070312,101.83000183105469,97.25,100.75,93.38916778564453,86675000,-0.003067021230761746
2016-01-21,101.18000030517578,102.3499984741211,99.81999969482422,100.8499984741211,93.48185729980469,61660100,0.0009925081929513802
2016-01-22,102.87999725341797,103.80999755859375,102.52999877929688,103.7699966430664,96.1884994506836,42229800,0.028953662550782022
2016-01-25,103.4000015258789,103.98999786376953,102.13999938964844,102.2300033569336,94.76103973388672,38881500,-0.014840232719596003
2016-01-26,102.66000366210938,103.58999633789062,101.76000213623047,103.1500015258789,95.61381530761719,36143900,0.008999221369091037
2016-01-27,102.55000305175781,102.98999786376953,100.1500015258789,100.58000183105469,93.23157501220703,54524700,-0.024915231002400673
2016-01-28,102.25,102.29000091552734,100.26000213623047,102.0,94.54783630371094,47641500,0.014118192161095333
2016-01-29,101.97000122070312,104.16999816894531,101.94000244140625,104.12999725341797,96.52224731445312,54245100,0.020882667313505632
2016-02-01,103.62999725341797,104.80000305175781,103.2300033569336,104.41000366210938,96.78173828125,32750300,0.002688405771899438
2016-02-02,103.93000030517578,103.97000122070312,101.83999633789062,102.1500015258789,94.6868667602539,44928100,-0.02164531819947635
2016-02-03,102.83000183105469,102.83000183105469,99.87999725341797,101.66000366210938,94.23265838623047,61572900,-0.004796952202183347
2016-02-04,101.38999938964844,102.45999908447266,100.44000244140625,101.6500015258789,94.2234115600586,49321600,-9.812761658467561e-05
2016-02-05,101.29000091552734,101.33000183105469,97.72000122070312,98.12000274658203,90.9512939453125,70749900,-0.0347272250130789
2016-02-08,96.29000091552734,97.05000305175781,94.83999633789062,96.62000274658203,89.5608901977539,91673100,-0.015287344327334362
2016-02-09,95.33000183105469,97.77999877929688,95.18000030517578,96.31999969482422,89.2828140258789,73778400,-0.0031048839650990034
2016-02-10,97.43000030517578,98.69000244140625,96.62000274658203,96.69000244140625,89.62578582763672,59421700,0.0038414089598295398
2016-02-11,95.45999908447266,97.31999969482422,95.19000244140625,96.55000305175781,89.49600982666016,76839200,-0.0014479761575105776
2016-02-12,97.63999938964844,98.12000274658203,96.7300033569336,98.0199966430664,90.85861206054688,49186500,0.015225284753207058
2016-02-16,99.47000122070312,100.2300033569336,98.8499984741211,100.2300033569336,92.90711975097656,40565900,0.022546103709625065
2016-02-17,100.95999908447266,102.63999938964844,100.69999694824219,102.5,95.01129150390625,41766500,0.022648121678614075
2016-02-18,102.81999969482422,102.83999633789062,101.19999694824219,101.33000183105469,93.92676544189453,38991500,-0.011414707082127551
2016-02-19,100.83999633789062,101.94000244140625,100.62000274658203,101.62999725341797,94.20486450195312,28257900,0.002960807377430985
2016-02-22,102.58000183105469,103.37999725341797,102.4800033569336,103.27999877929688,95.73429107666016,23979100,0.016235112515610384
2016-02-23,102.68000030517578,102.95999908447266,101.51000213623047,101.58000183105469,94.15849304199219,29869700,-0.016460121205745692
2016-02-24,100.38999938964844,102.68000030517578,99.7699966430664,102.55000305175781,95.0576171875,40739100,0.009549049867512593
2016-02-25,102.76000213623047,103.55999755859375,101.83999633789062,103.55999755859375,95.99385070800781,29389300,0.009849116232959032
2016-02-26,104.3499984741211,104.37000274658203,103.18000030517578,103.43000030517578,95.87330627441406,30925000,-0.0012557516205951025
2016-02-29,103.33000183105469,104.0999984741211,102.5,102.5,95.01129150390625,27553900,-0.008991186431398401
2016-03-01,103.4800033569336,105.79000091552734,103.16000366210938,105.79000091552734,98.06092071533203,37699800,0.03209754507231799
2016-03-02,105.66000366210938,105.8499984741211,105.01000213623047,105.83000183105469,98.09799194335938,29209800,0.00037804283048648024
2016-03-03,105.72000122070312,105.75,104.87000274658203,105.62999725341797,97.91261291503906,25474600,-0.001889733160158391
2016-03-04,105.75,106.3499984741211,104.97000122070312,105.66999816894531,97.94970703125,31655400,0.0003788492116243436
2016-03-07,105.12999725341797,105.73999786376953,104.2699966430664,105.0199966430664,97.3471450805664,25861200,-0.0061517483711447385
2016-03-08,104.30000305175781,105.20999908447266,103.97000122070312,104.1500015258789,96.54071044921875,28898500,-0.008284111780373582
2016-03-09,104.54000091552734,104.83999633789062,103.95999908447266,104.81999969482422,97.16179656982422,31047400,0.006433411539188638
2016-03-10,105.26000213623047,105.86000061035156,103.30999755859375,104.66000366210938,97.01347351074219,44236100,-0.001526557395173711
2016-03-11,105.79000091552734,106.48999786376953,105.45999908447266,106.48999786376953,98.70979309082031,31454000,0.01748540196213355
2016-03-14,106.08999633789062,106.91999816894531,106.05999755859375,106.66999816894531,98.87664794921875,25374900,0.0016903576957649769
2016-03-15,106.29000091552734,106.75,105.94999694824219,106.62999725341797,98.83954620361328,26524600,-0.0003752326396069261
2016-03-16,106.37000274658203,107.86000061035156,106.33999633789062,107.58000183105469,99.72014617919922,31693100,0.00890938909990413
2016-03-17,107.2699966430664,107.7699966430664,106.87000274658203,107.5199966430664,99.66448974609375,29623700,-0.0005581262687426314
2016-03-18,107.45999908447266,107.63999938964844,106.80000305175781,107.37000274658203,99.8207015991211,37682300,0.0015673772416364695
2016-03-21,107.18000030517578,107.88999938964844,107.12000274658203,107.79000091552734,100.2111587524414,17288600,0.003911584942454027
2016-03-22,107.18000030517578,108.37000274658203,107.16000366210938,108.12000274658203,100.51799011230469,18840300,0.0030618482380915246
2016-03-23,107.91000366210938,107.98999786376953,106.98999786376953,107.2300033569336,99.6905517578125,20912900,-0.008231743925318447
2016-03-24,106.70999908447266,107.29000091552734,106.52999877929688,107.26000213623047,99.71846008300781,19017300,0.00027994955091736884
2016-03-28,107.55999755859375,107.58000183105469,106.91999816894531,107.11000061035156,99.57899475097656,13892300,-0.0013985909120052264
2016-03-29,106.91000366210938,108.9000015258789,106.7300033569336,108.83000183105469,101.17806243896484,29963900,0.0160582830946141
2016-03-30,109.4800033569336,110.04000091552734,109.12999725341797,109.36000061035156,101.6707992553711,23807200,0.004869996563765966
2016-03-31,109.27999877929688,109.69000244140625,109.02999877929688,109.19999694824219,101.52205657958984,21447200,-0.0014629832446546587
2016-04-01,108.54000091552734,110.4000015258789,108.38999938964844,110.36000061035156,102.60047912597656,26389000,0.010622544328988015
2016-04-04,110.36000061035156,110.44000244140625,109.68000030517578,109.94000244140625,102.21002960205078,17163000,-0.0038055331442105045
2016-04-05,109.08999633789062,109.5,108.73999786376953,108.87999725341797,101.22452545166016,20107900,-0.009641951521075054
2016-04-06,108.98999786376953,110.70999908447266,108.98999786376953,110.66999816894531,102.88867950439453,25056000,0.016440225778377116
2016-04-07,110.02999877929688,110.2300033569336,108.61000061035156,109.08000183105469,101.41047668457031,28567200,-0.014367011287778064
2016-04-08,109.76000213623047,110.0199966430664,108.62000274658203,109.0,101.33610534667969,22898000,-0.000733369374862014
2016-04-11,109.47000122070312,110.0199966430664,108.58999633789062,108.5999984741211,100.9642105102539,25772100,-0.0036699144411904694
2016-04-12,108.68000030517578,109.72000122070312,108.0199966430664,109.51000213623047,101.81023406982422,28564100,0.008379440153047035
2016-04-13,110.3499984741211,111.08000183105469,110.20999908447266,110.91000366210938,103.11180877685547,25356700,0.012784320937113236
2016-04-14,110.93000030517578,111.33000183105469,110.0,110.91999816894531,103.12113189697266,17199700,9.041757901240288e-05
2016-04-15,110.83000183105469,111.05999755859375,110.36000061035156,110.63999938964844,102.86080169677734,21353300,-0.002524508753990462
2016-04-18,110.31999969482422,111.2699966430664,110.25,111.2300033569336,103.40931701660156,17126100,0.005332598140165956
2016-04-19,111.44000244140625,111.44000244140625,109.87999725341797,110.55000305175781,102.7771224975586,42481400,-0.006113516047509315
2016-04-20,110.55000305175781,111.1500015258789,110.16999816894531,110.63999938964844,102.86080169677734,18078300,0.0008141811833730639
2016-04-21,110.58000183105469,111.05000305175781,110.1500015258789,110.6500015258789,102.87007904052734,20216000,9.01931892125507e-05
2016-04-22,109.20999908447266,109.72000122070312,108.12000274658203,108.9800033569336,101.31752014160156,39074000,-0.015092424477618271
2016-04-25,108.6500015258789,108.98999786376953,108.44999694824219,108.9800033569336,101.31752014160156,14351900,0.0
2016-04-26,109.20999908447266,109.38999938964844,108.12000274658203,108.44999694824219,100.82476806640625,19118300,-0.0048634438990081685
2016-04-27,107.33999633789062,107.83000183105469,106.69000244140625,107.58000183105469,100.01596069335938,33059800,-0.008021911565560647
2016-04-28,107.69999694824219,108.33000183105469,106.06999969482422,106.27999877929688,98.80736541748047,29818200,-0.01208402406476261
2016-04-29,106.27999877929688,106.5,104.87999725341797,105.72000122070312,98.28672790527344,67502800,-0.0052692176337991725
2016-05-02,105.98999786376953,106.87000274658203,105.55000305175781,106.72000122070312,99.2164306640625,24813800,0.009459087494346985
2016-05-03,105.95999908447266,106.44000244140625,105.44999694824219,105.7300033569336,98.29600524902344,38569400,-0.009276945450250484
2016-05-04,105.08999633789062,105.4800033569336,104.79000091552734,105.05000305175781,97.66384887695312,27474500,-0.006431150182235834
2016-05-05,105.43000030517578,105.66000366210938,104.80999755859375,105.0199966430664,97.63594818115234,20788100,-0.0002856808954553314
2016-05-06,104.5,105.5999984741211,104.4000015258789,105.58000183105469,98.15657806396484,30758500,0.005332358547351035
2016-05-09,105.58999633789062,106.37000274658203,105.54000091552734,105.87999725341797,98.43548583984375,19289600,0.0028414578154625225
2016-05-10,106.26000213623047,107.37999725341797,106.06999969482422,107.33000183105469,99.78355407714844,21178900,0.013694941674773808
2016-05-11,107.16999816894531,107.48999786376953,106.33000183105469,106.36000061035156,98.8817138671875,20966300,-0.009037964405072985
2016-05-12,106.61000061035156,106.73999786376953,105.13999938964844,105.88999938964844,98.44477081298828,29196300,-0.004418845882729117
2016-05-13,105.80000305175781,106.44999694824219,105.29000091552734,105.5,98.08219909667969,21059300,-0.003682996194865007
2016-05-16,105.66000366210938,107.20999908447266,105.55999755859375,106.81999969482422,99.30937194824219,18311900,0.012511677581299674
2016-05-17,106.7300033569336,107.04000091552734,105.19999694824219,105.4800033569336,98.06359100341797,29932700,-0.012544444903684338
2016-05-18,105.23999786376953,106.43000030517578,105.04000091552734,105.86000061035156,98.4168930053711,27524400,0.0036027846659298923
2016-05-19,105.44999694824219,105.70999908447266,104.54000091552734,105.30999755859375,97.90555572509766,27334600,-0.005195625107221491
2016-05-20,105.7300033569336,106.9000015258789,105.66999816894531,106.47000122070312,98.9839859008789,29549600,0.01101500489726348
2016-05-23,106.58999633789062,106.97000122070312,106.2300033569336,106.33000183105469,98.85384368896484,15729800,-0.0013147804741302505
2016-05-24,106.91999816894531,108.58999633789062,106.88999938964844,108.45999908447266,100.83409118652344,29931300,0.020032073854298282
2016-05-25,108.87000274658203,109.56999969482422,108.68000030517578,109.23999786376953,101.55921936035156,37951700,0.007191299740945567
2016-05-26,109.3499984741211,109.69999694824219,109.08999633789062,109.55999755859375,101.85671997070312,21885900,0.002929331401179569
2016-05-27,109.62999725341797,110.13999938964844,109.61000061035156,110.12999725341797,102.38665771484375,19870000,0.005202776451991076
2016-05-31,110.27999877929688,110.51000213623047,109.77999877929688,110.33999633789062,102.5818862915039,24366100,0.0019067775139598453
2016-06-01,110.0,110.5999984741211,109.91000366210938,110.3499984741211,102.59117126464844,19571500,9.051279402427781e-05
2016-06-02,110.12999725341797,110.58999633789062,109.52999877929688,110.58000183105469,102.80502319335938,15696600,0.002084506162418842
2016-06-03,110.37000274658203,110.41999816894531,109.33999633789062,110.05999755859375,102.32158660888672,20269900,-0.004702460730575342
2016-06-06,110.26000213623047,110.75,110.06999969482422,110.45999908447266,102.69344329833984,12502400,0.0036341958894217097
2016-06-07,110.5199966430664,110.62999725341797,110.12999725341797,110.18000030517578,102.43312072753906,12184300,-0.0025349483125666206
2016-06-08,110.37000274658203,110.5999984741211,109.95999908447266,110.37000274658203,102.60977172851562,14568700,0.001724549635136352
2016-06-09,109.91999816894531,110.30999755859375,109.70999908447266,110.19000244140625,102.44243621826172,17571600,-0.0016307950737541876
2016-06-10,109.19000244140625,109.4000015258789,108.55999755859375,108.94000244140625,101.28031921386719,32965000,-0.011344097693250399
2016-06-13,108.31999969482422,108.93000030517578,107.88999938964844,108.02999877929688,100.4343032836914,25154700,-0.008353211529569804
2016-06-14,107.73999786376953,108.41999816894531,107.23999786376953,108.02999877929688,100.4343032836914,24588500,0.0
2016-06-15,108.29000091552734,108.44000244140625,107.54000091552734,107.72000122070312,100.14612579345703,24605700,-0.0028693133801145354
2016-06-16,107.19000244140625,108.13999938964844,106.5,108.04000091552734,100.44363403320312,32079900,0.0029707413780506453
2016-06-17,107.52999877929688,107.68000030517578,106.23999786376953,106.48999786376953,99.26625061035156,29208800,-0.011721832191598724
2016-06-20,107.7300033569336,108.23999786376953,107.08000183105469,107.16000366210938,99.89083099365234,20562800,0.006291971132791563
2016-06-21,107.30000305175781,107.72000122070312,107.0999984741211,107.5,100.20775604248047,22804100,0.003172714108748087
2016-06-22,107.55999755859375,108.19000244140625,107.1500015258789,107.23999786376953,99.96540832519531,22724200,-0.0024184526912509607
2016-06-23,108.06999969482422,108.79000091552734,107.62000274658203,108.7699966430664,101.3916244506836,18714200,0.014267096482502017
2016-06-24,104.9000015258789,106.5,104.05999755859375,104.29000091552734,97.21551513671875,68012700,-0.04118791208435646
2016-06-27,103.5999984741211,103.5999984741211,101.75,102.22000122070312,95.28592681884766,48222600,-0.019848563422797505
2016-06-28,103.3499984741211,104.51000213623047,103.30000305175781,104.45999908447266,97.37396240234375,28260600,0.021913368040862524
2016-06-29,105.27999877929688,106.52999877929688,105.2300033569336,106.30999755859375,99.09850311279297,31356700,0.017710491263809525
2016-06-30,106.48999786376953,107.61000061035156,106.12999725341797,107.54000091552734,100.24504089355469,36300800,0.011569678095508129
2016-07-01,107.48999786376953,108.4800033569336,107.44999694824219,108.08000183105469,100.7484359741211,19902800,0.005021645720120427
2016-07-05,107.51000213623047,107.66000366210938,106.83999633789062,107.41999816894531,100.13319396972656,21167900,-0.006106715190621559
2016-07-06,106.91000366210938,108.3499984741211,106.56999969482422,108.30000305175781,100.9534912109375,24579300,0.008192061080753543
2016-07-07,108.4000015258789,108.86000061035156,108.11000061035156,108.62000274658203,101.2518081665039,19161700,0.002954993948085294
2016-07-08,109.19999694824219,110.36000061035156,109.0199966430664,110.30000305175781,102.81782531738281,29457900,0.015466559849515615
2016-07-11,110.66999816894531,111.33999633789062,110.66000366210938,110.93000030517578,103.40509796142578,20218500,0.005711778499789766
2016-07-12,111.61000061035156,111.79000091552734,111.33999633789062,111.48999786376953,103.92710876464844,21906100,0.005048211485833898
2016-07-13,111.75,111.81999969482422,111.20999908447266,111.22000122070312,103.6754379272461,21107800,-0.002421609148891779
2016-07-14,111.95999908447266,112.19000244140625,111.69999694824219,111.9800033569336,104.38387298583984,20871000,0.006833200541587203
2016-07-15,112.23999786376953,112.30000305175781,111.55000305175781,111.80000305175781,104.2160873413086,17999300,-0.001607390487935012
2016-07-18,111.87000274658203,112.73999786376953,111.8499984741211,112.54000091552734,104.90585327148438,20713900,0.006618612805111335
2016-07-19,112.1500015258789,112.4800033569336,111.93000030517578,112.12999725341797,104.5237045288086,18936700,-0.0036427780791871145
2016-07-20,112.73999786376953,113.6500015258789,112.5999984741211,113.44000244140625,105.74481964111328,24997900,0.011682662012501899
2016-07-21,113.5199966430664,113.73999786376953,112.87000274658203,113.18000030517578,105.50247192382812,18885400,-0.0022918164512234496
2016-07-22,113.26000213623047,113.77999877929688,112.91000366210938,113.6500015258789,105.94058227539062,20003400,0.004152607456238577
2016-07-25,113.55999755859375,113.69000244140625,113.27999877929688,113.66000366210938,105.94989013671875,12968100,8.785926156162915e-05
2016-07-26,113.62000274658203,114.19999694824219,113.22000122070312,113.79000091552734,106.07109069824219,21223800,0.0011439423048673625
2016-07-27,114.75,114.87999725341797,114.0999984741211,114.58000183105469,106.8074722290039,27646100,0.006942339575413792
2016-07-28,114.76000213623047,115.11000061035156,114.4000015258789,114.9800033569336,107.18037414550781,16939700,0.0034913467075072813
2016-07-29,115.23999786376953,115.54000091552734,114.87000274658203,115.2300033569336,107.41342163085938,22385300,0.0021743484962570836
2016-08-01,115.30999755859375,116.12999725341797,115.16999816894531,115.83999633789062,107.98204040527344,13990100,0.005293740444915596
2016-08-02,115.66999816894531,115.7699966430664,114.22000122070312,114.95999908447266,107.16168975830078,21278400,-0.007597102665348299
2016-08-03,114.87000274658203,115.3499984741211,114.80000305175781,115.33999633789062,107.51589965820312,15011300,0.003305378075889376
2016-08-04,115.30000305175781,115.77999877929688,115.02999877929688,115.66999816894531,107.82355499267578,12835300,0.0028614868633449753
2016-08-05,116.26000213623047,117.04000091552734,116.12999725341797,116.77999877929688,108.85823822021484,23196600,0.009596077847825901
2016-08-08,116.83999633789062,116.87000274658203,116.27999877929688,116.6500015258789,108.73709869384766,12358200,-0.0011128190970914886
2016-08-09,116.73999786376953,117.29000091552734,116.66999816894531,116.91999816894531,108.98876190185547,13276500,0.0023144190072275084
2016-08-10,116.98999786376953,117.0199966430664,116.30999755859375,116.62000274658203,108.7091293334961,14688400,-0.0025657009353972082
2016-08-11,117.0199966430664,117.37000274658203,116.77999877929688,117.12000274658203,109.17520141601562,12969800,0.004287331573503028
2016-08-12,116.91999816894531,117.20999908447266,116.79000091552734,117.19999694824219,109.24976348876953,19379000,0.00068295795919604
2016-08-15,117.3499984741211,117.97000122070312,117.30999755859375,117.69999694824219,109.7158432006836,11777800,0.004266185088464436
2016-08-16,117.4800033569336,117.48999786376953,117.02999877929688,117.05000305175781,109.10993194580078,14161400,-0.00552255022799697
2016-08-17,117.08000183105469,117.30000305175781,116.43000030517578,117.26000213623047,109.30570220947266,15980300,0.0017942478762531522
2016-08-18,117.1500015258789,117.45999908447266,116.94999694824219,117.29000091552734,109.33364868164062,10036300,0.0002556725916678104
2016-08-19,117.08000183105469,117.5199966430664,116.76000213623047,117.26000213623047,109.30570220947266,18743000,-0.0002556072399023668
2016-08-22,117.08999633789062,117.55000305175781,116.87000274658203,117.3499984741211,109.38957214355469,14500600,0.000767296969752751
2016-08-23,117.80999755859375,118.01000213623047,117.51000213623047,117.55999755859375,109.58538055419922,11997900,0.001790009841043716
2016-08-24,117.4800033569336,117.63999938964844,116.41000366210938,116.80000305175781,108.87690734863281,17728700,-0.006465033948721
2016-08-25,116.5,116.97000122070312,116.36000061035156,116.61000061035156,108.69979095458984,24266300,-0.0016267581285701604
2016-08-26,116.6500015258789,117.54000091552734,116.08000183105469,116.77999877929688,108.85823822021484,23896000,0.0014576593407726879
2016-08-29,116.80999755859375,117.25,116.79000091552734,116.94000244140625,109.00739288330078,11184900,0.001370173406483044
2016-08-30,116.75,117.08999633789062,116.16000366210938,116.55999755859375,108.65316772460938,19843300,-0.003249551698485509
2016-08-31,116.37999725341797,116.55999755859375,115.94999694824219,116.44000244140625,108.54133605957031,16169800,-0.0010292536092689764
2016-09-01,116.4800033569336,116.87999725341797,115.91000366210938,116.73999786376953,108.82098388671875,20944700,0.0025764177713361036
2016-09-02,117.31999969482422,117.55999755859375,116.68000030517578,117.12000274658203,109.17520141601562,18088200,0.0032550480306776652
2016-09-06,117.31999969482422,117.8499984741211,117.05999755859375,117.8499984741211,109.85564422607422,18525200,0.0062325766404198735
2016-09-07,117.95999908447266,118.12000274658203,117.47000122070312,117.91999816894531,109.92089080810547,17546900,0.0005939301752850845
2016-09-08,117.56999969482422,117.5999984741211,116.91999816894531,117.2300033569336,109.2777328491211,20125300,-0.00585109849689236
2016-09-09,116.25,116.51000213623047,114.26000213623047,114.27999877929688,106.5278549194336,50813300,-0.02516411951448727
2016-09-12,113.63999938964844,116.48999786376953,113.62999725341797,116.33000183105469,108.43876647949219,39646000,0.017938139855569357
2016-09-13,115.75,116.08999633789062,114.7300033569336,115.29000091552734,107.46932983398438,45863900,-0.008939945344095701
2016-09-14,115.41000366210938,116.47000122070312,115.37999725341797,115.83999633789062,107.98204040527344,28221800,0.004770761779952393
2016-09-15,115.87000274658203,117.81999969482422,115.86000061035156,117.63999938964844,109.6599349975586,38521400,0.015538645000481077
2016-09-16,117.22000122070312,117.41000366210938,116.70999908447266,117.29000091552734,109.60760498046875,27596500,-0.0004772027002478696
2016-09-19,117.58999633789062,117.94999694824219,116.55000305175781,116.77999877929688,109.1309814453125,16222900,-0.004348453150136655
2016-09-20,117.19999694824219,117.4800033569336,116.80000305175781,117.0,109.33659362792969,18078600,0.0018840862594113883
2016-09-21,117.5,118.31999969482422,116.80999755859375,118.1500015258789,110.41127014160156,31546800,0.009829065256312886
2016-09-22,118.83999633789062,119.22000122070312,118.72000122070312,119.08999633789062,111.28968048095703,22614400,0.007955803227595482
2016-09-23,119.0,119.0,118.16000366210938,118.33000183105469,110.57945251464844,22213400,-0.00638179535819694
2016-09-26,117.66000366210938,117.80000305175781,117.16999816894531,117.33999633789062,109.654296875,16403900,-0.008366433533624873
2016-09-27,117.26000213623047,118.55999755859375,117.1500015258789,118.5,110.73834228515625,20238400,0.009886027643695616
2016-09-28,118.6500015258789,118.7699966430664,118.08999633789062,118.69999694824219,110.92520904541016,14794300,0.0016874621418181412
2016-09-29,118.5,118.72000122070312,117.33000183105469,117.83999633789062,110.12155151367188,27207500,-0.007245039596087466
2016-09-30,118.1500015258789,119.06999969482422,118.02999877929688,118.72000122070312,110.9439468383789,25543200,0.0074680688148942576
2016-10-03,118.56999969482422,118.69999694824219,118.08999633789062,118.55000305175781,110.7850570678711,19216400,-0.0014321625923339187
2016-10-04,118.9000015258789,119.16000366210938,117.91999816894531,118.37000274658203,110.61685943603516,21239700,-0.0015182339233069664
2016-10-05,118.72000122070312,119.16999816894531,118.66999816894531,118.79000091552734,111.00933074951172,14481300,0.0035480243742005424
2016-10-06,118.63999938964844,118.9800033569336,118.1500015258789,118.7300033569336,110.9532699584961,11987100,-0.0005050097197876191
2016-10-07,118.83999633789062,119.01000213623047,117.88999938964844,118.47000122070312,110.71031951904297,19984200,-0.0021896645276340276
2016-10-10,119.08000183105469,119.4800033569336,119.02999877929688,119.22000122070312,111.41119384765625,19687300,0.006330704596085424
2016-10-11,119.12000274658203,119.13999938964844,117.0,117.5199966430664,109.82252502441406,27774400,-0.014259508119215836
2016-10-12,117.62999725341797,117.81999969482422,117.05999755859375,117.41999816894531,109.72908020019531,14267800,-0.0008508712051373823
2016-10-13,116.62000274658203,117.31999969482422,115.94000244140625,117.0,109.33659362792969,22821000,-0.003576869245140446
2016-10-14,117.58000183105469,118.05000305175781,117.06999969482422,117.13999938964844,109.46742248535156,21313300,0.0011965697218176974
2016-10-17,117.04000091552734,117.30000305175781,116.66999816894531,116.81999969482422,109.16836547851562,14182700,-0.0027319269975134564
2016-10-18,118.20999908447266,118.41000366210938,117.80000305175781,117.86000061035156,110.14026641845703,19276700,0.008902770831836548
2016-10-19,117.7699966430664,118.0199966430664,117.63999938964844,117.8499984741211,110.13091278076172,13702900,-8.492477818944355e-05
2016-10-20,117.7300033569336,117.97000122070312,117.02999877929688,117.70999908447266,110.00006866455078,18132200,-0.0011880780146752423
2016-10-21,117.80000305175781,118.22000122070312,117.41000366210938,118.1500015258789,110.41127014160156,15707800,0.0037381929124495894
2016-10-24,118.91000366210938,119.6500015258789,118.88999938964844,119.56999969482422,111.73824310302734,19143000,0.012018455722173638
2016-10-25,119.63999938964844,119.66000366210938,119.01000213623047,119.19000244140625,111.38317108154297,20341800,-0.003177712586343251
2016-10-26,118.41999816894531,119.02999877929688,118.02999877929688,118.37999725341797,110.62618255615234,20463700,-0.006796255826083786
2016-10-27,118.88999938964844,118.98999786376953,117.66999816894531,117.83999633789062,110.12155151367188,19099800,-0.004561587779857823
2016-10-28,117.5,118.11000061035156,116.73999786376953,117.0999984741211,109.43001556396484,35369300,-0.006279751240348075
2016-10-31,117.52999877929688,117.52999877929688,116.93000030517578,116.98999786376953,109.32723999023438,18749400,-0.0009391899763588896
2016-11-01,117.19000244140625,117.20999908447266,115.0999984741211,116.11000061035156,108.5048828125,23498700,-0.007521978765839488
2016-11-02,116.02999877929688,116.30000305175781,114.88999938964844,115.18000030517578,107.63580322265625,26960100,-0.008009589682204
2016-11-03,114.98999786376953,115.37000274658203,113.91999816894531,114.05000305175781,106.57981872558594,36205200,-0.009810717860170515
2016-11-04,113.7699966430664,114.54000091552734,113.44999694824219,113.6500015258789,106.20600128173828,26997500,-0.0035073942545365
2016-11-07,115.48999786376953,116.47000122070312,115.30000305175781,116.3499984741211,108.72915649414062,26591200,0.02375718115692016
2016-11-08,116.2300033569336,117.63999938964844,115.95999908447266,117.11000061035156,109.43939971923828,20777900,0.006532224179775836
2016-11-09,115.73999786376953,117.83999633789062,115.5999984741211,117.6500015258789,109.9439926147461,70234400,0.0046107059870788
2016-11-10,118.22000122070312,118.37999725341797,114.19999694824219,115.75,108.1684799194336,72825400,-0.016149247021927438
2016-11-11,115.25,116.05000305175781,114.83999633789062,115.80000305175781,108.2151870727539,41115200,0.00043180003412368606
2016-11-14,115.83000183105469,115.94000244140625,114.02999877929688,114.62999725341797,107.121826171875,35906000,-0.010103580934012868
2016-11-15,115.5,116.62000274658203,115.33000183105469,116.22000122070312,108.60768127441406,31796600,0.013870703624441871
2016-11-16,115.66999816894531,116.98999786376953,115.66999816894531,116.91000366210938,109.25248718261719,16538100,0.0059370193768699675
2016-11-17,116.8499984741211,117.77999877929688,116.61000061035156,117.76000213623047,110.04681396484375,20598600,0.007270560174056584
2016-11-18,117.9000015258789,118.0999984741211,117.20999908447266,117.31999969482422,109.63561248779297,16428700,-0.0037366050159538533
2016-11-21,117.61000061035156,118.6500015258789,117.56999969482422,118.54000091552734,110.77571868896484,20268500,0.01039904986437512
2016-11-22,119.01000213623047,119.19000244140625,118.61000061035156,118.9000015258789,111.11215209960938,18850600,0.0030370681826870083
2016-11-23,118.51000213623047,118.63999938964844,117.9000015258789,118.41999816894531,110.66358947753906,22926000,-0.004037025776156167
2016-11-25,118.55999755859375,118.8499984741211,118.41999816894531,118.80000305175781,111.01870727539062,7162800,0.0032089849925176495
2016-11-28,118.6500015258789,119.08000183105469,118.41000366210938,118.52999877929688,110.7663803100586,13479000,-0.0022728328542513943
2016-11-29,118.63999938964844,119.51000213623047,118.30000305175781,118.94000244140625,111.14950561523438,18553000,0.0034588591240711786
2016-11-30,119.08999633789062,119.12999725341797,117.45999908447266,117.5,109.80384063720703,30405300,-0.012106801290557412
2016-12-01,117.45999908447266,117.47000122070312,115.29000091552734,115.47000122070312,107.90679168701172,39796600,-0.017276708530288842
2016-12-02,115.54000091552734,116.16000366210938,115.22000122070312,115.69999694824219,108.12174224853516,32876800,0.0019920021544790334
2016-12-05,116.30000305175781,117.05999755859375,115.7699966430664,116.5999984741211,108.9627685546875,21419700,0.007778512338610932
2016-12-06,116.93000030517578,117.08000183105469,116.38999938964844,116.87999725341797,109.22443389892578,27293300,0.0024014197483148703
2016-12-07,116.63999938964844,118.51000213623047,116.29000091552734,118.36000061035156,110.60749816894531,26622400,0.012662590417263253
2016-12-08,118.41000366210938,118.87000274658203,118.18000030517578,118.56999969482422,110.80375671386719,18578400,0.0017743692622185225
2016-12-09,119.01000213623047,119.54000091552734,119.0,119.5,111.67283630371094,21863100,0.00784341267496913
2016-12-12,118.97000122070312,119.20999908447266,118.47000122070312,118.95999908447266,111.16819763183594,23259300,-0.004518902613904752
2016-12-13,119.31999969482422,121.11000061035156,119.31999969482422,120.45999908447266,112.56993865966797,54477900,0.012609190916940793
2016-12-14,120.61000061035156,121.0,119.86000061035156,120.20999908447266,112.33634948730469,28746000,-0.0020750581828909986
2016-12-15,120.37000274658203,121.11000061035156,120.08000183105469,120.4000015258789,112.51387023925781,22762300,0.0015802609997861428
2016-12-16,120.33999633789062,120.58000183105469,119.36000061035156,119.5999984741211,112.09681701660156,26283900,-0.003706682756262847
2016-12-19,119.72000122070312,120.83000183105469,119.55000305175781,120.08999633789062,112.55607604980469,21138700,0.004096985493665883
2016-12-20,120.47000122070312,120.7699966430664,120.33000183105469,120.55000305175781,112.98722076416016,11461800,0.0038304881396602486
2016-12-21,120.5999984741211,120.68000030517578,120.19000244140625,120.45999908447266,112.90284729003906,7079300,-0.0007467523632359585
2016-12-22,120.47000122070312,120.5,119.6500015258789,120.12000274658203,112.58417510986328,16645000,-0.0028225344871696256
2016-12-23,119.91999816894531,120.25,119.80999755859375,120.19999694824219,112.65916442871094,9007500,0.0006660733515564399
2016-12-27,120.45999908447266,121.5199966430664,120.41000366210938,120.81999969482422,113.24028015136719,16110600,0.005158175330014725
2016-12-28,121.08000183105469,121.19000244140625,119.80000305175781,119.87999725341797,112.3592529296875,17975200,-0.007780157559677758
2016-12-29,119.8499984741211,120.12999725341797,119.33000183105469,119.70999908447266,112.19989776611328,13267500,-0.0014182647126884662
2016-12-30,119.94000244140625,119.94999694824219,118.13999938964844,118.4800033569336,111.04708099365234,41749000,-0.010274668653121655
2017-01-03,119.2699966430664,119.98999786376953,118.88999938964844,119.54000091552734,112.04057312011719,22307600,0.008946584796061696
2017-01-04,119.66999816894531,120.41000366210938,119.66000366210938,120.19000244140625,112.64979553222656,19749100,0.005437516027843259
2017-01-05,120.0999984741211,120.94999694824219,120.0999984741211,120.87000274658203,113.28714752197266,20644300,0.005657817546271149
2017-01-06,121.0,122.25,120.69000244140625,121.93000030517578,114.28063201904297,24074300,0.008769613489276296
2017-01-09,122.02999877929688,122.55000305175781,121.94999694824219,122.33000183105469,114.65555572509766,18909200,0.0032807283214202343
2017-01-10,122.37999725341797,122.97000122070312,122.0999984741211,122.5999984741211,114.90858459472656,16176600,0.002206860958709811
2017-01-11,122.6500015258789,122.93000030517578,122.0199966430664,122.93000030517578,115.21788024902344,20686000,0.0026916670794243647
2017-01-12,122.48999786376953,122.81999969482422,121.5999984741211,122.73999786376953,115.0398178100586,19622500,-0.001545441025125549
2017-01-13,122.80000305175781,123.37000274658203,122.80000305175781,123.16000366210938,115.4334716796875,16930800,0.0034218923249589306
2017-01-17,122.83999633789062,123.02999877929688,122.43000030517578,122.79000091552734,115.08666229248047,14538500,-0.003004409225162874
2017-01-18,122.97000122070312,123.16000366210938,122.66000366210938,123.04000091552734,115.32100677490234,12499700,0.0020362436250545013
2017-01-19,123.22000122070312,123.6500015258789,122.72000122070312,122.9800033569336,115.2647705078125,12710700,-0.0004876498104080529
2017-01-20,123.5199966430664,123.83000183105469,122.91999816894531,123.25,115.517822265625,22091000,0.0021953954941968945
2017-01-23,123.16999816894531,123.52999877929688,122.56999969482422,123.3499984741211,115.6115493774414,17434200,0.0008113649476604312
2017-01-24,123.58999633789062,124.37000274658203,123.37999725341797,124.18000030517578,116.38948822021484,17640900,0.006728902492550093
2017-01-25,124.95999908447266,125.45999908447266,124.8499984741211,125.43000030517578,117.56106567382812,15036200,0.010066007433563007
2017-01-26,125.5999984741211,125.81999969482422,125.33999633789062,125.55999755859375,117.68291473388672,16052200,0.001036474613088867
2017-01-27,125.83000183105469,125.91999816894531,125.38999938964844,125.80000305175781,117.90785217285156,15053000,0.0019113856881731728
2017-01-30,125.37999725341797,125.37999725341797,124.12999725341797,124.81999969482422,116.98931121826172,25006700,-0.007790328953183434
2017-01-31,124.37999725341797,124.5999984741211,123.8499984741211,124.56999969482422,116.75503540039062,19091100,-0.0020025403639997164
2017-02-01,125.44999694824219,125.68000030517578,124.86000061035156,125.43000030517578,117.56106567382812,22861900,0.006903601807608295
2017-02-02,125.20999908447266,125.69999694824219,124.86000061035156,125.31999969482422,117.45796203613281,15101400,-0.0008770219724051342
2017-02-03,125.44999694824219,125.80999755859375,125.33000183105469,125.68000030517578,117.79537963867188,16957200,0.0028726669243186453
2017-02-06,125.47000122070312,125.8499984741211,125.3499984741211,125.83000183105469,117.93596649169922,11630100,0.0011934835938267607
2017-02-07,126.08999633789062,126.55000305175781,125.97000122070312,126.29000091552734,118.36711883544922,17541100,0.003655817275897366
2017-02-08,126.12000274658203,126.68000030517578,125.87999725341797,126.5,118.56393432617188,12569100,0.0016627547638146112
2017-02-09,126.62999725341797,127.23999786376953,126.55999755859375,126.95999908447266,118.99506378173828,17542700,0.0036362613809723943
2017-02-10,127.23999786376953,127.55999755859375,127.0199966430664,127.37999725341797,119.38871765136719,13915700,0.0033081529360827755
2017-02-13,127.7699966430664,128.25999450683594,127.72000122070312,128.10000610351562,120.06355285644531,19120200,0.005652420248358325
2017-02-14,128.14999389648438,128.5399932861328,127.73999786376953,128.52999877929688,120.46656799316406,16333500,0.0033566817500445545
2017-02-15,128.44000244140625,129.35000610351562,128.3699951171875,129.2899932861328,121.17884826660156,17891400,0.005912680051430641
2017-02-16,129.3699951171875,129.6300048828125,128.9199981689453,129.25,121.14141845703125,15098300,-0.00030888071726808963
2017-02-17,129.05999755859375,129.82000732421875,129.0399932861328,129.80999755859375,121.66629791259766,15563700,0.004332782810798852
2017-02-21,130.05999755859375,130.52999877929688,129.99000549316406,130.4499969482422,122.2661361694336,18479600,0.004930192396146227
2017-02-22,130.3300018310547,130.58999633789062,130.11000061035156,130.5,122.31298828125,12110900,0.00038319777891304696
2017-02-23,130.6999969482422,130.6999969482422,129.49000549316406,130.00999450683594,121.85374450683594,17489000,-0.003754660734459847
2017-02-24,129.4199981689453,130.25999450683594,129.3800048828125,130.25999450683594,122.08806610107422,18624500,0.001922974096418839
2017-02-27,130.02000427246094,130.42999267578125,129.8000030517578,130.4199981689453,122.2380142211914,12008700,0.001228196374189805
2017-02-28,130.38999938964844,130.4499969482422,129.66000366210938,130.02000427246094,121.8631362915039,16598600,-0.003066786809945654
2017-03-01,130.85000610351562,131.67999267578125,130.60000610351562,131.44000244140625,123.19400024414062,25813800,0.01092097243790957
2017-03-02,131.41000366210938,131.42999267578125,130.6199951171875,130.77999877929688,122.5754165649414,19951400,-0.005021215951859115
2017-03-03,130.69000244140625,131.05999755859375,130.33999633789062,131.02000427246094,122.80033874511719,13722700,0.0018349697392756603
2017-03-06,130.58999633789062,130.9499969482422,130.2100067138672,130.72999572753906,122.5285415649414,12026200,-0.002213325980638503
2017-03-07,130.47000122070312,131.0800018310547,130.27999877929688,130.50999450683594,122.32234954833984,15500900,-0.0016828080540914891
2017-03-08,130.58999633789062,131.14999389648438,130.4600067138672,130.74000549316406,122.53795623779297,15776000,0.0017626107595973828
2017-03-09,130.7100067138672,131.02000427246094,130.13999938964844,130.83999633789062,122.63163757324219,20855300,0.0007645087148950847
2017-03-10,131.44000244140625,131.60000610351562,130.82000732421875,131.38999938964844,123.14713287353516,21922600,0.004203607735280279
2017-03-13,131.33999633789062,131.63999938964844,131.27000427246094,131.61000061035156,123.3533706665039,10731600,0.0016747267123184972
2017-03-14,131.30999755859375,131.36000061035156,130.75999450683594,131.2899932861328,123.05340576171875,14019700,-0.0024317528022491652
2017-03-15,131.55999755859375,132.41000366210938,131.13999938964844,132.10000610351562,123.81263732910156,22709100,0.006169935425054396
2017-03-16,132.35000610351562,132.35000610351562,131.7100067138672,132.00999450683594,123.728271484375,18457300,-0.0006813993025793774
2017-03-17,131.89999389648438,132.0399932861328,131.6199951171875,131.69000244140625,123.68505096435547,21234500,-0.00034931806208082783
2017-03-20,131.64999389648438,132.11000061035156,131.4600067138672,131.80999755859375,123.79774475097656,10105200,0.0009111350623411951
2017-03-21,132.30999755859375,132.42999267578125,129.72999572753906,129.80999755859375,121.91935729980469,35841900,-0.015173034492270587
2017-03-22,129.85000610351562,130.82000732421875,129.67999267578125,130.69000244140625,122.745849609375,29177900,0.0067790080908802786
2017-03-23,130.52000427246094,130.8800048828125,130.13999938964844,130.36000061035156,122.43590545654297,20311700,-0.002525088659359076
2017-03-24,130.77999877929688,131.2899932861328,130.1300048828125,130.6300048828125,122.68948364257812,22967600,0.002071109656024639
2017-03-27,129.6999969482422,131.07000732421875,129.39999389648438,130.83999633789062,122.8866958618164,18472400,0.0016074093180862281
2017-03-28,130.83999633789062,132.02999877929688,130.5500030517578,131.63999938964844,123.63809204101562,23721900,0.006114544572377145
2017-03-29,131.72999572753906,132.3000030517578,131.58999633789062,132.25,124.21098327636719,13710000,0.0046336143327212476
2017-03-30,132.1999969482422,132.61000061035156,132.0800018310547,132.47000122070312,124.41764068603516,16092400,0.0016637611603811386
2017-03-31,132.27999877929688,132.74000549316406,132.1300048828125,132.3800048828125,124.33311462402344,19841400,-0.000679373612500922
2017-04-03,132.49000549316406,132.80999755859375,131.55999755859375,132.3000030517578,124.2579345703125,23700300,-0.000604666374990126
2017-04-04,131.9199981689453,132.52999877929688,131.8699951171875,132.50999450683594,124.45523834228516,13400000,0.0015878565232469999
2017-04-05,132.6999969482422,133.47999572753906,131.72000122070312,131.97000122070312,123.94806671142578,32011200,-0.004075132855914987
2017-04-06,132.10000610351562,132.38999938964844,131.6999969482422,132.0399932861328,124.01376342773438,18832200,0.0005300342155520887
2017-04-07,132.0,132.3699951171875,131.5,131.97000122070312,123.94806671142578,16743100,-0.0005297534281094585
2017-04-10,132.10000610351562,132.57000732421875,131.66000366210938,132.02000427246094,123.99496459960938,15619300,0.00037836724224815654
2017-04-11,131.89999389648438,132.10000610351562,130.5,131.4499969482422,123.4596176147461,33778400,-0.0043174897189733885
2017-04-12,131.42999267578125,131.5399932861328,130.77999877929688,130.9199981689453,122.96183013916016,15955200,-0.0040319862089583935
2017-04-13,130.74000549316406,131.50999450683594,130.3800048828125,130.39999389648438,122.47347259521484,23683000,-0.003971619025128548
2017-04-17,130.77000427246094,131.5,130.72000122070312,131.47999572753906,123.48783111572266,13325500,0.008282271246283335
2017-04-18,131.0399932861328,131.66000366210938,130.9499969482422,131.27999877929688,123.29998779296875,12841100,-0.0015211484488529825
2017-04-19,131.85000610351562,132.2899932861328,131.30999755859375,131.49000549316406,123.49724578857422,17764800,0.0015998216961439216
2017-04-20,132.02000427246094,132.8800048828125,131.82000732421875,132.58999633789062,124.53034973144531,21977900,0.008365400671685785
2017-04-21,132.7100067138672,132.75999450683594,132.22000122070312,132.55999755859375,124.50215148925781,22454900,-0.00022643670597821686
2017-04-24,134.02999877929688,134.2899932861328,133.8000030517578,134.16000366210938,126.00495910644531,22469900,0.012070535321770492
2017-04-25,134.60000610351562,135.3699951171875,134.47999572753906,135.1300048828125,126.91597747802734,19384400,0.007230019977328306
2017-04-26,135.17999267578125,135.50999450683594,134.86000061035156,134.94000244140625,126.73749542236328,25398500,-0.0014063009182193609
2017-04-27,135.27000427246094,135.75,135.19000244140625,135.75,127.49822998046875,16136500,0.00600244273070305
2017-04-28,136.2899932861328,136.33999633789062,135.77000427246094,135.99000549316406,127.72366333007812,22771900,0.0017681292488838096
2017-05-01,136.44000244140625,137.3800048828125,136.3800048828125,137.1999969482422,128.86013793945312,24815500,0.00889791742378998
2017-05-02,137.3699951171875,137.49000549316406,137.02000427246094,137.42999267578125,129.07615661621094,18345100,0.0016763809213002911
2017-05-03,137.1199951171875,137.1699981689453,136.6199951171875,136.99000549316406,128.66287231445312,23827600,-0.003201864020375589
2017-05-04,136.97000122070312,137.42999267578125,136.55999755859375,137.0399932861328,128.7098388671875,14630100,0.00036503578607804954
2017-05-05,137.38999938964844,137.5399932861328,136.8800048828125,137.5399932861328,129.179443359375,19330700,0.0036485516283808472
2017-05-08,137.61000061035156,137.83999633789062,137.3300018310547,137.83999633789062,129.46119689941406,13279900,0.002181101982729805
2017-05-09,138.0500030517578,138.6300048828125,137.92999267578125,138.32000732421875,129.91204833984375,28426100,0.003482521799794469
2017-05-10,138.39999389648438,138.4499969482422,137.91000366210938,138.39999389648438,129.9871826171875,20499400,0.000578347261119383
2017-05-11,138.02000427246094,138.3300018310547,137.3800048828125,138.2899932861328,129.8838653564453,27232100,-0.0007948265256771947
2017-05-12,138.35000610351562,138.6300048828125,138.22999572753906,138.60000610351562,130.17506408691406,19738600,0.002241993104144191
2017-05-15,138.66000366210938,139.1199951171875,138.52999877929688,139.0399932861328,130.58827209472656,20481300,0.0031742485453021274
2017-05-16,139.39999389648438,139.63999938964844,138.99000549316406,139.6199951171875,131.13302612304688,21786000,0.004171538680940223
2017-05-17,138.50999450683594,138.77000427246094,136.0500030517578,136.07000732421875,127.7988510131836,55642200,-0.025425899244746364
2017-05-18,136.02000427246094,137.72000122070312,135.8699951171875,137.25999450683594,128.9164581298828,41319900,0.008745048236653785
2017-05-19,137.75,138.4199981689453,137.66000366210938,137.83999633789062,129.46119689941406,36730100,0.004225517652543864
2017-05-22,138.14999389648438,139.07000732421875,138.10000610351562,139.0,130.55072021484375,19509700,0.00841582915594552
2017-05-23,139.41000366210938,139.4199981689453,138.77999877929688,139.13999938964844,130.6822052001953,19687500,0.0010071563384344007
2017-05-24,139.55999755859375,139.85000610351562,139.1699981689453,139.77999877929688,131.28329467773438,15891900,0.004599627597485334
2017-05-25,140.30999755859375,141.3300018310547,140.00999450683594,140.97000122070312,132.40098571777344,23928600,0.008513581585400498
2017-05-26,141.0,141.27999877929688,140.80999755859375,141.22000122070312,132.63577270507812,13851600,0.0017733024118502527
2017-05-30,141.14999389648438,141.50999450683594,141.05999755859375,141.33999633789062,132.7484588623047,20306400,0.0008495909883763364
2017-05-31,141.83999633789062,141.83999633789062,140.57000732421875,141.2899932861328,132.7014617919922,33229400,-0.00035403100506992136
2017-06-01,141.5800018310547,141.89999389648438,140.97999572753906,141.83999633789062,133.2180938720703,20120700,0.003893190573046823
2017-06-02,142.33999633789062,143.49000549316406,142.11000061035156,143.4600067138672,134.73963928222656,37222900,0.011421462099715951
2017-06-05,143.4499969482422,143.67999267578125,143.22999572753906,143.42999267578125,134.71139526367188,15727500,-0.0002096192234530836
2017-06-06,143.25999450683594,143.72999572753906,142.64999389648438,142.86000061035156,134.17608642578125,22393000,-0.0039737457758703965
2017-06-07,143.25999450683594,143.5399932861328,142.60000610351562,143.4199981689453,134.70201110839844,18842400,0.0039196603256728135
2017-06-08,143.74000549316406,143.8000030517578,142.7899932861328,143.57000732421875,134.8428955078125,25417400,0.0010458967780420103
2017-06-09,143.74000549316406,143.89999389648438,138.11000061035156,139.97999572753906,131.47113037109375,109783700,-0.025005137452891568
2017-06-12,138.8000030517578,139.47999572753906,137.47000122070312,139.22999572753906,130.76673889160156,104454000,-0.005357765446329932
2017-06-13,140.00999450683594,140.55999755859375,139.27999877929688,140.36000061035156,131.82798767089844,51193000,0.00811558648852273
2017-06-14,140.92999267578125,140.92999267578125,138.6199951171875,139.75,131.25509643554688,60093800,-0.004345748163749219
2017-06-15,138.33999633789062,139.27999877929688,137.49000549316406,139.1300048828125,130.6728057861328,55145200,-0.0044363279234646
2017-06-16,138.67999267578125,138.77999877929688,137.63999938964844,138.14999389648438,130.1058807373047,48087400,-0.004338508271996444
2017-06-19,139.49000549316406,140.58999633789062,139.27999877929688,140.4600067138672,132.28138732910156,39626500,0.016721047345964468
2017-06-20,140.32000732421875,140.5,139.30999755859375,139.36000061035156,131.24542236328125,40935100,-0.007831524802827672
2017-06-21,139.67999267578125,140.80999755859375,139.58999633789062,140.74000549316406,132.54507446289062,35743400,0.009902456605396903
2017-06-22,140.9600067138672,141.22000122070312,140.33999633789062,140.6999969482422,132.5073699951172,24099100,-0.0002844652502269618
2017-06-23,140.5399932861328,141.4199981689453,140.14999389648438,141.24000549316406,133.01593017578125,21654300,0.003837976564494472
2017-06-26,142.0500030517578,142.2899932861328,140.27000427246094,140.5800018310547,132.3943634033203,34411100,-0.004672874682299599
2017-06-27,140.0500030517578,140.22000122070312,138.02000427246094,138.02999877929688,129.9928436279297,65957800,-0.018139139111796987
2017-06-28,138.5399932861328,140.13999938964844,137.74000549316406,140.02000427246094,131.86697387695312,57427200,0.01441718018253102
2017-06-29,139.44000244140625,139.44000244140625,136.25,137.58999633789062,129.57846069335938,88769400,-0.017354710708150423
2017-06-30,137.97999572753906,138.6699981689453,137.19000244140625,137.63999938964844,129.6255340576172,68898300,0.0003632807798914506
2017-07-03,138.27000427246094,138.42999267578125,136.10000610351562,136.19000244140625,128.26004028320312,32797000,-0.010534141936935915
2017-07-05,136.6199951171875,137.89999389648438,136.16000366210938,137.52999877929688,129.52198791503906,42116600,0.009838977354517553
2017-07-06,136.47999572753906,137.05999755859375,135.8000030517578,136.2899932861328,128.3541717529297,48430500,-0.009016354527197401
2017-07-07,136.75,138.1300048828125,136.74000549316406,137.75999450683594,129.7385711669922,36970400,0.01078577653656132
2017-07-10,137.85000610351562,138.99000549316406,137.5,138.66000366210938,130.58615112304688,24853500,0.006532983587153263
2017-07-11,138.4600067138672,139.22000122070312,137.94000244140625,139.0500030517578,130.95343017578125,31517700,0.0028125421384714855
2017-07-12,140.24000549316406,140.86000061035156,139.9600067138672,140.6999969482422,132.5073699951172,36045800,0.01186635445325912
2017-07-13,140.8699951171875,141.35000610351562,140.60000610351562,141.00999450683594,132.79931640625,31073600,0.0022032465903110143
2017-07-14,141.63999938964844,142.3000030517578,141.19000244140625,142.1199951171875,133.84471130371094,34544800,0.007871990050482891
2017-07-17,142.27000427246094,142.69000244140625,141.9199981689453,142.19000244140625,133.91062927246094,25343200,0.0004924958790522016
2017-07-18,142.08999633789062,143.1699981689453,141.63999938964844,143.13999938964844,134.80526733398438,25748500,0.006680859214716728
2017-07-19,143.55999755859375,144.19000244140625,143.5,143.97999572753906,135.59640502929688,33752300,0.005868744678592108
2017-07-20,144.35000610351562,144.44000244140625,143.52000427246094,144.1699981689453,135.77528381347656,36139400,0.001319200049153535
2017-07-21,143.63999938964844,144.11000061035156,143.35000610351562,144.11000061035156,135.7188262939453,39697100,-0.0004158158830204206
2017-07-24,144.08999633789062,144.8699951171875,143.9199981689453,144.77000427246094,136.34039306640625,26712700,0.004579812465477229
2017-07-25,144.2899932861328,144.74000549316406,144.00999450683594,144.39999389648438,135.99195861816406,28120900,-0.002555621561634136
2017-07-26,144.75999450683594,144.9499969482422,144.52999877929688,144.8699951171875,136.43458557128906,18610600,0.0032548023987786223
2017-07-27,145.82000732421875,145.9600067138672,142.3000030517578,143.9600067138672,135.5775604248047,80665900,-0.006281582803185692
2017-07-28,143.10000610351562,144.0800018310547,142.8699951171875,143.83999633789062,135.4645233154297,38013200,-0.0008337449724041823
2017-07-31,144.25,144.42999267578125,142.9199981689453,143.22999572753906,134.89002990722656,33848600,-0.004240914109042482
2017-08-01,143.72000122070312,143.75999450683594,143.1199951171875,143.55999755859375,135.20091247558594,20149400,0.0023047112419887217
2017-08-02,144.49000549316406,144.52000427246094,142.61000061035156,143.9499969482422,135.56814575195312,41769700,0.0027162041264587877
2017-08-03,144.08999633789062,144.1699981689453,143.1300048828125,143.38999938964844,135.04078674316406,27112800,-0.003889992046907209
2017-08-04,143.7100067138672,143.97000122070312,143.05999755859375,143.64999389648438,135.2855987548828,29472900,0.0018128745960608317
2017-08-07,143.91000366210938,144.55999755859375,143.7100067138672,144.55999755859375,136.1426239013672,17933900,0.006334932575027263
2017-08-08,144.27999877929688,145.47000122070312,143.89999389648438,144.30999755859375,135.9071807861328,30810400,-0.0017293857609571583
2017-08-09,143.1199951171875,144.19000244140625,142.7899932861328,144.1199951171875,135.72824096679688,36169500,-0.0013166325598168438
2017-08-10,143.3000030517578,143.39999389648438,140.88999938964844,141.02999877929688,132.81814575195312,63331700,-0.02144060214819732
2017-08-11,141.22000122070312,142.41000366210938,140.89999389648438,142.10000610351562,133.82582092285156,45862500,0.007586878774684447
2017-08-14,143.22999572753906,144.14999389648438,143.19000244140625,143.92999267578125,135.5492706298828,34161000,0.012878304763209947
2017-08-15,144.2899932861328,144.3000030517578,143.63999938964844,144.02999877929688,135.64344787597656,25509200,0.0006947823891350069
2017-08-16,144.38999938964844,144.9600067138672,143.8000030517578,144.27999877929688,135.87889099121094,31913000,0.0017357500043027052
2017-08-17,143.72000122070312,143.94000244140625,141.3300018310547,141.3300018310547,133.10067749023438,70191000,-0.020446247983848087
2017-08-18,141.41000366210938,142.1999969482422,140.64999389648438,141.22999572753906,133.00650024414062,60751900,-0.000707563987423443
2017-08-21,141.22000122070312,141.52999877929688,140.17999267578125,141.0500030517578,132.83700561523438,37111500,-0.0012743334242697468
2017-08-22,141.80999755859375,143.35000610351562,141.75999450683594,143.1999969482422,134.86180114746094,36294200,0.015242706825923324
2017-08-23,142.47999572753906,143.00999450683594,142.3800048828125,142.69000244140625,134.38143920898438,25702300,-0.0035618828637126176
2017-08-24,143.00999450683594,143.1699981689453,141.47000122070312,142.27000427246094,133.98594665527344,38160800,-0.002943059369202694
2017-08-25,142.82000732421875,143.17999267578125,141.77999877929688,141.97000122070312,133.7034454345703,26380400,-0.002108439188999167
2017-08-28,142.39999389648438,142.74000549316406,141.9499969482422,142.41000366210938,134.1178436279297,15362100,0.0030993830563788016
2017-08-29,141.19000244140625,143.2100067138672,141.05999755859375,142.97000122070312,134.6452178955078,24498300,0.003932170793329748
2017-08-30,143.08999633789062,144.88999938964844,143.0,144.64999389648438,136.22735595703125,33642700,0.011750421487313867
2017-08-31,145.05999755859375,146.2100067138672,144.97999572753906,146.1999969482422,137.68710327148438,38480700,0.010715522621708606
2017-09-01,146.38999938964844,146.58999633789062,145.61000061035156,146.0,137.498779296875,22293600,-0.0013677677148747902
2017-09-05,145.57000732421875,145.8800048828125,143.60000610351562,144.69000244140625,136.2650604248047,44794300,-0.008972580544926667
2017-09-06,145.05999755859375,145.4600067138672,144.0800018310547,145.1300048828125,136.67945861816406,30722700,0.0030411184794363333
2017-09-07,145.39999389648438,145.83999633789062,144.94000244140625,145.47000122070312,136.9996795654297,22721100,0.002342860811003211
2017-09-08,145.27999877929688,145.35000610351562,144.05999755859375,144.2100067138672,135.81297302246094,27890100,-0.00866211181466292
2017-09-11,145.33999633789062,146.1199951171875,145.3000030517578,145.8699951171875,137.3762969970703,27126300,0.011510858939453694
2017-09-12,146.27999877929688,146.41000366210938,145.52999877929688,146.22000122070312,137.70599365234375,30256700,0.002399952993932253
2017-09-13,145.97000122070312,146.44000244140625,145.72999572753906,146.4199981689453,137.8943328857422,28450900,0.001367690892772
2017-09-14,145.85000610351562,146.2899932861328,145.47000122070312,145.55999755859375,137.08436584472656,35296400,-0.005873823993091554
2017-09-15,145.52999877929688,146.58999633789062,145.2899932861328,146.05999755859375,137.55528259277344,46422400,0.0034352330781488583
2017-09-18,145.91000366210938,146.3699951171875,145.11000061035156,145.5500030517578,137.37498474121094,24858200,-0.0013107301163871599
2017-09-19,145.80999755859375,146.00999450683594,145.30999755859375,145.8000030517578,137.61097717285156,20871200,0.0017178704848279658
2017-09-20,145.75,145.91000366210938,144.22999572753906,145.35000610351562,137.18621826171875,34236200,-0.003086664449735599
2017-09-21,145.25,145.25999450683594,143.9499969482422,144.4600067138672,136.34620666503906,28841800,-0.006123148573693782
2017-09-22,144.0,144.52999877929688,143.85000610351562,144.32000732421875,136.21409606933594,21702400,-0.0009689348822712329
2017-09-25,143.75,143.8300018310547,142.10000610351562,142.8000030517578,134.7794952392578,54947700,-0.010531955733479204
2017-09-26,143.52999877929688,143.8000030517578,142.6699981689453,143.1699981689453,135.1287078857422,29628800,0.0025909923899363196
2017-09-27,143.92999267578125,145.0,143.57000732421875,144.4600067138672,136.34620666503906,33249400,0.009009919493393914
2017-09-28,144.11000061035156,144.55999755859375,143.77999877929688,144.41000366210938,136.29904174804688,24149400,-0.00034592027270741177
2017-09-29,144.6999969482422,145.55999755859375,144.32000732421875,145.4499969482422,137.28060913085938,43102400,0.007201572147711444
2017-10-02,145.6699981689453,146.1699981689453,144.92999267578125,145.5800018310547,137.4033660888672,27351300,0.0008942046424837979
2017-10-03,145.77000427246094,146.05999755859375,145.4499969482422,145.88999938964844,137.6959228515625,19715200,0.002129181919066747
2017-10-04,145.61000061035156,146.33999633789062,145.47000122070312,146.02999877929688,137.8280792236328,26381100,0.000959769681871947
2017-10-05,146.55999755859375,147.5399932861328,146.41000366210938,147.4600067138672,139.17770385742188,31562400,0.009792087660158266
2017-10-06,146.9600067138672,147.66000366210938,146.9600067138672,147.66000366210938,139.36648559570312,23561100,0.001356407909090418
2017-10-09,147.85000610351562,148.00999450683594,147.3000030517578,147.49000549316406,139.2060089111328,13704800,-0.0011514725644717894
2017-10-10,147.99000549316406,148.13999938964844,146.9499969482422,147.60000610351562,139.30987548828125,19223100,0.0007461357304967553
2017-10-11,147.52999877929688,148.07000732421875,147.33999633789062,148.0399932861328,139.7251434326172,12439100,0.00298089380153721
2017-10-12,147.82000732421875,148.35000610351562,147.6199951171875,147.77000427246094,139.4703369140625,14513500,-0.0018236268168697611
2017-10-13,148.3699951171875,148.50999450683594,147.77999877929688,148.33999633789062,140.00828552246094,18409900,0.003857082590471572
2017-10-16,148.7100067138672,148.88999938964844,148.38999938964844,148.85000610351562,140.4896697998047,21809400,0.003438255639995891
2017-10-17,148.8000030517578,149.05999755859375,148.57000732421875,149.0399932861328,140.66896057128906,13138200,0.0012761847311610897
2017-10-18,149.19000244140625,149.2100067138672,148.63999938964844,148.86000061035156,140.4990997314453,17218200,-0.0012075218239611107
2017-10-19,147.99000549316406,148.3300018310547,147.27000427246094,148.30999755859375,139.98001098632812,27680300,-0.00369460548935463
2017-10-20,148.91000366210938,149.0399932861328,148.52999877929688,148.7100067138672,140.35755920410156,30173300,0.0026971580807371165
2017-10-23,149.02000427246094,149.02999877929688,147.52999877929688,147.74000549316406,139.44204711914062,29297100,-0.006522713063353058
2017-10-24,148.02999877929688,148.3000030517578,147.44000244140625,147.99000549316406,139.67799377441406,20289500,0.0016920768172017375
2017-10-25,147.6999969482422,148.17999267578125,146.3300018310547,147.42999267578125,139.14935302734375,36179100,-0.003784710338294861
2017-10-26,147.33999633789062,147.7100067138672,146.9199981689453,146.9600067138672,138.70579528808594,28230200,-0.0031876378122336346
2017-10-27,149.42999267578125,151.52000427246094,149.1999969482422,151.24000549316406,142.7454376220703,60165100,0.029123817974542554
2017-10-30,151.1300048828125,152.19000244140625,150.99000549316406,151.5800018310547,143.0663299560547,31733400,0.00224800413470283
2017-10-31,152.07000732421875,152.3699951171875,151.6300048828125,152.14999389648438,143.60426330566406,26319300,0.0037600276024039037
2017-11-01,152.75999450683594,152.8300018310547,151.5,152.10000610351562,143.5570831298828,29481600,-0.00032854300210316545
2017-11-02,151.92999267578125,151.99000549316406,150.77000427246094,151.80999755859375,143.283447265625,31017400,-0.0019061118984302627
2017-11-03,152.36000061035156,153.2899932861328,151.83999633789062,153.27000427246094,144.66139221191406,26199200,0.009616916486763216
2017-11-06,153.14999389648438,153.85000610351562,153.10000610351562,153.7899932861328,145.1521759033203,28693900,0.003392637689310307
2017-11-07,153.6699981689453,154.0800018310547,153.33999633789062,153.8800048828125,145.23712158203125,21333100,0.000585218087033823
2017-11-08,153.8000030517578,154.5399932861328,153.6199951171875,154.5,145.8223419189453,17373500,0.004029412938919563
2017-11-09,153.22999572753906,153.77000427246094,152.11000061035156,153.69000244140625,145.0577850341797,40594500,-0.005243070949927597
2017-11-10,153.3300018310547,153.8000030517578,153.05999755859375,153.67999267578125,145.04835510253906,20150800,-6.50081044488715e-05
2017-11-13,153.10000610351562,154.07000732421875,153.10000610351562,153.8699951171875,145.2277069091797,12522400,0.0012364966601230432
2017-11-14,153.3300018310547,153.5,152.57000732421875,153.30999755859375,144.69915771484375,25173800,-0.0036394514902481356
2017-11-15,152.64999389648438,153.0,151.77999877929688,152.58999633789062,144.0196075439453,24808000,-0.004696296658738053
2017-11-16,153.36000061035156,154.88999938964844,153.3300018310547,154.5399932861328,145.86009216308594,34790600,0.012779403100227293
2017-11-17,154.5800018310547,154.69000244140625,153.8000030517578,153.9499969482422,145.3031768798828,28725800,-0.0038181470678110285
2017-11-20,154.05999755859375,154.1999969482422,153.61000061035156,153.8300018310547,145.18991088867188,21143900,-0.0007795148987318479
2017-11-21,154.55999755859375,155.57000732421875,154.49000549316406,155.5,146.7661590576172,20147800,0.010856457995582991
2017-11-22,155.63999938964844,155.83999633789062,155.33999633789062,155.69000244140625,146.94546508789062,17299000,0.0012217123581128586
2017-11-24,155.85000610351562,156.30999755859375,155.75999450683594,156.25999450683594,147.48350524902344,8280600,0.0036614955133933424
2017-11-27,156.2100067138672,156.55999755859375,155.8300018310547,156.19000244140625,147.41741943359375,22653400,-0.0004480895359660897
2017-11-28,156.5399932861328,156.69000244140625,155.6999969482422,156.58999633789062,147.79486083984375,25227300,0.002560358251421091
2017-11-29,156.41000366210938,156.4499969482422,153.1199951171875,153.86000061035156,145.21826171875,71986300,-0.017433617829823223
2017-11-30,154.50999450683594,155.4499969482422,154.14999389648438,155.14999389648438,146.43582153320312,56595500,0.008384343677183104
2017-12-01,154.1999969482422,155.24000549316406,152.25999450683594,154.49000549316406,145.81288146972656,59015800,-0.004254014195121725
2017-12-04,155.4600067138672,155.6300048828125,152.55999755859375,152.7100067138672,144.1328887939453,51319100,-0.011521565576701476
2017-12-05,152.67999267578125,154.5500030517578,152.10000610351562,152.80999755859375,144.22726440429688,40604200,0.0006547819248006181
2017-12-06,152.24000549316406,153.74000549316406,152.05999755859375,153.5,144.87852478027344,28647800,0.004515515001040082
2017-12-07,153.49000549316406,154.4600067138672,153.3300018310547,154.02000427246094,145.3693389892578,32666200,0.0033877637125914184
2017-12-08,155.14999389648438,155.52999877929688,154.4600067138672,154.6999969482422,146.01107788085938,28081700,0.004414540893310281
2017-12-11,154.77000427246094,155.9499969482422,154.75999450683594,155.89999389648438,147.1436767578125,20821500,0.007756937989850998
2017-12-12,155.8300018310547,156.14999389648438,155.36000061035156,155.69000244140625,146.94546508789062,20310300,-0.001347062098007168
2017-12-13,156.32000732421875,156.49000549316406,155.75999450683594,155.99000549316406,147.22865295410156,24418500,0.0019271630195702993
2017-12-14,156.25999450683594,156.66000366210938,155.7100067138672,155.8800048828125,147.124755859375,24594700,-0.0007056852904777644
2017-12-15,156.49000549316406,157.82000732421875,156.22999572753906,157.64999389648438,148.79541015625,49816200,0.011355358159247153
2017-12-18,158.36000061035156,158.77000427246094,158.07000732421875,158.63999938964844,150.04293823242188,26844500,0.008384183859312833
2017-12-19,158.33999633789062,158.5,157.25999450683594,157.6999969482422,149.1538543701172,31415000,-0.005925529536934704
2017-12-20,158.25,158.27999877929688,156.91000366210938,157.52999877929688,148.99307250976562,38972600,-0.0010779598088869191
2017-12-21,157.75,158.25,157.3699951171875,157.5500030517578,149.01197814941406,18638700,0.0001268893870700616
2017-12-22,157.30999755859375,157.42999267578125,156.9499969482422,157.3699951171875,148.8417510986328,23330400,-0.0011423715925076294
2017-12-26,156.49000549316406,156.72000122070312,155.9499969482422,156.52000427246094,148.037841796875,21918700,-0.005401100805546788
2017-12-27,156.52999877929688,156.9600067138672,156.38999938964844,156.5399932861328,148.0567169189453,22388200,0.00012750200787325916
2017-12-28,157.0399932861328,157.07000732421875,156.5399932861328,156.72999572753906,148.2364501953125,25393800,0.0012139488170981316
2017-12-29,156.8699951171875,156.89999389648438,155.6999969482422,155.75999450683594,147.31898498535156,33186000,-0.00618920116308852
2018-01-02,156.55999755859375,158.52999877929688,156.1699981689453,158.49000549316406,149.90098571777344,32573300,0.017526598711487207
2018-01-03,158.63999938964844,160.1699981689453,158.61000061035156,160.02999877929688,151.3576202392578,29383600,0.009717311160494013
2018-01-04,160.5800018310547,160.7899932861328,160.0800018310547,160.30999755859375,151.62242126464844,24776100,0.001749505739929269
2018-01-05,161.07000732421875,162.02999877929688,160.77000427246094,161.9199981689453,153.14520263671875,26992300,0.010043246634430014
2018-01-08,161.9199981689453,162.6300048828125,161.86000061035156,162.5500030517578,153.74105834960938,23159100,0.003890789281229212
2018-01-09,162.8699951171875,163.0399932861328,162.07000732421875,162.55999755859375,153.75051879882812,24782400,6.153495572558398e-05
2018-01-10,161.83999633789062,162.2100067138672,161.1199951171875,162.17999267578125,153.3910675048828,34004000,-0.0023378867060320774
2018-01-11,162.4600067138672,163.3000030517578,162.2100067138672,163.2899932861328,154.44085693359375,20473500,0.006843875890475415
2018-01-12,163.14999389648438,164.66000366210938,162.94000244140625,164.49000549316406,155.57589721679688,37762700,0.0073493524041450264
2018-01-16,165.5800018310547,166.4199981689453,163.52999877929688,164.02000427246094,155.1313934326172,41231800,-0.002857150703494016
2018-01-17,164.8000030517578,166.0399932861328,164.0,165.7899932861328,156.805419921875,33849900,0.010791023352632712
2018-01-18,165.52999877929688,166.1999969482422,165.13999938964844,165.82000732421875,156.8338623046875,26432200,0.0001813864777548968
2018-01-19,166.30999755859375,166.61000061035156,165.5399932861328,166.33999633789062,157.32559204101562,38937600,0.003135354375018995
2018-01-22,166.27999877929688,168.1199951171875,166.08999633789062,168.1199951171875,159.0092315673828,26081400,0.010701625237985679
2018-01-23,168.63999938964844,169.66000366210938,168.55999755859375,169.50999450683594,160.32382202148438,37989700,0.008267384485437734
2018-01-24,169.8699951171875,170.24000549316406,167.44000244140625,168.41000366210938,159.283447265625,54287400,-0.006489208794685286
2018-01-25,169.57000732421875,169.6300048828125,167.80999755859375,168.35000610351562,159.22671508789062,28925000,-0.0003561712074184875
2018-01-26,169.2899932861328,170.9499969482422,168.9600067138672,170.92999267578125,161.6669158935547,32038200,0.015325322790946894
2018-01-29,170.57000732421875,170.91000366210938,169.74000549316406,170.10000610351562,160.8818359375,37277800,-0.004856157190328281
2018-01-30,168.5500030517578,169.4199981689453,167.82000732421875,168.6999969482422,159.55770874023438,44987700,-0.008230433159527317
2018-01-31,169.64999389648438,169.99000549316406,168.33999633789062,169.39999389648438,160.21978759765625,42449200,0.004149463304839562
2018-02-01,168.10000610351562,169.72999572753906,167.4199981689453,167.9600067138672,158.85784912109375,38037900,-0.008500438659815202
2018-02-02,167.3000030517578,167.6999969482422,164.47000122070312,164.61000061035156,155.68936157226562,68478100,-0.0199454264700063
2018-02-05,163.07000732421875,165.75,158.0,158.1199951171875,149.5511016845703,105372200,-0.03942632833551796
2018-02-06,155.80999755859375,162.50999450683594,155.10000610351562,162.30999755859375,153.5140380859375,118537900,0.02649887802047579
2018-02-07,161.7899932861328,163.5500030517578,160.1999969482422,160.2100067138672,151.52783203125,91028300,-0.01293826987715363
2018-02-08,160.6199951171875,160.8000030517578,153.4499969482422,153.4499969482422,145.13418579101562,94184800,-0.042194533865671624
2018-02-09,155.6199951171875,157.24000549316406,150.1300048828125,156.10000610351562,147.6405487060547,113836600,0.01726928015876328
2018-02-12,157.6999969482422,159.9499969482422,156.4600067138672,158.8699951171875,150.26043701171875,63050600,0.017745045846992547
2018-02-13,157.9600067138672,160.00999450683594,157.72000122070312,159.69000244140625,151.03599548339844,31785600,0.0051614282981169435
2018-02-14,158.75,162.92999267578125,158.0,162.67999267578125,153.86390686035156,52107400,0.018723426610340432
2018-02-15,164.13999938964844,165.6999969482422,162.44000244140625,165.6999969482422,156.7202911376953,51633900,0.01856435557649161
2018-02-16,165.16000366210938,166.75999450683594,164.67999267578125,164.9600067138672,156.02044677734375,62256300,-0.004465563171629605
2018-02-20,164.3800048828125,166.67999267578125,164.30999755859375,165.2899932861328,156.33251953125,36785600,0.002000204206257683
2018-02-21,166.10000610351562,167.72000122070312,164.72000122070312,164.82000732421875,155.8880157470703,41161800,-0.0028433225890076574
2018-02-22,165.5399932861328,166.4199981689453,164.3800048828125,164.8000030517578,155.86904907226562,37074400,-0.00012166858827344917
2018-02-23,166.1300048828125,168.1699981689453,165.4499969482422,168.1699981689453,159.0564727783203,50096900,0.02044936903783179
2018-02-26,168.9600067138672,170.39999389648438,168.82000732421875,170.39999389648438,161.1656036376953,39266700,0.013260264247872078
2018-02-27,170.4499969482422,170.72999572753906,168.2100067138672,168.2899932861328,159.16993713378906,42209900,-0.012382707344878341
2018-02-28,169.25,169.8000030517578,167.10000610351562,167.2100067138672,158.14849853515625,42936300,-0.006417283420638964
2018-03-01,167.3000030517578,168.07000732421875,163.0,164.47999572753906,155.56639099121094,76809900,-0.01632710754678024
2018-03-02,162.5,166.27999877929688,161.9600067138672,165.99000549316406,156.9945526123047,57445100,0.009180399519420845
2018-03-05,165.2100067138672,168.25999450683594,164.58999633789062,167.8300018310547,158.73489379882812,38540200,0.011085360336171579
2018-03-06,168.64999389648438,169.11000061035156,167.47999572753906,168.5399932861328,159.4064483642578,29480900,0.0042306675574481645
2018-03-07,167.25,169.07000732421875,166.9600067138672,168.92999267578125,159.77525329589844,34609400,0.002313613629969735
2018-03-08,169.6300048828125,169.97999572753906,168.9499969482422,169.86000061035156,160.65487670898438,25828400,0.0055053795562252095
2018-03-09,171.07000732421875,173.16000366210938,170.82000732421875,173.16000366210938,163.77603149414062,38310500,0.019427700229791345
2018-03-12,173.6699981689453,174.47999572753906,173.27999877929688,174.0800018310547,164.64620971679688,37635000,0.005313220834071597
2018-03-13,174.47999572753906,175.2100067138672,171.27000427246094,171.7100067138672,162.40460205078125,55638900,-0.01361469340758803
2018-03-14,172.61000061035156,172.74000549316406,170.92999267578125,171.67999267578125,162.37625122070312,40536400,-0.00017456912993918383
2018-03-15,171.8000030517578,172.52999877929688,170.89999389648438,171.52999877929688,162.23434448242188,28810400,-0.000873937766233901
2018-03-16,171.82000732421875,172.1999969482422,170.94000244140625,171.02000427246094,161.75201416015625,31176700,-0.0029730469451730857
2018-03-19,169.10000610351562,169.22000122070312,165.63999938964844,167.10000610351562,158.3008270263672,71395100,-0.021336285373064534
2018-03-20,167.1699981689453,168.0399932861328,166.61000061035156,167.64999389648438,158.82183837890625,34075700,0.0032912737243770973
2018-03-21,167.2100067138672,168.75999450683594,166.19000244140625,166.9199981689453,158.13031005859375,43863500,-0.004354113561276796
2018-03-22,164.61000061035156,165.77000427246094,162.58999633789062,162.8000030517578,154.22723388671875,66607300,-0.024682656793809765
2018-03-23,162.61000061035156,163.3000030517578,158.42999267578125,158.50999450683594,150.16319274902344,80110400,-0.02635099544533348
2018-03-26,161.72000122070312,164.60000610351562,159.16000366210938,164.39999389648438,155.74301147460938,57481500,0.03715836499901681
2018-03-27,165.6199951171875,165.6199951171875,157.67999267578125,159.0800018310547,150.7031707763672,78889100,-0.03235997975462179
2018-03-28,158.1699981689453,159.77999877929688,156.0399932861328,157.25,148.96951293945312,89369700,-0.011503791379988249
2018-03-29,158.10000610351562,161.7100067138672,156.6300048828125,160.1300048828125,151.69789123535156,68692600,0.01831501118626444
2018-04-02,158.99000549316406,159.74000549316406,153.8800048828125,155.50999450683594,147.32115173339844,85549400,-0.028851683212674617
2018-04-03,156.8699951171875,157.9199981689453,154.44000244140625,157.25999450683594,148.97900390625,64090000,0.011253320744136763
2018-04-04,154.22000122070312,160.22999572753906,154.0399932861328,159.74000549316406,151.3284149169922,65768700,0.015770081347977305
2018-04-05,161.3300018310547,161.5800018310547,159.47999572753906,160.64999389648438,152.1904754638672,43054900,0.005696620475063252
2018-04-06,158.8800048828125,160.4600067138672,155.8800048828125,156.6300048828125,148.38214111328125,59870900,-0.02502347363708779
2018-04-09,157.97999572753906,160.8800048828125,157.4600067138672,157.72999572753906,149.4242401123047,41810400,0.007023075628945552
2018-04-10,160.2100067138672,161.72999572753906,159.07000732421875,161.2100067138672,152.7210235595703,48296800,0.022063243853793768
2018-04-11,160.1999969482422,162.0,160.10000610351562,160.27999877929688,151.83990478515625,41622100,-0.005769466140792212
2018-04-12,161.25,162.77000427246094,161.16000366210938,162.2100067138672,153.66836547851562,30467900,0.012042030031212958
2018-04-13,163.02000427246094,163.25999450683594,160.6699981689453,161.3699951171875,152.87255859375,44604900,-0.005178729416998262
2018-04-16,162.5,163.19000244140625,161.47999572753906,162.60000610351562,154.03782653808594,28180800,0.007622479502240598
2018-04-17,164.24000549316406,166.4600067138672,163.91000366210938,166.10000610351562,157.35350036621094,35536100,0.021525062399560646
2018-04-18,166.10000610351562,167.0,165.30999755859375,166.44000244140625,157.67562866210938,29573900,0.0020471632035432563
2018-04-19,165.60000610351562,165.99000549316406,164.33999633789062,164.91000366210938,156.22616577148438,34705700,-0.009192688197433019
2018-04-20,164.49000549316406,164.61000061035156,161.72999572753906,162.3000030517578,153.75357055664062,49197100,-0.015827023614344293
2018-04-23,163.08999633789062,163.72999572753906,161.02000427246094,161.88999938964844,153.36520385742188,33040600,-0.0025259036119469336
2018-04-24,162.66000366210938,162.91000366210938,157.38999938964844,158.4600067138672,150.1158447265625,70256800,-0.021187068833946165
2018-04-25,158.74000549316406,159.30999755859375,156.47000122070312,158.64999389648438,150.29580688476562,52089300,0.0011988218734066969
2018-04-26,160.6999969482422,162.52999877929688,160.17999267578125,161.99000549316406,153.4599151611328,43005500,0.021052538603376858
2018-04-27,164.3699951171875,164.41000366210938,161.1699981689453,162.08999633789062,153.5546112060547,51043400,0.0006170734867307903
2018-04-30,162.47000122070312,163.47999572753906,160.5399932861328,160.94000244140625,152.4652099609375,35615300,-0.007094552462871495
2018-05-01,160.52000427246094,162.8000030517578,160.13999938964844,162.77999877929688,154.20828247070312,36513500,0.011432591803810288
2018-05-02,163.05999755859375,163.57000732421875,161.6300048828125,161.82000732421875,153.29884338378906,38646800,-0.0058974723817888375
2018-05-03,161.0,162.39999389648438,159.22000122070312,161.8000030517578,153.2799072265625,60337100,-0.00012352446247199111
2018-05-04,161.10000610351562,165.25,160.97999572753906,164.8699951171875,156.18824768066406,41543200,0.01897404889345844
2018-05-07,165.63999938964844,166.77999877929688,165.50999450683594,166.24000549316406,157.486083984375,32500200,0.008309436356341182
2018-05-08,165.88999938964844,166.42999267578125,164.86000061035156,166.07000732421875,157.32508850097656,26040200,-0.0010222838699476267
2018-05-09,166.3699951171875,168.0,165.77999877929688,167.8800048828125,159.0397491455078,29122700,0.010898837946756279
2018-05-10,168.4199981689453,169.74000549316406,168.2899932861328,169.6199951171875,160.6881561279297,27067600,0.0103647483806939
2018-05-11,169.4199981689453,169.86000061035156,168.72000122070312,169.4600067138672,160.53659057617188,24688800,-0.0009432278981230668
2018-05-14,169.85000610351562,170.82000732421875,169.47000122070312,169.75,160.8113250732422,21821700,0.0017113512631872219
2018-05-15,168.41000366210938,168.5,166.97999572753906,167.8699951171875,159.0302734375,49361600,-0.011075411728191376
2018-05-16,168.08999633789062,169.3699951171875,168.00999450683594,168.97999572753906,160.08189392089844,22941200,0.006612706251880596
2018-05-17,168.38999938964844,169.61000061035156,167.50999450683594,168.3300018310547,159.46607971191406,27480200,-0.0038468698358146147
2018-05-18,167.67999267578125,168.25999450683594,167.2100067138672,167.4600067138672,158.6418914794922,26217900,-0.005168423491132557
2018-05-21,168.75999450683594,169.5,167.67999267578125,168.39999389648438,159.53236389160156,22954600,0.005613097548225365
2018-05-22,169.1699981689453,169.4499969482422,167.8800048828125,168.17999267578125,159.323974609375,19477700,-0.0013062508267486228
2018-05-23,166.89999389648438,169.6199951171875,166.8800048828125,169.60000610351562,160.66917419433594,26557800,0.008443171143947659
2018-05-24,169.5500030517578,169.85000610351562,167.83999633789062,169.5500030517578,160.621826171875,27696500,-0.0002946926359606028
2018-05-25,169.52999877929688,170.3300018310547,169.2100067138672,169.72000122070312,160.7829132080078,27460500,0.0010028963060129126
2018-05-29,168.9499969482422,169.9199981689453,167.9600067138672,168.97000122070312,160.07240295410156,41220500,-0.004419065681357859
2018-05-30,169.5800018310547,170.47999572753906,169.22000122070312,170.17999267578125,161.2186737060547,22665800,0.00716095173683251
2018-05-31,170.17999267578125,171.1999969482422,169.6300048828125,170.07000732421875,161.11448669433594,35670900,-0.0006462465502520276
2018-06-01,170.9199981689453,172.83999633789062,170.8699951171875,172.74000549316406,163.64385986328125,45543300,0.01569922867174567
2018-06-04,173.17999267578125,174.33999633789062,173.07000732421875,174.3000030517578,165.12168884277344,20459600,0.009030763395136532
2018-06-05,174.7100067138672,175.1300048828125,174.07000732421875,174.83999633789062,165.6332550048828,24779300,0.00309811609664723
2018-06-06,175.02000427246094,175.88999938964844,174.13999938964844,175.86000061035156,166.59954833984375,25036600,0.005833933136992542
2018-06-07,175.88999938964844,175.92999267578125,173.5500030517578,174.42999267578125,165.24481201171875,39600300,-0.008131692682392444
2018-06-08,173.61000061035156,174.8800048828125,173.17999267578125,174.44000244140625,165.25430297851562,31780300,5.743579287798006e-05
2018-06-11,174.30999755859375,175.33999633789062,174.27999877929688,174.91000366210938,165.6995849609375,22319700,0.0026945257968851166
2018-06-12,175.14999389648438,176.0,174.9600067138672,175.8300018310547,166.57115173339844,22511800,0.005259921276606683
2018-06-13,176.10000610351562,177.13999938964844,175.42999267578125,175.82000732421875,166.5616912841797,37858600,-5.679524407620207e-05
2018-06-14,176.6300048828125,177.88999938964844,176.5,177.60000610351562,168.2479248046875,35916000,0.01012377760760641
2018-06-15,176.92999267578125,177.3300018310547,176.11000061035156,176.97999572753906,167.66061401367188,49615700,-0.003490746121816435
2018-06-18,175.49000549316406,176.64999389648438,174.94000244140625,176.5,167.56373596191406,31633200,-0.0005778223605331645
2018-06-19,174.27000427246094,176.0399932861328,173.7100067138672,176.0,167.08901977539062,38236000,-0.002833048474350952
2018-06-20,176.80999755859375,177.97999572753906,176.64999389648438,177.25,168.27577209472656,33038000,0.007102515299516554
2018-06-21,177.6999969482422,177.8800048828125,175.3699951171875,175.7100067138672,166.81370544433594,43469400,-0.008688515477840664
2018-06-22,176.3000030517578,176.3699951171875,174.69000244140625,175.32000732421875,166.44349670410156,30073200,-0.00221929450729641
2018-06-25,173.72999572753906,173.99000549316406,169.80999755859375,171.3699951171875,162.69346618652344,77799700,-0.02253035169193074
2018-06-26,172.0,173.05999755859375,171.3699951171875,172.07000732421875,163.3580780029297,39008100,0.004085055361991552
2018-06-27,172.8000030517578,173.5800018310547,169.61000061035156,169.72999572753906,161.1365203857422,52843500,-0.013599312898059823
2018-06-28,169.52000427246094,171.77000427246094,169.1699981689453,171.19000244140625,162.52255249023438,46407700,0.008601601307848705
2018-06-29,172.00999450683594,172.9199981689453,171.39999389648438,171.64999389648438,162.95932006835938,36408500,0.0026874275073378584
2018-07-02,170.0399932861328,172.85000610351562,169.6699981689453,172.8000030517578,164.05108642578125,31770000,0.0066996251393531825
2018-07-03,173.4499969482422,173.4499969482422,170.6300048828125,170.8000030517578,162.15232849121094,25512700,-0.011574186894698357
2018-07-05,171.91000366210938,173.05999755859375,171.02999877929688,172.9199981689453,164.16500854492188,31626200,0.012412279690575234
2018-07-06,173.32000732421875,175.74000549316406,173.0,175.61000061035156,166.71881103515625,37005600,0.015556314423335493
2018-07-09,176.52000427246094,177.22999572753906,175.82000732421875,177.19000244140625,168.21884155273438,27362100,0.008997368132992678
2018-07-10,177.52000427246094,177.72000122070312,176.7100067138672,177.32000732421875,168.3422088623047,23902500,0.000733373910030366
2018-07-11,175.92999267578125,177.07000732421875,175.8000030517578,176.4199981689453,167.48780822753906,30280600,-0.005075379731202645
2018-07-12,177.1999969482422,179.4600067138672,177.0800018310547,179.4600067138672,170.37387084960938,27930100,0.017231478831877034
2018-07-13,179.4499969482422,179.89999389648438,178.9499969482422,179.61000061035156,170.51632690429688,28049800,0.0008361379240673372
2018-07-16,179.64999389648438,179.9499969482422,178.8800048828125,179.17999267578125,170.1080780029297,21405300,-0.002394192443497367
2018-07-17,177.27999877929688,180.64999389648438,177.27999877929688,180.27000427246094,171.1428985595703,31034100,0.0060833122611778645
2018-07-18,180.2899932861328,180.44000244140625,179.3800048828125,179.92999267578125,170.820068359375,23220800,-0.0018863195780393083
2018-07-19,179.27999877929688,179.8800048828125,178.82000732421875,179.02999877929688,169.96563720703125,31094100,-0.005001936602356261
2018-07-20,179.57000732421875,180.1699981689453,178.7899932861328,178.99000549316406,169.92762756347656,35897300,-0.0002236313420717062
2018-07-23,178.4600067138672,179.63999938964844,177.74000549316406,179.55999755859375,170.4688262939453,22184700,0.00318487781079968
2018-07-24,181.41000366210938,182.0500030517578,179.55999755859375,180.3000030517578,171.17132568359375,36900300,0.004120984492713697
2018-07-25,180.3800048828125,182.92999267578125,180.2899932861328,182.82000732421875,173.56378173828125,35026600,0.013976967492264958
2018-07-26,180.33999633789062,180.9199981689453,179.80999755859375,180.0500030517578,170.93397521972656,40873500,-0.015151816192390921
2018-07-27,181.19000244140625,181.30999755859375,176.60000610351562,177.6199951171875,168.6269989013672,59456100,-0.01349630063534113
2018-07-30,177.6300048828125,177.72999572753906,174.27000427246094,175.11000061035156,166.24412536621094,60193000,-0.014131032104473529
2018-07-31,175.8000030517578,177.1300048828125,174.82000732421875,176.4499969482422,167.5163116455078,47285100,0.007652518707018663
2018-08-01,176.86000061035156,177.64999389648438,176.10000610351562,177.1199951171875,168.15234375,37101900,0.003796836846779117
2018-08-02,175.8699951171875,179.74000549316406,175.7899932861328,179.52999877929688,170.4403533935547,47178200,0.013606766296141437
2018-08-03,179.8699951171875,180.08999633789062,179.0800018310547,180.0800018310547,170.9625244140625,28934400,0.003063658400790148
2018-08-06,179.9600067138672,181.19000244140625,179.74000549316406,181.13999938964844,171.96881103515625,24808800,0.0058860070330768455
2018-08-07,181.64999389648438,182.13999938964844,181.25999450683594,181.8000030517578,172.5954132080078,29895700,0.0036436966045165775
2018-08-08,181.5500030517578,182.35000610351562,181.05999755859375,182.02000427246094,172.8042755126953,22680700,0.001210126623908403
2018-08-09,181.91000366210938,182.6300048828125,181.63999938964844,181.91000366210938,172.69985961914062,18852900,-0.0006042436927262695
2018-08-10,180.67999267578125,181.22000122070312,179.83999633789062,180.52000427246094,171.3801727294922,33818500,-0.007641505282973471
2018-08-13,180.85000610351562,182.00999450683594,180.24000549316406,180.32000732421875,171.1903839111328,26089200,-0.0011074140919378195
2018-08-14,181.00999450683594,181.66000366210938,180.0399932861328,181.4499969482422,172.26318359375,20913000,0.006266705279275975
2018-08-15,180.00999450683594,180.5800018310547,178.1199951171875,179.22999572753906,170.15553283691406,58528000,-0.012235062146572329
2018-08-16,180.61000061035156,180.99000549316406,179.47000122070312,179.82000732421875,170.71563720703125,27711800,0.003291719997456699
2018-08-17,179.35000610351562,180.30999755859375,178.27000427246094,179.86000061035156,170.7536163330078,36092600,0.00022247010641729403
2018-08-20,180.25999450683594,180.3300018310547,179.0,179.6999969482422,170.6017303466797,24939000,-0.0008895037750293877
2018-08-21,180.24000549316406,181.44000244140625,180.1300048828125,180.36000061035156,171.22828674316406,26258700,0.00367262626944731
2018-08-22,179.97999572753906,181.27000427246094,179.75,181.05999755859375,171.8928680419922,18042400,0.003881258823928757
2018-08-23,180.74000549316406,182.0500030517578,180.5,180.8000030517578,171.64601135253906,25776200,-0.0014361078051988718
2018-08-24,181.39999389648438,182.6300048828125,181.36000061035156,182.47999572753906,173.24098205566406,23136100,0.00929220953377774
2018-08-27,183.39999389648438,184.33999633789062,183.11000061035156,184.33999633789062,175.00677490234375,29343600,0.01019269704966419
2018-08-28,184.8300018310547,185.02000427246094,184.22000122070312,184.61000061035156,175.2631378173828,20277000,0.0014648742323382091
2018-08-29,184.92999267578125,186.83999633789062,184.86000061035156,186.74000549316406,177.28530883789062,29175600,0.011537914051355402
2018-08-30,186.3800048828125,187.52000427246094,185.7899932861328,186.41000366210938,176.97198486328125,29315500,-0.001767343141195532
2018-08-31,186.17999267578125,187.17999267578125,185.97999572753906,186.64999389648438,177.1998291015625,28653200,0.0012874593594984773
2018-09-04,186.0800018310547,186.39999389648438,184.85000610351562,185.85000610351562,176.44039916992188,29063500,-0.004285726095172193
2018-09-05,185.52000427246094,185.5500030517578,182.82000732421875,183.4499969482422,174.16183471679688,42623300,-0.012914074462791358
2018-09-06,183.52999877929688,183.75,180.5800018310547,181.80999755859375,172.6049041748047,46091400,-0.008939562129233969
2018-09-07,180.5,182.6699981689453,180.44000244140625,181.11000061035156,171.94033813476562,46629500,-0.0038502152833735925
2018-09-10,182.14999389648438,182.25,180.72999572753906,181.72000122070312,172.51943969726562,26132000,0.0033680378251095267
2018-09-11,180.99000549316406,183.4199981689453,180.52000427246094,183.1199951171875,173.8485870361328,30116500,0.007704333733053792
2018-09-12,182.85000610351562,182.97999572753906,181.00999450683594,182.5800018310547,173.33596801757812,36204000,-0.002948652199561086
2018-09-13,183.72000122070312,184.8800048828125,183.63999938964844,184.52999877929688,175.1871795654297,31133200,0.010679904286592379
2018-09-14,184.66000366210938,184.9499969482422,183.25999450683594,183.99000549316406,174.6745147705078,31224100,-0.0029263830617833886
2018-09-17,183.67999267578125,183.80999755859375,181.1699981689453,181.33999633789062,172.15869140625,33071200,-0.014402921728811857
2018-09-18,181.49000549316406,183.72999572753906,181.39999389648438,182.83999633789062,173.58274841308594,31877300,0.008271769465739709
2018-09-19,182.8699951171875,183.3000030517578,181.50999450683594,182.6999969482422,173.44981384277344,31843400,-0.000765828237701105
2018-09-20,183.9600067138672,184.97000122070312,183.52000427246094,184.72000122070312,175.36758422851562,33295800,0.011056629830001441
2018-09-21,185.22000122070312,185.47999572753906,183.47999572753906,183.7100067138672,174.40869140625,38605400,-0.005467902329179153
2018-09-24,182.0500030517578,183.9600067138672,181.3000030517578,183.88999938964844,174.89373779296875,34945600,0.0027810906830838533
2018-09-25,183.80999755859375,184.27999877929688,183.17999267578125,184.13999938964844,175.1315155029297,25277500,0.001359555310336047
2018-09-26,184.3000030517578,185.99000549316406,183.91000366210938,184.27000427246094,175.25515747070312,36210600,0.0007059949628047679
2018-09-27,185.02000427246094,186.49000549316406,184.9199981689453,185.8300018310547,176.7388153076172,33113300,0.008465701428285177
2018-09-28,185.30999755859375,186.27999877929688,184.97000122070312,185.7899932861328,176.70077514648438,28076800,-0.00021523376778664893
2018-10-01,186.8699951171875,187.52999877929688,185.6999969482422,186.1699981689453,177.0622100830078,27371300,0.002045463220089472
2018-10-02,186.00999450683594,187.17999267578125,185.32000732421875,185.75,176.66281127929688,25618600,-0.002255697607771334
2018-10-03,186.52999877929688,186.97000122070312,185.66000366210938,185.9499969482422,176.85301208496094,29128700,0.001076631829227237
2018-10-04,185.1999969482422,185.32000732421875,181.05999755859375,182.3800048828125,173.45762634277344,80557300,-0.01919891384465844
2018-10-05,182.36000061035156,182.97000122070312,178.42999267578125,180.14999389648438,171.33670043945312,83325600,-0.01222734305800488
2018-10-08,179.52000427246094,180.63999938964844,176.92999267578125,179.0500030517578,170.29052734375,66864500,-0.006105948655599436
2018-10-09,179.17999267578125,181.02000427246094,178.75,179.6300048828125,170.8421630859375,49097900,0.0032393800805723405
2018-10-10,178.50999450683594,178.6199951171875,171.5,171.72999572753906,163.32862854003906,114471100,-0.04397939249995897
2018-10-11,171.02000427246094,173.39999389648438,167.80999755859375,169.60000610351562,161.30284118652344,143084500,-0.012403136985987828
2018-10-12,174.1699981689453,174.86000061035156,170.92999267578125,174.32000732421875,165.79196166992188,102078400,0.027830386931668505
2018-10-15,173.7100067138672,174.0399932861328,171.55999755859375,172.2100067138672,163.78517150878906,64885300,-0.012104266943461117
2018-10-16,174.02000427246094,177.64999389648438,173.6999969482422,177.22000122070312,168.55006408691406,71979700,0.029092331950632655
2018-10-17,178.0800018310547,178.25999450683594,175.47000122070312,177.2899932861328,168.6166229248047,66987600,0.00039489061158892724
2018-10-18,176.6199951171875,176.67999267578125,172.44000244140625,173.17999267578125,164.7076873779297,82486200,-0.02318238545566298
2018-10-19,174.5800018310547,176.07000732421875,172.38999938964844,173.02000427246094,164.55552673339844,82923700,-0.0009238223604105533
2018-10-22,174.05999755859375,175.25,172.58999633789062,173.91000366210938,165.4019775390625,52909300,0.0051438612999941125
2018-10-23,170.63999938964844,174.1300048828125,168.82000732421875,173.27000427246094,164.7933349609375,77567000,-0.0036797781210400338
2018-10-24,173.07000732421875,173.36000061035156,165.0399932861328,165.33999633789062,157.251220703125,102997400,-0.04576710738695999
2018-10-25,167.91000366210938,172.0800018310547,167.16000366210938,171.05999755859375,162.69140625,83481100,0.03459550598430994
2018-10-26,165.1999969482422,169.9600067138672,164.22999572753906,166.66000366210938,158.5066680908203,130970900,-0.02572193735143702
2018-10-29,169.2100067138672,169.86000061035156,160.08999633789062,163.22999572753906,155.24444580078125,111871900,-0.020580978259980176
2018-10-30,162.75,166.0399932861328,162.00999450683594,165.9199981689453,157.8028564453125,92584000,0.016479885198690702
2018-10-31,168.6199951171875,171.25,168.5399932861328,169.82000732421875,161.51206970214844,73828600,0.02350536194584918
2018-11-01,170.07000732421875,172.24000549316406,168.77999877929688,172.05999755859375,163.64248657226562,52706800,0.013190449940032156
2018-11-02,171.52999877929688,172.5500030517578,168.22000122070312,169.3800048828125,161.09361267089844,75966800,-0.015575868802516601
2018-11-05,169.60000610351562,169.66000366210938,167.0800018310547,168.9600067138672,160.69415283203125,39573500,-0.002479675216442323
2018-11-06,168.97000122070312,171.19000244140625,168.72000122070312,170.24000549316406,161.9114990234375,34410400,0.007575547522744586
2018-11-07,172.27999877929688,175.5800018310547,171.8699951171875,175.5800018310547,166.99029541015625,51169600,0.031367731244237085
2018-11-08,174.75999450683594,175.3000030517578,173.6300048828125,174.4600067138672,165.9251251220703,40296500,-0.006378635869046745
2018-11-09,172.8300018310547,173.25,170.16000366210938,171.52000427246094,163.12892150878906,50602700,-0.016852201324085714
2018-11-12,170.32000732421875,170.63999938964844,166.17999267578125,166.3300018310547,158.19281005859375,62578400,-0.03025895962862335
2018-11-13,167.11000061035156,169.47999572753906,166.0,166.47000122070312,158.32595825195312,64128100,0.0008416829646686885
2018-11-14,168.1199951171875,168.6999969482422,164.25,165.1999969482422,157.1181182861328,75270700,-0.007628818288269668
2018-11-15,164.89999389648438,168.5399932861328,163.4600067138672,168.08999633789062,159.86671447753906,73254300,0.017493820708829322
2018-11-16,166.4499969482422,168.30999755859375,165.77999877929688,167.5,159.30555725097656,65390700,-0.0035101567477409112
2018-11-19,166.6999969482422,166.89999389648438,161.5399932861328,162.05999755859375,154.1317138671875,67280500,-0.03247748209836754
2018-11-20,158.3699951171875,161.3800048828125,157.1300048828125,159.16000366210938,151.37356567382812,102652800,-0.017894748096657254
2018-11-21,161.35000610351562,161.97000122070312,159.22999572753906,160.3699951171875,152.5243682861328,42965800,0.007602401431068717
2018-11-23,159.08999633789062,160.83999633789062,159.08999633789062,159.2100067138672,151.421142578125,23503700,-0.007233111144169357
2018-11-26,161.44000244140625,162.97000122070312,160.75999450683594,162.88999938964844,154.9210662841797,42012600,0.023113837648193192
2018-11-27,162.0,163.85000610351562,161.17999267578125,163.44000244140625,155.44422912597656,36608100,0.0033769638587253237
2018-11-28,164.6199951171875,168.6999969482422,163.47000122070312,168.6999969482422,160.44683837890625,70141000,0.03218266307509832
2018-11-29,167.99000549316406,169.25999450683594,166.82000732421875,168.14999389648438,159.92376708984375,44885700,-0.003260090970613194
2018-11-30,168.3800048828125,169.47000122070312,167.5399932861328,169.3699951171875,161.0841064453125,36722800,0.0072555779330589765
2018-12-03,173.11000061035156,173.30999755859375,169.50999450683594,172.3300018310547,163.89927673339844,50771700,0.017476400063352493
2018-12-04,171.42999267578125,171.91000366210938,165.52000427246094,165.72000122070312,157.61268615722656,70594700,-0.038356426589958414
2018-12-06,162.3800048828125,166.91000366210938,161.77000427246094,166.88999938964844,158.72540283203125,71715500,0.007059816705964339
2018-12-07,166.16000366210938,167.1199951171875,160.86000061035156,161.3800048828125,153.48497009277344,80432200,-0.03301571547941462
2018-12-10,161.0800018310547,163.77999877929688,159.41000366210938,163.07000732421875,155.09234619140625,73960800,0.010472530943331115
2018-12-11,165.72999572753906,165.77000427246094,162.22999572753906,163.61000061035156,155.6058807373047,59058300,0.003311153377386189
2018-12-12,166.0,167.60000610351562,164.9600067138672,165.0500030517578,156.97540283203125,53780000,0.00880122324578858
2018-12-13,166.1300048828125,166.82000732421875,164.02999877929688,165.10000610351562,157.0229949951172,46378500,0.00030318229625359017
2018-12-14,163.2100067138672,163.80999755859375,160.6999969482422,161.0800018310547,153.19967651367188,56547400,-0.02434878077293201
2018-12-17,160.38999938964844,161.6699981689453,156.1699981689453,157.42999267578125,149.7281951904297,74834100,-0.022659847607004457
2018-12-18,158.64999389648438,159.9499969482422,157.0399932861328,158.4199981689453,150.66978454589844,63642100,0.006288657619035742
2018-12-19,158.17999267578125,160.72000122070312,153.33999633789062,154.52999877929688,146.97007751464844,81856500,-0.024555069501164373
2018-12-20,154.14999389648438,155.8699951171875,150.38999938964844,152.2899932861328,144.8396759033203,99002100,-0.014495478585535793
2018-12-21,153.0500030517578,154.08999633789062,146.72000122070312,147.57000732421875,140.3505859375,141129400,-0.030993510154059933
2018-12-24,146.0800018310547,147.97999572753906,143.4600067138672,143.5,136.8701934814453,56163300,-0.024797847709767007
2018-12-26,145.0800018310547,152.5399932861328,144.08999633789062,152.4600067138672,145.41624450683594,98982100,0.06243909508719425
2018-12-27,150.3699951171875,153.17999267578125,147.0800018310547,153.0500030517578,145.9789581298828,85824300,0.0038696751174895905
2018-12-28,154.14999389648438,155.58999633789062,151.72000122070312,152.97000122070312,145.90260314941406,77856600,-0.0005230547021770615
2018-12-31,154.47000122070312,154.97999572753906,152.7100067138672,154.25999450683594,147.13308715820312,53015300,0.008433598731127256
2019-01-02,150.99000549316406,155.75,150.8800048828125,154.8800048828125,147.72438049316406,58576700,0.004018765230727084
2019-01-03,152.60000610351562,153.25999450683594,149.49000549316406,149.82000732421875,142.898193359375,74820200,-0.03267021406809956
2019-01-04,152.33999633789062,157.0,151.74000549316406,156.22999572753906,149.01202392578125,74709300,0.042784519682698585
2019-01-07,156.6199951171875,158.86000061035156,156.11000061035156,158.08999633789062,150.7861328125,52059300,0.011905810282815787
2019-01-08,159.5399932861328,160.11000061035156,157.1999969482422,159.52000427246094,152.1500244140625,49388700,0.009045205789967925
2019-01-09,160.13999938964844,161.52000427246094,159.47000122070312,160.82000732421875,153.38999938964844,46491700,0.00814968633992108
2019-01-10,159.60000610351562,161.3699951171875,158.6999969482422,161.27999877929688,153.82870483398438,38943400,0.0028600654937191994
2019-01-11,160.3300018310547,160.86000061035156,159.7899932861328,160.69000244140625,153.2659454345703,30176600,-0.003658351021166073
2019-01-14,159.3300018310547,159.9600067138672,158.58999633789062,159.27000427246094,151.91160583496094,30710200,-0.008836533097873023
2019-01-15,160.0,162.60000610351562,159.91000366210938,162.3800048828125,154.87791442871094,40874200,0.0195265435938623
2019-01-16,162.64999389648438,163.77999877929688,162.2899932861328,162.35000610351562,154.8492889404297,33812200,-0.00018482614765857885
2019-01-17,161.8300018310547,164.36000061035156,161.57000732421875,163.6300048828125,156.07015991210938,39329000,0.007884253005187247
2019-01-18,164.77999877929688,166.02000427246094,163.82000732421875,165.25,157.6152801513672,57183200,0.009900164388426003
2019-01-22,164.05999755859375,164.13999938964844,160.75999450683594,161.94000244140625,154.4582977294922,56711700,-0.020029672369602514
2019-01-23,162.77000427246094,163.50999450683594,160.32000732421875,162.14999389648438,154.6585235595703,38106100,0.0012963099621154939
2019-01-24,162.67999267578125,163.44000244140625,162.05999755859375,163.1999969482422,155.66001892089844,32417800,0.006475526458406877
2019-01-25,164.50999450683594,165.64999389648438,163.9499969482422,165.14999389648438,157.51995849609375,36515900,0.011948730239718541
2019-01-28,163.02000427246094,163.1199951171875,161.75,163.11000061035156,155.5741729736328,33491200,-0.012352628460787662
2019-01-29,163.1999969482422,163.24000549316406,160.99000549316406,161.57000732421875,154.1053466796875,30784200,-0.009441324776923277
2019-01-30,163.39999389648438,166.27999877929688,162.88999938964844,165.67999267578125,158.02540588378906,41346500,0.025437528862963577
2019-01-31,166.6999969482422,168.99000549316406,166.47000122070312,168.16000366210938,160.39089965820312,37258400,0.014969072606930256
2019-02-01,167.3300018310547,168.60000610351562,166.99000549316406,167.4499969482422,159.713623046875,32143700,-0.004222662337897032
2019-02-04,167.47999572753906,169.52999877929688,167.3300018310547,169.52999877929688,161.6975860595703,26718800,0.012422002424383294
2019-02-05,169.75999450683594,171.22999572753906,169.69000244140625,171.02999877929688,163.12826538085938,28156400,0.008847870621655263
2019-02-06,171.07000732421875,171.3699951171875,169.75,170.52000427246094,162.64183044433594,27970000,-0.0029819169313652916
2019-02-07,169.02999877929688,169.4499969482422,166.9499969482422,168.22999572753906,160.45761108398438,42036200,-0.013429628493385137
2019-02-08,166.75999450683594,168.58999633789062,166.57000732421875,168.55999755859375,160.77239990234375,29020700,0.001961819175997803
2019-02-11,169.1699981689453,169.5800018310547,167.97999572753906,168.39999389648438,160.6197509765625,21434100,-0.0009494722096203834
2019-02-12,169.6300048828125,171.13999938964844,169.3300018310547,170.88999938964844,162.99476623535156,29722100,0.014786570420817213
2019-02-13,171.64999389648438,172.16000366210938,170.82000732421875,171.00999450683594,163.10914611816406,26094100,0.0007017396046160584
2019-02-14,170.39999389648438,171.8300018310547,169.8300018310547,171.22000122070312,163.3095245361328,30326800,0.0012284928389214578
2019-02-15,172.52000427246094,172.55999755859375,171.13999938964844,171.94000244140625,163.9962158203125,32521700,0.004204845284622394
2019-02-19,171.41000366210938,172.8000030517578,171.3800048828125,172.27999877929688,164.32052612304688,19487700,0.0019775474763985557
2019-02-20,172.39999389648438,173.0800018310547,171.32000732421875,172.25,164.2919158935547,32593000,-0.00017411232891717532
2019-02-21,171.7899932861328,172.25999450683594,170.7100067138672,171.6199951171875,163.6909942626953,25207400,-0.003657645767845996
2019-02-22,171.99000549316406,173.00999450683594,171.89999389648438,172.88999938964844,164.9022979736328,27735400,0.007399941068190863
2019-02-25,174.2100067138672,174.66000366210938,173.39999389648438,173.52000427246094,165.5032196044922,32608800,0.0036441070757877725
2019-02-26,173.10000610351562,174.25,172.80999755859375,173.6999969482422,165.67491149902344,21939700,0.0010373930787663799
2019-02-27,172.89999389648438,173.8000030517578,171.75999450683594,173.58999633789062,165.5699920654297,25162000,-0.0006332849834923548
2019-02-28,173.0500030517578,173.80999755859375,172.6999969482422,173.19000244140625,165.18849182128906,25085500,-0.0023041629668609787
2019-03-01,174.44000244140625,174.64999389648438,173.17999267578125,174.38999938964844,166.3330535888672,31431200,0.006928822673775592
2019-03-04,175.5399932861328,175.7899932861328,172.47000122070312,174.4199981689453,166.36160278320312,38063500,0.0001716387315686685
2019-03-05,174.5500030517578,175.08999633789062,173.69000244140625,174.5500030517578,166.4856719970703,22319900,0.0007457803470964919
2019-03-06,174.72000122070312,174.75,173.27999877929688,173.55999755859375,165.5413818359375,27194600,-0.005671900469305435
2019-03-07,173.1199951171875,173.17999267578125,170.7899932861328,171.42999267578125,163.509765625,39407400,-0.01227255800577387
2019-03-08,169.50999450683594,171.25999450683594,169.33999633789062,171.1699981689453,163.26177978515625,39303200,-0.0015166423784894745
2019-03-11,171.8800048828125,174.85000610351562,171.85000610351562,174.72999572753906,166.65728759765625,30518400,0.020797934562322595
2019-03-12,175.19000244140625,176.13999938964844,174.77000427246094,175.69000244140625,167.57296752929688,33953500,0.005494388783353177
2019-03-13,176.60000610351562,177.92999267578125,176.35000610351562,177.00999450683594,168.8319854736328,42426100,0.007513252065049381
2019-03-14,177.1300048828125,177.33999633789062,176.66000366210938,176.7100067138672,168.54583740234375,23751500,-0.0016948688394934353
2019-03-15,177.39999389648438,178.8800048828125,177.27999877929688,178.35000610351562,170.11007690429688,38192000,0.009280795812352638
2019-03-18,177.9499969482422,178.99000549316406,177.58999633789062,178.4499969482422,170.51519775390625,32935100,0.002381521759215355
2019-03-19,179.17999267578125,180.0,178.2899932861328,179.0500030517578,171.08853149414062,36893300,0.003362361524289703
2019-03-20,179.05999755859375,180.86000061035156,178.24000549316406,179.75999450683594,171.76698303222656,50105000,0.003965499803878947
2019-03-21,179.22000122070312,182.8300018310547,179.1999969482422,182.57000732421875,174.45201110839844,42428500,0.015631805535456733
2019-03-22,181.77999877929688,182.27000427246094,178.3699951171875,178.55999755859375,170.62033081054688,70794500,-0.021964093583711652
2019-03-25,177.91000366210938,178.83999633789062,176.92999267578125,178.22000122070312,170.2954559326172,46336500,-0.001904080694172472
2019-03-26,179.60000610351562,180.69000244140625,178.13999938964844,179.0500030517578,171.08853149414062,33248100,0.004657056509113522
2019-03-27,179.32000732421875,179.72000122070312,176.60000610351562,177.89999389648438,169.9896697998047,37096700,-0.006422766533439872
2019-03-28,178.36000061035156,178.97999572753906,177.24000549316406,178.30999755859375,170.38145446777344,30368200,0.00230475574445288
2019-03-29,179.69000244140625,179.8300018310547,178.58999633789062,179.66000366210938,171.67141723632812,35205500,0.007571028035793015
2019-04-01,181.50999450683594,182.25999450683594,180.77000427246094,182.0399932861328,173.9456024169922,30969500,0.013247314068208338
2019-04-02,182.24000549316406,182.91000366210938,181.77999877929688,182.72999572753906,174.6049041748047,22645200,0.0037902755151693057
2019-04-03,183.75999450683594,184.9199981689453,183.2100067138672,183.77999877929688,175.60818481445312,31633500,0.005746004926894921
2019-04-04,183.8300018310547,184.5,182.64999389648438,183.7100067138672,175.5413360595703,28530800,-0.0003806699269367497
2019-04-05,184.24000549316406,184.77000427246094,184.02000427246094,184.66000366210938,176.44908142089844,25674700,0.005171120271182605
2019-04-08,184.36000061035156,185.27999877929688,183.6300048828125,185.1300048828125,176.8981475830078,22697500,0.002545018418306011
2019-04-09,184.5,185.11000061035156,184.08999633789062,184.47999572753906,176.27708435058594,25631900,-0.0035108520971394164
2019-04-10,184.72000122070312,185.52999877929688,184.52000427246094,185.47000122070312,177.22308349609375,24563000,0.00536654636076439
2019-04-11,185.77999877929688,185.77999877929688,184.69000244140625,185.02999877929688,176.80262756347656,20654100,-0.002372467086808494
2019-04-12,185.85000610351562,185.9499969482422,185.05999755859375,185.8300018310547,177.56710815429688,24989100,0.004323920981015084
2019-04-15,185.83999633789062,186.07000732421875,184.6199951171875,185.86000061035156,177.5957489013672,21073000,0.0001612953399310335
2019-04-16,186.5399932861328,186.91000366210938,185.92999267578125,186.5,178.207275390625,27195700,0.0034433622034355515
2019-04-17,187.75,187.92999267578125,186.60000610351562,187.14999389648438,178.82839965820312,29651600,0.0034854035348255152
2019-04-18,187.4600067138672,187.7899932861328,186.2899932861328,187.38999938964844,179.05767822265625,28580900,0.0012821149486956784
2019-04-22,186.57000732421875,187.99000549316406,186.42999267578125,187.9199981689453,179.5640869140625,17936000,0.0028281875227742503
2019-04-23,188.39999389648438,190.5399932861328,188.1300048828125,190.30999755859375,181.84783935546875,33665600,0.012718314005067288
2019-04-24,190.47000122070312,190.7100067138672,189.64999389648438,189.7100067138672,181.27456665039062,24977100,-0.0031524856556448544
2019-04-25,191.1300048828125,191.22000122070312,189.4499969482422,190.47999572753906,182.01031494140625,29517500,0.004058750792297339
2019-04-26,190.17999267578125,190.69000244140625,188.58999633789062,190.64999389648438,182.17274475097656,26359500,0.0008924209027527663
2019-04-29,190.64999389648438,191.32000732421875,190.33999633789062,191.02000427246094,182.5263214111328,21716200,0.0019408867151866627
2019-04-30,189.47999572753906,189.85000610351562,188.2100067138672,189.5399932861328,181.11207580566406,31495300,-0.007748173493746235
2019-05-01,190.77999877929688,191.32000732421875,188.8000030517578,188.92999267578125,180.5292205810547,34797100,-0.0032182018897226605
2019-05-02,188.8699951171875,189.85000610351562,186.8699951171875,188.11000061035156,179.7456817626953,44110100,-0.004340232655065224
2019-05-03,189.6699981689453,191.25,189.3300018310547,191.11000061035156,182.6123046875,30386200,0.015948215816329103
2019-05-06,187.0500030517578,190.1999969482422,186.75999450683594,189.94000244140625,181.4943389892578,38371800,-0.006122072114227661
2019-05-07,187.8699951171875,188.6699981689453,184.50999450683594,186.24000549316406,177.95883178710938,58818100,-0.01947998610776336
2019-05-08,185.6300048828125,187.1699981689453,184.9600067138672,185.77000427246094,177.50973510742188,37165300,-0.0025235987176221997
2019-05-09,183.6999969482422,185.41000366210938,182.08999633789062,184.77000427246094,176.55418395996094,55351700,-0.005383091506968252
2019-05-10,184.11000061035156,185.88999938964844,181.02999877929688,185.0,176.77395629882812,58526400,0.0012447869200145067
2019-05-13,180.2899932861328,181.25999450683594,178.05999755859375,178.5800018310547,170.63946533203125,67185800,-0.034702458977762585
2019-05-14,179.52000427246094,181.6300048828125,178.86000061035156,180.5399932861328,172.51231384277344,43360600,0.010975471044157192
2019-05-15,179.35000610351562,183.5500030517578,179.30999755859375,183.08999633789062,174.94886779785156,40944500,0.014123942232313835
2019-05-16,183.1699981689453,186.07000732421875,182.9499969482422,184.92999267578125,176.70704650878906,39281200,0.010049671844513108
2019-05-17,183.10000610351562,185.5800018310547,182.8800048828125,183.0399932861328,174.90113830566406,44702300,-0.010219786017617416
2019-05-20,180.49000549316406,181.17999267578125,179.33999633789062,179.9499969482422,171.948486328125,38608300,-0.016881833967134607
2019-05-21,181.5,182.3300018310547,180.9199981689453,181.8300018310547,173.74493408203125,31613800,0.01044759271959017
2019-05-22,180.82000732421875,182.07000732421875,180.75,181.02000427246094,172.97093200683594,24332600,-0.004454818088853618
2019-05-23,178.94000244140625,179.02000427246094,177.13999938964844,178.25,170.32411193847656,45351300,-0.015302109074921133
2019-05-24,179.2100067138672,179.85000610351562,177.94000244140625,178.16000366210938,170.23812866210938,25903300,-0.0005048215158065528
2019-05-28,178.66000366210938,179.66000366210938,177.47000122070312,177.49000549316406,169.59788513183594,24763800,-0.0037608703485233486
2019-05-29,176.38999938964844,177.0,175.08999633789062,176.02999877929688,168.2028045654297,42178800,-0.008225813460597031
2019-05-30,176.5,177.27000427246094,175.77000427246094,176.77000427246094,168.909912109375,30354800,0.004203898655389171
2019-05-31,174.69000244140625,175.2899932861328,173.8699951171875,173.9499969482422,166.21527099609375,45446200,-0.01595312601628951
2019-06-03,173.47999572753906,173.9499969482422,169.27000427246094,170.1199951171875,162.5556182861328,75842300,-0.022017548014868882
2019-06-04,172.02999877929688,174.97000122070312,171.3699951171875,174.91000366210938,167.13262939453125,47797800,0.028156585153162217
2019-06-05,176.5800018310547,176.61000061035156,174.3800048828125,176.2100067138672,168.3748321533203,34412700,0.007432437120681756
2019-06-06,176.50999450683594,178.0399932861328,175.72999572753906,177.61000061035156,169.71261596679688,29913200,0.007945271845963164
2019-06-07,178.55999755859375,181.77000427246094,178.3300018310547,181.0399932861328,172.9900665283203,45888300,0.019311767383072054
2019-06-10,182.25,184.85000610351562,182.2100067138672,183.14999389648438,175.00621032714844,41385300,0.011654679596866169
2019-06-11,185.05999755859375,185.39999389648438,182.77999877929688,183.39999389648438,175.24513244628906,41260300,0.0013652208038446023
2019-06-12,182.89999389648438,183.27999877929688,182.0,182.33999633789062,174.2322540283203,27758100,-0.005779780606911755
2019-06-13,183.10000610351562,183.8699951171875,182.74000549316406,183.4199981689453,175.2642364501953,23715800,0.0059230274419066475
2019-06-14,182.47999572753906,183.11000061035156,181.94000244140625,182.63999938964844,174.51890563964844,22844100,-0.0042526120881408724
2019-06-17,183.0399932861328,184.25,182.83999633789062,183.74000549316406,175.5699920654297,20379500,0.006022765395696128
2019-06-18,185.91000366210938,187.72000122070312,185.42999267578125,186.41000366210938,178.1212615966797,48177300,0.014531353001936864
2019-06-19,186.66000366210938,187.52999877929688,185.57000732421875,187.11000061035156,178.79017639160156,31672900,0.0037553899457354323
2019-06-20,189.72000122070312,189.75999450683594,187.16000366210938,188.85000610351562,180.4527587890625,40922000,0.009299070178326874
2019-06-21,188.6300048828125,189.77000427246094,188.1699981689453,188.57000732421875,180.18524169921875,39980400,-0.0014824771404933212
2019-06-24,188.52999877929688,188.72000122070312,188.05999755859375,188.16000366210938,180.19100952148438,19375200,3.201051435297586e-05
2019-06-25,188.02999877929688,188.13999938964844,184.64999389648438,184.92999267578125,177.09774780273438,33921100,-0.017166570779332813
2019-06-26,186.16000366210938,187.3300018310547,185.49000549316406,185.7899932861328,177.92135620117188,22595700,0.004650586518778921
2019-06-27,186.4600067138672,186.94000244140625,185.99000549316406,186.5,178.60130310058594,19709200,0.0038216148636214253
2019-06-28,186.9499969482422,187.14999389648438,186.07000732421875,186.74000549316406,178.83111572265625,21179200,0.00128673541615143
2019-07-01,190.32000732421875,190.57000732421875,188.3800048828125,189.25999450683594,181.244384765625,31025600,0.013494682025646076
2019-07-02,189.1999969482422,190.02999877929688,188.66000366210938,190.00999450683594,181.96261596679688,18035800,0.003962777672260831
2019-07-03,190.49000549316406,191.44000244140625,190.2899932861328,191.44000244140625,183.33204650878906,15792100,0.007525889506018402
2019-07-05,190.1300048828125,191.39999389648438,189.38999938964844,191.0500030517578,182.95860290527344,21415600,-0.0020369794077311765
2019-07-08,189.80999755859375,189.8699951171875,188.92999267578125,189.7100067138672,181.6753387451172,17598800,-0.0070139591130385925
2019-07-09,188.80999755859375,190.89999389648438,188.64999389648438,190.66000366210938,182.58509826660156,19193500,0.005007611532574119
2019-07-10,191.82000732421875,193.08999633789062,191.47000122070312,192.55999755859375,184.4045867919922,28374500,0.009965153469063015
2019-07-11,192.85000610351562,193.33999633789062,191.80999755859375,192.4199981689453,184.2705535888672,23736100,-0.0007268431087139593
2019-07-12,192.6300048828125,193.5399932861328,192.4499969482422,193.52999877929688,185.33355712890625,20211900,0.005768710840315716
2019-07-15,193.97999572753906,194.19000244140625,193.44000244140625,194.14999389648438,185.92726135253906,15606100,0.0032034361873272132
2019-07-16,193.91000366210938,194.08999633789062,192.55999755859375,193.14999389648438,184.96961975097656,20190900,-0.005150625005693521
2019-07-17,193.14999389648438,193.49000549316406,192.17999267578125,192.1999969482422,184.0598602294922,16765100,-0.00491842672709808
2019-07-18,191.2899932861328,192.7899932861328,190.69000244140625,192.4199981689453,184.2705535888672,28877000,0.0011447002030333664
2019-07-19,193.74000549316406,193.8300018310547,190.80999755859375,191.00999450683594,182.92025756835938,29387900,-0.0073277905460712445
2019-07-22,191.44000244140625,192.94000244140625,191.44000244140625,192.52999877929688,184.37594604492188,18954900,0.007958049567137193
2019-07-23,193.5800018310547,193.80999755859375,192.2899932861328,193.7899932861328,185.5825653076172,23786700,0.006544342082460908
2019-07-24,193.0500030517578,195.16000366210938,193.02999877929688,195.14999389648438,186.8849334716797,20422900,0.007017729073330425
2019-07-25,194.49000549316406,194.52000427246094,192.92999267578125,193.3000030517578,185.11329650878906,23434700,-0.009479827667108864
2019-07-26,194.52999877929688,195.5500030517578,194.42999267578125,195.2899932861328,187.01898193359375,20431200,0.010294697683773446
2019-07-29,195.11000061035156,195.17999267578125,193.38999938964844,194.6199951171875,186.3773651123047,20451700,-0.0034307577479856244
2019-07-30,193.1300048828125,194.5399932861328,192.99000549316406,193.77999877929688,185.57296752929688,18705000,-0.00431596177209137
2019-07-31,194.3000030517578,194.42999267578125,189.32000732421875,191.10000610351562,183.00643920898438,41627500,-0.01383029195729879
2019-08-01,191.42999267578125,194.97999572753906,189.22999572753906,190.14999389648438,182.09664916992188,63251600,-0.004971355341347072
2019-08-02,188.72000122070312,188.99000549316406,186.2100067138672,187.35000610351562,179.41531372070312,55214000,-0.01472479291322204
2019-08-05,183.42999267578125,183.50999450683594,179.1999969482422,180.72999572753906,173.07562255859375,75040000,-0.03533528454532264
2019-08-06,182.39999389648438,183.8000030517578,181.07000732421875,183.25999450683594,175.49851989746094,41897200,0.013999067592820102
2019-08-07,181.27000427246094,184.50999450683594,179.88999938964844,184.25,176.44659423828125,49990600,0.00540217855611691
2019-08-08,185.0800018310547,188.32000732421875,184.57000732421875,188.25999450683594,180.28671264648438,38418100,0.0217636300931785
2019-08-09,187.36000061035156,188.0,185.02999877929688,186.49000549316406,178.59169006347656,33608900,-0.009401816462933144
2019-08-12,185.33999633789062,185.89999389648438,183.5,184.35000610351562,176.5423583984375,24642900,-0.011474955325808667
2019-08-13,184.19000244140625,189.67999267578125,184.02000427246094,188.38999938964844,180.41123962402344,40241900,0.02191474760325951
2019-08-14,185.36000061035156,185.9499969482422,182.4199981689453,182.75999450683594,175.0196533203125,51000500,-0.029884980087421353
2019-08-15,183.0,183.58999633789062,181.16000366210938,182.5500030517578,174.81857299804688,36685000,-0.0011489013859352637
2019-08-16,184.2100067138672,185.9499969482422,184.10000610351562,185.47999572753906,177.62445068359375,32781400,0.016050226457221095
2019-08-19,188.16000366210938,188.8300018310547,187.5,188.42999267578125,180.4495391845703,22494100,0.015904840184468583
2019-08-20,187.9600067138672,188.63999938964844,186.9199981689453,186.97000122070312,179.05140686035156,19902900,-0.007748051508120968
2019-08-21,188.61000061035156,189.22999572753906,187.9600067138672,188.6300048828125,180.64105224609375,20418500,0.00887815077030929
2019-08-22,188.97999572753906,189.4600067138672,186.5399932861328,188.02000427246094,180.056884765625,24243700,-0.0032338578258108708
2019-08-23,186.74000549316406,188.4499969482422,181.55999755859375,182.07000732421875,174.35894775390625,55372400,-0.0316452048980832
2019-08-26,184.13999938964844,184.8699951171875,183.0800018310547,184.82000732421875,176.99241638183594,27598900,0.015103719435417995
2019-08-27,186.11000061035156,186.4199981689453,183.7100067138672,184.42999267578125,176.61892700195312,28012800,-0.002110199903011978
2019-08-28,183.8300018310547,185.39999389648438,182.91000366210938,185.08999633789062,177.25099182128906,21792400,0.003578692442905318
2019-08-29,187.38999938964844,188.4600067138672,186.67999267578125,187.9199981689453,179.96112060546875,25358900,0.015289780645696638
2019-08-30,188.92999267578125,188.97000122070312,186.41000366210938,187.47000122070312,179.5302276611328,26319800,-0.0023943668659442974
2019-09-03,186.22000122070312,187.17999267578125,185.02999877929688,185.64999389648438,177.78729248046875,27964200,-0.009708310424213829
2019-09-04,187.44000244140625,188.49000549316406,186.89999389648438,188.3300018310547,180.3538055419922,21592100,0.0144358633607371
2019-09-05,190.41000366210938,192.3300018310547,190.33999633789062,191.77999877929688,183.65765380859375,33932600,0.018318705594666973
2019-09-06,192.10000610351562,192.1699981689453,191.1699981689453,191.58999633789062,183.4757080078125,19487800,-0.000990679108701209
2019-09-09,192.19000244140625,192.27000427246094,190.22000122070312,191.19000244140625,183.0926513671875,24407600,-0.0020877785118490477
2019-09-10,190.16000366210938,190.74000549316406,188.91000366210938,190.63999938964844,182.5659942626953,23744700,-0.0028764513515946444
2019-09-11,191.0,192.52999877929688,190.55999755859375,192.42999267578125,184.28013610839844,25063600,0.00938916282096125
2019-09-12,193.61000061035156,194.7100067138672,192.97000122070312,193.22999572753906,185.0462646484375,28689900,0.004157412492838741
2019-09-13,192.9499969482422,193.39999389648438,192.2899932861328,192.5399932861328,184.38548278808594,27669800,-0.0035709008317836854
2019-09-16,191.3000030517578,192.0800018310547,191.11000061035156,191.67999267578125,183.5618438720703,20319000,-0.00446694014930793
2019-09-17,191.6999969482422,192.60000610351562,191.2899932861328,192.60000610351562,184.4429473876953,20953400,0.004800036309501543
2019-09-18,192.1999969482422,192.60000610351562,190.11000061035156,192.52000427246094,184.3663330078125,29781300,-0.0004153825395218913
2019-09-19,192.86000061035156,194.0399932861328,192.47000122070312,192.83999633789062,184.6727294921875,26039400,0.001661889561810792
2019-09-20,193.11000061035156,193.30999755859375,190.16000366210938,190.8000030517578,182.71914672851562,29086100,-0.01057862072566873
2019-09-23,190.36000061035156,191.07000732421875,189.72000122070312,190.5,182.7998046875,22485900,0.0004414313465692654
2019-09-24,191.3699951171875,191.7899932861328,187.14999389648438,187.97000122070312,180.37203979492188,40820700,-0.013281003755602705
2019-09-25,187.77999877929688,190.5800018310547,186.2100067138672,190.0800018310547,182.39675903320312,34704900,0.01122523890389715
2019-09-26,189.8300018310547,190.0,187.97999572753906,189.3800048828125,181.72503662109375,26826000,-0.0036827540997430575
2019-09-27,189.72999572753906,189.8300018310547,185.75,187.02999877929688,179.47003173828125,40773500,-0.012408883909124202
2019-09-30,187.7899932861328,189.11000061035156,187.39999389648438,188.80999755859375,181.17808532714844,26307700,0.009517207816389206
2019-10-01,189.5,190.58999633789062,186.9600067138672,187.27000427246094,179.70037841796875,32367600,-0.008156101807298755
2019-10-02,186.0,186.02999877929688,183.02000427246094,184.0500030517578,176.61045837402344,48544300,-0.017194844391247743
2019-10-03,184.02999877929688,186.2100067138672,181.82000732421875,186.07000732421875,178.5487823486328,39392500,0.010975136990496903
2019-10-04,187.0800018310547,189.0800018310547,186.8800048828125,188.80999755859375,181.17808532714844,31887600,0.014725964209499232
2019-10-07,188.27000427246094,189.74000549316406,187.91000366210938,188.24000549316406,180.63111877441406,21216000,-0.003018944326223183
2019-10-08,187.05999755859375,187.86000061035156,185.27000427246094,185.4199981689453,177.92515563964844,32379300,-0.014980603304268092
2019-10-09,186.99000549316406,188.0800018310547,186.42999267578125,187.22999572753906,179.66197204589844,20147400,0.009761499997041234
2019-10-10,187.27999877929688,189.42999267578125,187.1199951171875,188.67999267578125,181.05332946777344,25177700,0.007744306744665641
2019-10-11,190.8300018310547,192.6300048828125,190.72000122070312,191.11000061035156,183.38510131835938,40976700,0.012878922787227687
2019-10-14,190.83999633789062,191.6999969482422,190.64999389648438,191.08999633789062,183.3658905029297,14975000,-0.00010475668574805308
2019-10-15,191.67999267578125,193.97000122070312,191.55999755859375,193.52000427246094,185.69769287109375,23234200,0.012716663725017119
2019-10-16,192.86000061035156,193.52999877929688,192.42999267578125,193.0399932861328,185.23707580566406,20457100,-0.002480467356960836
2019-10-17,194.1999969482422,194.5,192.80999755859375,193.5500030517578,185.7265167236328,19045200,0.002642240576515187
2019-10-18,193.1999969482422,193.6699981689453,190.7100067138672,191.69000244140625,183.9416961669922,27700800,-0.009609939324369599
2019-10-21,192.7100067138672,193.52000427246094,192.13999938964844,193.38999938964844,185.5729522705078,15801200,0.008868332398298095
2019-10-22,194.14999389648438,194.4199981689453,191.7899932861328,191.85000610351562,184.09521484375,22392300,-0.00796310781650833
2019-10-23,191.4600067138672,192.25999450683594,191.14999389648438,192.22000122070312,184.45025634765625,14828400,0.0019285754070663685
2019-10-24,193.58999633789062,194.2100067138672,192.74000549316406,194.08999633789062,186.24462890625,18998500,0.009728219380794378
2019-10-25,193.08999633789062,195.74000549316406,193.0500030517578,195.63999938964844,187.7320098876953,21507100,0.0079861684612339
2019-10-28,196.5500030517578,197.8300018310547,196.5500030517578,197.57000732421875,189.58399963378906,18818700,0.00986507174350093
2019-10-29,197.24000549316406,197.5399932861328,196.00999450683594,196.0399932861328,188.11581420898438,18569700,-0.007744247550640959
2019-10-30,196.4199981689453,197.32000732421875,195.2899932861328,196.99000549316406,189.02745056152344,21764300,0.0048461441499345614
2019-10-31,197.55999755859375,197.64999389648438,195.94000244140625,197.0800018310547,189.11376953125,26801800,0.0004566478015237685
2019-11-01,197.92999267578125,198.8800048828125,197.6300048828125,198.8699951171875,190.8314208984375,22131900,0.00908263513251839
2019-11-04,200.19000244140625,200.52999877929688,198.8699951171875,200.10000610351562,192.01174926757812,19015900,0.0061851888100168395
2019-11-05,200.35000610351562,200.5500030517578,199.5500030517578,200.2100067138672,192.1173095703125,15048900,0.0005497596013630535
2019-11-06,199.97999572753906,200.0,198.7899932861328,199.75999450683594,191.68548583984375,19725500,-0.002247708608009158
2019-11-07,200.75999450683594,201.72000122070312,199.85000610351562,200.42999267578125,192.328369140625,17832400,0.003353844439314413
2019-11-08,200.07000732421875,201.25,199.5399932861328,201.22999572753906,193.09603881835938,15258800,0.003991453165045344
2019-11-11,200.2100067138672,201.0399932861328,199.94000244140625,200.9600067138672,192.8369598388672,10147600,-0.001341710482916203
2019-11-12,201.1300048828125,202.2100067138672,200.82000732421875,201.5399932861328,193.39352416992188,14778300,0.002886191171649566
2019-11-13,200.83999633789062,201.77999877929688,200.7100067138672,201.58999633789062,193.44151306152344,15774600,0.0002481411505763642
2019-11-14,200.8300018310547,201.55999755859375,200.22000122070312,201.42999267578125,193.28797912597656,16945400,-0.0007936969325609278
2019-11-15,202.64999389648438,202.91000366210938,202.0,202.91000366210938,194.70816040039062,18427900,0.007347488865246277
2019-11-18,202.58999633789062,203.38999938964844,201.77000427246094,203.07000732421875,194.8616943359375,18365900,0.0007885336455912828
2019-11-19,203.83999633789062,203.83999633789062,202.58999633789062,203.3699951171875,195.14959716796875,16923300,0.001477472691656434
2019-11-20,202.83999633789062,203.4499969482422,200.6199951171875,202.14999389648438,193.97886657714844,36629000,-0.005999144286281233
2019-11-21,201.92999267578125,202.07000732421875,201.07000732421875,201.6999969482422,193.5470428466797,17883600,-0.0022261380226026306
2019-11-22,202.1999969482422,202.32000732421875,200.74000549316406,201.8300018310547,193.6717529296875,17189600,0.0006443399040025888
2019-11-25,202.6999969482422,204.25999450683594,202.6699981689453,204.22000122070312,195.96522521972656,17752800,0.011842058820378032
2019-11-26,204.35000610351562,204.8699951171875,204.0500030517578,204.61000061035156,196.3394012451172,14780600,0.0019094001242878633
2019-11-27,205.13999938964844,206.0500030517578,204.88999938964844,206.0399932861328,197.71160888671875,16963100,0.00698895704529745
2019-11-29,205.52000427246094,205.8300018310547,205.0,205.10000610351562,196.80963134765625,9854600,-0.004562086890807171
2019-12-02,205.11000061035156,205.17999267578125,201.77999877929688,203.0,194.7944793701172,28007000,-0.010239092282934958
2019-12-03,200.2100067138672,201.49000549316406,199.22999572753906,201.41000366210938,193.26876831054688,31104100,-0.007832414268124088
2019-12-04,202.44000244140625,202.91000366210938,202.13999938964844,202.42999267578125,194.24752807617188,15300100,0.0050642417509088045
2019-12-05,203.14999389648438,203.14999389648438,201.83999633789062,202.8300018310547,194.6313934326172,14962300,0.001976165978775146
2019-12-06,204.30999755859375,205.14999389648438,204.14999389648438,205.0,196.71363830566406,16555300,0.010698401919255529
2019-12-09,204.6300048828125,205.58999633789062,203.97999572753906,204.07000732421875,195.82125854492188,13984100,-0.004536440728911573
2019-12-10,204.1699981689453,204.8800048828125,203.44000244140625,203.89999389648438,195.6580810546875,21799800,-0.00083329813855193
2019-12-11,204.36000061035156,205.19000244140625,204.0399932861328,204.97999572753906,196.69448852539062,18780800,0.005297033810800933
2019-12-12,204.77000427246094,207.32000732421875,204.49000549316406,206.50999450683594,198.16262817382812,32612000,0.007464060937569128
2019-12-13,206.39999389648438,207.91000366210938,205.9600067138672,207.19000244140625,198.815185546875,32519400,0.0032930395557453362
2019-12-16,208.5500030517578,209.52999877929688,208.47999572753906,209.27000427246094,200.81109619140625,21296600,0.010039025133020685
2019-12-17,209.5399932861328,209.7100067138672,209.0399932861328,209.38999938964844,200.92623901367188,15996100,0.0005733887441949914
2019-12-18,209.57000732421875,210.1300048828125,209.3300018310547,209.5500030517578,201.07974243164062,15443300,0.000763978954278377
2019-12-19,209.63999938964844,210.92999267578125,209.6199951171875,210.86000061035156,202.3367919921875,17865900,0.006251497765739522
2019-12-20,211.86000061035156,212.52000427246094,211.27000427246094,211.7100067138672,203.15243530273438,27672600,0.0040311171414557645
2019-12-23,212.0,212.14999389648438,211.6300048828125,211.80999755859375,203.68907165527344,23774700,0.002641545260037681
2019-12-24,212.0,212.08999633789062,211.44000244140625,211.9199981689453,203.7948455810547,7089000,0.0005192911181817195
2019-12-26,212.25999450683594,213.80999755859375,212.22999572753906,213.7899932861328,205.59310913085938,17067500,0.008823891225892
2019-12-27,214.5399932861328,214.55999755859375,213.0399932861328,213.61000061035156,205.4200439453125,18134100,-0.000841784952221869
2019-12-30,213.5,213.6300048828125,211.16000366210938,212.2100067138672,204.07374572753906,21815500,-0.006553879513977012
2019-12-31,211.52999877929688,212.75999450683594,211.1999969482422,212.61000061035156,204.4583740234375,18170900,0.0018847514878859162
2020-01-02,214.39999389648438,216.16000366210938,213.97999572753906,216.16000366210938,207.87225341796875,30969400,0.01669718548255661
2020-01-03,213.3000030517578,215.47000122070312,213.27999877929688,214.17999267578125,205.96817016601562,27518900,-0.009159872088001064
2020-01-06,212.5,215.58999633789062,212.24000549316406,215.55999755859375,207.29525756835938,21655300,0.0064431674140430495
2020-01-07,215.63999938964844,216.13999938964844,214.85000610351562,215.52999877929688,207.26641845703125,22139300,-0.00013912094114654217
2020-01-08,215.5,218.13999938964844,215.16000366210938,217.14999389648438,208.82427978515625,26397300,0.007516226409093774
2020-01-09,218.94000244140625,219.41000366210938,217.7100067138672,218.99000549316406,210.59375,23547000,0.008473488890584191
2020-01-10,219.85000610351562,219.8699951171875,218.0399932861328,218.42999267578125,210.0552215576172,21898500,-0.002557191001075876
2020-01-13,219.3300018310547,220.97999572753906,218.97999572753906,220.9499969482422,212.47860717773438,22756900,0.011536897784054645
2020-01-14,220.83999633789062,221.2100067138672,219.74000549316406,220.0800018310547,211.6419677734375,24418100,-0.00393752300718464
2020-01-15,220.1999969482422,221.1999969482422,219.4499969482422,220.1699981689453,211.72853088378906,25742100,0.0004090073025790897
2020-01-16,221.27000427246094,222.32000732421875,220.8000030517578,222.27999877929688,213.7576141357422,18805000,0.009583419123929238
2020-01-17,223.27999877929688,223.55999755859375,222.1199951171875,223.3800048828125,214.8154754638672,24325200,0.004948882557480383
2020-01-21,222.75999450683594,223.83999633789062,222.66000366210938,223.27999877929688,214.71923828125,21146300,-0.00044799929990790854
2020-01-22,224.41000366210938,225.14999389648438,223.58999633789062,223.8699951171875,215.28662109375,20736400,0.0026424405052929423
2020-01-23,223.74000549316406,224.69000244140625,222.6999969482422,224.58999633789062,215.97903442382812,26496100,0.0032162394790737903
2020-01-24,225.63999938964844,225.8800048828125,221.6699981689453,222.6999969482422,214.16156005859375,37436500,-0.008415049961135734
2020-01-27,217.6699981689453,219.27999877929688,217.17999267578125,218.10000610351562,209.73788452148438,42264400,-0.02065578685502234
2020-01-28,219.63999938964844,221.9600067138672,219.05999755859375,221.4499969482422,212.95947265625,26731900,0.015360067839511382
2020-01-29,222.67999267578125,222.92999267578125,220.8300018310547,221.80999755859375,213.30564880371094,28924500,0.0016255494209440613
2020-01-30,220.3800048828125,222.6999969482422,219.69000244140625,222.60000610351562,214.0653533935547,39568100,0.0035615774551889245
2020-01-31,223.52999877929688,223.55999755859375,218.2899932861328,219.07000732421875,210.67071533203125,52015800,-0.015857951825032024
2020-02-03,220.13999938964844,222.88999938964844,219.99000549316406,222.3800048828125,213.8538055419922,25408600,0.015109315050951366
2020-02-04,225.4199981689453,227.86000061035156,224.64999389648438,227.47000122070312,218.74864196777344,30691200,0.022888703866530413
2020-02-05,230.2100067138672,230.25,226.85000610351562,228.22000122070312,219.4698944091797,38534800,0.003297174487202126
2020-02-06,228.7899932861328,230.25,227.97999572753906,230.19000244140625,221.36428833007812,22467100,0.008631680103543093
2020-02-07,229.16000366210938,230.44000244140625,228.5399932861328,229.1999969482422,220.4122772216797,25884900,-0.004300653531697396
2020-02-10,228.44000244140625,231.97999572753906,228.3800048828125,231.97000122070312,223.0760955810547,21478900,0.01208561697629884
2020-02-11,233.25,234.02000427246094,231.39999389648438,232.00999450683594,223.11456298828125,30198000,0.0001724407410232942
2020-02-12,233.3800048828125,234.3800048828125,232.8000030517578,234.27000427246094,225.28793334960938,24471300,0.009741051109435128
2020-02-13,232.63999938964844,234.92999267578125,232.36000061035156,233.97000122070312,224.99945068359375,22773200,-0.0012805065132713844
2020-02-14,234.33999633789062,234.86000061035156,233.5500030517578,234.63999938964844,225.64370727539062,23438500,0.0028633696208568704
2020-02-18,233.5,235.1699981689453,233.25,234.72999572753906,225.73025512695312,24394500,0.0003835597837296145
2020-02-19,236.1300048828125,237.47000122070312,235.85000610351562,236.97999572753906,227.89402770996094,22230500,0.009585656037959467
2020-02-20,236.4600067138672,236.9499969482422,231.8800048828125,234.77999877929688,225.7783660888672,42604000,-0.009283532536387251
2020-02-21,233.61000061035156,234.00999450683594,229.32000732421875,230.27000427246094,221.44126892089844,66017200,-0.01920953385880053
2020-02-24,221.67999267578125,224.25,220.25999450683594,221.38999938964844,212.90174865722656,84522600,-0.038563364025529956
2020-02-25,223.25,223.99000549316406,214.74000549316406,215.3699951171875,207.112548828125,97743000,-0.02719188482769208
2020-02-26,216.7100067138672,220.27999877929688,214.89999389648438,216.47999572753906,208.18002319335938,79537700,0.005154078646003368
2020-02-27,210.89999389648438,216.4199981689453,205.5,205.63999938964844,197.755615234375,121822600,-0.0500740070977036
2020-02-28,198.63999938964844,207.1699981689453,198.1699981689453,205.8000030517578,197.90945434570312,148173700,0.0007779253759534477
2020-03-02,208.8800048828125,216.57000732421875,205.94000244140625,216.4199981689453,208.12229919433594,112933900,0.05160362289106857
2020-03-03,217.11000061035156,219.61000061035156,207.6199951171875,209.47999572753906,201.44834899902344,131953500,-0.03206744409968598
2020-03-04,213.32000732421875,218.3300018310547,211.3699951171875,218.22000122070312,209.85325622558594,73086200,0.041722393200667174
2020-03-05,212.69000244140625,216.36000061035156,210.10000610351562,211.58999633789062,203.4774627685547,78705500,-0.030382151660193757
2020-03-06,204.6699981689453,209.14999389648438,202.91000366210938,208.02000427246094,200.04437255859375,89828400,-0.016872090713387244
2020-03-09,193.47999572753906,201.16000366210938,192.11000061035156,193.57000732421875,186.1483917236328,116424000,-0.06946449258846688
2020-03-10,201.11000061035156,204.3000030517578,193.67999267578125,204.11000061035156,196.28424072265625,100599200,0.05445037104629802
2020-03-11,199.35000610351562,200.75,192.72999572753906,195.22000122070312,187.73507690429688,89168800,-0.043555018919929966
2020-03-12,182.08999633789062,190.77999877929688,176.94000244140625,177.32000732421875,170.5214385986328,137820700,-0.09169111382652906
2020-03-13,187.07000732421875,194.47999572753906,178.1300048828125,192.33999633789062,184.9655303955078,134882000,0.08470543009476361
2020-03-16,174.14999389648438,184.67999267578125,169.16000366210938,169.3000030517578,162.80889892578125,92054400,-0.11978789465447703
2020-03-17,175.47000122070312,184.38999938964844,169.77999877929688,182.13999938964844,175.1566162109375,121257100,0.07584178362870153
2020-03-18,171.61000061035156,179.22000122070312,166.8000030517578,176.60000610351562,169.82904052734375,114156300,-0.030416068766582316
2020-03-19,175.69000244140625,183.49000549316406,171.6300048828125,177.66000366210938,170.84835815429688,120896500,0.006002021937991264
2020-03-20,181.74000549316406,182.8699951171875,170.10000610351562,170.6999969482422,164.1552276611328,118983900,-0.039175854924630604
2020-03-23,170.9199981689453,174.2100067138672,164.92999267578125,170.4600067138672,164.2738037109375,124639800,0.0007223409908667655
2020-03-24,179.91000366210938,183.8300018310547,177.9499969482422,183.66000366210938,176.99473571777344,94881800,0.07743737418547991
2020-03-25,184.4199981689453,189.50999450683594,179.97999572753906,182.3000030517578,175.68408203125,88754900,-0.007405043326335625
2020-03-26,183.8699951171875,192.72000122070312,183.61000061035156,191.89999389648438,184.9356689453125,79887600,0.05266035947648828
2020-03-27,186.92999267578125,190.50999450683594,184.66000366210938,185.3000030517578,178.57518005371094,58845000,-0.03439298069364016
2020-03-30,187.05999755859375,192.49000549316406,186.33999633789062,192.0399932861328,185.07058715820312,49356900,0.03637351563939917
2020-03-31,191.72000122070312,195.25,189.1999969482422,190.39999389648438,183.49012756347656,62659300,-0.008539766469620291
2020-04-01,184.77000427246094,187.66000366210938,180.86000061035156,182.30999755859375,175.6937255859375,53715400,-0.04248949020345505
2020-04-02,181.24000549316406,190.10000610351562,180.97000122070312,186.00999450683594,179.25941467285156,56465300,0.020294914203808467
2020-04-03,185.5500030517578,187.07000732421875,181.2899932861328,183.3699951171875,176.71522521972656,47487600,-0.0141927800989875
2020-04-06,190.47999572753906,197.64999389648438,189.19000244140625,196.47999572753906,189.34947204589844,64763500,0.07149495359249625
2020-04-07,202.3699951171875,202.66000366210938,196.0,196.39999389648438,189.27236938476562,69904500,-0.00040719765574059874
2020-04-08,198.14999389648438,201.1699981689453,196.1699981689453,200.57000732421875,193.29100036621094,45940400,0.021232000183164512
2020-04-09,202.35000610351562,203.22000122070312,199.02999877929688,200.86000061035156,193.57052612304688,68252600,0.0014461395321372361
2020-04-13,200.0,203.4199981689453,198.75,203.02999877929688,195.66177368164062,42853900,0.01080354328976929
2020-04-14,207.22999572753906,212.5,206.4199981689453,211.86000061035156,204.1713104248047,63959600,0.043491053888788045
2020-04-15,208.47999572753906,211.8300018310547,207.1199951171875,209.42999267578125,201.82948303222656,47036000,-0.011469914101573053
2020-04-16,211.69000244140625,214.3699951171875,209.69000244140625,213.25,205.5108642578125,64657400,0.01824005675621798
2020-04-17,216.1699981689453,216.50999450683594,212.0800018310547,215.2899932861328,207.47682189941406,62863200,0.009566198111722546
2020-04-20,213.36000061035156,215.8800048828125,212.57000732421875,212.74000549316406,205.0193634033203,38249100,-0.01184449652542463
2020-04-21,210.60000610351562,211.16000366210938,203.6300048828125,204.88999938964844,197.4542236328125,72932800,-0.036899635453581214
2020-04-22,209.10000610351562,212.35000610351562,208.3300018310547,210.97000122070312,203.31358337402344,40089100,0.029674522192582042
2020-04-23,211.7899932861328,214.44000244140625,210.10000610351562,210.52000427246094,202.8799591064453,43278500,-0.0021327855246169314
2020-04-24,210.97000122070312,214.3000030517578,209.5,213.83999633789062,206.07943725585938,34231900,0.015770301628143413
2020-04-27,216.19000244140625,216.6300048828125,214.5,215.55999755859375,207.7370147705078,36451700,0.008043391115196252
2020-04-28,217.32000732421875,217.32000732421875,211.2100067138672,211.5,203.82437133789062,46862800,-0.018834599298250154
2020-04-29,216.19000244140625,219.97000122070312,215.13999938964844,219.0,211.0522003173828,48716400,0.03546106352272371
2020-04-30,219.9499969482422,220.0399932861328,217.35000610351562,218.91000366210938,210.9654541015625,43359500,-0.000411017822557036
2020-05-01,214.5,216.6699981689453,211.67999267578125,212.74000549316406,205.0193634033203,48795000,-0.028185139237913548
2020-05-04,211.4600067138672,215.4499969482422,211.1199951171875,215.22000122070312,207.4093780517578,32841000,0.011657506924044991
2020-05-05,217.44000244140625,220.13999938964844,216.85000610351562,217.66000366210938,209.76080322265625,37783100,0.011337120784922439
2020-05-06,219.39999389648438,221.0399932861328,218.11000061035156,219.0,211.0522003173828,36455200,0.006156522452651858
2020-05-07,221.82000732421875,222.72999572753906,220.4199981689453,221.82000732421875,213.7698516845703,38624800,0.012876678675231457
2020-05-08,223.5500030517578,225.0,222.47999572753906,224.86000061035156,216.69947814941406,31852300,0.013704582015459321
2020-05-11,223.49000549316406,227.92999267578125,223.25,226.8699951171875,218.63653564453125,35714100,0.008938911674635452
2020-05-12,227.49000549316406,228.10000610351562,222.08999633789062,222.1199951171875,214.05897521972656,41054100,-0.020936850336153667
2020-05-13,222.66000366210938,224.61000061035156,216.7100067138672,219.33999633789062,211.37982177734375,65521200,-0.012515959396856569
2020-05-14,217.97000122070312,221.8699951171875,215.99000549316406,221.8300018310547,213.77947998046875,51549300,0.011352352286741363
2020-05-15,218.77999877929688,223.3300018310547,218.3300018310547,223.27000427246094,215.16720581054688,55747200,0.006491389305488537
2020-05-18,226.27999877929688,228.67999267578125,225.47000122070312,227.42999267578125,219.17626953125,42398100,0.018632317622942374
2020-05-19,227.6999969482422,229.85000610351562,226.7100067138672,226.86000061035156,218.6269073486328,36237300,-0.002506485687488458
2020-05-20,229.5,231.75999450683594,229.47999572753906,231.38999938964844,222.99249267578125,37417000,0.01996819778540293
2020-05-21,231.44000244140625,232.13999938964844,228.33999633789062,228.8699951171875,220.56398010253906,43642900,-0.010890557543446588
2020-05-22,228.4499969482422,229.8699951171875,227.5,229.66000366210938,221.32534790039062,28762400,0.0034519135785344712
2020-05-26,233.36000061035156,233.57000732421875,228.7899932861328,229.0399932861328,220.72776794433594,33055300,-0.0027000068529142718
2020-05-27,228.69000244140625,230.41000366210938,223.94000244140625,230.2899932861328,221.93243408203125,55665600,0.005457700899685225
2020-05-28,229.11000061035156,233.47000122070312,229.0500030517578,229.99000549316406,221.6433563232422,42784300,-0.0013025484985318414
2020-05-29,230.3800048828125,233.60000610351562,228.75999450683594,233.36000061035156,224.89102172851562,50691800,0.014652662994947052
2020-06-01,232.4600067138672,234.4499969482422,232.0,234.05999755859375,225.5655975341797,25776000,0.002999567525992175
2020-06-02,234.5,235.69000244140625,232.00999450683594,235.6300048828125,227.07867431640625,33383400,0.00670792354316041
2020-06-03,236.25999450683594,237.47000122070312,235.35000610351562,236.69000244140625,228.1001739501953,37228700,0.004498439304633894
2020-06-04,236.3300018310547,237.7899932861328,233.67999267578125,235.02999877929688,226.50045776367188,38716100,-0.00701321774034569
2020-06-05,236.22000122070312,240.3000030517578,235.6300048828125,239.69000244140625,230.9913330078125,47365600,0.019827223699593333
2020-06-08,239.5399932861328,241.67999267578125,237.91000366210938,241.5500030517578,232.78382873535156,32937300,0.007760012915629444
2020-06-09,240.66000366210938,244.17999267578125,240.47000122070312,243.3000030517578,234.47035217285156,35046300,0.0072450197535731675
2020-06-10,245.0500030517578,247.82000732421875,244.50999450683594,246.22000122070312,237.2843017578125,58084400,0.012001302334746722
2020-06-11,242.16000366210938,243.58999633789062,233.9600067138672,234.02000427246094,225.5270538330078,72919400,-0.049549202529229674
2020-06-12,239.08999633789062,240.39999389648438,231.74000549316406,235.8800048828125,227.31961059570312,72034800,0.007948300357892402
2020-06-15,232.44000244140625,239.4499969482422,231.47000122070312,238.75,230.08544921875,45307400,0.012167180014952761
2020-06-16,243.77999877929688,244.38999938964844,239.10000610351562,242.85000610351562,234.03660583496094,48890100,0.017172561887885518
2020-06-17,244.39999389648438,245.5,242.72999572753906,243.6199951171875,234.77870178222656,34749300,0.00317085416880869
2020-06-18,243.2899932861328,244.52999877929688,242.49000549316406,244.27999877929688,235.414794921875,30578600,0.0027093306795709093
2020-06-19,246.72999572753906,247.0,242.4499969482422,244.24000549316406,235.3761749267578,49422100,-0.00016405084111215107
2020-06-22,243.67999267578125,246.8699951171875,243.3800048828125,246.74000549316406,238.19898986816406,24068700,0.011992781097256877
2020-06-23,248.38999938964844,251.14999389648438,247.82000732421875,248.83999633789062,240.22625732421875,32767400,0.008510814664565602
2020-06-24,248.05999755859375,249.3300018310547,242.16000366210938,243.7100067138672,235.2738800048828,46032400,-0.020615470492270194
2020-06-25,243.8000030517578,246.33999633789062,241.13999938964844,246.02999877929688,237.51356506347656,36940800,0.009519480269323921
2020-06-26,245.77999877929688,245.9600067138672,239.67999267578125,240.22000122070312,231.90463256835938,52824600,-0.023615209066556564
2020-06-29,239.97000122070312,242.85000610351562,237.35000610351562,242.83999633789062,234.4339599609375,34377800,0.010906756646323235
2020-06-30,242.77000427246094,248.16000366210938,242.5800018310547,247.60000610351562,239.0291748046875,38909200,0.0196013190431783
2020-07-01,247.63999938964844,251.52000427246094,247.0800018310547,250.49000549316406,241.81915283203125,34689200,0.011672123411811341
2020-07-02,253.02000427246094,254.27000427246094,251.7100067138672,252.19000244140625,243.46035766601562,31956500,0.0067869100307549335
2020-07-06,255.4499969482422,258.92999267578125,255.42999267578125,258.3900146484375,249.4457244873047,34589000,0.024584564315394353
2020-07-07,258.1300048828125,260.8800048828125,256.29998779296875,256.6099853515625,247.72727966308594,36578200,-0.006889053030476822
2020-07-08,257.9800109863281,260.0199890136719,256.5,259.989990234375,250.99029541015625,30426300,0.013171806316640167
2020-07-09,261.9700012207031,262.8699951171875,257.6300048828125,262.17999267578125,253.1044464111328,40312900,0.008423238028074875
2020-07-10,262.0299987792969,264.2300109863281,259.260009765625,263.9700012207031,254.83251953125,32885300,0.006827509925725117
2020-07-13,266.9100036621094,269.7900085449219,257.69000244140625,258.5400085449219,249.5905303955078,64108100,-0.02057033044834522
2020-07-14,255.92999267578125,260.7900085449219,252.75999450683594,260.3699951171875,251.35716247558594,72230500,0.007078121422630312
2020-07-15,261.8299865722656,262.69000244140625,257.489990234375,260.8999938964844,251.86880493164062,54523900,0.00203551970039606
2020-07-16,258.0199890136719,259.7799987792969,255.6199951171875,259.1199951171875,250.15042114257812,47594100,-0.006822535206489233
2020-07-17,259.5899963378906,260.30999755859375,257.1700134277344,259.4200134277344,250.44009399414062,35137900,0.0011579946587312318
2020-07-20,260.0799865722656,267.42999267578125,258.7900085449219,266.7799987792969,257.5452880859375,40610100,0.028370833034278897
2020-07-21,268.3999938964844,268.4100036621094,263.1300048828125,264.0,254.86146545410156,43243800,-0.010420779396827506
2020-07-22,264.510009765625,265.8900146484375,262.54998779296875,264.92999267578125,255.75936889648438,29865500,0.0035231039764405114
2020-07-23,264.510009765625,265.239990234375,256.54998779296875,258.010009765625,249.078857421875,51363500,-0.026120300122077778
2020-07-24,254.0399932861328,256.92999267578125,251.32000732421875,255.55999755859375,246.71363830566406,54054500,-0.009495864645809204
2020-07-27,257.260009765625,260.5199890136719,256.45001220703125,260.1199951171875,251.1157989501953,36445700,0.01784319940625756
2020-07-28,259.30999755859375,259.8500061035156,256.510009765625,256.80999755859375,247.92041015625,31302400,-0.012724762071139373
2020-07-29,258.3999938964844,260.6600036621094,257.9100036621094,259.7699890136719,250.7779083251953,27556900,0.011525868996200783
2020-07-30,257.739990234375,261.7099914550781,256.54998779296875,261.1300048828125,252.09091186523438,41774500,0.005235722511635288
2020-07-31,265.9100036621094,265.95001220703125,260.8500061035156,265.7900085449219,256.58953857421875,53686300,0.017845255410830818
2020-08-03,268.0,270.1499938964844,267.8699951171875,269.3800048828125,260.0552978515625,32081600,0.013507017069370075
2020-08-04,268.8599853515625,270.4800109863281,268.0899963378906,270.3800048828125,261.0206298828125,24911300,0.003712026016101433
2020-08-05,270.8800048828125,271.5199890136719,269.9599914550781,271.04998779296875,261.6674499511719,21612100,0.002478041941166742
2020-08-06,270.8500061035156,274.9800109863281,270.19000244140625,274.6400146484375,265.1332092285156,28048200,0.013244900265548809
2020-08-07,274.0799865722656,274.8800048828125,269.25,271.4700012207031,262.0729064941406,44969400,-0.011542510058547006
2020-08-10,271.7699890136719,271.9800109863281,266.6700134277344,270.30999755859375,260.9530944824219,35088400,-0.004272902631175968
2020-08-11,269.1099853515625,270.44000244140625,264.6300048828125,265.19000244140625,256.0102844238281,43104300,-0.01894137361504522
2020-08-12,267.4200134277344,272.8399963378906,267.3699951171875,271.8599853515625,262.449462890625,38773400,0.0251520304400612
2020-08-13,272.6600036621094,274.8299865722656,271.510009765625,272.4800109863281,263.0480041503906,31895700,0.0022805962457430606
2020-08-14,273.1199951171875,273.3999938964844,270.7200012207031,272.1600036621094,262.739013671875,30799500,-0.0011746543354838046
2020-08-17,273.92999267578125,275.8399963378906,272.20001220703125,275.32000732421875,265.78961181640625,24803000,0.01161075434476988
2020-08-18,276.4200134277344,278.4599914550781,274.9100036621094,277.9700012207031,268.3479309082031,23529500,0.00962535395688846
2020-08-19,277.92999267578125,279.0199890136719,275.57000732421875,276.1000061035156,266.5426940917969,31999400,-0.006727224653070962
2020-08-20,275.2799987792969,280.42999267578125,274.8599853515625,279.92999267578125,270.2400817871094,27723400,0.013871652749330776
2020-08-21,280.1300048828125,282.3399963378906,279.4599914550781,281.8699951171875,272.1128845214844,34748900,0.006930144196190646
2020-08-24,285.25,286.0,281.2699890136719,283.6300048828125,273.81195068359375,36418500,0.0062439754188678975
2020-08-25,282.8299865722656,286.05999755859375,282.3699951171875,285.8599853515625,275.9647521972656,34866600,0.007862335841431367
2020-08-26,287.1499938964844,292.2200012207031,285.8299865722656,291.9599914550781,281.8536376953125,42216700,0.02133926688520482
2020-08-27,292.9700012207031,293.8500061035156,288.7099914550781,291.04998779296875,280.97515869140625,49482700,-0.003116791435049393
2020-08-28,292.3299865722656,293.17999267578125,290.92999267578125,292.5299987792969,282.4039306640625,28021000,0.00508504730208359
2020-08-31,293.07000732421875,296.75,292.6199951171875,294.8800048828125,284.672607421875,36321000,0.008033446108479447
2020-09-01,297.6199951171875,300.0400085449219,295.7900085449219,299.9200134277344,289.53802490234375,36216200,0.01709127381286235
2020-09-02,303.2799987792969,303.5,296.8900146484375,302.760009765625,292.27978515625,50836800,0.009469430672641277
2020-09-03,298.1000061035156,298.6199951171875,284.4100036621094,287.4100036621094,277.4610900878906,110083300,-0.050700376218072885
2020-09-04,285.55999755859375,288.92999267578125,271.79998779296875,283.5799865722656,273.7637634277344,123959000,-0.013325568132760757
2020-09-08,272.2200012207031,278.2200012207031,269.6600036621094,269.95001220703125,260.6055603027344,99568600,-0.04806407889871578
2020-09-09,275.6400146484375,280.04998779296875,273.0,277.8800048828125,268.2610168457031,64837900,0.029375645454670085
2020-09-10,280.94000244140625,282.20001220703125,270.55999755859375,272.3399963378906,262.912841796875,69667500,-0.019936460063089467
2020-09-11,274.1499938964844,275.2200012207031,266.8999938964844,270.45001220703125,261.0882873535156,71809000,-0.006939769205982826
2020-09-14,274.3599853515625,277.2200012207031,272.9599914550781,275.1600036621094,265.63519287109375,38525200,0.017415202970869403
2020-09-15,279.0299987792969,280.45001220703125,275.1300048828125,279.05999755859375,269.40020751953125,41849900,0.014173628907162783
2020-09-16,279.8800048828125,280.3599853515625,274.25,274.6099853515625,265.10430908203125,42321000,-0.015946158605644523
2020-09-17,267.54998779296875,274.3999938964844,266.67999267578125,270.32000732421875,260.9626770019531,81570800,-0.015622650927173631
2020-09-18,271.7900085449219,272.0899963378906,262.6300048828125,266.8699951171875,257.6321716308594,86251100,-0.012762381997900918
2020-09-21,262.4700012207031,267.6499938964844,260.1099853515625,267.510009765625,258.25,57168600,0.00239810255539763
2020-09-22,269.989990234375,273.0799865722656,266.5400085449219,272.4800109863281,263.0480041503906,41128900,0.018578912489412014
2020-09-23,272.1499938964844,272.3399963378906,263.25,264.1600036621094,255.01589965820312,48837300,-0.030534747899456982
2020-09-24,261.3900146484375,268.70001220703125,261.2200012207031,265.3900146484375,256.20343017578125,70631700,0.00465669206967001
2020-09-25,265.9100036621094,272.3999938964844,264.29998779296875,271.55999755859375,262.15972900390625,55242400,0.023248318041793503
2020-09-28,276.5799865722656,277.20001220703125,271.6700134277344,277.20001220703125,267.6045837402344,58438300,0.020769226291986964
2020-09-29,276.6199951171875,277.7099914550781,275.3699951171875,275.95001220703125,266.3977966308594,27050000,-0.004509590577665312
2020-09-30,276.1499938964844,281.0899963378906,275.8699951171875,277.8399963378906,268.2225036621094,49380800,0.0068495575200964165
2020-10-01,281.7900085449219,282.8800048828125,279.8399963378906,282.25,272.4797668457031,50020200,0.015872132746015843
2020-10-02,276.0199890136719,282.239990234375,273.44000244140625,274.30999755859375,264.8145751953125,75497400,-0.02813123241818971
2020-10-05,276.3399963378906,280.489990234375,276.2300109863281,280.1600036621094,270.4621276855469,28184600,0.021326441288471498
2020-10-06,279.45001220703125,281.19000244140625,274.25,275.1600036621094,265.63519287109375,49704200,-0.01784698972739418
2020-10-07,277.8900146484375,280.739990234375,277.2799987792969,279.9200134277344,270.23040771484375,27539700,0.017298968536823223
2020-10-08,282.3999938964844,282.4700012207031,280.30999755859375,281.4100036621094,271.6687927246094,25443300,0.005322809605066592
2020-10-09,283.1099853515625,285.7900085449219,282.7099914550781,285.7099914550781,275.8199462890625,30201100,0.01528020028660837
2020-10-12,290.54998779296875,297.4599914550781,289.4700012207031,294.5299987792969,284.3346862792969,79370700,0.03087064624873359
2020-10-13,296.3900146484375,297.04998779296875,293.1099853515625,294.5199890136719,284.32501220703125,64240000,-3.402353892245635e-05
2020-10-14,295.3500061035156,296.3500061035156,290.260009765625,292.05999755859375,281.9502258300781,36949100,-0.008352365338945011
2020-10-15,287.20001220703125,290.7099914550781,286.5400085449219,290.1000061035156,280.0580749511719,42514200,-0.006710939398383742
2020-10-16,291.79998779296875,293.2699890136719,288.1499938964844,288.510009765625,278.5230712890625,40570700,-0.00548101911497112
2020-10-19,290.489990234375,291.4800109863281,282.7900085449219,283.79998779296875,273.97613525390625,36756800,-0.016325168375144194
2020-10-20,284.55999755859375,287.6199951171875,282.95001220703125,284.4100036621094,274.5650329589844,32195400,0.0021494489092357405
2020-10-21,284.6700134277344,287.32000732421875,283.69000244140625,284.19000244140625,274.3526611328125,29306100,-0.0007734846053889521
2020-10-22,285.04998779296875,285.9800109863281,280.82000732421875,284.17999267578125,274.3429870605469,32196200,-3.526144862486813e-05
2020-10-23,284.7699890136719,284.9100036621094,281.7799987792969,284.739990234375,274.8835144042969,24658500,0.001970261203107393
2020-10-26,282.3800048828125,285.29998779296875,276.760009765625,280.4700012207031,270.7614440917969,38421100,-0.014995698528640355
2020-10-27,281.5,283.510009765625,280.20001220703125,282.6600036621094,272.8755798339844,30559100,0.007808112226904473
2020-10-28,278.010009765625,278.6400146484375,271.3800048828125,271.6400146484375,262.2369689941406,53413500,-0.038987038877997815
2020-10-29,273.0,279.489990234375,272.5199890136719,276.3900146484375,266.82269287109375,43246300,0.017486946613753718
2020-10-30,274.3399963378906,275.239990234375,267.07000732421875,269.3800048828125,260.0552978515625,65838300,-0.02536289153936655
2020-11-02,271.8500061035156,273.5199890136719,266.9700012207031,269.9800109863281,260.63458251953125,39987400,0.0022275441906183246
2020-11-03,271.9599914550781,276.82000732421875,270.8399963378906,274.6499938964844,265.1427917480469,43604100,0.017297049320681657
2020-11-04,283.5899963378906,288.7699890136719,281.8699951171875,286.9100036621094,276.9784240722656,75728200,0.04463871050835744
2020-11-05,293.5299987792969,295.3900146484375,292.0,294.3900146484375,284.1996154785156,52054200,0.0260713137871198
2020-11-06,293.7099914550781,295.3599853515625,289.8299865722656,294.6099853515625,284.41192626953125,40959800,0.0007470481290348108
2020-11-09,297.6499938964844,299.1400146484375,288.1199951171875,288.5899963378906,278.60028076171875,86537100,-0.020433902277026572
2020-11-10,285.1700134277344,286.6600036621094,280.6199951171875,283.4200134277344,273.6092834472656,69024900,-0.017914545171337504
2020-11-11,286.0299987792969,290.25,283.3800048828125,289.760009765625,279.7297058105469,36102900,0.022369205774631196
2020-11-12,290.760009765625,292.07000732421875,287.25,288.3999938964844,278.4168701171875,34414600,-0.00469322945003392
2020-11-13,290.1700134277344,291.57000732421875,287.8699951171875,290.92999267578125,280.8592224121094,24806900,0.008772285579871086
2020-11-16,290.6199951171875,293.510009765625,289.989990234375,293.20001220703125,283.0506896972656,30168400,0.0078027250319046
2020-11-17,293.3999938964844,293.739990234375,291.6099853515625,292.2699890136719,282.15289306640625,21843500,-0.003171858128378391
2020-11-18,291.70001220703125,293.3699951171875,290.0199890136719,290.1099853515625,280.0675964355469,28069600,-0.00739066187908477
2020-11-19,289.5400085449219,292.70001220703125,288.8500061035156,292.3800048828125,282.2591247558594,22718400,0.00782499777983725
2020-11-20,292.29998779296875,293.07000732421875,290.2900085449219,290.3800048828125,280.328369140625,25907300,-0.006840365628230427
2020-11-23,291.4100036621094,292.75,288.07000732421875,290.3900146484375,280.3379821777344,26875600,3.4292059483131965e-05
2020-11-24,291.489990234375,294.9800109863281,289.6300048828125,294.4700012207031,284.2767028808594,24516800,0.014049900311502661
2020-11-25,295.57000732421875,296.94000244140625,294.5899963378906,296.2799987792969,286.0240173339844,23326800,0.0061465270823028995
2020-11-27,298.30999755859375,300.1700134277344,297.8999938964844,299.010009765625,288.65966796875,17163100,0.009214787832617644
2020-11-30,299.3399963378906,299.9700012207031,294.7799987792969,299.6199951171875,289.2484130859375,27836200,0.0020395821880154763
2020-12-01,301.9700012207031,305.1400146484375,300.8299865722656,303.4599914550781,292.95556640625,27521300,0.012816503574770044
2020-12-02,302.25,304.20001220703125,300.3500061035156,303.8500061035156,293.3321228027344,23620000,0.001285370341665315
2020-12-03,304.1700134277344,305.8800048828125,303.5299987792969,304.2799987792969,293.7472229003906,22828700,0.0014151198092116068
2020-12-04,304.3299865722656,305.6700134277344,303.6300048828125,305.5199890136719,294.9443054199219,19332100,0.004075213061459859
2020-12-07,305.7099914550781,307.6300048828125,305.5199890136719,307.25,296.61431884765625,20851000,0.005662131450060448
2020-12-08,306.760009765625,308.6000061035156,304.95001220703125,308.2900085449219,297.6183166503906,18341500,0.0033848595261176673
2020-12-09,308.07000732421875,308.3599853515625,300.2099914550781,301.30999755859375,290.8800048828125,48839300,-0.022640783146064103
2020-12-10,299.2099914550781,303.67999267578125,298.0899963378906,302.5199890136719,292.048095703125,27519500,0.004015713698791723
2020-12-11,300.80999755859375,301.9800109863281,298.4700012207031,301.8500061035156,291.4012451171875,26760400,-0.002214876917379538
2020-12-14,303.0799865722656,306.04998779296875,303.010009765625,304.0400085449219,293.5154724121094,28804800,0.007255381815790329
2020-12-15,306.3699951171875,307.2900085449219,304.1099853515625,307.2900085449219,296.653076171875,25709000,0.01068973888831426
2020-12-16,307.70001220703125,309.7900085449219,306.6199951171875,308.9800109863281,298.2845458984375,25461900,0.00549958809669393
2020-12-17,310.6300048828125,311.239990234375,309.3900146484375,311.0,300.2345275878906,23730500,0.006537320542637337
2020-12-18,311.6600036621094,311.9800109863281,307.6099853515625,310.05999755859375,299.3270263671875,41173400,-0.0030226410932615577
2020-12-21,306.4599914550781,309.4700012207031,303.6000061035156,308.9200134277344,298.7671813964844,37095500,-0.0018703455464671448
2020-12-22,309.8500061035156,310.7099914550781,306.8500061035156,309.760009765625,299.57952880859375,26176300,0.0027189981453530354
2020-12-23,309.80999755859375,310.17999267578125,308.0400085449219,308.20001220703125,298.0708312988281,21201300,-0.005036050079141319
2020-12-24,308.4700012207031,310.0199890136719,308.3900146484375,309.55999755859375,299.3861083984375,16785000,0.004412632708400643
2020-12-28,312.25,313.1700134277344,310.3599853515625,312.67999267578125,302.4035339355469,22497700,0.010078709240221695
2020-12-29,314.04998779296875,314.69000244140625,312.0299987792969,312.9599914550781,302.67437744140625,25871900,0.00089563604741838
2020-12-30,314.1600036621094,314.489990234375,312.3299865722656,312.9700012207031,302.68402099609375,18138100,3.186115312781013e-05
2020-12-31,312.8699951171875,314.239990234375,311.760009765625,313.739990234375,303.42877197265625,21611400,0.00246048990003378
2021-01-04,315.1099853515625,315.2900085449219,305.17999267578125,309.30999755859375,299.1443176269531,45305900,-0.014120132108267014
2021-01-05,308.2900085449219,312.1400146484375,308.2900085449219,311.8599853515625,301.61053466796875,29323400,0.008244238301364337
2021-01-06,307.0,311.8800048828125,305.9800109863281,307.5400085449219,297.4324951171875,52809600,-0.01385243242707257
2021-01-07,310.2799987792969,315.8399963378906,310.25,314.9800109863281,304.6280212402344,30394800,0.024192131798550953
2021-01-08,317.3399963378906,319.3900146484375,315.0799865722656,319.0299987792969,308.54486083984375,33955800,0.012857778426497823
2021-01-11,315.9800109863281,317.19000244140625,313.75,314.4200134277344,304.0863952636719,32746400,-0.01444997516418245
2021-01-12,314.4599914550781,315.5799865722656,311.20001220703125,313.9200134277344,303.602783203125,29266800,-0.001590377169381596
2021-01-13,314.19000244140625,316.8599853515625,313.57000732421875,316.0400085449219,305.65313720703125,22898400,0.006753409775346109
2021-01-14,316.5,317.5299987792969,313.8599853515625,314.3500061035156,304.01873779296875,23500100,-0.00534723585367769
2021-01-15,314.1300048828125,315.1199951171875,310.5799865722656,311.8599853515625,301.61053466796875,35118700,-0.007921232561132308
2021-01-19,314.25,316.92999267578125,313.1199951171875,316.4100036621094,306.0108642578125,24537000,0.014589442622380266
2021-01-20,320.1400146484375,324.739990234375,316.510009765625,323.7699890136719,313.1290588378906,30728100,0.023261247921188444
2021-01-21,325.1499938964844,327.1300048828125,323.7300109863281,326.3599853515625,315.6340026855469,25130600,0.007999716975974014
2021-01-22,325.2900085449219,326.4599914550781,324.7099914550781,325.4200134277344,314.7248229980469,21609400,-0.0028804871457583925
2021-01-25,328.9100036621094,330.32000732421875,321.4100036621094,328.1099853515625,317.3264465332031,39080600,0.008266343627977513
2021-01-26,328.8500061035156,329.760009765625,327.2200012207031,328.5899963378906,317.7906799316406,25498100,0.0014629521223625819
2021-01-27,326.260009765625,326.2699890136719,317.3599853515625,319.42999267578125,308.9316711425781,55264000,-0.02787686785203436
2021-01-28,320.6700134277344,326.4200134277344,320.0299987792969,321.32000732421875,310.7596435546875,42836300,0.005917076761177142
2021-01-29,319.5799865722656,320.7200012207031,312.760009765625,314.55999755859375,304.2218017578125,55259000,-0.021038258771604257
2021-02-01,318.1099853515625,323.5400085449219,316.0199890136719,322.4200134277344,311.8234558105469,35646000,0.02498721001851778
2021-02-02,325.4800109863281,328.8699951171875,325.30999755859375,327.67999267578125,316.91058349609375,33930800,0.016314127724367244
2021-02-03,329.82000732421875,330.20001220703125,326.32000732421875,326.3800048828125,315.65338134765625,24824500,-0.003967056368292643
2021-02-04,327.82000732421875,330.3299865722656,326.4599914550781,330.239990234375,319.3864440917969,22350900,0.011826462077493494
2021-02-05,331.2200012207031,332.3999938964844,329.5299987792969,331.3599853515625,320.46966552734375,22732000,0.0033915698539652706
2021-02-08,333.1000061035156,333.739990234375,331.4100036621094,333.5799865722656,322.6166076660156,20462800,0.006699361498502476
2021-02-09,332.6199951171875,334.80999755859375,332.6099853515625,333.510009765625,322.5489501953125,17597500,-0.00020971477938658278
2021-02-10,334.989990234375,335.4599914550781,329.5,332.75,321.81402587890625,28068700,-0.0022784892524413403
2021-02-11,334.3299865722656,335.0,332.1199951171875,334.5799865722656,323.58380126953125,22046100,0.005499373079813852
2021-02-12,333.7099914550781,336.6199951171875,332.6300048828125,336.45001220703125,325.3923034667969,20346800,0.005588976302800752
2021-02-16,337.2699890136719,338.19000244140625,334.3399963378906,335.5400085449219,324.5122375488281,27080800,-0.002704630406412001
2021-02-17,332.4700012207031,335.6600036621094,330.1700134277344,333.92999267578125,322.9551696777344,31360300,-0.00479817920844805
2021-02-18,330.2300109863281,333.8699951171875,328.3599853515625,332.4700012207031,321.5431823730469,32236200,-0.004372084540701038
2021-02-19,333.8599853515625,333.989990234375,329.9700012207031,331.0199890136719,320.1407775878906,39157700,-0.004361481947171897
2021-02-22,326.5,327.79998779296875,322.2300109863281,322.44000244140625,311.84271240234375,47256900,-0.025920050697911368
2021-02-23,317.0,323.20001220703125,311.0,321.4800109863281,310.914306640625,97241900,-0.002977160359357356
2021-02-24,318.739990234375,324.45001220703125,315.9599914550781,324.1300048828125,313.4772644042969,58206300,0.008243293116242167
2021-02-25,321.3900146484375,324.0299987792969,311.239990234375,312.8299865722656,302.548583984375,110182600,-0.03486275293581409
2021-02-26,315.8500061035156,319.1099853515625,310.8800048828125,314.1400146484375,303.8155517578125,104739800,0.004187650646888974
2021-03-01,319.2699890136719,323.94000244140625,317.94000244140625,323.5899963378906,312.9549865722656,49164500,0.03008218230296067
2021-03-02,324.25,324.3299865722656,318.1400146484375,318.3999938964844,307.9355163574219,48370000,-0.016038952661598493
2021-03-03,317.2699890136719,318.239990234375,309.1000061035156,309.1600036621094,298.999267578125,86301100,-0.029019870409896287
2021-03-04,308.7799987792969,312.0400085449219,300.1099853515625,304.1000061035156,294.10552978515625,139131600,-0.016367056122269852
2021-03-05,306.79998779296875,309.6099853515625,297.45001220703125,308.67999267578125,298.53497314453125,121523700,0.015060727904744553
2021-03-08,308.1199951171875,310.05999755859375,299.510009765625,299.94000244140625,290.08233642578125,88409800,-0.02831372361407647
2021-03-09,307.4700012207031,313.7300109863281,306.9200134277344,311.7699890136719,301.5234375,80391100,0.03944087466747903
2021-03-10,316.1600036621094,316.4700012207031,310.1700134277344,310.8800048828125,300.6627502441406,76798100,-0.002854462203653374
2021-03-11,315.7699890136719,319.8599853515625,314.8500061035156,318.0400085449219,307.5873718261719,53484800,0.02303119217930516
2021-03-12,313.8599853515625,318.2300109863281,311.3900146484375,315.4599914550781,305.0921630859375,69315600,-0.008112195001440115
2021-03-15,315.7900085449219,319.0,314.1000061035156,318.8299865722656,308.3514404296875,42955700,0.01068292712203145
2021-03-16,321.0899963378906,324.20001220703125,319.1000061035156,320.5799865722656,310.04388427734375,54925900,0.005488684746527639
2021-03-17,317.45001220703125,323.8500061035156,315.67999267578125,321.8999938964844,311.32049560546875,78258700,0.0041175181735984
2021-03-18,316.8699951171875,317.8800048828125,311.57000732421875,312.0400085449219,301.7845458984375,82718100,-0.030630651825493738
2021-03-19,311.8699951171875,314.7300109863281,309.6600036621094,313.1400146484375,302.8484191894531,78446200,0.0035252742576608043
2021-03-22,315.2099914550781,320.739990234375,315.2099914550781,318.6099853515625,308.5278015136719,56194800,0.01875321766387006
2021-03-23,319.7300109863281,321.0899963378906,316.3800048828125,317.2200012207031,307.1817932128906,53455400,-0.004362680750900183
2021-03-24,318.6300048828125,318.6700134277344,311.7200012207031,311.8699951171875,302.0010986328125,64803700,-0.01686523971975018
2021-03-25,309.9700012207031,312.8900146484375,307.3900146484375,311.3299865722656,301.4781494140625,78729000,-0.0017316136302729657
2021-03-26,311.1099853515625,316.3299865722656,309.6700134277344,316.0,306.00048828125,63519600,0.015000552696694314
2021-03-29,315.45001220703125,316.989990234375,312.4700012207031,315.9100036621094,305.9132995605469,54608000,-0.0002849300051540604
2021-03-30,313.8900146484375,314.9100036621094,311.5400085449219,314.32000732421875,304.3735656738281,44635700,-0.005033236178128342
2021-03-31,316.1600036621094,320.739990234375,315.80999755859375,319.1300048828125,309.0314025878906,55032500,0.015303027067251618
2021-04-01,323.07000732421875,324.7099914550781,322.80999755859375,324.57000732421875,314.2992858886719,55685600,0.017046433652589732
2021-04-05,327.1300048828125,331.8399963378906,326.8800048828125,331.04998779296875,320.5741882324219,42172500,0.019964736241789183
2021-04-06,330.7300109863281,332.8299865722656,330.0199890136719,330.82000732421875,320.3514709472656,33537200,-0.0006947449087659763
2021-04-07,330.3299865722656,332.4800109863281,329.3699951171875,331.6199951171875,321.1261291503906,32046400,0.0024181509166614212
2021-04-08,334.55999755859375,335.2699890136719,333.739990234375,335.0799865722656,324.47662353515625,29940800,0.010433577590307275
2021-04-09,333.67999267578125,337.32000732421875,332.9200134277344,337.1099853515625,326.4424133300781,36664900,0.006058340269646134
2021-04-12,336.0400085449219,337.1000061035156,334.7300109863281,336.6700134277344,326.016357421875,25833000,-0.0013051487515267635
2021-04-13,338.239990234375,341.0799865722656,338.0199890136719,340.6000061035156,329.82196044921875,30374000,0.011673043209973644
2021-04-14,340.8500061035156,340.9800109863281,335.6700134277344,336.510009765625,325.86138916015625,42564300,-0.012008209773746392
2021-04-15,339.4700012207031,342.010009765625,336.2200012207031,341.6099853515625,330.800048828125,36342800,0.015155706789003576
2021-04-16,342.1499938964844,342.2300109863281,340.0799865722656,342.010009765625,331.1873474121094,40860100,0.0011707936119005335
2021-04-19,340.3900146484375,341.5799865722656,336.8999938964844,338.8800048828125,328.1563720703125,34533100,-0.009151845218366095
2021-04-20,338.20001220703125,339.5199890136719,334.3800048828125,336.4100036621094,325.7646789550781,38081800,-0.007288272661430839
2021-04-21,335.0899963378906,339.4800109863281,333.9700012207031,339.2900085449219,328.5534362792969,36598100,0.008560649770760875
2021-04-22,338.8900146484375,339.8999938964844,334.010009765625,335.20001220703125,324.5929260253906,45936100,-0.012054386947697338
2021-04-23,335.8500061035156,340.7699890136719,335.8500061035156,339.4200134277344,328.6793212890625,36381900,0.012589292421462783
2021-04-26,339.6700134277344,341.9200134277344,338.8999938964844,341.6300048828125,330.8193664550781,30812000,0.006511042914481235
2021-04-27,341.92999267578125,342.1499938964844,339.1700134277344,340.1499938964844,329.3861999511719,33187200,-0.004332172324925998
2021-04-28,339.80999755859375,340.8500061035156,338.3299865722656,339.0,328.2725830078125,33615700,-0.0033808852451149285
2021-04-29,342.3699951171875,342.79998779296875,336.8999938964844,340.2200012207031,329.4540710449219,37708900,0.0035991066518072934
2021-04-30,337.70001220703125,340.260009765625,337.04998779296875,337.989990234375,327.2945556640625,38263400,-0.006554829855372812
2021-05-03,339.2300109863281,340.0,335.7300109863281,336.19000244140625,325.5514831542969,29729700,-0.005325699678166096
2021-05-04,333.55999755859375,333.8900146484375,326.2099914550781,330.1400146484375,319.6930236816406,65147000,-0.017995493111851668
2021-05-05,332.25,333.1400146484375,328.2300109863281,329.0299987792969,318.6181335449219,46219300,-0.003362257093821208
2021-05-06,328.760009765625,331.6700134277344,326.45001220703125,331.510009765625,321.0196228027344,46814300,0.007537202076647986
2021-05-07,334.3699951171875,336.6499938964844,331.69000244140625,334.20001220703125,323.6245422363281,53324500,0.008114517769508556
2021-05-10,332.7799987792969,332.9599914550781,325.54998779296875,325.760009765625,315.4515686035156,60700500,-0.025254492679495755
2021-05-11,319.70001220703125,326.1300048828125,319.0199890136719,325.30999755859375,315.0157165527344,71963600,-0.0013816766000268599
2021-05-12,320.2300109863281,322.6199951171875,316.0,316.8900146484375,306.8623046875,91164900,-0.02588255581168586
2021-05-13,319.9200134277344,322.3999938964844,316.8999938964844,319.3399963378906,309.2347412109375,69877800,0.007731273887985335
2021-05-14,322.6000061035156,327.3299865722656,322.0799865722656,326.3900146484375,316.0616760253906,44370000,0.02207686881402604
2021-05-17,324.6300048828125,326.3699951171875,321.45001220703125,324.4100036621094,314.14434814453125,39395000,-0.00606630928801799
2021-05-18,325.3900146484375,326.6499938964844,321.94000244140625,322.2200012207031,312.0236511230469,36528500,-0.006750708819083018
2021-05-19,316.6600036621094,322.8999938964844,316.29998779296875,322.5899963378906,312.3819274902344,66319100,0.0011482346479121386
2021-05-20,324.1199951171875,329.7099914550781,323.8900146484375,328.8299865722656,318.42449951171875,46466100,0.019343539077411265
2021-05-21,330.42999267578125,330.8599853515625,326.6400146484375,327.010009765625,316.662109375,50330400,-0.00553471902891034
2021-05-24,329.3699951171875,333.6700134277344,326.8999938964844,332.510009765625,321.988037109375,32475800,0.01681896121037929
2021-05-25,334.07000732421875,334.80999755859375,331.760009765625,332.9700012207031,322.4333801269531,31280300,0.0013831042344807365
2021-05-26,333.6600036621094,334.6099853515625,332.95001220703125,334.1300048828125,323.5567321777344,25444900,0.0034839818704222036
2021-05-27,333.6700134277344,334.5400085449219,332.6700134277344,332.8800048828125,322.3462829589844,27931700,-0.003741072579769633
2021-05-28,334.1199951171875,335.57000732421875,333.6000061035156,333.92999267578125,323.36297607421875,29927400,0.0031540401393854722
2021-06-01,335.29998779296875,335.7900085449219,331.42999267578125,332.82000732421875,322.2882080078125,31145400,-0.0033237202336966476
2021-06-02,333.25,334.3399963378906,331.70001220703125,333.4700012207031,322.9175720214844,22047900,0.0019527987622078857
2021-06-03,330.54998779296875,331.8599853515625,328.2799987792969,330.0,319.5574035644531,37057800,-0.010405653789592129
2021-06-04,331.8500061035156,336.05999755859375,331.7799987792969,335.6000061035156,324.9801330566406,38736500,0.016969500414324656
2021-06-07,335.04998779296875,336.6600036621094,334.3399963378906,336.6000061035156,325.9486083984375,32611900,0.0029801062996921424
2021-06-08,338.3999938964844,339.2900085449219,335.0299987792969,336.760009765625,326.103515625,27282800,0.00047525046148733097
2021-06-09,338.1700134277344,338.9700012207031,336.6499938964844,336.8399963378906,326.18096923828125,21485300,0.00023751235288838046
2021-06-10,337.19000244140625,340.4599914550781,336.7300109863281,340.3500061035156,329.5799560546875,33702100,0.010420555265206799
2021-06-11,340.3599853515625,341.25,339.69000244140625,341.239990234375,330.4416809082031,21222800,0.0026146154755013473
2021-06-14,341.67999267578125,344.5199890136719,340.4599914550781,344.510009765625,333.6083068847656,27827700,0.009583010133162428
2021-06-15,344.1499938964844,344.4700012207031,341.5199890136719,342.260009765625,331.4294738769531,35963800,-0.0065311113747689165
2021-06-16,342.739990234375,343.8399963378906,337.45001220703125,341.010009765625,330.21905517578125,55399500,-0.0036521154471048645
2021-06-17,339.9700012207031,346.3800048828125,339.9200134277344,345.3399963378906,334.4120178222656,59722700,0.012697518755398152
2021-06-18,343.6300048828125,344.80999755859375,341.8599853515625,342.6300048828125,331.78778076171875,55414900,-0.007847316844760033
2021-06-21,342.42999267578125,344.69000244140625,340.1499938964844,344.3599853515625,333.849853515625,32992600,0.0062150352528720365
2021-06-22,344.1499938964844,348.0299987792969,343.8399963378906,347.57000732421875,336.9618225097656,28941600,0.00932146281141022
2021-06-23,347.510009765625,348.9200134277344,346.8800048828125,347.739990234375,337.12664794921875,27188500,0.0004891516736984514
2021-06-24,349.7300109863281,351.4599914550781,349.1700134277344,349.8900146484375,339.2110900878906,32581600,0.00618296462576251
2021-06-25,350.4700012207031,350.7200012207031,348.8399963378906,349.4599914550781,338.79412841796875,28682800,-0.0012292100173194598
2021-06-28,350.7799987792969,353.8500061035156,350.7200012207031,353.7099914550781,342.91448974609375,39130300,0.012161843971043362
2021-06-29,353.5299987792969,355.0199890136719,352.6700134277344,354.989990234375,344.1554260253906,29426000,0.0036187921957329117
2021-06-30,354.8299865722656,355.2300109863281,353.8299865722656,354.42999267578125,343.6124572753906,32724000,-0.0015776846998191152
2021-07-01,354.07000732421875,355.0899963378906,352.67999267578125,354.57000732421875,343.7482604980469,29290000,0.00039522205840003544
2021-07-02,356.5199890136719,358.9700012207031,356.2799987792969,358.6400146484375,347.6940002441406,32727200,0.011478573710822282
2021-07-06,359.260009765625,360.4800109863281,356.489990234375,360.19000244140625,349.1966552734375,38842400,0.004321774400023459
2021-07-07,362.45001220703125,362.760009765625,358.94000244140625,360.95001220703125,349.9335021972656,35265200,0.0021101202222315596
2021-07-08,355.739990234375,359.6499938964844,354.4200134277344,358.7699890136719,347.8200988769531,50890000,-0.006039442657082672
2021-07-09,358.1700134277344,361.5,357.57000732421875,361.010009765625,349.9916687011719,35184500,0.006243370728805875
2021-07-12,362.45001220703125,362.8900146484375,360.8299865722656,362.4200134277344,351.358642578125,25717700,0.0039057326193676634
2021-07-13,362.0299987792969,365.4700012207031,361.5400085449219,362.4200134277344,351.358642578125,39723000,0.0
2021-07-14,364.8299865722656,365.489990234375,362.2200012207031,363.07000732421875,351.9887390136719,35336400,0.0017933141787078721
2021-07-15,362.9800109863281,363.19000244140625,358.4599914550781,360.5199890136719,349.51654052734375,53391600,-0.007023515846716011
2021-07-16,361.3999938964844,362.4100036621094,357.239990234375,357.6000061035156,346.68572998046875,47262000,-0.008099217686819427
2021-07-19,354.04998779296875,355.17999267578125,352.0400085449219,354.6700134277344,343.8450927734375,64404600,-0.008193695215523489
2021-07-20,355.6300048828125,360.2799987792969,353.79998779296875,358.7900085449219,347.8393859863281,42183700,0.011616548547117134
2021-07-21,358.3500061035156,361.55999755859375,358.1199951171875,361.55999755859375,350.52484130859375,30259900,0.007720388864679073
2021-07-22,361.7699890136719,363.9599914550781,361.7699890136719,363.95001220703125,352.8418884277344,30252200,0.006610222289782808
2021-07-23,365.30999755859375,368.489990234375,363.9200134277344,368.20001220703125,356.96221923828125,31960800,0.01167755571456408
2021-07-26,367.489990234375,368.8900146484375,366.6000061035156,368.489990234375,357.2433166503906,28438100,0.0007874710458413148
2021-07-27,368.2200012207031,368.2200012207031,360.1600036621094,364.42999267578125,353.3072204589844,57933100,-0.01101797012834882
2021-07-28,365.6000061035156,367.45001220703125,363.239990234375,365.8299865722656,354.6644592285156,42066200,0.0038415257060642194
2021-07-29,365.25,367.67999267578125,365.25,366.4800109863281,355.29473876953125,25672500,0.0017771150297569704
2021-07-30,362.44000244140625,365.1700134277344,362.4100036621094,364.57000732421875,353.4429931640625,36484600,-0.0052118576590292065
2021-08-02,366.2799987792969,366.8800048828125,363.8699951171875,364.6000061035156,353.47210693359375,27334100,8.237189615956098e-05
2021-08-03,365.2799987792969,366.92999267578125,362.0,366.80999755859375,355.6146240234375,35558500,0.006061346985566374
2021-08-04,366.7699890136719,368.32000732421875,365.6300048828125,367.3399963378906,356.12841796875,29602200,0.0014448054455675763
2021-08-05,368.17999267578125,369.9100036621094,367.45001220703125,369.6700134277344,358.38739013671875,21443900,0.00634313931152497
2021-08-06,368.3699951171875,369.3699951171875,366.9100036621094,368.04998779296875,356.8167419433594,33332100,-0.004382543126755123
2021-08-09,368.5199890136719,369.2699890136719,367.3900146484375,368.7300109863281,357.47607421875,25960200,0.0018478176550786873
2021-08-10,369.260009765625,369.55999755859375,365.6199951171875,366.8399963378906,355.6436767578125,35130800,-0.005125930357555042
2021-08-11,368.1400146484375,368.6499938964844,364.8399963378906,366.2099914550781,355.032958984375,34249800,-0.0017172181409355058
2021-08-12,365.69000244140625,367.8999938964844,364.29998779296875,367.5299987792969,356.3126525878906,25969200,0.003604436070319794
2021-08-13,367.8900146484375,369.1600036621094,367.3800048828125,368.82000732421875,357.5632629394531,19336200,0.0035098679277296707
2021-08-16,367.6700134277344,369.0199890136719,363.70001220703125,368.9800109863281,357.7184753417969,34856900,0.0004340837508522988
2021-08-17,366.1499938964844,367.1499938964844,363.2300109863281,365.7300109863281,354.5676574707031,44793900,-0.008808093761674352
2021-08-18,365.17999267578125,366.6199951171875,361.8699951171875,362.2099914550781,351.155029296875,38541900,-0.009624758778541742
2021-08-19,360.2200012207031,365.67999267578125,359.9599914550781,363.9599914550781,352.85162353515625,48499400,0.0048314678610139605
2021-08-20,365.05999755859375,368.1400146484375,364.739990234375,367.7300109863281,356.506591796875,39486000,0.010358371672206879
2021-08-23,368.79998779296875,373.94000244140625,368.7900085449219,373.2300109863281,361.8387145996094,34034700,0.014956589654792296
2021-08-24,373.8399963378906,374.989990234375,373.3599853515625,374.3699951171875,362.9438781738281,21732900,0.003054298861971283
2021-08-25,374.6300048828125,375.3900146484375,373.8599853515625,374.79998779296875,363.3607482910156,20441900,0.0011485801035824306
2021-08-26,373.9200134277344,374.6199951171875,371.9700012207031,372.4200134277344,361.0534362792969,29133300,-0.006349920905245443
2021-08-27,373.07000732421875,376.55999755859375,372.57000732421875,376.0400085449219,364.56292724609375,27104700,0.009720142821413535
2021-08-30,376.8500061035156,380.760009765625,376.8299865722656,380.260009765625,368.6540832519531,27295700,0.011222084584310066
2021-08-31,380.510009765625,380.5799865722656,378.3599853515625,379.95001220703125,368.35357666015625,29628200,-0.0008151451603249926
2021-09-01,381.0400085449219,382.7099914550781,380.3699951171875,380.5799865722656,368.9642333984375,28138300,0.001657800485658445
2021-09-02,381.9700012207031,382.30999755859375,379.1499938964844,380.3999938964844,368.7898254394531,25453400,-0.0004726961130566698
2021-09-03,379.2200012207031,381.9800109863281,379.20001220703125,381.57000732421875,369.9241027832031,24605400,0.0030756741794555342
2021-09-07,381.67999267578125,382.7799987792969,380.489990234375,382.1099853515625,370.4476318359375,23970200,0.0014152336892769846
2021-09-08,381.92999267578125,381.92999267578125,378.45001220703125,380.7799987792969,369.1583251953125,32949200,-0.0034804018971188455
2021-09-09,381.010009765625,382.1499938964844,379.2200012207031,379.4700012207031,367.8882141113281,29399000,-0.0034405592324442402
2021-09-10,381.2300109863281,381.9700012207031,376.25,376.5899963378906,365.0960998535156,40249400,-0.00758957245900671
2021-09-13,378.989990234375,379.42999267578125,374.2200012207031,376.3299865722656,364.8440856933594,48741800,-0.000690268015071549
2021-09-14,377.8599853515625,378.6099853515625,374.2799987792969,375.260009765625,363.8067626953125,41826600,-0.002843195322943304
2021-09-15,375.7300109863281,378.4100036621094,373.3699951171875,378.04998779296875,366.5115051269531,34097900,0.007434557872432412
2021-09-16,376.67999267578125,378.8999938964844,374.70001220703125,378.30999755859375,366.7635803222656,35193100,0.0006877688470521282
2021-09-17,377.82000732421875,377.8699951171875,372.760009765625,373.8299865722656,362.42041015625,60912300,-0.011841879616834916
2021-09-20,367.4599914550781,369.25,360.92999267578125,365.70001220703125,354.931640625,76203200,-0.02066321134624116
2021-09-21,367.5799865722656,368.80999755859375,364.989990234375,366.1499938964844,355.3683776855469,41927500,0.00123048218461963
2021-09-22,367.0899963378906,371.07000732421875,365.9599914550781,369.57000732421875,358.6876525878906,46972900,0.009340377790397758
2021-09-23,370.760009765625,374.0400085449219,370.1000061035156,372.9800109863281,361.9972229003906,44652000,0.009226886648095789
2021-09-24,370.6499938964844,373.760009765625,370.2699890136719,373.3299865722656,362.33685302734375,36056800,0.0009382119681249357
2021-09-27,370.20001220703125,371.25,367.7300109863281,370.3500061035156,359.4446716308594,43338100,-0.007982023833126628
2021-09-28,365.6700134277344,370.29998779296875,359.3500061035156,359.8699951171875,349.2731628417969,97701600,-0.02829784273310465
2021-09-29,361.1700134277344,363.3699951171875,358.6400146484375,359.2799987792969,348.7006530761719,58076600,-0.0016391461656168893
2021-09-30,360.9700012207031,362.67999267578125,357.1000061035156,357.9599914550781,347.41949462890625,61384600,-0.00367409248007855
2021-10-01,358.6000061035156,361.25,354.3800048828125,360.17999267578125,349.57415771484375,56375500,0.006201906108461053
2021-10-04,358.5199890136719,358.8599853515625,350.32000732421875,352.6199951171875,342.2367248535156,76766000,-0.020989631811724085
2021-10-05,353.7099914550781,359.69000244140625,353.4800109863281,357.3800048828125,346.8565673828125,47232900,0.013498967801524708
2021-10-06,354.0799865722656,359.95001220703125,353.1499938964844,359.6700134277344,349.07916259765625,56806500,0.0064078222062053936
2021-10-07,362.79998779296875,365.69000244140625,362.25,362.9700012207031,352.2819519042969,39411200,0.009174965594644036
2021-10-08,364.0799865722656,364.32000732421875,360.6099853515625,361.1600036621094,350.5252685546875,41822300,-0.004986583445769632
2021-10-11,359.5799865722656,363.20001220703125,358.29998779296875,358.3900146484375,347.8368225097656,34847200,-0.007669763883234704
2021-10-12,359.8800048828125,360.3299865722656,356.4800109863281,357.1400146484375,346.6236267089844,43905100,-0.003487830276356685
2021-10-13,359.510009765625,360.69000244140625,357.42999267578125,360.0,349.3993835449219,40120800,0.008007985094068415
2021-10-14,363.69000244140625,366.8500061035156,363.010009765625,366.6300048828125,355.834228515625,43433900,0.01841687556920313
2021-10-15,367.8800048828125,369.05999755859375,366.82000732421875,368.94000244140625,358.0760803222656,40419900,0.0063002702578460745
2021-10-18,367.6099853515625,372.8699951171875,366.989990234375,372.6499938964844,361.6768798828125,34513500,0.010055962289651443
2021-10-19,373.75,375.5199890136719,372.70001220703125,375.4700012207031,364.413818359375,29091000,0.007567358127644974
2021-10-20,375.94000244140625,376.57000732421875,373.4599914550781,374.9800109863281,363.93829345703125,31390300,-0.001304903596917928
2021-10-21,374.1600036621094,377.4700012207031,373.8500061035156,377.2699890136719,366.160888671875,25469300,0.006107066101045389
2021-10-22,375.9800109863281,376.9700012207031,372.3900146484375,374.1000061035156,363.0842590332031,36275800,-0.008402398327771454
2021-10-25,375.55999755859375,378.8699951171875,373.55999755859375,377.92999267578125,366.8014221191406,32597800,0.010237742324151755
2021-10-26,380.2300109863281,382.7099914550781,377.9100036621094,379.1199951171875,367.9564208984375,47191300,0.0031488394254963747
2021-10-27,379.5799865722656,383.1499938964844,379.30999755859375,380.0,368.8105163574219,45760500,0.0023211864516425873
2021-10-28,381.95001220703125,384.4800109863281,381.1600036621094,384.2200012207031,372.90625,38007000,0.011105251778148473
2021-10-29,381.05999755859375,386.2799987792969,380.70001220703125,386.1099853515625,374.7406005859375,37310100,0.004919066349618806
2021-11-01,386.55999755859375,387.55999755859375,384.4200134277344,387.42999267578125,376.0217590332031,30765300,0.0034187874099107507
2021-11-02,386.79998779296875,389.5400085449219,386.75,389.04998779296875,377.59405517578125,25135300,0.004181396700607687
2021-11-03,389.54998779296875,393.6099853515625,388.4800109863281,393.17999267578125,381.6024475097656,33748900,0.010615612928859042
2021-11-04,394.4800109863281,399.20001220703125,393.9200134277344,398.2200012207031,386.4940185546875,40265300,0.012818500187414816
2021-11-05,400.0400085449219,400.989990234375,397.1600036621094,398.6000061035156,386.8628234863281,43383800,0.0009542319258128984
2021-11-08,398.57000732421875,399.6199951171875,397.3999938964844,398.05999755859375,386.338623046875,29256300,-0.0013550033955941343
2021-11-09,399.1600036621094,399.57000732421875,393.9200134277344,395.32000732421875,383.6794128417969,50490700,-0.006883107322033122
2021-11-10,392.4700012207031,395.3599853515625,387.5299987792969,389.510009765625,378.0404968261719,54937400,-0.014696947052382225
2021-11-11,392.57000732421875,392.75,390.239990234375,390.5899963378906,379.08868408203125,32243000,0.002772685108234141
2021-11-12,391.7699890136719,395.25,390.1300048828125,394.70001220703125,383.07769775390625,34730600,0.010522639792148958
2021-11-15,395.9100036621094,396.239990234375,392.1000061035156,394.6099853515625,382.99029541015625,33716900,-0.00022815826727184962
2021-11-16,393.8599853515625,397.92999267578125,393.6600036621094,397.4200134277344,385.717529296875,27872900,0.007120895540703165
2021-11-17,397.75,399.7200012207031,396.6400146484375,397.6300048828125,385.9213562011719,28703300,0.0005284356784831523
2021-11-18,399.7300109863281,402.2699890136719,397.45001220703125,401.75,389.9200744628906,45721500,0.010361484788196984
2021-11-19,403.42999267578125,405.29998779296875,402.5799865722656,403.989990234375,392.09405517578125,45191700,0.0055754521381985445
2021-11-22,405.57000732421875,408.7099914550781,399.19000244140625,399.29998779296875,387.54217529296875,61715400,-0.011609153015012752
2021-11-23,398.1099853515625,400.2300109863281,392.9200134277344,397.4800109863281,385.7757873535156,70098700,-0.004557924406853986
2021-11-24,394.92999267578125,399.04998779296875,392.5400085449219,398.760009765625,387.01812744140625,46954400,0.003220368225837378
2021-11-26,396.1099853515625,397.5400085449219,389.7699890136719,391.20001220703125,379.6806335449219,51533300,-0.01895904448970609
2021-11-29,395.8900146484375,400.7300109863281,395.1400146484375,399.69000244140625,387.9206848144531,54447100,0.02170258512423273
2021-11-30,398.7799987792969,401.19000244140625,391.75,393.82000732421875,382.2236328125,81332700,-0.01468612586276008
2021-12-01,398.2799987792969,400.4800109863281,386.6400146484375,387.1199951171875,375.7207946777344,77766500,-0.017013176518982043
2021-12-02,385.79998779296875,391.739990234375,384.3399963378906,389.9100036621094,378.4287109375,84416600,0.00720725681975698
2021-12-03,391.30999755859375,392.3399963378906,378.8999938964844,383.1300048828125,371.848388671875,105349100,-0.017388538647935103
2021-12-06,383.6300048828125,387.6000061035156,379.29998779296875,386.20001220703125,374.8279724121094,67588800,0.008012899426232512
2021-12-07,393.0299987792969,398.4599914550781,392.989990234375,397.8299865722656,386.115478515625,56005300,0.03011383070179563
2021-12-08,398.1700134277344,399.82000732421875,396.2200012207031,399.6099853515625,387.8430480957031,39204000,0.0044742303176230624
2021-12-09,398.3500061035156,400.20001220703125,393.5299987792969,393.7300109863281,382.1361999511719,49973700,-0.014714323674361762
2021-12-10,396.6199951171875,398.2799987792969,393.3599853515625,398.010009765625,386.29022216796875,52545800,0.010870527883324543
2021-12-13,398.0,398.3299865722656,391.8800048828125,392.260009765625,380.70947265625,50166400,-0.01444703798195568
2021-12-14,387.29998779296875,390.0899963378906,383.6300048828125,388.20001220703125,376.76910400390625,75199200,-0.010350067270066599
2021-12-15,387.94000244140625,397.4200134277344,383.8800048828125,397.04998779296875,385.3583984375,73858000,0.022797236669131804
2021-12-16,398.0400085449219,398.4800109863281,385.2099914550781,386.8399963378906,375.4490661621094,82591400,-0.025714587551665335
2021-12-17,383.3299865722656,389.19000244140625,381.7699890136719,384.9100036621094,373.5759582519531,80492500,-0.00498898007472337
2021-12-20,379.57000732421875,381.5,377.4700012207031,380.69000244140625,369.9521179199219,65336800,-0.009700410992688147
2021-12-21,384.04998779296875,389.5299987792969,380.20001220703125,389.2099914550781,378.2317810058594,48899500,0.022380364065734737
2021-12-22,388.9100036621094,394.1600036621094,388.2300109863281,393.95001220703125,382.8380432128906,37042200,0.012178411329638816
2021-12-23,394.30999755859375,398.42999267578125,394.1400146484375,396.9200134277344,385.72430419921875,29595500,0.007539117487138425
2021-12-27,398.25,403.4800109863281,398.2200012207031,403.4800109863281,392.0992736816406,32820700,0.016527269381317877
2021-12-28,404.3999938964844,404.5799865722656,400.7099914550781,401.6099853515625,390.281982421875,33113700,-0.004634773338654918
2021-12-29,401.75,403.04998779296875,399.1099853515625,401.54998779296875,390.2236328125,32248500,-0.00014950628520671305
2021-12-30,401.3299865722656,403.57000732421875,399.75,400.3500061035156,389.0574951171875,23850100,-0.0029883830635978326
2021-12-31,399.6600036621094,401.05999755859375,397.3399963378906,397.8500061035156,386.6280822753906,34752900,-0.006244354297981314
2022-01-03,399.04998779296875,401.94000244140625,396.8800048828125,401.67999267578125,390.3500671386719,40575900,0.009626783552235896
2022-01-04,402.239990234375,402.2799987792969,393.2900085449219,396.4700012207031,385.28704833984375,58027200,-0.012970457097499333
2022-01-05,394.739990234375,395.8900146484375,384.0299987792969,384.2900085449219,373.4505615234375,75739800,-0.03072121647329773
2022-01-06,382.4200134277344,387.3500061035156,380.1300048828125,384.0199890136719,373.1882019042969,70814300,-0.0007025283830619511
2022-01-07,384.0299987792969,385.760009765625,378.0400085449219,379.8599853515625,369.1455078125,72652300,-0.010832856106296807
2022-01-10,374.82000732421875,380.6400146484375,369.30999755859375,380.1099853515625,369.388427734375,91770500,0.0006580600785703883
2022-01-11,379.3599853515625,385.989990234375,377.2200012207031,385.82000732421875,374.9373474121094,68295700,0.015021909895143182
2022-01-12,388.4599914550781,390.20001220703125,385.010009765625,387.3500061035156,376.4241943359375,54576400,0.003965587675089255
2022-01-13,388.7699890136719,389.4700012207031,376.70001220703125,377.6600036621094,367.0075378417969,77994000,-0.025016076638625373
2022-01-14,375.07000732421875,380.3500061035156,374.8599853515625,380.010009765625,369.2912292480469,80121200,0.006222464583913734
2022-01-18,374.0400085449219,376.2200012207031,369.7699890136719,370.54998779296875,360.09814453125,75450900,-0.02489386150739592
2022-01-19,372.1499938964844,374.69000244140625,366.2099914550781,366.4800109863281,356.1429443359375,81791500,-0.010983672799706024
2022-01-20,369.7900085449219,373.8699951171875,361.1700134277344,361.7200012207031,351.5172119140625,88610700,-0.012988415172733858
2022-01-21,359.4700012207031,362.17999267578125,351.3999938964844,351.69000244140625,341.7701110839844,143388900,-0.027728658795976857
2022-01-24,345.9100036621094,353.9800109863281,334.1499938964844,353.29998779296875,343.3347473144531,198685800,0.004578037048079464
2022-01-25,346.6700134277344,351.0299987792969,341.67999267578125,345.1099853515625,335.37567138671875,124398400,-0.023181679075566564
2022-01-26,352.9100036621094,356.8800048828125,340.7799987792969,344.57000732421875,334.8509521484375,146559500,-0.0015645715627243817
2022-01-27,349.3999938964844,351.2699890136719,340.04998779296875,341.1000061035156,331.478759765625,95255700,-0.010070726576036804
2022-01-28,343.0299987792969,352.0199890136719,337.95001220703125,351.79998779296875,341.8770751953125,108167900,0.03136947729935913
2022-01-31,353.20001220703125,363.6499938964844,351.5199890136719,363.04998779296875,352.80963134765625,94326400,0.03197803229742169
2022-02-01,364.42999267578125,366.19000244140625,359.1400146484375,365.5199890136719,355.20989990234375,74433000,0.006803296569651396
2022-02-02,369.760009765625,370.1000061035156,364.2900085449219,368.489990234375,358.09619140625,78777100,0.008125594204158704
2022-02-03,358.5299987792969,361.92999267578125,352.4599914550781,353.54998779296875,343.5775451660156,95384800,-0.04054398395922443
2022-02-04,354.0799865722656,361.3999938964844,351.9700012207031,358.010009765625,347.9117736816406,86318300,0.0126149935483435
2022-02-07,358.6199951171875,361.04998779296875,353.8399963378906,355.1300048828125,345.113037109375,58198100,-0.00804438591614498
2022-02-08,353.9599914550781,360.239990234375,352.79998779296875,359.1199951171875,348.990478515625,64720900,0.011235279428233103
2022-02-09,363.760009765625,366.80999755859375,362.1199951171875,366.7300109863281,356.3858947753906,55766400,0.021190882602931893
2022-02-10,359.5199890136719,366.489990234375,356.5400085449219,358.42999267578125,348.31988525390625,112468500,-0.022632796751307804
2022-02-11,358.42999267578125,360.07000732421875,345.79998779296875,347.05999755859375,337.27069091796875,101569100,-0.03172139979284627
2022-02-14,346.489990234375,350.9800109863281,343.8900146484375,347.489990234375,337.6885070800781,80254400,0.0012388155074256613
2022-02-15,352.9100036621094,356.3699951171875,351.82000732421875,356.1300048828125,346.0848388671875,55128800,0.02486413250989994
2022-02-16,353.82000732421875,357.0899963378906,350.7099914550781,356.0400085449219,345.99737548828125,58947100,-0.0002527223648182142
2022-02-17,352.739990234375,353.4599914550781,345.0199890136719,345.45001220703125,335.7060852050781,61801400,-0.02974383915103329
2022-02-18,346.4100036621094,346.80999755859375,339.1400146484375,341.510009765625,331.8772277832031,80001500,-0.011405385814010516
2022-02-22,338.489990234375,344.0400085449219,334.3500061035156,338.0799865722656,328.54400634765625,85967100,-0.010043537659427115
2022-02-23,341.32000732421875,342.17999267578125,329.1000061035156,329.4200134277344,320.1282653808594,86215400,-0.02561526250426116
2022-02-24,318.8399963378906,341.0400085449219,318.260009765625,340.489990234375,330.885986328125,130614100,0.03360440832822764
2022-02-25,341.30999755859375,345.9800109863281,337.3900146484375,345.7699890136719,336.01702880859375,78842100,0.0155069803269956
2022-02-28,342.510009765625,348.5400085449219,341.32000732421875,346.79998779296875,337.0179443359375,77515500,0.002978764293264158
2022-03-01,345.75,348.0799865722656,338.8999938964844,341.489990234375,331.8577575683594,67407000,-0.0153113116209459
2022-03-02,343.0799865722656,348.5899963378906,340.239990234375,347.2200012207031,337.42608642578125,70609000,0.016779263797305877
2022-03-03,349.92999267578125,350.0400085449219,340.3500061035156,342.260009765625,332.6060791015625,71089400,-0.014284631562648697
2022-03-04,339.8399963378906,341.30999755859375,334.9200134277344,337.29998779296875,327.7859802246094,76936300,-0.014491914549406903
2022-03-07,337.2900085449219,338.4800109863281,324.6499938964844,324.8599853515625,315.6968078613281,89933800,-0.03688129783646443
2022-03-08,324.04998779296875,333.2099914550781,319.94000244140625,323.3500061035156,314.2295227050781,116153900,-0.004647766843732248
2022-03-09,331.75,336.3800048828125,329.0899963378906,334.989990234375,325.5411376953125,64723400,0.035997938363197424
2022-03-10,330.82000732421875,332.510009765625,326.7099914550781,331.2699890136719,321.9259948730469,69362700,-0.011105026073998658
2022-03-11,334.32000732421875,334.6400146484375,323.8999938964844,324.3999938964844,315.24981689453125,66228400,-0.020738238243694473
2022-03-14,323.1300048828125,326.5899963378906,317.45001220703125,318.1700134277344,309.1955261230469,79802600,-0.019204740009444277
2022-03-15,320.8800048828125,328.95001220703125,319.2300109863281,328.1499938964844,318.8940124511719,76471000,0.031366839131641955
2022-03-16,332.1700134277344,340.44000244140625,328.3999938964844,340.32000732421875,330.7207336425781,105243000,0.037086683128668474
2022-03-17,338.3699951171875,344.5,337.0400085449219,344.44000244140625,334.7245178222656,67810000,0.012106238806347536
2022-03-18,342.739990234375,351.7900085449219,341.54998779296875,351.489990234375,341.5757141113281,85446300,0.020468163890821955
2022-03-21,350.20001220703125,352.4800109863281,345.5799865722656,350.0799865722656,340.6261291503906,73799100,-0.0027800131031212594
2022-03-22,350.5899963378906,357.8500061035156,350.20001220703125,356.9599914550781,347.3203125,63345900,0.019652583218751962
2022-03-23,354.010009765625,357.6600036621094,351.7699890136719,351.8299865722656,342.32879638671875,70615500,-0.014371506455676308
2022-03-24,353.79998779296875,359.70001220703125,351.5899963378906,359.6499938964844,349.9376220703125,53555300,0.022226659760747447
2022-03-25,359.5899963378906,360.6700134277344,354.94000244140625,359.3500061035156,349.645751953125,57584200,-0.0008340632695070793
2022-03-28,359.3399963378906,365.010009765625,358.07000732421875,364.9100036621094,355.0556640625,56833900,0.015472552087806513
2022-03-29,368.8999938964844,371.8299865722656,366.05999755859375,371.19000244140625,361.166015625,68073000,0.01720955946058189
2022-03-30,369.2799987792969,370.9800109863281,365.57000732421875,367.0899963378906,357.1767578125,68757700,-0.01104549608743377
2022-03-31,367.239990234375,367.6000061035156,361.67999267578125,362.5400085449219,352.7496032714844,67011400,-0.01239485617185554
2022-04-01,362.80999755859375,363.6099853515625,358.5899963378906,361.8500061035156,352.0782775878906,54527800,-0.0019031224340657626
2022-04-04,362.7099914550781,369.30999755859375,362.44000244140625,369.29998779296875,359.3270263671875,45950200,0.02058845785362995
2022-04-05,367.80999755859375,368.5400085449219,359.92999267578125,361.1000061035156,351.34844970703125,62738700,-0.02220422087595253
2022-04-06,355.6499938964844,356.7799987792969,350.55999755859375,353.260009765625,343.7202453613281,90077100,-0.021711222440468525
2022-04-07,352.239990234375,356.3500061035156,348.69000244140625,354.1000061035156,344.53759765625,63777400,0.002377957964223576
2022-04-08,352.32000732421875,353.0899963378906,348.5,349.1499938964844,339.72119140625,61956100,-0.013979334280972755
2022-04-11,344.80999755859375,345.75,340.5400085449219,340.8900146484375,331.6842956542969,66107400,-0.02365732828936873
2022-04-12,345.760009765625,347.69000244140625,338.0400085449219,339.45001220703125,330.2831726074219,72790200,-0.004224267067305942
2022-04-13,339.79998779296875,347.42999267578125,339.05999755859375,346.3500061035156,336.99676513671875,61367800,0.020326777402240648
2022-04-14,346.44000244140625,346.9700012207031,338.2099914550781,338.42999267578125,329.2906799316406,73519400,-0.02286694117657717
2022-04-18,337.3500061035156,341.0400085449219,335.7900085449219,338.69000244140625,329.54364013671875,58560600,0.0007681972812916271
2022-04-19,338.0299987792969,346.8500061035156,336.9800109863281,346.260009765625,336.90924072265625,56515700,0.022350911044381583
2022-04-20,347.0899963378906,347.55999755859375,339.9599914550781,341.2099914550781,331.99566650390625,65500000,-0.01458426669512114
2022-04-21,345.19000244140625,347.8699951171875,333.20001220703125,334.1499938964844,325.126220703125,75801000,-0.020691371887832877
2022-04-22,334.30999755859375,335.55999755859375,324.9599914550781,325.3999938964844,316.6125183105469,82562100,-0.026185837531547573
2022-04-25,323.7300109863281,329.8999938964844,322.42999267578125,329.5799865722656,320.6797180175781,101755900,0.01284598514529356
2022-04-26,327.4700012207031,327.6600036621094,316.8599853515625,317.1400146484375,308.5756530761719,105819600,-0.037745028018088655
2022-04-27,317.239990234375,322.8800048828125,315.0,316.760009765625,308.2059326171875,111204200,-0.0011981517507899664
2022-04-28,321.8500061035156,329.8900146484375,317.5199890136719,328.010009765625,319.152099609375,99450000,0.035515756946130406
2022-04-29,323.70001220703125,327.2300109863281,312.6000061035156,313.25,304.7906799316406,91977900,-0.044998668958505905
2022-05-02,312.8299865722656,318.7200012207031,309.6499938964844,318.4800109863281,309.8793640136719,115511800,0.016695668263781993
2022-05-03,318.5,321.1700134277344,315.9800109863281,318.82000732421875,310.2102355957031,78185500,0.0010677431944665638
2022-05-04,319.30999755859375,330.2900085449219,313.8900146484375,329.6000061035156,320.69915771484375,116083400,0.03381230183781181
2022-05-05,325.1700134277344,325.25,309.6199951171875,313.0,304.5473937988281,154607400,-0.05036422306533561
2022-05-06,310.95001220703125,315.0899963378906,305.1099853515625,309.25,300.89874267578125,139572800,-0.011980569190019219
2022-05-09,303.4800109863281,309.3500061035156,295.7200012207031,297.1499938964844,289.1255187988281,113387300,-0.039126862984731
2022-05-10,304.510009765625,305.760009765625,296.57000732421875,300.760009765625,292.63800048828125,124124600,0.012148639469963474
2022-05-11,298.44000244140625,304.0899963378906,290.95001220703125,291.8399963378906,283.9588317871094,140326100,-0.0296583789073539
2022-05-12,287.45001220703125,295.75,284.94000244140625,291.1499938964844,283.2875061035156,120910900,-0.002364165535435947
2022-05-13,295.7200012207031,303.0,294.0799865722656,301.94000244140625,293.78607177734375,83684900,0.03705975536383832
2022-05-16,300.1499938964844,302.260009765625,297.1300048828125,298.44000244140625,290.38067626953125,59190400,-0.011591412374353127
2022-05-17,304.45001220703125,306.55999755859375,300.54998779296875,306.1700134277344,297.9018859863281,62715300,0.025901206007991062
2022-05-18,301.5400085449219,302.25,289.8500061035156,291.1400146484375,283.2777404785156,79477100,-0.049090476414384465
2022-05-19,289.2900085449219,294.3900146484375,287.5799865722656,289.5799865722656,281.7599182128906,79920700,-0.005358071068560011
2022-05-20,293.1300048828125,293.79998779296875,280.2099914550781,288.67999267578125,280.8841857910156,91764200,-0.003108080196180807
2022-05-23,289.75,293.8699951171875,287.2900085449219,293.4800109863281,285.55462646484375,63648400,0.016627638400771527
2022-05-24,288.1300048828125,288.8599853515625,282.25,287.239990234375,279.4831237792969,73491100,-0.021262140840482502
2022-05-25,285.7099914550781,293.3900146484375,285.5,291.260009765625,283.39453125,67144500,0.013995147248289319
2022-05-26,290.44000244140625,300.9200134277344,290.1499938964844,299.3299865722656,291.2466125488281,59462200,0.02770724355263332
2022-05-27,302.5400085449219,309.25,302.4200134277344,309.1000061035156,300.7527770996094,66985600,0.032639571212824015
2022-05-31,309.07000732421875,311.3299865722656,304.3299865722656,308.2799987792969,299.95489501953125,60968300,-0.002652950000238463
2022-06-01,310.4700012207031,312.6499938964844,303.7300109863281,306.0,297.7364501953125,65341700,-0.0073959280580311315
2022-06-02,304.8500061035156,314.55999755859375,303.3999938964844,314.3800048828125,305.89013671875,59291300,0.027385583854743878
2022-06-03,309.0299987792969,310.4700012207031,304.9200134277344,306.20001220703125,297.93109130859375,60914700,-0.02601929403651937
2022-06-06,310.75,312.3500061035156,305.6199951171875,307.2200012207031,298.92352294921875,51785000,0.0033310777880415365
2022-06-07,303.80999755859375,310.6700134277344,302.69000244140625,309.8699951171875,301.501953125,44900300,0.008625718546142247
2022-06-08,309.04998779296875,311.7200012207031,306.7699890136719,307.6400146484375,299.3321838378906,38342100,-0.007196534764104201
2022-06-09,305.9100036621094,309.04998779296875,299.2300109863281,299.3999938964844,291.31463623046875,55900500,-0.026784783061496453
2022-06-10,293.6499938964844,294.8699951171875,288.3800048828125,288.8399963378906,281.03985595703125,85963500,-0.03527038808070315
2022-06-13,279.75,282.3399963378906,274.5299987792969,275.4100036621094,267.97259521484375,94442000,-0.04649611243817808
2022-06-14,277.6600036621094,278.6600036621094,273.3399963378906,275.9100036621094,268.45904541015625,64697500,0.0018152982954189323
2022-06-15,279.4200134277344,286.8299865722656,276.6099853515625,282.79998779296875,275.16290283203125,86051400,0.0249716205748729
2022-06-16,275.5899963378906,276.05999755859375,269.2799987792969,271.3900146484375,264.0610656738281,81910300,-0.04034641677326711
2022-06-17,272.17999267578125,277.19000244140625,270.510009765625,274.69000244140625,267.2718811035156,82703400,0.012159367082360983
2022-06-21,278.75,283.45001220703125,278.6400146484375,281.0799865722656,274.0151672363281,51633700,0.025230062006413645
2022-06-22,278.5199890136719,285.17999267578125,277.9100036621094,280.6700134277344,273.6154479980469,67472900,-0.0014587485879440365
2022-06-23,283.2099914550781,285.7200012207031,280.30999755859375,284.8500061035156,277.6903991699219,57457800,0.0148929864950611
2022-06-24,287.739990234375,295.0400085449219,287.5,294.6099853515625,287.20501708984375,58422300,0.03426340251000104
2022-06-27,296.0,296.5799865722656,291.2900085449219,292.45001220703125,285.0993957519531,54151500,-0.007331422546953403
2022-06-28,293.0,295.6499938964844,283.3500061035156,283.5400085449219,276.4132385253906,61609800,-0.030467119032829393
2022-06-29,283.3999938964844,285.3399963378906,280.8399963378906,283.79998779296875,276.666748046875,57302700,0.0009171395799882909
2022-06-30,280.75,283.94000244140625,275.7799987792969,280.2799987792969,273.2351989746094,79313600,-0.0124031857694884
2022-07-01,278.95001220703125,282.5299987792969,277.0299987792969,282.1300048828125,275.0387268066406,56675100,0.006600642372576848
2022-07-05,278.30999755859375,287.0799865722656,276.75,286.9599914550781,279.7473449707031,61829300,0.017119836972532276
2022-07-06,287.3500061035156,290.95001220703125,285.5899963378906,288.79998779296875,281.5411071777344,63194700,0.006412079468418597
2022-07-07,289.6300048828125,295.70001220703125,289.6300048828125,294.9800109863281,287.5657653808594,56620100,0.021398858104659357
2022-07-08,292.0799865722656,296.75,291.1199951171875,295.3500061035156,287.9264831542969,59895500,0.0012543835771263723
2022-07-11,292.8800048828125,293.1099853515625,288.1400146484375,289.0400085449219,281.7751159667969,55273900,-0.02136436745974335
2022-07-12,290.32000732421875,292.2799987792969,284.6099853515625,286.239990234375,279.04547119140625,55797100,-0.009687316660397682
2022-07-13,280.6000061035156,288.04998779296875,280.0199890136719,285.6499938964844,278.47027587890625,73939400,-0.0020612959961119337
2022-07-14,282.989990234375,287.55999755859375,279.79998779296875,286.6700134277344,279.464599609375,63741800,0.0035706637892696236
2022-07-15,289.7300109863281,291.9800109863281,288.0799865722656,291.8699951171875,284.53387451171875,63818100,0.018139238062457208
2022-07-18,294.7200012207031,296.1600036621094,288.20001220703125,289.3999938964844,282.1259765625,59519600,-0.008462605562697512
2022-07-19,293.1099853515625,298.6000061035156,291.4700012207031,298.29998779296875,290.8022766113281,55172600,0.030753283177049173
2022-07-20,298.7300109863281,304.239990234375,297.92999267578125,303.0299987792969,295.4134521484375,67769400,0.015856738093121825
2022-07-21,303.5,307.44000244140625,300.7799987792969,307.3800048828125,299.6541748046875,55049400,0.014355211739373264
2022-07-22,306.42999267578125,308.54998779296875,300.1199951171875,301.989990234375,294.3995361328125,57127700,-0.017535676502087538
2022-07-25,302.0199890136719,302.5,298.2200012207031,300.2699890136719,292.72283935546875,40582400,-0.005695310527212727
2022-07-26,298.5299987792969,298.7900085449219,293.5400085449219,294.3699951171875,286.9710693359375,50074100,-0.019649201381743087
2022-07-27,299.0400085449219,308.5400085449219,298.4599914550781,306.80999755859375,299.098388671875,69304400,0.04225972800673117
2022-07-28,306.5899963378906,310.3999938964844,302.75,309.80999755859375,302.02301025390625,55139900,0.009778125502507118
2022-07-29,311.3900146484375,316.3900146484375,309.92999267578125,315.4599914550781,307.5310363769531,57501000,0.01823710755818353
2022-08-01,313.6499938964844,318.80999755859375,312.5299987792969,315.2699890136719,307.3457336425781,46358800,-0.0006025497021635573
2022-08-02,312.9200134277344,318.54998779296875,311.8399963378906,314.3299865722656,306.4294128417969,48676500,-0.0029814007499673334
2022-08-03,316.04998779296875,323.7300109863281,315.989990234375,322.8900146484375,314.7743225097656,53735700,0.027232730665698313
2022-08-04,322.9700012207031,324.7200012207031,320.7699890136719,324.3999938964844,316.2463073730469,38973700,0.004676318104808619
2022-08-05,319.19000244140625,323.8299865722656,318.3900146484375,321.75,313.6628723144531,53894000,-0.008169059996473882
2022-08-08,322.69000244140625,326.4700012207031,319.2099914550781,320.7099914550781,312.64898681640625,43878500,-0.0032324051953156463
2022-08-09,318.7699890136719,319.0299987792969,315.4200134277344,317.0799865722656,309.1102294921875,39764200,-0.011318627193558695
2022-08-10,324.5899963378906,326.2300109863281,322.05999755859375,325.92999267578125,317.7377624511719,51459600,0.027910862002716197
2022-08-11,328.30999755859375,330.3599853515625,323.3599853515625,324.0799865722656,315.9343566894531,45897700,-0.00567576780237411
2022-08-12,326.17999267578125,330.5899963378906,325.1000061035156,330.3900146484375,322.085693359375,40928400,0.019470299888809883
2022-08-15,329.4200134277344,333.57000732421875,329.3999938964844,333.05999755859375,324.68865966796875,38266600,0.008081595557519528
2022-08-16,332.05999755859375,334.4200134277344,329.1600036621094,332.2799987792969,323.9282531738281,41186900,-0.002341955813665364
2022-08-17,329.07000732421875,331.42999267578125,326.3599853515625,328.489990234375,320.2334899902344,47842200,-0.011406115852484966
2022-08-18,328.44000244140625,330.489990234375,326.7900085449219,329.2799987792969,321.003662109375,41937200,0.0024050330250096064
2022-08-19,326.1700134277344,326.8399963378906,322.0799865722656,322.8599853515625,314.7449951171875,51770600,-0.019497182527640433
2022-08-22,318.5,318.739990234375,313.5299987792969,314.3599853515625,306.4585876464844,51098900,-0.026327368502294668
2022-08-23,314.1199951171875,317.0,313.3299865722656,314.1000061035156,306.2051696777344,39497100,-0.0008269240248615084
2022-08-24,313.6099853515625,316.8699951171875,312.989990234375,315.010009765625,307.0923767089844,38057100,0.0028974266900319012
2022-08-25,316.8299865722656,320.6000061035156,315.760009765625,320.5799865722656,312.5223083496094,38098300,0.017681753284845225
2022-08-26,320.2799987792969,321.510009765625,307.3500061035156,307.44000244140625,299.7126159667969,69047700,-0.04098808961977418
2022-08-29,304.6199951171875,307.2200012207031,303.2799987792969,304.4100036621094,296.75872802734375,48321900,-0.00985573440051779
2022-08-30,306.1000061035156,306.7300109863281,298.44000244140625,301.0199890136719,293.45391845703125,51184500,-0.011136351716698245
2022-08-31,303.989990234375,304.9100036621094,299.1600036621094,299.2699890136719,291.7479553222656,50044000,-0.005813393611288298
2022-09-01,296.7200012207031,299.7799987792969,292.95001220703125,299.3999938964844,291.8746643066406,57990700,0.00043430975972058583
2022-09-02,302.3399963378906,303.75,293.5199890136719,295.1700134277344,287.7509460449219,64666800,-0.014128387167535728
2022-09-06,295.6600036621094,296.6000061035156,290.8699951171875,293.04998779296875,285.6842956542969,57005400,-0.007182080264307333
2022-09-07,293.5400085449219,299.989990234375,293.2699890136719,298.9700012207031,291.4554443359375,49260400,0.020201140802728057
2022-09-08,296.8500061035156,301.8699951171875,295.45001220703125,300.5199890136719,292.966552734375,55649800,0.005184697791048132
2022-09-09,302.8299865722656,307.6000061035156,300.5199890136719,307.0899963378906,299.37139892578125,56125200,0.021862038965292152
2022-09-12,308.5,311.0799865722656,308.17999267578125,310.739990234375,302.9296875,45905700,0.011885866809544066
2022-09-13,301.79998779296875,303.0199890136719,292.7900085449219,293.70001220703125,286.3179626464844,79562200,-0.05483689958091553
2022-09-14,294.8699951171875,296.92999267578125,293.05999755859375,296.0299987792969,288.5893249511719,54907200,0.007933006660472586
2022-09-15,294.07000732421875,296.5299987792969,289.4599914550781,291.1000061035156,283.7832946777344,65299400,-0.016653527549054914
2022-09-16,287.7200012207031,289.7200012207031,285.6199951171875,289.32000732421875,282.0480041503906,79920400,-0.006114843825864913
2022-09-19,286.1000061035156,291.2099914550781,286.0400085449219,291.04998779296875,284.2444152832031,52613800,0.007787366336552193
2022-09-20,288.489990234375,291.07000732421875,286.3800048828125,288.7300109863281,281.97869873046875,51271100,-0.007971015192952735
2022-09-21,289.5899963378906,293.95001220703125,283.4200134277344,283.55999755859375,276.9295959472656,82931000,-0.017905972351582977
2022-09-22,282.0,283.0299987792969,278.82000732421875,280.07000732421875,273.52117919921875,62757100,-0.01230788185129883
2022-09-23,277.54998779296875,277.8500061035156,272.0199890136719,275.510009765625,269.0677795410156,74815200,-0.016281736102634614
2022-09-26,275.0299987792969,279.489990234375,273.55999755859375,274.3699951171875,267.9543762207031,71176700,-0.004138003153747238
2022-09-27,277.80999755859375,280.2099914550781,272.1099853515625,274.4800109863281,268.0619201660156,69780100,0.00040135170333588377
2022-09-28,274.4599914550781,281.25,272.95001220703125,279.94000244140625,273.39422607421875,79652100,0.019892067865889818
2022-09-29,275.8599853515625,276.25,268.8399963378906,271.8699951171875,265.512939453125,81216000,-0.02882755328912545
2022-09-30,271.0299987792969,275.19000244140625,267.1000061035156,267.260009765625,261.01080322265625,78482400,-0.01695637221953017
2022-10-03,269.07000732421875,275.1600036621094,267.5299987792969,273.5299987792969,267.1340637207031,61267400,0.02345979715185731
2022-10-04,278.989990234375,282.8500061035156,278.989990234375,282.1300048828125,275.5330810546875,66696900,0.03144120677460971
2022-10-05,278.2799987792969,283.80999755859375,275.4200134277344,281.9800109863281,275.3865661621094,55766300,-0.0005317506414013184
2022-10-06,280.9599914550781,284.17999267578125,279.42999267578125,279.760009765625,273.21844482421875,53489400,-0.007873010539716563
2022-10-07,275.0199890136719,275.1499938964844,267.739990234375,269.1000061035156,262.8077087402344,71354700,-0.03810407489392731
2022-10-10,269.29998779296875,269.70001220703125,263.6400146484375,266.4100036621094,260.1805725097656,60393000,-0.009996419979695026
2022-10-11,264.70001220703125,267.6300048828125,261.0299987792969,262.75,256.606201171875,66522500,-0.013738040866815515
2022-10-12,263.3999938964844,265.3599853515625,261.95001220703125,262.6600036621094,256.518310546875,50580200,-0.00034251169534726955
2022-10-13,255.16000366210938,270.1700134277344,254.25999450683594,268.82000732421875,262.5343017578125,112894100,0.02345248258540278
2022-10-14,271.20001220703125,271.80999755859375,260.1400146484375,260.739990234375,254.64312744140625,77244300,-0.030057688704182572
2022-10-17,266.8399963378906,270.239990234375,266.739990234375,269.3500061035156,263.0518493652344,64576500,0.03302159382158454
2022-10-18,276.5299987792969,277.2099914550781,268.739990234375,271.4800109863281,265.1320495605469,69781000,0.00790794742683687
2022-10-19,269.92999267578125,273.67999267578125,268.07000732421875,270.489990234375,264.1651916503906,53115400,-0.0036467032626149587
2022-10-20,269.5799865722656,274.8399963378906,267.9200134277344,269.1099853515625,262.8174743652344,60605500,-0.00510179738949057
2022-10-21,267.9800109863281,275.9700012207031,266.82000732421875,275.4200134277344,268.97991943359375,77897700,0.02344762304425574
2022-10-24,275.69000244140625,279.3999938964844,271.9700012207031,278.45001220703125,271.9391174316406,63963600,0.011001557306873355
2022-10-25,279.4100036621094,284.6000061035156,277.8999938964844,284.2099914550781,277.5643615722656,59014500,0.020685674770710705
2022-10-26,278.4599914550781,283.9800109863281,277.42999267578125,277.92999267578125,271.4312438964844,63492400,-0.02209620010667135
2022-10-27,276.7900085449219,278.2799987792969,272.3399963378906,272.8699951171875,266.48956298828125,57760300,-0.01820601356448015
2022-10-28,272.2300109863281,281.70001220703125,272.05999755859375,281.2200012207031,274.6443176269531,62651300,0.03060065297578074
2022-10-31,278.9200134277344,279.760009765625,275.989990234375,277.95001220703125,271.4507751464844,47742000,-0.011627921189348966
2022-11-01,281.5,282.07000732421875,274.739990234375,275.1099853515625,268.6771240234375,45895900,-0.010217878808966852
2022-11-02,275.0799865722656,278.2099914550781,265.6099853515625,265.67999267578125,259.4676818847656,79803100,-0.034276986446633684
2022-11-03,263.010009765625,264.5,260.1000061035156,260.489990234375,254.39898681640625,70038900,-0.01953497650089031
2022-11-04,265.5299987792969,266.6099853515625,259.0799865722656,264.67999267578125,258.49102783203125,78313200,0.0160851309466028
2022-11-07,265.75,268.1400146484375,263.57000732421875,267.5899963378906,261.3330993652344,47333800,0.010994855632087575
2022-11-08,269.1400146484375,272.8500061035156,265.5199890136719,269.5400085449219,263.237548828125,63213800,0.00728744069356857
2022-11-09,267.760009765625,268.55999755859375,263.0299987792969,263.32000732421875,257.1629333496094,64862100,-0.023076553879028516
2022-11-10,276.010009765625,283.04998779296875,273.8500061035156,282.75,276.13848876953125,99256700,0.07378806569345242
2022-11-11,282.55999755859375,288.6400146484375,281.19000244140625,287.9599914550781,281.2267150878906,66961800,0.018426356793044052
2022-11-14,285.8599853515625,289.2099914550781,284.44000244140625,285.44000244140625,278.7656555175781,55290700,-0.008751158543182314
2022-11-15,292.2099914550781,293.260009765625,285.9700012207031,289.3900146484375,282.6231994628906,73985400,0.013837945489197034
2022-11-16,287.3900146484375,289.4800109863281,284.6000061035156,285.44000244140625,278.7656555175781,48859800,-0.0136490703970642
2022-11-17,280.8800048828125,286.32000732421875,280.7200012207031,284.80999755859375,278.150390625,55462100,-0.0022071043559357406
2022-11-18,287.8900146484375,287.989990234375,282.32000732421875,284.82000732421875,278.16009521484375,53588600,3.4889722146047575e-05
2022-11-21,283.3999938964844,284.5799865722656,281.0400085449219,281.8900146484375,275.2986755371094,40083500,-0.010286952467154942
2022-11-22,282.6400146484375,286.1099853515625,280.4599914550781,285.95001220703125,279.2637023925781,41873400,0.014402636873326546
2022-11-23,285.9700012207031,289.4599914550781,285.7900085449219,288.82000732421875,282.0666198730469,46390000,0.010036812720217059
2022-11-25,287.19000244140625,287.9100036621094,286.4200134277344,286.9200134277344,280.2110595703125,15498800,-0.0065784469767090625
2022-11-28,284.8999938964844,286.9599914550781,281.760009765625,282.7099914550781,276.09942626953125,38714200,-0.014673344110993303
2022-11-29,282.94000244140625,283.3500061035156,279.1700134277344,280.57000732421875,274.0095520019531,35618900,-0.007569281457100785
2022-11-30,280.8399963378906,293.4700012207031,279.9700012207031,293.3599853515625,286.50042724609375,74718100,0.04558554675514226
2022-12-01,293.69000244140625,295.75,290.8800048828125,293.7200012207031,286.85198974609375,51547300,0.0012270924109234471
2022-12-02,288.5400085449219,293.45001220703125,288.3599853515625,292.54998779296875,285.70941162109375,53583200,-0.0039831626268702625
2022-12-05,290.3800048828125,291.67999267578125,286.1499938964844,287.6400146484375,280.9142150878906,41482100,-0.01678347418097126
2022-12-06,287.4800109863281,287.6199951171875,280.260009765625,281.67999267578125,275.09356689453125,53937600,-0.020720376117450146
2022-12-07,280.4700012207031,282.57000732421875,278.7799987792969,280.5299987792969,273.970458984375,45614300,-0.0040826396736017845
2022-12-08,281.9100036621094,284.8399963378906,279.7900085449219,283.8500061035156,277.2127380371094,42594900,0.011834411143280654
2022-12-09,282.80999755859375,285.6400146484375,281.5899963378906,282.0400085449219,275.44512939453125,47860500,-0.006376361544906728
2022-12-12,282.2200012207031,285.6400146484375,281.1600036621094,285.5799865722656,278.90228271484375,35732500,0.01255115066986967
2022-12-13,296.6499938964844,296.8800048828125,285.9100036621094,288.6499938964844,281.90057373046875,80667700,0.010750327987421038
2022-12-14,288.04998779296875,291.4100036621094,283.19000244140625,286.510009765625,279.8105773925781,64984400,-0.007413948507564605
2022-12-15,282.3299865722656,283.010009765625,275.6700134277344,276.8900146484375,270.41552734375,60554100,-0.033576464965606845
2022-12-16,276.20001220703125,277.7699890136719,272.6099853515625,274.25,267.8373107910156,68300400,-0.009534277036750805
2022-12-19,273.8699951171875,273.9599914550781,268.489990234375,269.75,264.0732727050781,44167900,-0.014053449367532056
2022-12-20,268.55999755859375,271.32000732421875,266.95001220703125,269.5400085449219,263.86767578125,51064200,-0.0007785601387148011
2022-12-21,270.6000061035156,274.7799987792969,269.739990234375,273.45001220703125,267.6954040527344,46394700,0.014506241661284891
2022-12-22,270.3800048828125,270.510009765625,262.4599914550781,266.760009765625,261.1461486816406,60278400,-0.024465326157798284
2022-12-23,265.4700012207031,268.0400085449219,263.5299987792969,267.3599853515625,261.7335205078125,39373600,0.002249207308387069
2022-12-27,266.739990234375,266.8500061035156,263.0299987792969,263.5799865722656,258.0330810546875,38009000,-0.014138194626142853
2022-12-28,263.1700134277344,265.4700012207031,259.7300109863281,260.1000061035156,254.6263427734375,47139000,-0.013202719075109504
2022-12-29,262.9599914550781,267.3999938964844,262.25,266.44000244140625,260.8327941894531,45893600,0.024374742017710282
2022-12-30,263.6199951171875,266.4100036621094,262.2900085449219,266.2799987792969,260.67620849609375,37858300,-0.0006003297777258387
2023-01-03,268.6499938964844,270.1499938964844,262.1300048828125,264.4800109863281,258.9141540527344,42335300,-0.006759552218152609
2023-01-04,266.6400146484375,267.45001220703125,262.5299987792969,265.739990234375,260.1475830078125,47754900,0.004763852944196012
2023-01-05,264.0400085449219,264.2099914550781,261.260009765625,261.5799865722656,256.07513427734375,45396700,-0.015654378500785215
2023-01-06,263.3500061035156,269.94000244140625,260.3399963378906,268.79998779296875,263.1431579589844,54659700,0.02760136669101798
2023-01-09,270.8299865722656,275.2900085449219,269.9200134277344,270.5400085449219,264.8465881347656,45568700,0.006473397176630202
2023-01-10,269.489990234375,272.94000244140625,268.9700012207031,272.8299865722656,267.0883483886719,35247800,0.00846437278914669
2023-01-11,273.9200134277344,277.6600036621094,273.1199951171875,277.54998779296875,271.7090148925781,44077000,0.017300142562498344
2023-01-12,278.1199951171875,280.1000061035156,273.739990234375,279.04998779296875,273.17742919921875,60600000,0.005404363588087602
2023-01-13,276.5,281.2200012207031,276.1600036621094,280.9700012207031,275.05706787109375,44802900,0.006880651441024677
2023-01-17,280.7699890136719,282.8500061035156,279.5799865722656,281.5400085449219,275.6150817871094,36269700,0.002028720513653992
2023-01-18,283.1099853515625,284.69000244140625,277.6700134277344,277.8800048828125,272.0321044921875,47754500,-0.012999931903905915
2023-01-19,276.2200012207031,277.3800048828125,273.8900146484375,275.1499938964844,269.3594970703125,44150400,-0.009824602970535667
2023-01-20,276.7900085449219,283.0199890136719,275.7099914550781,282.67999267578125,276.73101806640625,60613600,0.027366850162218403
2023-01-23,283.5400085449219,290.2099914550781,282.7300109863281,288.9599914550781,282.8789367675781,52799900,0.022216225503483678
2023-01-24,287.30999755859375,289.54998779296875,286.7799987792969,288.3699951171875,282.3013916015625,44875100,-0.0020416690355781197
2023-01-25,283.7699890136719,288.3599853515625,281.17999267578125,287.7300109863281,281.67486572265625,50872000,-0.0022193510111722103
2023-01-26,291.2200012207031,293.5199890136719,288.5199890136719,293.3399963378906,287.1667175292969,51596300,0.01949713117835672
2023-01-27,292.0,298.260009765625,291.8800048828125,296.260009765625,290.0253601074219,56441900,0.009954644475237195
2023-01-30,292.92999267578125,294.3800048828125,289.8900146484375,290.2699890136719,284.161376953125,49405800,-0.02021886345430246
2023-01-31,290.30999755859375,294.7200012207031,290.20001220703125,294.6199951171875,288.4198303222656,46705100,0.014986038619326791
2023-02-01,294.4100036621094,303.42999267578125,292.29998779296875,300.9200134277344,294.5871887207031,67562200,0.0213832675497605
2023-02-02,307.57000732421875,313.67999267578125,306.7300109863281,311.7200012207031,305.15997314453125,83070600,0.035890170478024785
2023-02-03,304.94000244140625,312.3900146484375,304.5400085449219,306.17999267578125,299.736572265625,76170800,-0.01777232060620737
2023-02-06,303.510009765625,305.9100036621094,302.2200012207031,303.5899963378906,297.2010498046875,40802300,-0.008459169469284933
2023-02-07,303.4599914550781,311.0299987792969,302.32000732421875,309.8800048828125,303.35870361328125,67584000,0.020718815807146074
2023-02-08,308.5400085449219,309.5,303.6700134277344,304.3699951171875,297.9645690917969,56720900,-0.0177813738562147
2023-02-09,308.8399963378906,308.989990234375,300.20001220703125,301.67999267578125,295.3312683105469,49137800,-0.008837630558815701
2023-02-10,299.4800109863281,301.57000732421875,297.25,299.70001220703125,293.3929138183594,50050100,-0.006563322953495376
2023-02-13,301.1300048828125,305.1000061035156,299.92999267578125,304.5,298.09197998046875,39636700,0.01601629058095999
2023-02-14,302.8900146484375,307.7200012207031,300.9100036621094,306.75,300.2945861816406,64079100,0.007389015300969248
2023-02-15,304.8999938964844,309.2699890136719,304.20001220703125,309.1000061035156,302.5950927734375,43100600,0.0076608327211245
2023-02-16,304.3800048828125,308.42999267578125,303.1499938964844,303.29998779296875,296.9171447753906,59498600,-0.01876417738967806
2023-02-17,301.07000732421875,301.92999267578125,298.1000061035156,301.1600036621094,294.8222351074219,58230700,-0.007055536215510472
2023-02-21,297.260009765625,298.7300109863281,293.8900146484375,294.0299987792969,287.8422546386719,46526700,-0.02367521725831423
2023-02-22,294.6199951171875,296.3599853515625,292.55999755859375,294.25,288.0575866699219,51389200,0.0007480904133421173
2023-02-23,297.9700012207031,298.1300048828125,292.54998779296875,296.82000732421875,290.5735778808594,69294400,0.008734334130975352
2023-02-24,291.760009765625,292.9700012207031,290.04998779296875,291.8500061035156,285.7081298828125,74332000,-0.01674428911785575
2023-02-27,295.07000732421875,296.489990234375,293.3399963378906,293.94000244140625,287.754150390625,48995000,0.007161226068896687
2023-02-28,293.29998779296875,296.1199951171875,292.9599914550781,293.55999755859375,287.38214111328125,48243100,-0.0012928024733570576
2023-03-01,293.260009765625,293.92999267578125,290.20001220703125,291.20001220703125,285.0718078613281,58287000,-0.008039237382682196
2023-03-02,288.6600036621094,294.42999267578125,288.3699951171875,293.6099853515625,287.4310302734375,53565900,0.008275888204479998
2023-03-03,295.3900146484375,299.9200134277344,294.8699951171875,299.67999267578125,293.37335205078125,60511500,0.020673904872729798
2023-03-06,300.94000244140625,304.0,299.82000732421875,300.0199890136719,293.70611572265625,56736300,0.0011342668635336839
2023-03-07,300.07000732421875,301.010009765625,295.7200012207031,296.3399963378906,290.1036682128906,65955800,-0.0122654834779381
2023-03-08,296.7699890136719,298.42999267578125,294.8800048828125,297.82000732421875,291.552490234375,50876300,0.004994152712406219
2023-03-09,298.3299865722656,300.9800109863281,291.8299865722656,292.6600036621094,286.50103759765625,71456700,-0.017326048673629746
2023-03-10,292.8299865722656,294.3500061035156,287.3800048828125,288.54998779296875,282.4775695800781,98593600,-0.014043467525686304
2023-03-13,286.7300109863281,294.4700012207031,285.19000244140625,290.69000244140625,284.572509765625,97123600,0.007416306323582145
2023-03-14,294.30999755859375,297.92999267578125,293.45001220703125,297.3699951171875,291.1119689941406,73602500,0.022979940099982166
2023-03-15,294.7099914550781,299.2699890136719,293.239990234375,298.92999267578125,292.63909912109375,83631500,0.0052458513891742165
2023-03-16,298.0,307.17999267578125,297.19000244140625,306.80999755859375,300.3532409667969,98198100,0.026360598665289947
2023-03-17,306.7200012207031,309.1499938964844,303.3699951171875,305.3599853515625,298.9337463378906,89923700,-0.004726083941485326
2023-03-20,304.260009765625,306.29998779296875,302.010009765625,305.9700012207031,299.99468994140625,56359500,0.003549092788996955
2023-03-21,307.94000244140625,310.79998779296875,306.3999938964844,310.3399963378906,304.279296875,49757000,0.014282275911052356
2023-03-22,310.2699890136719,315.25,305.95001220703125,306.1199951171875,300.1417541503906,75791900,-0.013597845029558853
2023-03-23,309.9200134277344,314.1499938964844,307.010009765625,309.75,303.7008361816406,74576000,0.011858003700033981
2023-03-24,309.32000732421875,310.989990234375,306.95001220703125,310.8900146484375,304.8186340332031,57195200,0.0036805886530189014
2023-03-27,311.6000061035156,312.70001220703125,307.8900146484375,308.760009765625,302.73016357421875,50287400,-0.006851518331903783
2023-03-28,308.1700134277344,308.20001220703125,304.7699890136719,307.1199951171875,301.12213134765625,48585900,-0.005311767441926074
2023-03-29,310.8800048828125,313.3500061035156,310.04998779296875,312.7200012207031,306.61279296875,53274300,0.018234002251912074
2023-03-30,315.239990234375,316.32000732421875,312.80999755859375,315.67999267578125,309.5150146484375,58354800,0.009465429187043961
2023-03-31,315.9100036621094,321.1700134277344,315.6000061035156,320.92999267578125,314.66259765625,62138100,0.016631125354805043
2023-04-03,318.7699890136719,320.4200134277344,317.4200134277344,320.1499938964844,313.8977355957031,47126800,-0.002430737133182981
2023-04-04,320.6000061035156,321.6300048828125,317.8299865722656,319.07000732421875,312.83880615234375,45875400,-0.003373485448532443
2023-04-05,318.1000061035156,319.05999755859375,314.07000732421875,315.9200134277344,309.7503662109375,62795700,-0.009872304460535108
2023-04-06,314.239990234375,318.54998779296875,312.82000732421875,318.04998779296875,311.8387451171875,46916500,0.006742135390496395
2023-04-10,315.07000732421875,317.9200134277344,313.25,317.8699951171875,311.6622619628906,45134700,-0.0005659436393337103
2023-04-11,317.8299865722656,317.8900146484375,315.30999755859375,315.8299865722656,309.6620788574219,40113600,-0.006417790504603671
2023-04-12,317.82000732421875,318.4200134277344,312.57000732421875,313.0400085449219,306.92669677734375,62813300,-0.008833442216015008
2023-04-13,314.8299865722656,319.6499938964844,313.6300048828125,319.1700134277344,312.9369201660156,54613800,0.019581950517103097
2023-04-14,317.5899963378906,320.3599853515625,315.6099853515625,318.57000732421875,312.3486022949219,56278300,-0.001879988691592005
2023-04-17,318.1499938964844,319.20001220703125,316.0400085449219,318.8399963378906,312.61334228515625,43007000,0.0008475785974044747
2023-04-18,320.989990234375,321.4200134277344,317.6400146484375,318.8599853515625,312.6329040527344,46746900,6.25749606051329e-05
2023-04-19,316.4100036621094,319.7900085449219,316.2799987792969,318.7099914550781,312.4858703613281,38960100,-0.00047030779390211386
2023-04-20,315.69000244140625,319.2699890136719,314.9700012207031,316.2799987792969,310.1033935546875,62462100,-0.007624270511449871
2023-04-21,315.9100036621094,317.3999938964844,314.1000061035156,316.6099853515625,310.4268798828125,59002300,0.0010431563628405804
2023-04-24,316.3800048828125,317.739990234375,313.739990234375,315.95001220703125,309.7798156738281,44043100,-0.0020844335684739868
2023-04-25,314.2900085449219,314.9700012207031,309.8900146484375,309.989990234375,303.93621826171875,57121600,-0.018863712599862192
2023-04-26,313.44000244140625,314.94000244140625,311.3399963378906,311.8699951171875,305.7794494628906,55400500,0.006064532919813681
2023-04-27,315.70001220703125,320.8599853515625,315.04998779296875,320.3500061035156,314.0938415527344,65430400,0.027190813851120987
2023-04-28,320.1099853515625,322.6499938964844,318.9599914550781,322.55999755859375,316.2606201171875,59712600,0.00689850699950556
2023-05-01,322.0899963378906,323.6300048828125,321.0899963378906,322.19000244140625,315.8979187011719,41013400,-0.0011468434352693846
2023-05-02,322.1199951171875,322.45001220703125,317.6099853515625,319.3800048828125,313.142822265625,56519400,-0.008721477010277812
2023-05-03,319.75,322.4700012207031,317.17999267578125,317.2900085449219,311.0935974121094,59882100,-0.0065440581990328095
2023-05-04,317.05999755859375,318.2300109863281,315.1199951171875,316.1700134277344,309.9954528808594,50224500,-0.0035299489940813222
2023-05-05,318.4700012207031,323.760009765625,316.2099914550781,322.8900146484375,316.5842590332031,51806100,0.021254525158715953
2023-05-08,322.4200134277344,324.0400085449219,321.32000732421875,323.69000244140625,317.36865234375,36465800,0.0024776762841660638
2023-05-09,322.0,322.8800048828125,321.32000732421875,321.6400146484375,315.358642578125,31768800,-0.006333359488346457
2023-05-10,324.1199951171875,326.010009765625,321.6000061035156,325.1400146484375,318.7903137207031,60446600,0.010881804647950855
2023-05-11,325.70001220703125,326.75,324.1199951171875,326.20001220703125,319.82958984375,44278500,0.0032600617971014767
2023-05-12,326.739990234375,327.1700134277344,322.94000244140625,325.0299987792969,318.6824035644531,48432800,-0.0035868672434509197
2023-05-15,325.510009765625,327.0299987792969,323.9599914550781,326.7900085449219,320.4080505371094,33375600,0.0054149427560321595
2023-05-16,326.05999755859375,328.8999938964844,326.0199890136719,327.1600036621094,320.7708740234375,40019200,0.0011323794321644876
2023-05-17,328.239990234375,331.7099914550781,327.0400085449219,331.1199951171875,324.6534729003906,47486100,0.012103963269026297
2023-05-18,331.5199890136719,337.489990234375,331.5,337.2699890136719,330.68341064453125,64213500,0.01857345831008783
2023-05-19,337.489990234375,338.2099914550781,335.42999267578125,336.510009765625,329.9382629394531,61554900,-0.0022533567789982945
2023-05-22,336.25,338.6700134277344,336.239990234375,337.6400146484375,331.0462341308594,43015900,0.003358116702001146
2023-05-23,335.8900146484375,337.05999755859375,333.0,333.3599853515625,326.8497009277344,48216700,-0.01267657737941874
2023-05-24,331.3699951171875,332.9100036621094,329.55999755859375,331.6499938964844,325.1731262207031,62891200,-0.005129497448743026
2023-05-25,339.1400146484375,341.010009765625,336.6700134277344,339.7200012207031,333.0856018066406,66862800,0.02433311657054671
2023-05-26,340.760009765625,349.25,340.6600036621094,348.3999938964844,341.5960388183594,63007000,0.025550299879546046
2023-05-30,352.7099914550781,353.92999267578125,348.5299987792969,349.9800109863281,343.14520263671875,72652200,0.004535075476045369
2023-05-31,348.3699951171875,350.6000061035156,346.510009765625,347.989990234375,341.19403076171875,65105400,-0.005686140619210911
2023-06-01,347.7300109863281,353.3599853515625,346.6600036621094,352.010009765625,345.13555908203125,50488600,0.011552160837963621
2023-06-02,353.79998779296875,355.8299865722656,352.010009765625,354.6499938964844,347.7239990234375,53372100,0.007499777618657388
2023-06-05,354.42999267578125,357.5,353.8500061035156,354.8999938964844,347.9691162109375,47266200,0.0007049188097123515
2023-06-06,354.2799987792969,355.82000732421875,352.92999267578125,354.8399963378906,347.9102783203125,41390400,-0.00016908940444393394
2023-06-07,355.1300048828125,357.1199951171875,348.17999267578125,348.82000732421875,342.00787353515625,69225900,-0.016965307301792465
2023-06-08,349.1199951171875,353.6199951171875,348.8900146484375,353.1499938964844,346.2532043457031,47153900,0.012412962212434264
2023-06-09,354.6300048828125,357.6600036621094,353.0299987792969,354.5,347.57696533203125,53196900,0.003823101041994903
2023-06-12,356.19000244140625,360.5899963378906,355.20001220703125,360.489990234375,353.4499206542969,44606500,0.01689684849125528
2023-06-13,363.2900085449219,364.1099853515625,360.0299987792969,363.260009765625,356.1658630371094,57097800,0.007684093910064638
2023-06-14,363.2699890136719,366.19000244140625,360.4200134277344,365.8999938964844,358.7542724609375,69525600,0.007267427040188901
2023-06-15,364.6099853515625,371.7699890136719,363.9800109863281,370.260009765625,363.0292053222656,71138800,0.011916047248729633
2023-06-16,372.7200012207031,372.8500061035156,367.4800109863281,367.92999267578125,360.74462890625,80932000,-0.006293092628697927
2023-06-20,365.95001220703125,368.32000732421875,363.8900146484375,366.8999938964844,360.22821044921875,49204700,-0.0014315347080758878
2023-06-21,365.739990234375,366.17999267578125,360.9599914550781,361.8999938964844,355.319091796875,53378300,-0.01362780179326295
2023-06-22,360.6300048828125,366.3299865722656,360.2200012207031,366.1700134277344,359.5115661621094,47603000,0.011799181248698831
2023-06-23,362.2099914550781,364.8800048828125,360.82000732421875,362.5400085449219,355.947509765625,48922900,-0.009913607048951723
2023-06-26,362.0,364.8399963378906,357.5899963378906,357.67999267578125,351.17584228515625,52685500,-0.013405536910795268
2023-06-27,359.25,364.57000732421875,358.510009765625,363.8299865722656,357.2140197753906,49428100,0.01719417101968923
2023-06-28,361.9800109863281,366.5199890136719,361.8999938964844,364.5400085449219,357.9111022949219,46498000,0.0019514422193438463
2023-06-29,364.239990234375,364.8900146484375,362.1400146484375,363.80999755859375,357.1944580078125,46151000,-0.0020022968902452254
2023-06-30,367.54998779296875,370.489990234375,367.2300109863281,369.4200134277344,362.702392578125,58712500,0.015419988879536328
2023-07-03,370.07000732421875,370.92999267578125,368.9700012207031,370.2900085449219,363.5566101074219,19432900,0.002355147213739084
2023-07-05,368.70001220703125,372.010009765625,368.6600036621094,370.2799987792969,363.5467224121094,34460900,-2.719712704324362e-05
2023-07-06,366.510009765625,367.9100036621094,364.5199890136719,367.4599914550781,360.77801513671875,49374700,-0.007615822409346551
2023-07-07,367.2300109863281,370.4800109863281,366.010009765625,366.239990234375,359.58026123046875,47133700,-0.0033199193298851792
2023-07-10,365.9599914550781,367.04998779296875,363.4100036621094,366.3599853515625,359.697998046875,48498800,0.00032742847453137713
2023-07-11,366.7900085449219,368.6300048828125,364.6199951171875,368.1700134277344,361.4751281738281,38214100,0.004940617230573263
2023-07-12,372.3399963378906,374.19000244140625,370.29998779296875,372.82000732421875,366.0405578613281,61975400,0.012629996731903903
2023-07-13,376.04998779296875,379.989990234375,375.4599914550781,379.1499938964844,372.2555236816406,46960000,0.01697889943296116
2023-07-14,379.5899963378906,382.8599853515625,378.17999267578125,379.07000732421875,372.1769104003906,55148500,-0.0002111809664300246
2023-07-17,379.79998779296875,383.5,379.30999755859375,382.6099853515625,375.65252685546875,40868900,0.009338613863334677
2023-07-18,381.9599914550781,387.1300048828125,380.0,385.739990234375,378.7256164550781,55262000,0.008180670646178667
2023-07-19,386.82000732421875,387.9800109863281,384.29998779296875,385.6499938964844,378.6372985839844,54093000,-0.00023319751095907115
2023-07-20,382.6099853515625,384.1000061035156,375.7200012207031,376.760009765625,369.9089050292969,71941700,-0.02305212293487635
2023-07-21,379.17999267578125,379.9200134277344,375.19000244140625,375.6300048828125,368.7994384765625,60499600,-0.0029992966853461533
2023-07-24,376.6199951171875,377.5799865722656,374.3399963378906,376.2300109863281,369.3885803222656,40380100,0.0015974586299174476
2023-07-25,376.95001220703125,380.4700012207031,376.92999267578125,378.7799987792969,371.8922119140625,38894400,0.006777772040523322
2023-07-26,377.7200012207031,379.239990234375,375.17999267578125,377.5199890136719,370.65509033203125,47075700,-0.0033265595309566187
2023-07-27,383.07000732421875,384.7099914550781,375.30999755859375,376.6199951171875,369.7714538574219,63940200,-0.0023839858069069075
2023-07-28,380.739990234375,384.5199890136719,380.2200012207031,383.4800109863281,376.50677490234375,56902900,0.01821482154628118
2023-07-31,383.7900085449219,384.8800048828125,382.3399963378906,383.67999267578125,376.7030334472656,44019900,0.0005212616558434302
2023-08-01,382.30999755859375,383.55999755859375,380.69000244140625,382.7900085449219,375.82928466796875,41060600,-0.002319463082898654
2023-08-02,379.260009765625,379.260009765625,373.1300048828125,374.3900146484375,367.5820007324219,72687100,-0.021944229127416337
2023-08-03,371.94000244140625,375.95001220703125,371.7699890136719,373.7900085449219,366.9929504394531,47666400,-0.0016025003721483744
2023-08-04,375.75,378.1000061035156,371.5299987792969,372.0400085449219,365.2747802734375,61702800,-0.004681752507665893
2023-08-07,373.8800048828125,375.2900085449219,371.510009765625,375.19000244140625,368.36749267578125,37230400,0.008466810656976076
2023-08-08,372.6400146484375,372.6600036621094,368.82000732421875,372.0,365.2355041503906,44726500,-0.008502347757779027
2023-08-09,372.2900085449219,372.45001220703125,367.1400146484375,367.9100036621094,361.21990966796875,51150900,-0.01099453485981039
2023-08-10,370.9700012207031,374.3599853515625,367.0400085449219,368.5899963378906,361.8874816894531,72035300,0.001848104170387499
2023-08-11,365.989990234375,368.0,364.69000244140625,366.239990234375,359.58026123046875,48707200,-0.006375518844181194
2023-08-14,365.42999267578125,370.4700012207031,364.70001220703125,370.3500061035156,363.6154479980469,42130800,0.011221936248029474
2023-08-15,369.3599853515625,370.1700134277344,365.739990234375,366.4200134277344,359.7569580078125,45539900,-0.010611457823032633
2023-08-16,365.8699951171875,367.42999267578125,362.44000244140625,362.5400085449219,355.947509765625,53190500,-0.010588949448768648
2023-08-17,363.9599914550781,364.30999755859375,358.1600036621094,358.5799865722656,352.0594787597656,62604300,-0.010923045952532351
2023-08-18,355.260009765625,359.4100036621094,354.7099914550781,358.1300048828125,351.6176452636719,61191400,-0.0012549967342172508
2023-08-21,359.6199951171875,364.5899963378906,359.1499938964844,363.8999938964844,357.2827453613281,50696500,0.016111535282616662
2023-08-22,366.54998779296875,366.55999755859375,362.67999267578125,363.3800048828125,356.772216796875,44530200,-0.0014289202909499865
2023-08-23,364.5799865722656,370.2200012207031,364.3599853515625,369.1099853515625,362.3980407714844,51770600,0.015768671745570284
2023-08-24,372.6400146484375,372.739990234375,361.010009765625,361.2200012207031,354.6514587402344,66842500,-0.021375893795559264
2023-08-25,362.07000732421875,365.739990234375,358.5799865722656,364.0199890136719,357.4005432128906,69960500,0.007751510405233697
2023-08-28,366.989990234375,367.7099914550781,364.25,366.760009765625,360.09075927734375,40910000,0.007527173966410672
2023-08-29,366.55999755859375,375.1300048828125,366.2300109863281,374.7699890136719,367.955078125,58492400,0.021839824113895512
2023-08-30,374.8800048828125,377.45001220703125,373.8599853515625,376.8599853515625,370.007080078125,41731500,0.005576773022352155
2023-08-31,376.94000244140625,379.7200012207031,376.8699951171875,377.989990234375,371.1165771484375,35730700,0.002998583351643491
2023-09-01,380.3999938964844,380.8299865722656,376.0799865722656,377.5899963378906,370.7237854003906,39801200,-0.0010584052888852336
2023-09-05,376.7699890136719,379.30999755859375,375.8299865722656,378.07000732421875,371.19512939453125,32344200,0.001271415573272705
2023-09-06,377.2799987792969,377.6300048828125,372.70001220703125,374.739990234375,367.92559814453125,42998700,-0.00880812001852782
2023-09-07,370.2099914550781,372.8500061035156,369.1499938964844,372.05999755859375,365.2944030761719,52060700,-0.0071514324679463614
2023-09-08,372.010009765625,374.8500061035156,371.6000061035156,372.5799865722656,365.804931640625,35800100,0.0013975811295052765
2023-09-11,375.6600036621094,377.489990234375,373.6600036621094,376.9700012207031,370.1151428222656,39936600,0.011782813212247945
2023-09-12,375.2699890136719,376.95001220703125,372.5,372.7900085449219,366.0110778808594,41391000,-0.011088616666995121
2023-09-13,373.0299987792969,375.8399963378906,371.8800048828125,374.2099914550781,367.4052734375,46300700,0.0038091621835949496
2023-09-14,375.989990234375,378.2699890136719,373.8900146484375,377.2699890136719,370.4096984863281,48039400,0.008177414060278165
2023-09-15,375.9100036621094,376.32000732421875,369.8599853515625,370.80999755859375,364.0671081542969,69811200,-0.01712317565644239
2023-09-18,369.32000732421875,371.7900085449219,369.0299987792969,370.6600036621094,364.4466552734375,36903500,0.0010425196636543177
2023-09-19,369.32000732421875,370.67999267578125,366.79998779296875,369.8699951171875,363.669921875,37621700,-0.0021312677375369127
2023-09-20,370.95001220703125,371.30999755859375,364.4599914550781,364.5400085449219,358.42919921875,45514200,-0.014410657414916317
2023-09-21,360.79998779296875,361.6000061035156,357.69000244140625,357.8599853515625,351.8612060546875,69734800,-0.018324380877390634
2023-09-22,359.6300048828125,361.79998779296875,357.5899963378906,357.9100036621094,351.9103698730469,51589700,0.00013972503223813604
2023-09-25,356.92999267578125,359.70001220703125,355.92999267578125,359.6099853515625,353.58184814453125,39168000,0.004749727244716784
2023-09-26,356.989990234375,357.5400085449219,353.2099914550781,354.2099914550781,348.27239990234375,53657700,-0.015016178771759758
2023-09-27,355.3800048828125,356.9800109863281,351.3599853515625,355.0400085449219,349.0885009765625,56066000,0.0023432838044230575
2023-09-28,354.1099853515625,360.1700134277344,353.239990234375,358.010009765625,352.00872802734375,56453300,0.008365291445040501
2023-09-29,361.5400085449219,362.95001220703125,357.0199890136719,358.2699890136719,352.2643127441406,64829600,0.0007260749420310297
2023-10-02,358.5400085449219,362.67999267578125,357.9200134277344,361.260009765625,355.2042236328125,51625100,0.008345752840445142
2023-10-03,358.7799987792969,361.010009765625,353.2799987792969,354.9200134277344,348.9705505371094,60478500,-0.01754954665783226
2023-10-04,355.7699890136719,360.6099853515625,355.29998779296875,359.75,353.71954345703125,54786700,0.013608577894646423
2023-10-05,359.739990234375,360.1499938964844,355.1400146484375,358.69000244140625,352.67730712890625,45897400,-0.0029465047872074823
2023-10-06,355.6499938964844,365.9100036621094,354.8500061035156,364.70001220703125,358.5865783691406,75049100,0.016755462063439364
2023-10-09,362.29998779296875,367.1099853515625,360.7799987792969,366.55999755859375,360.41534423828125,45304800,0.00509992838398432
2023-10-10,366.8999938964844,371.2799987792969,366.3900146484375,368.5899963378906,362.41131591796875,46968800,0.0055379764252432295
2023-10-11,369.94000244140625,371.4100036621094,368.19000244140625,371.2200012207031,364.99725341796875,38215100,0.007135366326655568
2023-10-12,371.7300109863281,373.739990234375,367.5,369.92999267578125,363.7288513183594,49587900,-0.0034751003952264714
2023-10-13,370.57000732421875,371.1600036621094,363.8599853515625,365.2799987792969,359.1568298339844,52469900,-0.012569862049170433
2023-10-16,366.6199951171875,370.4800109863281,366.4700012207031,369.4100036621094,363.2176513671875,44201100,0.011306541309767715
2023-10-17,365.80999755859375,369.9200134277344,363.6600036621094,368.20001220703125,362.0278625488281,50999100,-0.003275691073605258
2023-10-18,365.6700134277344,367.9100036621094,362.0199890136719,363.3699951171875,357.2788391113281,54280500,-0.01311783961616897
2023-10-19,364.80999755859375,366.0199890136719,359.1600036621094,359.9700012207031,353.9358825683594,72274200,-0.009356715755357348
2023-10-20,359.4599914550781,360.0400085449219,354.3699951171875,354.6000061035156,348.6558837890625,72559700,-0.014917952768682907
2023-10-23,353.260009765625,359.260009765625,351.1199951171875,355.6700134277344,349.7079162597656,60665200,0.003017394857273148
2023-10-24,357.510009765625,359.9100036621094,355.7900085449219,359.1300048828125,353.10992431640625,47082100,0.00972814139590028
2023-10-25,356.70001220703125,356.8800048828125,349.75,350.3399963378906,344.46728515625,71190500,-0.02447577528977052
2023-10-26,349.1199951171875,350.07000732421875,342.3500061035156,343.6600036621094,337.8992614746094,78621400,-0.019067191471205724
2023-10-27,346.42999267578125,348.8399963378906,344.0799865722656,345.30999755859375,339.5215759277344,63476700,0.004801177860067396
2023-10-30,347.8299865722656,350.5400085449219,346.45001220703125,349.20001220703125,343.3464050292969,55298500,0.011265349164073735
2023-10-31,349.2300109863281,351.25,346.6199951171875,350.8699951171875,344.9884033203125,47671900,0.004782337216769461
2023-11-01,351.7200012207031,357.5299987792969,351.6199951171875,356.9599914550781,350.9762878417969,58992700,0.017356770441714797
2023-11-02,361.5400085449219,363.67999267578125,360.29998779296875,363.44000244140625,357.34765625,58162400,0.018153273109649648
2023-11-03,364.75,369.0199890136719,364.5199890136719,367.7099914550781,361.54608154296875,53280500,0.011748853587083552
2023-11-06,368.489990234375,369.7799987792969,366.9100036621094,369.2099914550781,363.0209045410156,38848700,0.00407921167822578
2023-11-07,370.2699890136719,373.5799865722656,369.04998779296875,372.70001220703125,366.4524230957031,50777400,0.009452674795756177
2023-11-08,373.0799865722656,373.7900085449219,370.6199951171875,372.94000244140625,366.68841552734375,35663400,0.0006439920076035666
2023-11-09,373.6400146484375,374.79998779296875,369.57000732421875,370.07000732421875,363.8665466308594,53859400,-0.007695549619221476
2023-11-10,371.82000732421875,378.5400085449219,371.2799987792969,378.3900146484375,372.047119140625,58309800,0.022482343006005268
2023-11-13,376.7900085449219,378.2799987792969,375.239990234375,377.2099914550781,370.8868408203125,40733500,-0.0031186327231684796
2023-11-14,383.7099914550781,386.260009765625,383.17999267578125,385.3299865722656,378.8707275390625,67792600,0.021526476110857784
2023-11-15,387.25,387.75,384.239990234375,385.6199951171875,379.1558837890625,54141400,0.0007526478803263625
2023-11-16,384.8399963378906,386.19000244140625,383.55999755859375,385.95001220703125,379.4803771972656,45343500,0.0008558311292978793
2023-11-17,385.2099914550781,387.07000732421875,384.2900085449219,386.0400085449219,379.56884765625,46571900,0.00023313579383943406
2023-11-20,386.04998779296875,391.4100036621094,386.04998779296875,390.739990234375,384.1900329589844,44429600,0.012174827653189002
2023-11-21,389.010009765625,389.2300109863281,386.70001220703125,388.4700012207031,381.9581298828125,43337000,-0.005809372666391255
2023-11-22,390.57000732421875,393.07000732421875,389.0400085449219,390.05999755859375,383.52142333984375,44121000,0.00409283985527642
2023-11-24,389.6499938964844,390.25,388.5,389.510009765625,382.9806823730469,15718800,-0.001409936795936706
2023-11-27,389.010009765625,391.1499938964844,388.2799987792969,389.1700134277344,382.6463623046875,34139700,-0.0008729423799859193
2023-11-28,388.4100036621094,390.7799987792969,388.04998779296875,390.19000244140625,383.64923095703125,35491100,0.0026208759605172993
2023-11-29,392.69000244140625,394.1400146484375,389.4599914550781,389.80999755859375,383.2756042480469,38811700,-0.000973875818941039
2023-11-30,390.0799865722656,390.54998779296875,385.82000732421875,388.8299865722656,382.3120422363281,52834400,-0.00251401863577827
2023-12-01,387.75,390.5400085449219,386.07000732421875,389.94000244140625,383.40338134765625,40490100,0.002854576865913838
2023-12-04,386.0899963378906,386.6000061035156,382.6600036621094,386.32000732421875,379.8441467285156,51186900,-0.009283263508605422
2023-12-05,384.3900146484375,388.5,384.2099914550781,387.2900085449219,380.7978820800781,42933000,0.00251085967699316
2023-12-06,390.2699890136719,390.3699951171875,384.70001220703125,385.04998779296875,378.5954284667969,41994100,-0.005783786404615854
2023-12-07,388.07000732421875,391.2699890136719,386.9599914550781,390.42999267578125,383.88525390625,49593500,0.013972238019025696
2023-12-08,388.6700134277344,392.6199951171875,388.4800109863281,392.1700134277344,385.59613037109375,46687500,0.004456739214217409
2023-12-11,391.739990234375,395.7900085449219,391.5299987792969,395.5199890136719,388.8898620605469,41198000,0.008541921015346565
2023-12-12,395.55999755859375,398.7900085449219,394.4100036621094,398.6700134277344,391.98712158203125,39221200,0.00796436169632564
2023-12-13,399.6199951171875,404.3599853515625,398.8399963378906,403.739990234375,396.97210693359375,55408100,0.012717217166327899
2023-12-14,404.9800109863281,406.29998779296875,400.3399963378906,403.3900146484375,396.6279602050781,55447800,-0.0008669292439057452
2023-12-15,404.17999267578125,406.5400085449219,403.57000732421875,405.3399963378906,398.54522705078125,62896600,0.0048339175198637285
2023-12-18,404.92999267578125,407.989990234375,404.6000061035156,407.0799865722656,401.05560302734375,46610000,0.006298848427163994
2023-12-19,407.5400085449219,409.2799987792969,407.3500061035156,409.1600036621094,403.10479736328125,35711900,0.005109501825854679
2023-12-20,408.3500061035156,410.4700012207031,402.8999938964844,403.0799865722656,397.11480712890625,54042400,-0.014859635195501708
2023-12-21,407.05999755859375,408.1400146484375,404.4700012207031,407.7699890136719,401.7353820800781,45568900,0.011635363044198987
2023-12-22,409.0,409.9700012207031,406.4800109863281,408.3800048828125,402.33642578125,34314000,0.0014961184102326719
2023-12-26,409.25,411.55999755859375,409.1499938964844,410.8800048828125,404.7993469238281,22722500,0.006121546508734976
2023-12-27,410.95001220703125,411.7900085449219,410.0799865722656,411.5,405.6234436035156,31980500,0.0020358152401924734
2023-12-28,412.6700134277344,412.9200134277344,410.94000244140625,411.29998779296875,405.4263000488281,27029200,-0.0004860260367006708
2023-12-29,411.2799987792969,411.6400146484375,407.5799865722656,409.5199890136719,403.6716613769531,42662100,-0.004327885664209941
2024-01-02,405.8399963378906,406.0899963378906,400.239990234375,402.5899963378906,396.8406982421875,58026900,-0.016922077491059784
2024-01-03,399.92999267578125,401.0,397.8900146484375,398.3299865722656,392.64154052734375,47002800,-0.010581469424492007
2024-01-04,396.44000244140625,399.5899963378906,396.05999755859375,396.2799987792969,390.62078857421875,39432800,-0.005146556705159067
2024-01-05,396.45001220703125,399.55999755859375,395.3399963378906,396.75,391.0841064453125,44922800,0.001186106537711007
2024-01-08,397.989990234375,405.239990234375,397.8399963378906,404.95001220703125,399.1669616699219,42473800,0.020667818229886725
2024-01-09,401.9100036621094,406.69000244140625,401.7099914550781,405.75,399.95556640625,39132900,0.0019756262718462203
2024-01-10,406.07000732421875,409.5199890136719,405.1700134277344,408.5,402.666259765625,33962800,0.006777486268616295
2024-01-11,409.7900085449219,411.20001220703125,404.239990234375,409.3500061035156,403.5041809082031,54536200,0.0020809320926611363
2024-01-12,410.3999938964844,411.25,408.1499938964844,409.55999755859375,403.711181640625,39595000,0.0005130076520047933
2024-01-16,408.30999755859375,411.1199951171875,406.8299865722656,409.5199890136719,403.6716613769531,43903000,-9.789241782021119e-05
2024-01-17,406.1700134277344,407.5899963378906,402.9200134277344,407.2099914550781,401.3946533203125,54386000,-0.005640742897020767
2024-01-18,410.5199890136719,413.5799865722656,409.1600036621094,412.989990234375,407.0921325683594,59562500,0.014194208121402818
2024-01-19,415.2200012207031,421.3399963378906,414.6300048828125,421.17999267578125,415.1651306152344,70325100,0.01983088691973034
2024-01-22,423.4100036621094,424.7300109863281,421.1199951171875,421.7300109863281,415.7073669433594,44880600,0.0013060738682977302
2024-01-23,422.42999267578125,423.70001220703125,420.57000732421875,423.4800109863281,417.43231201171875,33003800,0.00414942145731656
2024-01-24,427.44000244140625,429.8500061035156,425.3299865722656,425.8299865722656,419.748779296875,46948000,0.005549324329955585
2024-01-25,428.3599853515625,429.0400085449219,423.9800109863281,426.3500061035156,420.2613525390625,44367200,0.0012211429013471164
2024-01-26,424.44000244140625,426.2099914550781,423.1499938964844,423.80999755859375,417.75762939453125,37137000,-0.005957538397011075
2024-01-29,424.2699890136719,428.3500061035156,423.6099853515625,428.1499938964844,422.03564453125,38694700,0.010240423718697933
2024-01-30,427.1000061035156,427.67999267578125,424.3800048828125,425.29998779296875,419.22637939453125,36739000,-0.006656464147332786
2024-01-31,420.8500061035156,422.8699951171875,416.7900085449219,416.9700012207031,411.0152893066406,64010600,-0.019586291539548384
2024-02-01,418.7900085449219,422.3800048828125,417.80999755859375,421.8800048828125,415.8551940917969,51008600,0.011775486000340507
2024-02-02,423.79998779296875,430.239990234375,422.7900085449219,429.010009765625,422.8833923339844,59602400,0.016900590258435155
2024-02-05,429.07000732421875,429.6099853515625,425.0,428.45001220703125,422.3314208984375,39889200,-0.001305256828603385
2024-02-06,429.6099853515625,430.2200012207031,425.2200012207031,427.5899963378906,421.4836120605469,35846100,-0.0020074491168264874
2024-02-07,430.4100036621094,432.8299865722656,429.0899963378906,431.989990234375,425.82080078125,37712700,0.010290290290290383
2024-02-08,432.1099853515625,433.55999755859375,431.4200134277344,432.7900085449219,426.60943603515625,29889900,0.0018520355333966343
2024-02-09,433.94000244140625,437.8500061035156,433.1400146484375,437.04998779296875,430.8085632324219,36943900,0.009843024655740606
2024-02-12,436.94000244140625,439.1400146484375,434.6499938964844,435.3399963378906,429.1229248046875,33203300,-0.003912731945453385
2024-02-13,427.2799987792969,431.2699890136719,425.3299865722656,428.54998779296875,422.429931640625,64491700,-0.01559691355829751
2024-02-14,431.260009765625,433.6499938964844,428.8800048828125,433.2200012207031,427.0332946777344,45092700,0.010897341055428722
2024-02-15,433.9200134277344,434.9800109863281,431.3299865722656,434.510009765625,428.3048400878906,38796100,0.002977625927542249
2024-02-16,434.8900146484375,434.989990234375,429.8500061035156,430.57000732421875,424.4211120605469,53716500,-0.00906767251695495
2024-02-20,428.54998779296875,430.0799865722656,423.5,427.32000732421875,421.2174987792969,53999500,-0.0075481949182418795
2024-02-21,424.54998779296875,425.70001220703125,421.6300048828125,425.6099853515625,419.53192138671875,49779000,-0.004001679411380077
2024-02-22,434.489990234375,439.1199951171875,433.7099914550781,438.07000732421875,431.8139953613281,53887800,0.02927566020247574
2024-02-23,439.6499938964844,440.5899963378906,435.7900085449219,436.7799987792969,430.54248046875,39853900,-0.002944589351519644
2024-02-26,437.6000061035156,438.6000061035156,436.3599853515625,436.54998779296875,430.3157043457031,33043200,-0.000526721829632204
2024-02-27,437.6700134277344,437.989990234375,435.0299987792969,437.6000061035156,431.3507385253906,33713200,0.0024052902769637896
2024-02-28,435.42999267578125,436.6700134277344,434.29998779296875,435.2699890136719,429.053955078125,32938800,-0.005324630844767753
2024-02-29,438.2300109863281,440.0899963378906,435.0199890136719,439.0,432.7306823730469,42495200,0.008569382128763792
2024-03-01,439.8999938964844,446.5799865722656,439.8399963378906,445.6099853515625,439.24627685546875,43853000,0.015056927432764988
2024-03-04,445.6099853515625,446.0400085449219,443.7699890136719,444.0199890136719,437.678955078125,34325700,-0.003568207313136673
2024-03-05,440.94000244140625,440.95001220703125,433.6499938964844,436.04998779296875,429.82281494140625,57917100,-0.01794954965407569
2024-03-06,440.32000732421875,441.989990234375,436.8900146484375,438.7900085449219,432.5237121582031,46234500,0.006283745587504663
2024-03-07,442.4200134277344,446.7200012207031,440.8599853515625,445.45001220703125,439.088623046875,44526700,0.015178152559345959
2024-03-08,445.80999755859375,448.6400146484375,438.3399963378906,439.0199890136719,432.7503662109375,72096000,-0.01443502860984136
2024-03-11,437.510009765625,438.6600036621094,435.44000244140625,437.3900146484375,431.14373779296875,45860000,-0.003712598632870101
2024-03-12,439.7300109863281,444.0199890136719,436.4599914550781,443.6600036621094,437.32421875,55300900,0.014335082282927791
2024-03-13,442.6499938964844,442.6700134277344,439.1199951171875,440.25,433.9628601074219,37928700,-0.007686193671564423
2024-03-14,441.5,442.0299987792969,436.3900146484375,439.1400146484375,432.8686828613281,52195200,-0.002521361495826824
2024-03-15,436.07000732421875,438.8699951171875,432.739990234375,433.9200134277344,427.7232971191406,73069800,-0.011886712866765348
2024-03-18,438.7300109863281,441.0400085449219,437.239990234375,437.4800109863281,431.8026428222656,47323800,0.009537347464121604
2024-03-19,435.45001220703125,438.9800109863281,433.3299865722656,438.57000732421875,432.8785400390625,43004100,0.0024916411112372305
2024-03-20,439.7799987792969,444.1099853515625,438.05999755859375,443.7699890136719,438.0110168457031,43653500,0.011856621042423354
2024-03-21,448.8800048828125,449.3399963378906,445.6700134277344,445.8699951171875,440.083740234375,39345700,0.004732126154265215
2024-03-22,445.3500061035156,447.489990234375,444.489990234375,446.3800048828125,440.58709716796875,28253900,0.0011437753490408653
2024-03-25,443.54998779296875,446.260009765625,442.5400085449219,444.760009765625,438.9881896972656,27789200,-0.0036290383467438847
2024-03-26,446.29998779296875,447.2300109863281,443.0899963378906,443.32000732421875,437.56683349609375,34142000,-0.003237800548010372
2024-03-27,446.44000244140625,446.5400085449219,441.92999267578125,444.8299865722656,439.0572509765625,41359200,0.0034061481958322926
2024-03-28,444.7799987792969,445.6400146484375,443.6499938964844,444.010009765625,438.24786376953125,36839600,-0.0018434662113676614
2024-04-01,444.9700012207031,447.5299987792969,443.0199890136719,444.95001220703125,439.17572021484375,38729000,0.002117195591854415
2024-04-02,440.0799865722656,441.42999267578125,438.0299987792969,441.1099853515625,435.3855285644531,44259700,-0.008630239505354464
2024-04-03,438.9599914550781,444.0,438.95001220703125,442.1000061035156,436.3626403808594,39949800,0.0022442450478956655
2024-04-04,446.3299865722656,446.95001220703125,435.1099853515625,435.3399963378906,429.69036865234375,57267700,-0.015290657611504166
2024-04-05,436.7799987792969,443.1700134277344,435.9599914550781,440.4700012207031,434.7538146972656,54744600,0.011783941215165239
2024-04-08,441.4100036621094,442.5,439.20001220703125,440.6000061035156,434.88214111328125,28144900,0.0002951703048423848
2024-04-09,442.9599914550781,443.239990234375,437.44000244140625,442.2300109863281,436.49102783203125,39443600,0.0036995925255318696
2024-04-10,437.0,439.239990234375,436.2799987792969,438.3699951171875,432.68109130859375,61502200,-0.008728556328776671
2024-04-11,440.260009765625,446.3299865722656,437.9599914550781,445.3699951171875,439.5902099609375,45474600,0.015968154816860425
2024-04-12,441.1000061035156,442.239990234375,436.8800048828125,438.2699890136719,432.5823974609375,53665000,-0.015941693743868224
2024-04-15,442.05999755859375,442.1499938964844,430.2099914550781,431.05999755859375,425.4659729003906,63453600,-0.016451026676806646
2024-04-16,430.8999938964844,433.760009765625,429.70001220703125,431.1000061035156,425.5054626464844,47619000,9.281528631910341e-05
2024-04-17,433.1000061035156,433.1199951171875,424.8999938964844,425.8399963378906,420.313720703125,56880500,-0.012201352036866231
2024-04-18,426.489990234375,428.239990234375,422.8299865722656,423.4100036621094,417.91522216796875,46549400,-0.005706448343261061
2024-04-19,422.2200012207031,422.75,413.07000732421875,414.6499938964844,409.2688903808594,75231000,-0.020689200413078646
2024-04-22,417.30999755859375,421.17999267578125,413.94000244140625,418.82000732421875,413.3847961425781,47807700,0.010056727639104368
2024-04-23,420.7699890136719,426.2799987792969,418.8699951171875,425.07000732421875,419.5536804199219,44384700,0.014922862028085015
2024-04-24,428.20001220703125,429.7300109863281,424.20001220703125,426.510009765625,420.9750061035156,48440300,0.0033877087722629096
2024-04-25,419.239990234375,425.32000732421875,418.1400146484375,424.45001220703125,418.9417724609375,57392200,-0.004829820329233847
2024-04-26,427.6199951171875,432.54998779296875,426.9200134277344,431.0,425.40673828125,41874900,0.015431657202231497
2024-04-29,433.1300048828125,433.760009765625,429.9800109863281,432.75,427.1340026855469,30022200,0.0040602657383270735
2024-04-30,431.1499938964844,432.55999755859375,424.510009765625,424.5899963378906,419.0799255371094,43665900,-0.01885608988701104
2024-05-01,423.1499938964844,430.1400146484375,420.6600036621094,421.5199890136719,416.0497741699219,52251700,-0.0072304856008169605
2024-05-02,425.29998779296875,427.80999755859375,420.6300048828125,426.8999938964844,421.35992431640625,36559000,0.012763256889344321
2024-05-03,434.44000244140625,436.4800109863281,432.6199951171875,435.4800109863281,429.8285827636719,48515300,0.020098395596127805
2024-05-06,437.29998779296875,440.3399963378906,436.5199890136719,440.25,434.5367126464844,30227200,0.010953505819786491
2024-05-07,440.70001220703125,441.9700012207031,439.5799865722656,440.32000732421875,434.60577392578125,30996100,0.00015893082744677933
2024-05-08,437.6700134277344,441.4800109863281,437.54998779296875,440.05999755859375,434.3491516113281,24896700,-0.0005904714797851929
2024-05-09,440.3299865722656,441.6000061035156,438.4599914550781,441.0199890136719,435.29669189453125,24580100,0.002181517518079712
2024-05-10,442.5400085449219,444.30999755859375,440.5,442.05999755859375,436.3232116699219,27116600,0.0023582071596339738
2024-05-13,443.989990234375,444.0899963378906,441.6499938964844,443.0799865722656,437.32989501953125,22994200,0.002307196414686574
2024-05-14,442.6499938964844,446.4700012207031,442.4599914550781,445.92999267578125,440.1429443359375,34478300,0.006432327971269025
2024-05-15,448.42999267578125,453.1499938964844,446.8999938964844,452.8999938964844,447.0225830078125,41464700,0.015630464512511155
2024-05-16,452.7099914550781,454.69000244140625,451.80999755859375,451.9800109863281,446.1144714355469,34780400,-0.002031466880611177
2024-05-17,452.1099853515625,452.7200012207031,449.5400085449219,451.760009765625,445.8973388671875,35803700,-0.000486719401100455
2024-05-20,451.9800109863281,455.5799865722656,451.7900085449219,454.9100036621094,449.0064392089844,24474200,0.006972681984816598
2024-05-21,453.0400085449219,455.989990234375,452.8399963378906,455.79998779296875,449.8849182128906,23167700,0.0019564953354653802
2024-05-22,456.05999755859375,456.82000732421875,453.0799865722656,455.7099914550781,449.7960510253906,25120000,-0.00019753315548565187
2024-05-23,460.54998779296875,460.5799865722656,451.8500061035156,453.6600036621094,447.77264404296875,40899200,-0.0044984987702964
2024-05-24,455.2900085449219,459.2300109863281,453.57000732421875,457.95001220703125,452.00701904296875,29669500,0.009456529013848414
2024-05-28,459.17999267578125,459.739990234375,456.69000244140625,459.67999267578125,453.7145080566406,26216800,0.003777571899850507
2024-05-29,455.4800109863281,458.239990234375,455.3399963378906,456.44000244140625,450.5166320800781,29739200,-0.007048211859611242
2024-05-30,455.5,455.6400146484375,450.2099914550781,451.54998779296875,445.6900329589844,30536800,-0.010713475990462018
2024-05-31,451.7799987792969,452.4800109863281,443.05999755859375,450.7099914550781,444.8609619140625,55941300,-0.001860196512400325
2024-06-03,454.57000732421875,455.5799865722656,447.8999938964844,453.1300048828125,447.24951171875,32997500,0.005369205233047403
2024-06-04,452.8699951171875,455.5799865722656,451.1300048828125,454.3699951171875,448.47344970703125,23767400,0.002736588763569081
2024-06-05,457.9800109863281,463.6099853515625,454.4100036621094,463.5299987792969,457.51458740234375,33817400,0.0201598058953516
2024-06-06,464.2200012207031,464.5400085449219,462.19000244140625,463.3699951171875,457.3566589355469,21966800,-0.00034518782820358584
2024-06-07,463.0,465.739990234375,461.8399963378906,462.9599914550781,456.95196533203125,25829700,-0.0008848534193368618
2024-06-10,461.82000732421875,465.19000244140625,461.5299987792969,464.8299865722656,458.7977294921875,20660800,0.004039295812668264
2024-06-11,463.5400085449219,468.1400146484375,462.0299987792969,468.0199890136719,461.9462890625,22053300,0.006862631107170891
2024-06-12,471.989990234375,476.5,471.2900085449219,474.1499938964844,467.99676513671875,34532600,0.01309779127460442
2024-06-13,477.7200012207031,478.3900146484375,474.4200134277344,476.7200012207031,470.53338623046875,25859000,0.005420168006949666
2024-06-14,476.5199890136719,479.260009765625,476.04998779296875,479.19000244140625,472.9713134765625,23372600,0.005181199288799565
2024-06-17,479.4599914550781,486.8599853515625,478.1400146484375,485.05999755859375,478.76519775390625,37054500,0.012249969738663324
2024-06-18,485.010009765625,485.8999938964844,483.42999267578125,485.2099914550781,478.9132385253906,24438600,0.00030921372768721866
2024-06-20,486.4200134277344,486.8399963378906,479.6199951171875,481.4700012207031,475.2217712402344,33918700,-0.007708008441200231
2024-06-21,481.19000244140625,482.5400085449219,478.6700134277344,480.17999267578125,473.948486328125,37456800,-0.0026793488622929296
2024-06-24,478.17999267578125,479.92999267578125,473.82000732421875,473.9599914550781,468.55279541015625,37751000,-0.011384551430412615
2024-06-25,476.07000732421875,479.67999267578125,475.1199951171875,479.3800048828125,473.9109191894531,29014700,0.011435475002569362
2024-06-26,478.54998779296875,480.9200134277344,478.1300048828125,480.3699951171875,474.8896484375,22737100,0.0020652177622766388
2024-06-27,480.1199951171875,483.1000061035156,479.29998779296875,481.6099853515625,476.115478515625,26222100,0.002581294585296323
2024-06-28,482.4100036621094,487.20001220703125,478.4599914550781,479.1099853515625,473.6440124511719,34881600,-0.005190896276168866
2024-07-01,480.0400085449219,482.489990234375,476.260009765625,481.9200134277344,476.42193603515625,24898300,0.005865003063393992
2024-07-02,480.4100036621094,487.0400085449219,480.2799987792969,486.9800109863281,481.4241943359375,26723600,0.010499638917575105
2024-07-03,486.2200012207031,491.1700134277344,486.2200012207031,491.0400085449219,485.43792724609375,18064900,0.008337206474827719
2024-07-05,491.8900146484375,496.6000061035156,491.5899963378906,496.1600036621094,490.49945068359375,28495900,0.01042671607102097
2024-07-08,496.5299987792969,497.8999938964844,495.5,497.3399963378906,491.666015625,22109400,0.0023783205868639357
2024-07-09,498.8699951171875,500.0,496.239990234375,497.7699890136719,492.09112548828125,25614500,0.0008646313753064572
2024-07-10,499.7099914550781,503.5199890136719,498.3900146484375,502.9599914550781,497.2219543457031,28046900,0.010426582784501148
2024-07-11,503.07000732421875,503.2799987792969,490.7300109863281,491.92999267578125,486.3177490234375,49966600,-0.021930257155709287
2024-07-12,492.510009765625,499.6199951171875,492.0400085449219,494.82000732421875,489.1747741699219,37109400,0.005874811586090489
2024-07-15,496.6099853515625,501.010009765625,494.0899963378906,496.1499938964844,490.4896240234375,31151400,0.002687893822298504
2024-07-16,497.6199951171875,498.44000244140625,493.1499938964844,496.3399963378906,490.677490234375,25950600,0.00038301770666726576
2024-07-17,488.2799987792969,488.79998779296875,481.70001220703125,481.7699890136719,476.273681640625,56268800,-0.0293549406288639
2024-07-18,485.5299987792969,485.7099914550781,476.2699890136719,479.489990234375,474.0196838378906,49347400,-0.004732568457215591
2024-07-19,479.1499938964844,481.69000244140625,473.94000244140625,475.239990234375,469.81817626953125,42042900,-0.008863571939337955
2024-07-22,481.1600036621094,483.3500061035156,477.7099914550781,482.32000732421875,476.8173828125,40300000,0.014897692121118356
2024-07-23,481.4100036621094,484.42999267578125,480.1400146484375,480.6199951171875,475.1367492675781,23282500,-0.0035246901759510285
2024-07-24,473.82000732421875,474.19000244140625,462.510009765625,463.3800048828125,458.0934753417969,58818600,-0.03587024988501397
2024-07-25,463.7200012207031,467.94000244140625,455.6300048828125,458.2699890136719,453.0417785644531,59256800,-0.011027654942202592
2024-07-26,462.6499938964844,465.92999267578125,459.7699890136719,462.9700012207031,457.6881408691406,39992100,0.010255924562653673
2024-07-29,465.7099914550781,467.9100036621094,461.6199951171875,463.8999938964844,458.6075439453125,28218500,0.002008798118356303
2024-07-30,465.8500061035156,466.55999755859375,454.1499938964844,457.5299987792969,452.3102722167969,41317200,-0.013731286830437672
2024-07-31,467.8699951171875,472.7900085449219,466.4100036621094,471.07000732421875,465.69580078125,44552100,0.029593686870850622
2024-08-01,471.760009765625,475.54998779296875,455.9800109863281,459.6600036621094,454.41595458984375,56653900,-0.024221490020917558
2024-08-02,450.8900146484375,453.57000732421875,444.4700012207031,448.75,443.63037109375,66323200,-0.023735045803637833
2024-08-05,424.7099914550781,442.2900085449219,423.45001220703125,435.3699951171875,430.4030456542969,87483500,-0.029816095338201842
2024-08-06,437.2300109863281,447.07000732421875,434.55999755859375,439.5299987792969,434.5155944824219,63164400,0.00955511088884875
2024-08-07,446.489990234375,449.0,434.3699951171875,434.7699890136719,429.80987548828125,54929200,-0.010829804623573747
2024-08-08,441.05999755859375,448.989990234375,437.1499938964844,448.07000732421875,442.9581604003906,47890100,0.03059093255400991
2024-08-09,446.739990234375,452.05999755859375,445.6099853515625,450.4100036621094,445.271484375,33574000,0.005222443520440656
2024-08-12,451.3900146484375,454.3699951171875,448.54998779296875,451.3800048828125,446.2303771972656,27795000,0.0021535015286495707
2024-08-13,455.82000732421875,462.8500061035156,455.67999267578125,462.5799865722656,457.3025817871094,40084500,0.02481275402940364
2024-08-14,463.510009765625,465.1099853515625,458.3999938964844,462.7300109863281,457.4508972167969,34733700,0.0003243266834573877
2024-08-15,468.760009765625,474.82000732421875,468.3800048828125,474.4200134277344,469.0075378417969,38280600,0.02526312812000686
2024-08-16,472.6199951171875,476.4100036621094,471.6499938964844,475.0299987792969,469.610595703125,38383600,0.001285816991563049
2024-08-19,475.1700134277344,481.30999755859375,473.3699951171875,481.2699890136719,475.77935791015625,23737700,0.013135909333125362
2024-08-20,480.3500061035156,482.94000244140625,478.54998779296875,480.260009765625,474.7809143066406,29209300,-0.0020985433413951426
2024-08-21,481.04998779296875,484.3699951171875,479.32000732421875,482.5,476.995361328125,25658800,0.00466414498720602
2024-08-22,484.8399963378906,485.5400085449219,473.80999755859375,474.8500061035156,469.4325866699219,37739600,-0.01585502768233571
2024-08-23,479.239990234375,482.739990234375,475.2799987792969,480.0,474.52386474609375,36061500,0.010845600030216396
2024-08-26,479.45001220703125,480.3800048828125,473.239990234375,475.3399963378906,469.91705322265625,27452600,-0.009708282060592488
2024-08-27,473.69000244140625,477.8399963378906,471.7099914550781,476.760009765625,471.3208312988281,27510000,0.002987289068453469
2024-08-28,476.2900085449219,477.0199890136719,467.8900146484375,471.3500061035156,465.9725341796875,37372400,-0.011347466023095554
2024-08-29,473.2799987792969,477.92999267578125,469.3699951171875,470.6600036621094,465.2904357910156,41081500,-0.0014638167244613864
2024-08-30,475.0400085449219,476.8999938964844,470.510009765625,476.2699890136719,470.83642578125,33466500,0.011919415409443967
2024-09-03,473.20001220703125,473.3299865722656,459.4100036621094,461.80999755859375,456.5413818359375,44985200,-0.030360955870381123
2024-09-04,458.6700134277344,464.45001220703125,457.7300109863281,460.6099853515625,455.35504150390625,32505100,-0.002598538444117615
2024-09-05,458.9700012207031,465.3599853515625,457.94000244140625,461.0400085449219,455.7802429199219,34452400,0.0009337799678494907
2024-09-06,460.3299865722656,461.2200012207031,448.19000244140625,448.69000244140625,443.5710754394531,50624400,-0.026787399563990788
2024-09-09,453.05999755859375,455.4599914550781,449.82000732421875,454.4599914550781,449.27520751953125,32981200,0.01285956726197024
2024-09-10,456.239990234375,459.1700134277344,452.2300109863281,458.6600036621094,453.42730712890625,29680300,0.00924177328256981
2024-09-11,459.9100036621094,469.3699951171875,451.2799987792969,468.6199951171875,463.273681640625,57843000,0.021715442270263452
2024-09-12,468.6499938964844,474.0400085449219,466.8500061035156,473.2200012207031,467.82122802734375,40067800,0.00981611208867772
2024-09-13,472.4800109863281,476.5299987792969,472.25,475.3399963378906,469.91705322265625,29111800,0.004479970274435585
2024-09-16,473.19000244140625,473.8599853515625,469.8900146484375,473.239990234375,467.8409729003906,22585600,-0.004417971869775772
2024-09-17,476.2900085449219,477.6000061035156,470.9700012207031,473.489990234375,468.088134765625,30084400,0.0005283031618672496
2024-09-18,474.70001220703125,478.8299865722656,470.8299865722656,471.44000244140625,466.0615234375,39909200,-0.004329550735439502
2024-09-19,482.6099853515625,486.2300109863281,480.489990234375,483.3599853515625,477.8455505371094,52782500,0.025284273657037115
2024-09-20,482.489990234375,483.69000244140625,478.29998779296875,482.44000244140625,476.9360046386719,34577700,-0.0019034307160863406
2024-09-23,482.95001220703125,484.1400146484375,481.6000061035156,483.0400085449219,478.20025634765625,24843000,0.002650778504219131
2024-09-24,484.4599914550781,486.3299865722656,480.1700134277344,485.3699951171875,480.50689697265625,25952600,0.004823587177927191
2024-09-25,484.739990234375,487.7900085449219,484.55999755859375,485.82000732421875,480.95233154296875,26549900,0.0009270097330940086
2024-09-26,493.3699951171875,493.70001220703125,485.79998779296875,489.4700012207031,484.5657958984375,32020200,0.007513144481234191
2024-09-27,490.5,490.6400146484375,485.55999755859375,486.75,481.8730773925781,22851100,-0.005556971888341367
2024-09-30,485.7799987792969,488.4100036621094,482.9200134277344,488.07000732421875,483.17987060546875,30281100,0.002711903350072431
2024-10-01,487.70001220703125,488.0,477.3999938964844,481.2699890136719,476.4479675292969,42735400,-0.013932499025127387
2024-10-02,480.3599853515625,483.8800048828125,477.7200012207031,481.95001220703125,477.12115478515625,23744000,0.0014129292215272482
2024-10-03,479.739990234375,484.54998779296875,478.989990234375,481.5899963378906,476.7648010253906,25337200,-0.0007468831683350441
2024-10-04,487.45001220703125,487.8800048828125,482.3900146484375,487.32000732421875,482.4373474121094,30686600,0.011897997449725084
2024-10-07,485.3900146484375,486.57000732421875,480.8699951171875,482.1000061035156,477.2696533203125,24975100,-0.010711637727711998
2024-10-08,484.6600036621094,489.989990234375,483.8500061035156,489.29998779296875,484.3974914550781,28272000,0.01493461418545694
2024-10-09,489.0,493.7300109863281,487.95001220703125,493.1499938964844,488.2088928222656,24995000,0.007868334238764207
2024-10-10,490.8500061035156,494.4700012207031,489.5299987792969,492.5899963378906,487.65447998046875,25750400,-0.0011356057825818722
2024-10-11,490.739990234375,494.3900146484375,490.1700134277344,493.3599853515625,488.4168701171875,20644500,0.001563381795957941
2024-10-14,495.7699890136719,498.8299865722656,495.260009765625,497.5,492.5153503417969,26060100,0.00839135680064862
2024-10-15,497.8299865722656,498.5,488.67999267578125,490.8500061035156,485.9320068359375,34784500,-0.013366778317245642
2024-10-16,491.17999267578125,491.69000244140625,487.57000732421875,490.9100036621094,485.99139404296875,22996800,0.00012221299728309987
2024-10-17,496.44000244140625,496.489990234375,491.19000244140625,491.25,486.3279724121094,27210700,0.0006925603483234344
2024-10-18,494.05999755859375,495.57000732421875,493.29998779296875,494.4700012207031,489.51568603515625,25335000,0.00655465818105494
2024-10-21,493.25,496.2300109863281,491.30999755859375,495.4200134277344,490.4561767578125,30336500,0.0019212677948561296
2024-10-22,492.7300109863281,497.45001220703125,491.9700012207031,495.9599914550781,490.99078369140625,26685800,0.0010900197793977107
2024-10-23,493.5899963378906,494.25,485.04998779296875,488.3599853515625,483.4669189453125,39346600,-0.015323841090309709
2024-10-24,492.1099853515625,493.0,489.44000244140625,492.32000732421875,487.38726806640625,22024900,0.008108825997125146
2024-10-25,495.1400146484375,500.2799987792969,494.42999267578125,495.32000732421875,490.3572082519531,38762100,0.006093594109114475
2024-10-28,498.4599914550781,498.5199890136719,495.1000061035156,495.3999938964844,490.4363708496094,20477800,0.0001614386335595519
2024-10-29,495.7200012207031,501.3500061035156,493.8500061035156,500.1600036621094,495.1487121582031,28014100,0.009608466232694512
2024-10-30,499.3900146484375,500.3500061035156,495.8900146484375,496.3800048828125,491.4066467285156,29756000,-0.007557457664338796
2024-10-31,492.3800048828125,492.42999267578125,483.75,483.8500061035156,479.00213623046875,41245200,-0.025242862669091926
2024-11-01,485.5,490.75,485.20001220703125,487.42999267578125,482.5462646484375,33655800,0.007398982488594719
2024-11-04,486.82000732421875,489.3800048828125,484.25,486.010009765625,481.1404724121094,23291600,-0.0029132796983774023
2024-11-05,487.6099853515625,492.8800048828125,487.5199890136719,492.2099914550781,487.2783203125,24353600,0.01275687299723427
2024-11-06,500.55999755859375,506.4100036621094,499.6000061035156,505.5799865722656,500.514404296875,43082200,0.027163293404653066
2024-11-07,508.3999938964844,514.3300170898438,508.3399963378906,513.5399780273438,508.3946533203125,32853100,0.01574430017555173
2024-11-08,513.0399780273438,514.9199829101562,512.4099731445312,514.1400146484375,508.9886779785156,22924500,0.0011684321507388074
2024-11-11,515.3699951171875,515.5800170898438,510.9200134277344,513.8400268554688,508.6916198730469,24167500,-0.0005836241911088003
2024-11-12,513.77001953125,514.6599731445312,509.8299865722656,512.9099731445312,507.7709045410156,25835300,-0.0018099675639654533
2024-11-13,512.4000244140625,514.97998046875,509.95001220703125,512.25,507.1175537109375,24567400,-0.0012867039529740332
2024-11-14,511.9100036621094,512.7899780273438,507.7699890136719,508.69000244140625,503.5932312011719,28679500,-0.006949715078832686
2024-11-15,502.94000244140625,503.3299865722656,494.489990234375,496.57000732421875,491.5947265625,51461100,-0.02382578616089226
2024-11-18,498.1300048828125,502.1400146484375,496.7300109863281,500.0199890136719,495.01007080078125,27080800,0.00694747940475926
2024-11-19,497.4200134277344,503.95001220703125,497.0799865722656,503.4599914550781,498.4156494140625,24523000,0.006879816824275853
2024-11-20,503.1600036621094,503.4800109863281,496.55999755859375,503.1700134277344,498.1285400390625,29565500,-0.0005760440614926976
2024-11-21,506.239990234375,506.9599914550781,497.55999755859375,504.9800109863281,499.92041015625,34526700,0.003597204281944988
2024-11-22,504.4200134277344,506.5299987792969,502.7799987792969,505.7900085449219,500.7222900390625,23826600,0.0016040150922460583
2024-11-25,509.8999938964844,511.45001220703125,504.260009765625,506.5899963378906,501.5142822265625,26375200,0.0015816994834365605
2024-11-26,508.0799865722656,510.1400146484375,507.2300109863281,509.30999755859375,504.2070007324219,26557100,0.005369176115791907
2024-11-27,508.1700134277344,508.239990234375,501.92999267578125,505.29998779296875,500.2371826171875,24957400,-0.007873389519518215
2024-11-29,505.92999267578125,510.3399963378906,505.30999755859375,509.739990234375,504.6326599121094,15334000,0.008786786443832906
2024-12-02,511.010009765625,516.260009765625,510.6199951171875,515.2899780273438,510.12713623046875,25147200,0.010888071175013447
2024-12-03,513.9500122070312,517.1500244140625,513.3699951171875,516.8699951171875,511.6911926269531,18597900,0.0030660129316817386
2024-12-04,520.3200073242188,523.52001953125,519.5999755859375,523.260009765625,518.0172729492188,26086200,0.012363082291466432
2024-12-05,523.3099975585938,524.0399780273438,521.4199829101562,521.8099975585938,516.581787109375,18169600,-0.0027711157808910647
2024-12-06,522.47998046875,526.719970703125,522.3499755859375,526.47998046875,521.2049560546875,23762600,0.008949539183683353
2024-12-09,525.5499877929688,526.3499755859375,521.219970703125,522.3800048828125,517.1460571289062,20674400,-0.007787529413583294
2024-12-10,523.6199951171875,525.3800048828125,519.1599731445312,520.5999755859375,515.3839111328125,24350000,-0.0034074435486888266
2024-12-11,525.0,530.6099853515625,524.5900268554688,529.9199829101562,524.6104736328125,32168600,0.017902309910528658
2024-12-12,527.6799926757812,528.9600219726562,526.02001953125,526.5,521.2246704101562,23577500,-0.0064539375266572385
2024-12-13,530.4600219726562,533.1699829101562,527.2999877929688,530.530029296875,525.2144775390625,28780400,0.007654678213459443
2024-12-16,533.0800170898438,539.1500244140625,533.0,538.1699829101562,532.77783203125,31979900,0.014400506489513187
2024-12-17,536.3599853515625,537.47998046875,534.1300048828125,535.7999877929688,530.4315795898438,28579100,-0.004403810181930812
2024-12-18,535.1500244140625,536.8800048828125,515.010009765625,516.469970703125,511.2952575683594,54703200,-0.036076890512969695
2024-12-19,521.1900024414062,521.760009765625,513.8300170898438,514.1699829101562,509.0182800292969,46441800,-0.004453351572027975
2024-12-20,510.44000244140625,524.8200073242188,509.2900085449219,518.6599731445312,513.4633178710938,60530000,0.008732570157482522
2024-12-23,519.5499877929688,523.25,516.1300048828125,522.8699951171875,518.4657592773438,29672800,0.00974254875107916
2024-12-24,524.8300170898438,530.0499877929688,524.1900024414062,529.9600219726562,525.4962158203125,17558200,0.013560117360051027
2024-12-26,528.3200073242188,531.239990234375,526.3099975585938,529.5999755859375,525.1390380859375,19090500,-0.0006796961112601752
2024-12-27,526.010009765625,526.4500122070312,517.8599853515625,522.5599975585938,518.1585083007812,33839600,-0.013292726837828228
2024-12-30,515.510009765625,519.3599853515625,511.8299865722656,515.6099853515625,511.26702880859375,34584000,-0.013299944672889752
2024-12-31,516.9000244140625,517.6599731445312,510.260009765625,511.2300109863281,506.92388916015625,29117000,-0.008494855728440664
2025-01-02,514.2999877929688,516.6400146484375,505.7099914550781,510.2300109863281,505.93231201171875,36389800,-0.0019560671131129137
2025-01-03,513.3499755859375,519.6500244140625,512.530029296875,518.5800170898438,514.2119750976562,29059500,0.01636515970489283
2025-01-06,524.02001953125,527.9199829101562,522.030029296875,524.5399780273438,520.1217651367188,36109700,0.011492906282355886
2025-01-07,525.5900268554688,525.989990234375,513.280029296875,515.1799926757812,510.84063720703125,36690300,-0.01784414449037308
2025-01-08,515.0800170898438,516.9199829101562,510.57000732421875,515.27001953125,510.92987060546875,30777800,0.00017467952221927874
2025-01-10,511.4800109863281,511.5799865722656,503.9200134277344,507.19000244140625,502.91790771484375,40532500,-0.01568114011641275
2025-01-13,501.20001220703125,506.0199890136719,499.70001220703125,505.55999755859375,501.3016357421875,31694200,-0.003213788866656686
2025-01-14,508.739990234375,510.1600036621094,501.5899963378906,505.0799865722656,500.8256530761719,33737200,-0.0009494935425672368
2025-01-15,513.030029296875,517.8499755859375,511.4599914550781,516.7000122070312,512.3478393554688,34957600,0.023006381978489587
2025-01-16,518.97998046875,519.0599975585938,512.9500122070312,513.0800170898438,508.75830078125,28229000,-0.007006057796075327
2025-01-17,522.8499755859375,524.0700073242188,513.1099853515625,521.739990234375,517.3453979492188,51837900,0.016878539681381977
2025-01-21,524.47998046875,525.969970703125,520.0599975585938,524.7999877929688,520.3795776367188,23628000,0.005864901281672941
2025-01-22,529.5700073242188,533.8200073242188,529.260009765625,531.510009765625,527.0330810546875,33593000,0.012785865748585534
2025-01-23,529.0399780273438,532.760009765625,528.4500122070312,532.6400146484375,528.1536254882812,23096600,0.0021261368097640343
2025-01-24,533.02001953125,533.7899780273438,528.1500244140625,529.6300048828125,525.1690063476562,19878300,-0.005651043553598023
2025-01-27,511.0,517.989990234375,510.1499938964844,514.2100219726562,509.8787841796875,60771700,-0.029114860136751464
2025-01-28,515.219970703125,523.0,511.7799987792969,521.8099975585938,517.4146728515625,33194200,0.014779765123977606
2025-01-29,522.4600219726562,522.5900268554688,516.9000244140625,520.8300170898438,516.4430541992188,26649000,-0.0018778335894283904
2025-01-30,523.7100219726562,526.0999755859375,518.2100219726562,523.0499877929688,518.6443481445312,27431300,0.0042624136919138245
2025-01-31,526.9199829101562,531.52001953125,521.1900024414062,522.2899780273438,517.8906860351562,38755200,-0.0014531385757335924
2025-02-03,513.469970703125,520.8499755859375,511.04998779296875,518.1099853515625,513.7459106445312,40580800,-0.008003185811964242
2025-02-04,518.6300048828125,525.1099853515625,518.22998046875,524.469970703125,520.0523071289062,26046800,0.01227532200979109
2025-02-05,521.8200073242188,527.010009765625,520.6199951171875,526.8499755859375,522.4122924804688,21134100,0.004537976890423678
2025-02-06,527.3599853515625,529.8099975585938,525.739990234375,529.5999755859375,525.1390380859375,19434500,0.00521952803315906
2025-02-07,530.1400146484375,532.0999755859375,522.1900024414062,522.9199829101562,518.5153198242188,29605500,-0.012613265785498151
2025-02-10,527.219970703125,530.3599853515625,526.75,529.25,524.7921142578125,20852800,0.012105321084286746
2025-02-11,525.9600219726562,529.9199829101562,525.8300170898438,527.989990234375,523.542724609375,19325500,-0.002380732511967021
2025-02-12,522.2999877929688,529.1900024414062,521.9500122070312,528.2999877929688,523.85009765625,25009400,0.0005871021263914589
2025-02-13,529.97998046875,536.219970703125,529.1900024414062,535.9000244140625,531.3861083984375,28714800,0.01438581528552585
2025-02-14,536.010009765625,538.8400268554688,535.6699829101562,538.1500244140625,533.6171264648438,17862600,0.004198487749577096
2025-02-18,539.72998046875,540.0,536.0399780273438,539.3699951171875,534.8268432617188,20565000,0.002267012689208814
2025-02-19,538.5700073242188,540.8099975585938,536.4600219726562,539.52001953125,534.9755859375,19666900,0.0002781137066234507
2025-02-20,538.72998046875,539.0999755859375,532.4600219726562,537.22998046875,532.7048950195312,26550800,-0.004244475781057466
2025-02-21,538.3800048828125,538.4000244140625,525.7100219726562,526.0800170898438,521.6487426757812,47093800,-0.02075474140958411
2025-02-24,527.8800048828125,529.0700073242188,519.530029296875,519.8699951171875,515.4910888671875,39268400,-0.0118042147998062
2025-02-25,519.239990234375,519.3200073242188,509.44000244140625,513.3200073242188,508.99627685546875,48940000,-0.012599271164883463
2025-02-26,515.530029296875,519.6599731445312,511.3699951171875,514.5599975585938,510.2257995605469,34457600,0.002415582904994995
2025-02-27,518.1300048828125,519.0700073242188,500.04998779296875,500.2699890136719,496.0562438964844,52448000,-0.027771146963298632
2025-02-28,500.1300048828125,508.7799987792969,496.92999267578125,508.1700134277344,503.8896179199219,47654000,0.01579130213523161
2025-03-03,511.5199890136719,513.0399780273438,493.5799865722656,497.04998779296875,492.86328125,44587200,-0.021882444642219556
2025-03-04,494.17999267578125,503.739990234375,487.739990234375,495.54998779296875,491.3759765625,67875400,-0.0030176820714415964
2025-03-05,496.20001220703125,503.6300048828125,491.260009765625,502.010009765625,497.7815246582031,46323700,0.013035940707794014
2025-03-06,493.69000244140625,498.5799865722656,486.20001220703125,488.20001220703125,484.087890625,57574300,-0.0275093255873764
2025-03-07,487.1600036621094,493.2799987792969,480.5299987792969,491.7900085449219,487.6476135253906,54714700,0.007353464049254965
2025-03-10,483.45001220703125,483.9700012207031,468.6600036621094,472.7300109863281,468.7481994628906,76668000,-0.038756293557696164
2025-03-11,472.3500061035156,478.80999755859375,467.010009765625,471.6000061035156,467.6276550292969,68760800,-0.002390503973941027
2025-03-12,479.1600036621094,481.05999755859375,471.7900085449219,476.9200134277344,472.90289306640625,46971100,0.01128085129349099
2025-03-13,476.25,476.2799987792969,466.42999267578125,468.3399963378906,464.3951416015625,46563300,-0.017990483013706315
2025-03-14,473.7300109863281,480.55999755859375,473.1199951171875,479.6600036621094,475.61981201171875,43563000,0.02417051645167012
2025-03-17,479.6099853515625,485.8399963378906,477.79998779296875,482.7699890136719,478.70355224609375,41744400,0.006483624433834656
2025-03-18,479.4100036621094,479.6099853515625,472.4100036621094,474.5400085449219,470.5429382324219,39072300,-0.017047322868990578
2025-03-19,476.80999755859375,485.3299865722656,474.8699951171875,480.8900146484375,476.8394775390625,40430300,0.013381434073356457
2025-03-20,476.8800048828125,484.54998779296875,476.17999267578125,479.260009765625,475.22314453125,36780500,-0.003389679512598831
2025-03-21,474.0799865722656,481.6099853515625,472.9100036621094,480.8399963378906,476.7898864746094,42234900,0.003296855301323287
2025-03-24,487.739990234375,491.510009765625,484.3999938964844,490.6600036621094,487.2527160644531,34567200,0.021944319472055218
2025-03-25,491.3900146484375,493.6199951171875,490.4200134277344,493.4599914550781,490.03326416015625,26035200,0.005706583060555603
2025-03-26,492.29998779296875,493.1600036621094,482.82000732421875,484.3800048828125,481.01629638671875,34627100,-0.01840072589539654
2025-03-27,482.4100036621094,486.5799865722656,480.25,481.6199951171875,478.27545166015625,33469800,-0.005698028834264179
2025-03-28,479.80999755859375,480.5199890136719,468.04998779296875,468.94000244140625,465.68353271484375,46363800,-0.026327755065839842
2025-03-31,461.9200134277344,469.8599853515625,457.3299865722656,468.9200134277344,465.6636657714844,53000300,-4.266189797086373e-05
2025-04-01,467.29998779296875,473.6300048828125,464.4200134277344,472.70001220703125,469.41741943359375,41156200,0.008061083434307337
2025-04-02,466.1199951171875,479.55999755859375,465.8599853515625,476.1499938964844,472.8434753417969,49894500,0.0072985274222185925
2025-04-03,456.44000244140625,460.07000732421875,450.1400146484375,450.6600036621094,447.5304260253906,70456300,-0.053533675807006964
2025-04-04,438.1400146484375,440.3699951171875,422.6700134277344,422.6700134277344,419.7348327636719,117088400,-0.062108834718964445
2025-04-07,408.6600036621094,443.1400146484375,402.3900146484375,423.69000244140625,420.7477722167969,161557000,0.002413284231035817
2025-04-08,438.1600036621094,443.1400146484375,409.7900085449219,416.05999755859375,413.17071533203125,101248100,-0.01800854902889759
2025-04-09,415.57000732421875,467.8299865722656,415.42999267578125,466.0,462.7639465332031,142876900,0.1200308476880263
2025-04-10,453.55999755859375,455.5899963378906,432.6300048828125,446.17999267578125,443.08154296875,108384100,-0.04253227528182324
2025-04-11,444.6499938964844,455.7900085449219,441.3299865722656,454.3999938964844,451.2445068359375,52483800,0.01842316385488263
2025-04-14,464.4599914550781,465.04998779296875,452.6300048828125,457.4800109863281,454.3031005859375,43941200,0.006778129603053573
2025-04-15,458.5400085449219,462.3800048828125,456.1499938964844,457.989990234375,454.8095703125,35404200,0.0011148278008872303
2025-04-16,449.0299987792969,452.6199951171875,437.760009765625,444.17999267578125,441.0954284667969,48980600,-0.030153591175049677
2025-04-17,447.1700134277344,447.75,441.3599853515625,444.1000061035156,441.0160217285156,44837000,-0.00018002167593811347
2025-04-21,438.2300109863281,439.0799865722656,427.92999267578125,433.1099853515625,430.1023254394531,44149300,-0.024746711573623625
2025-04-22,438.82000732421875,447.5799865722656,437.6199951171875,444.4800109863281,441.39337158203125,52304400,0.026251999756201183
2025-04-23,458.1700134277344,463.3800048828125,452.8800048828125,454.55999755859375,451.40338134765625,55801100,0.02267820590451408
2025-04-24,456.4800109863281,467.6600036621094,455.8299865722656,467.3500061035156,464.10455322265625,45956100,0.028137077389807974
2025-04-25,466.9700012207031,473.0899963378906,465.3900146484375,472.55999755859375,469.27838134765625,38697100,0.011147979671981112
2025-04-28,473.0299987792969,474.80999755859375,466.0299987792969,472.4100036621094,469.1294250488281,33550800,-0.000317415642289709
2025-04-29,470.1700134277344,476.4200134277344,469.5899963378906,475.5299987792969,472.227783203125,30613100,0.006604484794306753
2025-04-30,467.1300048828125,477.20001220703125,462.42999267578125,475.4700012207031,472.16815185546875,46810600,-0.00012627666091935552
2025-05-01,483.4100036621094,487.17999267578125,480.739990234375,481.67999267578125,478.3350524902344,43316500,0.01306081448003571
2025-05-02,486.5400085449219,490.9100036621094,484.8299865722656,488.8299865722656,485.43536376953125,39218100,0.014843802983562027
2025-05-05,484.6000061035156,489.0299987792969,484.1000061035156,485.92999267578125,482.5555114746094,28309500,-0.005932514418725221
2025-05-06,479.55999755859375,485.04998779296875,478.19000244140625,481.4100036621094,478.06695556640625,32786300,-0.009301636395130708
2025-05-07,482.0799865722656,485.79998779296875,476.7799987792969,483.29998779296875,479.9438171386719,38006300,0.003925938721369926
2025-05-08,488.5299987792969,492.70001220703125,484.1700134277344,488.2900085449219,484.89910888671875,39577600,0.010324732960597993
2025-05-09,490.2099914550781,491.5400085449219,486.20001220703125,487.9700012207031,484.58135986328125,27767400,-0.0006552889407592799
2025-05-12,506.989990234375,507.8900146484375,501.4800109863281,507.8500061035156,504.3233337402344,45090600,0.04074026677898446
2025-05-13,509.1600036621094,517.3900146484375,508.4200134277344,515.5900268554688,512.0095825195312,53269600,0.015240716153847256
2025-05-14,516.77001953125,519.22998046875,515.75,518.6799926757812,515.0780639648438,47014500,0.005993015658443124
2025-05-15,516.52001953125,521.9299926757812,515.1699829101562,519.25,515.6441650390625,50153300,0.0010990587909358585
2025-05-16,520.6599731445312,521.7000122070312,517.0999755859375,521.510009765625,517.8884887695312,48394600,0.004352466066010363
2025-05-19,514.239990234375,522.530029296875,514.239990234375,522.010009765625,518.385009765625,52536200,0.0009587411322338202
2025-05-20,519.469970703125,520.9299926757812,516.6599731445312,520.27001953125,516.6571044921875,42517600,-0.0033332469899519657
2025-05-21,516.27001953125,523.0,511.239990234375,513.0399780273438,509.4772644042969,71292800,-0.013896721878909557
2025-05-22,513.6599731445312,517.7100219726562,512.2999877929688,514.0,510.43060302734375,55607200,0.0018712093544774877
2025-05-23,506.17999267578125,511.8399963378906,505.5799865722656,509.239990234375,505.7036437988281,58368100,-0.009260728491748416
2025-05-27,516.1500244140625,521.7100219726562,514.5900268554688,521.219970703125,517.6004638671875,47226300,0.02352528049628222
2025-05-28,522.1799926757812,523.6799926757812,518.3900146484375,518.9099731445312,515.306396484375,46637200,-0.004432120028781794
2025-05-29,526.3300170898438,526.47998046875,517.3200073242188,519.9299926757812,516.3193969726562,58513300,0.001965821684326796
2025-05-30,519.4400024414062,520.6799926757812,511.92999267578125,519.1099853515625,515.505126953125,67662800,-0.0015770664908302257
2025-06-02,517.239990234375,523.4500122070312,515.969970703125,523.2100219726562,519.57666015625,44762800,0.007898142986840107
2025-06-03,523.5599975585938,528.739990234375,522.6900024414062,527.2999877929688,523.6382446289062,44070300,0.007817103392278701
2025-06-04,528.010009765625,529.8400268554688,525.969970703125,528.77001953125,525.0980224609375,41359300,0.0027877601512200645
2025-06-05,530.1799926757812,533.0499877929688,522.6599731445312,524.7899780273438,521.1456298828125,61031200,-0.007526961460646131
2025-06-06,530.0,531.7999877929688,528.2100219726562,529.9199829101562,526.239990234375,42467000,0.009775310507176282
2025-06-09,530.1400146484375,532.3499755859375,529.010009765625,530.7000122070312,527.0146484375,33688700,0.0014720625902642226
2025-06-10,531.1699829101562,534.9000244140625,528.8900146484375,534.2100219726562,530.5003051757812,40664800,0.006613965567400459
2025-06-11,535.6199951171875,536.780029296875,530.1099853515625,532.4099731445312,528.7127685546875,53701000,-0.0033695298638922733
2025-06-12,531.0900268554688,534.6400146484375,530.8400268554688,533.6599731445312,529.9540405273438,34104900,0.0023477245992176154
2025-06-13,527.6799926757812,531.8699951171875,525.72998046875,526.9600219726562,523.3006591796875,55814400,-0.012554638400408491
2025-06-16,530.5,535.3699951171875,530.4500122070312,534.2899780273438,530.5796508789062,37622100,0.013909769788230442
2025-06-17,531.7100219726562,533.3300170898438,527.9099731445312,529.0800170898438,525.4059448242188,42180900,-0.009751045005433667
2025-06-18,530.0999755859375,532.5499877929688,527.4000244140625,528.989990234375,525.3164672851562,43983500,-0.00017030172563503587
2025-06-20,532.260009765625,533.5599975585938,524.8800048828125,526.8300170898438,523.1715087890625,61643500,-0.004083173914533722
2025-06-23,526.8099975585938,532.1699829101562,523.6500244140625,531.6500244140625,528.551025390625,50666100,0.01028251063215202
2025-06-24,536.8900146484375,540.7000122070312,536.27001953125,539.780029296875,536.633544921875,45442000,0.015291843441750164
2025-06-25,542.0599975585938,543.3099975585938,539.3800048828125,541.1599731445312,538.0054931640625,44804200,0.0025565830820122315
2025-06-26,543.3499755859375,546.6699829101562,541.52001953125,546.219970703125,543.0360717773438,43811400,0.009350422397540914
2025-06-27,547.260009765625,549.989990234375,544.5399780273438,548.0900268554688,544.8951416015625,57577100,0.0034234739105527545
2025-06-30,551.260009765625,552.7999877929688,549.010009765625,551.6400146484375,548.4243774414062,45548700,0.006476908253339575
2025-07-01,549.72998046875,550.7100219726562,544.6599731445312,546.989990234375,543.801513671875,56166700,-0.008429355002595895
2025-07-02,546.1599731445312,551.0,546.1199951171875,550.7999877929688,547.5892944335938,36538300,0.006965373700677624
2025-07-03,553.1799926757812,557.2000122070312,553.1799926757812,556.219970703125,552.9777221679688,26443500,0.009840272242627846
2025-07-07,553.52001953125,554.3400268554688,549.5800170898438,552.030029296875,548.8121948242188,45349300,-0.007532902641030237
2025-07-08,553.3800048828125,554.010009765625,551.0999755859375,552.3400268554688,549.1204223632812,36153300,0.0005616266219470312
2025-07-09,554.47998046875,557.6300048828125,553.0999755859375,556.25,553.007568359375,43045500,0.0070788589128854
2025-07-10,556.8900146484375,557.2999877929688,552.75,555.4500122070312,552.2122192382812,34710900,-0.0014382246583953817
2025-07-11,553.2999877929688,555.7899780273438,552.0499877929688,554.2000122070312,550.9695434570312,39618600,-0.0022503590792759542
2025-07-14,553.989990234375,556.9500122070312,551.6300048828125,556.2100219726562,552.9678344726562,36453300,0.003626862935266484
2025-07-15,560.25,560.7999877929688,556.6599731445312,556.719970703125,553.4747924804688,43277700,0.0009167947504504781
2025-07-16,557.280029296875,560.2100219726562,551.5599975585938,557.2899780273438,554.04150390625,52314700,0.0010239155124689425
2025-07-17,558.02001953125,562.3099975585938,557.2100219726562,561.7999877929688,558.5252685546875,40423800,0.008092831704529235
2025-07-18,563.1199951171875,564.72998046875,559.97998046875,561.260009765625,557.9884033203125,50484700,-0.000961219240383282
2025-07-21,562.0900268554688,566.0599975585938,562.0599975585938,564.1699829101562,560.88134765625,39595200,0.005184595806513315
2025-07-22,564.2999877929688,564.3499755859375,558.6099853515625,561.25,557.9784545898438,43270600,-0.005175592090085668
2025-07-23,562.3400268554688,563.8499755859375,559.5800170898438,563.8099975585938,560.5235595703125,40215300,0.004561296156747829
2025-07-24,565.1300048828125,566.239990234375,563.2899780273438,565.010009765625,561.7164916992188,42275500,0.0021282461879403858
2025-07-25,564.9299926757812,567.7000122070312,564.27001953125,566.3699951171875,563.068603515625,30630800,0.0024071072086846446
2025-07-28,567.739990234375,569.0399780273438,566.8699951171875,568.1400146484375,564.8283081054688,31498700,0.0031252046000376232
2025-07-29,570.760009765625,572.1099853515625,566.530029296875,567.260009765625,563.9534301757812,45463300,-0.0015489271998813114
2025-07-30,568.1799926757812,570.6199951171875,565.0499877929688,568.02001953125,564.708984375,43433800,0.0013397457286201675
2025-07-31,574.5399780273438,574.6300048828125,563.8699951171875,565.010009765625,561.7164916992188,64613600,-0.005299176670782502
2025-08-01,558.8300170898438,559.02001953125,551.6799926757812,553.8800048828125,550.6513671875,69400800,-0.019698770955159706
2025-08-04,559.0499877929688,564.3200073242188,558.9500122070312,564.0999755859375,560.8118286132812,47669800,0.01845171379066346
2025-08-05,565.3900146484375,566.5599975585938,559.72998046875,560.27001953125,557.004150390625,48666600,-0.00678958258079454
2025-08-06,561.1099853515625,567.760009765625,560.6300048828125,567.3200073242188,564.0130615234375,41823700,0.012583229636434767
2025-08-07,571.6699829101562,573.3200073242188,565.1099853515625,569.239990234375,565.9218139648438,44463000,0.0033842344648022937
2025-08-08,570.4500122070312,574.77001953125,570.1500244140625,574.5499877929688,571.200927734375,35255500,0.00932834472759736
2025-08-11,574.6900024414062,576.7999877929688,571.5700073242188,572.8499755859375,569.5108032226562,33112900,-0.0029588966502951397
2025-08-12,575.1599731445312,580.3499755859375,572.489990234375,580.0499877929688,576.6687622070312,42143300,0.012568609662662489
2025-08-13,582.760009765625,583.3200073242188,578.9400024414062,580.3400268554688,576.9571533203125,41209300,0.0005000983791414448
2025-08-14,578.280029296875,581.8800048828125,577.9099731445312,579.8900146484375,576.5098266601562,45425000,-0.0007753204160515503
2025-08-15,579.7999877929688,579.8400268554688,575.5700073242188,577.3400268554688,573.974609375,49480200,-0.004397526577896049
2025-08-18,576.4400024414062,577.77001953125,575.239990234375,577.1099853515625,573.7459106445312,29831000,-0.0003984474691620665
2025-08-19,576.3900146484375,576.5599975585938,568.25,569.280029296875,565.9615478515625,53752600,-0.01356761355252889
2025-08-20,568.3300170898438,568.4500122070312,558.8400268554688,565.9000244140625,562.6013793945312,76781100,-0.005937096733491409
2025-08-21,564.3499755859375,566.489990234375,560.97998046875,563.280029296875,559.9966430664062,46436900,-0.004629807930667029
2025-08-22,564.6699829101562,573.989990234375,563.27001953125,571.969970703125,568.635986328125,51502100,0.01542749116211084
2025-08-25,570.4000244140625,573.2899780273438,569.1599731445312,570.3200073242188,566.99560546875,34044700,-0.0028847644166305475
2025-08-26,569.8300170898438,572.9199829101562,568.7999877929688,572.6099853515625,569.272216796875,34103000,0.004015218647493546
2025-08-27,571.5900268554688,574.4099731445312,570.3699951171875,573.489990234375,570.1470947265625,36927100,0.0015368358122413994
2025-08-28,574.1099853515625,578.0,572.4600219726562,577.0800170898438,573.7161865234375,46787900,0.006259949107671359
2025-08-29,574.6599731445312,575.030029296875,568.5399780273438,570.4000244140625,567.0750732421875,56030400,-0.011575607307671265
2025-09-02,561.3099975585938,565.969970703125,559.5399780273438,565.6199951171875,562.3229370117188,65876800,-0.008380083087233814
2025-09-03,569.22998046875,571.7000122070312,566.72998046875,570.0700073242188,566.7470092773438,54230200,0.00786749388018082
2025-09-04,570.739990234375,575.5999755859375,569.030029296875,575.22998046875,571.876953125,47526300,0.009051558744346044
2025-09-05,580.489990234375,581.1199951171875,571.530029296875,576.0599975585938,572.7020874023438,68342500,0.0014428528249561534
2025-09-08,578.3699951171875,580.8400268554688,577.77001953125,578.8699951171875,575.4956665039062,46371400,0.004877892298653208
2025-09-09,579.6699829101562,580.9400024414062,577.0399780273438,580.510009765625,577.126220703125,44007600,0.0028333040440151613
2025-09-10,583.739990234375,583.77001953125,578.5499877929688,580.7000122070312,577.3150634765625,49308000,0.0003272122573245717
2025-09-11,583.239990234375,584.8800048828125,581.6199951171875,584.0800170898438,580.6754150390625,44745800,0.005820654569905326
2025-09-12,585.0399780273438,587.8599853515625,584.0999755859375,586.6599731445312,583.240234375,50745900,0.0044169587165403534
2025-09-15,588.4400024414062,591.7899780273438,588.2899780273438,591.6799926757812,588.2310180664062,44360300,0.008556994866368184
2025-09-16,592.6099853515625,592.8599853515625,590.489990234375,591.1799926757812,587.7339477539062,36942100,-0.0008450256739842565
2025-09-17,591.0999755859375,591.75,584.3699951171875,590.0,586.5608520507812,69384800,-0.001995963832969183
2025-09-18,594.9099731445312,598.1400146484375,592.9600219726562,595.3200073242188,591.849853515625,61069300,0.009016969759151117
2025-09-19,597.3300170898438,600.0499877929688,595.8499755859375,599.3499755859375,595.8562622070312,58196100,0.0067692991180245965
2025-09-22,597.739990234375,602.8699951171875,597.719970703125,602.2000122070312,599.3837890625,57154800,0.005920096975070566
2025-09-23,602.3699951171875,602.5700073242188,596.97998046875,598.2000122070312,595.4025268554688,64635500,-0.00664225873251989
2025-09-24,599.5800170898438,599.9000244140625,593.3599853515625,596.0999755859375,593.3123168945312,49850300,-0.0035105829529757937
2025-09-25,592.2000122070312,595.1199951171875,588.5,593.530029296875,590.7543334960938,70920200,-0.00431136068744753
2025-09-26,594.3499755859375,596.2999877929688,591.0599975585938,595.969970703125,593.1829223632812,54337400,0.004110996279646617
2025-09-29,599.1099853515625,602.0499877929688,597.4099731445312,598.72998046875,595.9299926757812,48332900,0.004631067768362973
2025-09-30,598.4299926757812,600.7100219726562,596.0999755859375,600.3699951171875,597.5623168945312,46533800,0.002739120767224268
2025-10-01,597.1699829101562,603.7899780273438,596.3400268554688,603.25,600.4288330078125,46899600,0.004797016197705117
2025-10-02,607.0599975585938,607.1599731445312,602.9299926757812,605.72998046875,602.8972778320312,43765400,0.004111136388726067
2025-10-03,606.510009765625,607.3300170898438,601.3900146484375,603.1799926757812,600.3591918945312,46482100,-0.0042098148902359744
2025-10-06,608.4500122070312,609.3599853515625,605.969970703125,607.7100219726562,604.8679809570312,41962100,0.007510152461015496
2025-10-07,609.02001953125,609.7100219726562,603.030029296875,604.510009765625,601.6830444335938,58209500,-0.005265506893584071
2025-10-08,605.4099731445312,611.75,605.260009765625,611.4400024414062,608.58056640625,50629800,0.0114637133894131
2025-10-09,611.47998046875,611.6099853515625,607.47998046875,610.7000122070312,607.8440551757812,45551000,-0.001210211549833029
2025-10-10,611.4000244140625,613.1799926757812,589.0499877929688,589.5,586.7431640625,97614800,-0.03471431682782378
2025-10-13,599.6799926757812,602.9500122070312,597.22998046875,602.010009765625,599.1946411132812,65872600,0.021221341488786294
2025-10-14,595.3099975585938,602.6900024414062,590.1300048828125,598.0,595.2034301757812,69203200,-0.006660959000041267
2025-10-15,604.010009765625,606.7000122070312,595.9299926757812,602.219970703125,599.4036865234375,62805500,0.007056841635499023
2025-10-16,605.1099853515625,608.3099975585938,595.5,599.989990234375,597.1841430664062,70982000,-0.0037029192628171836
2025-10-17,597.9500122070312,605.510009765625,596.3699951171875,603.9299926757812,601.105712890625,72024900,0.006566768173184245
2025-10-20,607.1400146484375,612.7999877929688,607.0700073242188,611.5399780273438,608.6799926757812,45761700,0.012600578604939017
2025-10-21,611.6400146484375,612.719970703125,609.3200073242188,611.3800048828125,608.5208740234375,44538200,-0.0002614159398344196
2025-10-22,610.8200073242188,611.4099731445312,599.739990234375,605.489990234375,602.6583862304688,61478800,-0.009633996208226914
2025-10-23,604.9099731445312,611.3699951171875,604.52001953125,610.5800170898438,607.7246704101562,42844300,0.00840656049171784
2025-10-24,615.989990234375,618.4199829101562,615.1300048828125,617.0999755859375,614.214111328125,47632500,0.010678258155274456
2025-10-27,624.52001953125,628.5499877929688,624.030029296875,628.0900268554688,625.1527709960938,54098600,0.01780919628224753
2025-10-28,630.3599853515625,634.6799926757812,629.25,632.9199829101562,629.9600830078125,61195700,0.007689819568517553
2025-10-29,635.5900268554688,637.010009765625,630.25,635.77001953125,632.796875,67422800,0.004503129751718404
2025-10-30,632.1699829101562,633.5,625.9400024414062,626.0499877929688,623.122314453125,61628600,-0.015288571940047957
2025-10-31,634.1699829101562,634.2000122070312,626.6900024414062,629.0700073242188,626.1281127929688,66305100,0.004823769379021181
2025-11-03,635.1099853515625,635.8200073242188,629.8499755859375,632.0800170898438,629.1239624023438,37154300,0.004784723043358419
2025-11-04,623.280029296875,626.9500122070312,618.4600219726562,619.25,616.3540649414062,63830800,-0.020297903472274337
2025-11-05,618.489990234375,626.5999755859375,617.2100219726562,623.280029296875,620.3652954101562,48688500,0.0065079971024955
2025-11-06,621.7899780273438,622.0399780273438,610.2999877929688,611.6699829101562,608.8095092773438,72115100,-0.018627389730388355
2025-11-07,608.3099975585938,609.9500122070312,598.6699829101562,609.739990234375,606.8884887695312,81835400,-0.0031553720474779556
2025-11-10,618.9199829101562,624.3099975585938,616.8900146484375,623.22998046875,620.3154296875,55919900,0.022124230672412093
2025-11-11,620.5700073242188,622.719970703125,617.52001953125,621.5700073242188,618.6632080078125,44868800,-0.002663518591694336
2025-11-12,624.8400268554688,624.8599853515625,617.8099975585938,621.0800170898438,618.1754760742188,47444400,-0.0007883642138092339
2025-11-13,617.5399780273438,618.1199951171875,606.0800170898438,608.4000244140625,605.5548706054688,71333600,-0.020415894769715504
2025-11-14,599.5499877929688,613.3499755859375,597.1699829101562,608.8599853515625,606.0126342773438,80087300,0.0007559408636532705
2025-11-17,606.2999877929688,612.47998046875,599.8699951171875,603.6599731445312,600.8369140625,63850400,-0.008540614373519939
2025-11-18,599.6199951171875,602.3099975585938,591.3400268554688,596.3099975585938,593.5213623046875,83327300,-0.01217560304068055
2025-11-19,597.0700073242188,606.1599731445312,594.5900268554688,599.8699951171875,597.064697265625,73111500,0.00597002093939536
2025-11-20,611.6199951171875,614.030029296875,584.75,585.6699829101562,582.9310913085938,117743200,-0.02367181650792427
2025-11-21,587.469970703125,596.97998046875,580.739990234375,590.0700073242188,587.3104858398438,103344200,0.00751271393230879
2025-11-24,595.280029296875,606.6799926757812,595.1599731445312,605.1599731445312,602.3299560546875,60168100,0.02557330505237987
2025-11-25,603.510009765625,610.260009765625,597.3200073242188,608.8900146484375,606.04248046875,57560900,0.006163605805661554
2025-11-26,612.510009765625,616.1900024414062,610.3900146484375,614.27001953125,611.3973388671875,42393600,0.008835780611114563
2025-11-28,616.1099853515625,619.3200073242188,615.4199829101562,619.25,616.3540649414062,23034400,0.008107209107914404
2025-12-01,613.6300048828125,619.4400024414062,612.52001953125,617.1699829101562,614.2837524414062,40957600,-0.0033589662464492687
2025-12-02,619.4600219726562,623.75,617.5900268554688,622.0,619.0912475585938,54541800,0.00782617983640388
2025-12-03,619.6199951171875,624.219970703125,618.030029296875,623.52001953125,620.6041259765625,47841600,0.0024437082965311774
2025-12-04,624.9299926757812,624.9400024414062,619.5399780273438,622.9400024414062,620.02685546875,47067800,-0.0009301751046274509
2025-12-05,624.3800048828125,628.9199829101562,623.7100219726562,625.47998046875,622.5548706054688,53614200,0.0040772671609643485
2025-12-08,627.2100219726562,628.8400268554688,621.6900024414062,624.280029296875,621.360595703125,43462400,-0.001918344805787564
2025-12-09,623.010009765625,625.8699951171875,621.0,625.0499877929688,622.126953125,37156000,0.0012333537517097426
2025-12-10,623.8499755859375,629.2100219726562,620.989990234375,627.6099853515625,624.6749267578125,55031400,0.00409558470343363
2025-12-11,623.8200073242188,625.780029296875,617.719970703125,625.5800170898438,622.6544799804688,58272800,-0.0032343971092777535
2025-12-12,622.0800170898438,623.5399780273438,611.3599853515625,613.6199951171875,610.7503662109375,75158700,-0.01911832991212825
2025-12-15,618.3699951171875,618.4199829101562,609.3200073242188,610.5399780273438,607.6847534179688,49538200,-0.005019420310768963
2025-12-16,608.260009765625,613.510009765625,606.9099731445312,611.75,608.88916015625,55152800,0.001981959776852893
2025-12-17,613.0599975585938,613.6500244140625,600.280029296875,600.4099731445312,597.60205078125,70654300,-0.018537215167541476
2025-12-18,609.7999877929688,612.9299926757812,606.9199829101562,609.1099853515625,606.261474609375,78875800,0.014490284658167596
2025-12-19,611.9500122070312,617.6199951171875,611.8699951171875,617.0499877929688,614.164306640625,60369800,0.01303535250420107
2025-12-22,621.3499755859375,621.6500244140625,617.77001953125,619.2100219726562,617.1082763671875,43703100,0.0047934562375751
2025-12-23,618.2000122070312,622.4099731445312,617.780029296875,622.1099853515625,619.9984130859375,41120400,0.00468335433088618
2025-12-24,621.989990234375,624.280029296875,621.719970703125,623.9299926757812,621.812255859375,18468700,0.002925560348468359
2025-12-26,624.6599731445312,625.52001953125,623.1400146484375,623.8900146484375,621.7724609375,28959800,-6.399829128489465e-05
2025-12-29,620.0999755859375,622.780029296875,618.72998046875,620.8699951171875,618.7626342773438,32458300,-0.004840720439142743
2025-12-30,619.8400268554688,622.1799926757812,619.219970703125,619.4299926757812,617.3275146484375,31226800,-0.0023193379001987813
2025-12-31,619.6500244140625,619.9600219726562,614.0499877929688,614.3099975585938,612.2249145507812,40746500,-0.008265628821942483
2026-01-02,620.0599975585938,622.8499755859375,610.1500244140625,613.1199951171875,611.0389404296875,61859200,-0.0019371542923305451
2026-01-05,619.3200073242188,620.8099975585938,616.719970703125,617.989990234375,615.8923950195312,46828400,0.00794295464447936
2026-01-06,619.22998046875,624.02001953125,618.5399780273438,623.4199829101562,621.3040161132812,43137500,0.008786634057363907
2026-01-07,623.0399780273438,627.9400024414062,622.5599975585938,624.02001953125,621.9020385742188,44880300,0.0009625279177793988
2026-01-08,623.030029296875,623.4199829101562,617.7999877929688,620.469970703125,618.364013671875,50435900,-0.00568903892075201
2026-01-09,621.4099731445312,627.8900146484375,619.0599975585938,626.6500244140625,624.5230712890625,49688700,0.009960245876235119
2026-01-12,622.3099975585938,628.8499755859375,622.260009765625,627.1699829101562,625.041259765625,37388700,0.0008297347213976902
2026-01-13,627.27001953125,629.469970703125,623.7000122070312,626.239990234375,624.1144409179688,44481400,-0.0014828122674713784
2026-01-14,622.239990234375,623.4500122070312,614.5599975585938,619.5499877929688,617.4471435546875,72598700,-0.010682812199433789
2026-01-15,626.5999755859375,630.0,620.75,621.780029296875,619.6696166992188,53934900,0.0035994548970399443
2026-01-16,625.5,626.0800170898438,618.8800048828125,621.260009765625,619.1513671875,61058100,-0.0008363319707028749
2026-01-20,610.530029296875,615.0599975585938,607.0499877929688,608.0599975585938,605.9961547851562,81988900,-0.02124716684726291
2026-01-21,609.469970703125,620.4199829101562,607.8599853515625,616.280029296875,614.188232421875,79837900,0.013518365705840196
2026-01-22,622.3499755859375,622.4600219726562,617.780029296875,620.760009765625,618.6530151367188,42254800,0.007269404523167378
2026-01-23,619.72998046875,625.4000244140625,618.6500244140625,622.719970703125,620.6063842773438,43645800,0.003157455136937104
2026-01-26,623.2100219726562,627.6099853515625,622.1199951171875,625.4600219726562,623.3370971679688,35983000,0.004400072187147552
2026-01-27,628.9099731445312,632.0399780273438,627.3400268554688,631.1300048828125,628.9878540039062,38997200,0.009065330559677509
2026-01-28,635.4600219726562,636.5999755859375,631.8099975585938,633.219970703125,631.0706787109375,50691700,0.0033113909811974818
2026-01-29,632.6500244140625,633.6699829101562,618.27001953125,629.4299926757812,627.2935791015625,79944000,-0.00598522437627802
2026-01-30,625.7100219726562,628.260009765625,619.2999877929688,621.8699951171875,619.7592163085938,65650700,-0.01201090373626934
2026-02-02,618.7000122070312,628.489990234375,618.6599731445312,626.1400146484375,624.0148315429688,49020300,0.006866562242869634
2026-02-03,628.2999877929688,629.97998046875,610.9600219726562,616.52001953125,614.4274291992188,81234000,-0.015364061652258676
2026-02-04,615.02001953125,615.0999755859375,600.469970703125,605.75,603.6939086914062,81850700,-0.017469142811220917
2026-02-05,600.2100219726562,604.8099975585938,594.760009765625,597.030029296875,595.0036010742188,89354500,-0.014395221638106248
2026-02-06,600.1900024414062,611.4099731445312,598.77001953125,609.6500244140625,607.5807495117188,78019300,0.021137936669279433
2026-02-09,607.5399780273438,616.4600219726562,605.0700073242188,614.3200073242188,612.2349243164062,56797600,0.007660174895975258
2026-02-10,615.3099975585938,617.02001953125,611.010009765625,611.469970703125,609.39453125,53938900,-0.004639384252013601
2026-02-11,616.3800048828125,617.52001953125,607.6900024414062,613.1099853515625,611.0289916992188,58575100,0.002682105541488955
2026-02-12,614.7100219726562,615.8099975585938,599.5700073242188,600.6400146484375,598.601318359375,81378900,-0.02033892582622543
2026-02-13,600.4299926757812,606.47998046875,596.4199829101562,601.9199829101562,599.876953125,69237500,0.002131025653470342
2026-02-17,598.3800048828125,603.9500122070312,593.3400268554688,601.2999877929688,599.259033203125,69013800,-0.001030077782878669
2026-02-18,602.1099853515625,609.77001953125,600.719970703125,605.7899780273438,603.73388671875,64250700,0.007467310908450209
2026-02-19,602.8099975585938,605.8200073242188,600.75,603.469970703125,601.421630859375,60960800,-0.0038299255851645952
2026-02-20,600.1199951171875,610.3499755859375,599.22998046875,608.8099975585938,606.7435302734375,74127300,0.00884886598850465
2026-02-23,606.6099853515625,608.010009765625,599.0499877929688,601.4099731445312,599.36865234375,63859100,-0.012154852193255183
2026-02-24,602.4000244140625,608.989990234375,599.72998046875,607.8699951171875,605.8067626953125,55023700,0.010741486606593798
2026-02-25,611.0700073242188,616.8300170898438,611.0,616.6799926757812,614.5868530273438,55710700,0.014493219410373515
2026-02-26,615.5900268554688,615.5900268554688,603.97998046875,609.239990234375,607.172119140625,96178900,-0.012064582654502165
2026-02-27,602.97998046875,608.3200073242188,602.1900024414062,607.2899780273438,605.228759765625,68125200,-0.003200672945507743
2026-03-02,598.8599853515625,609.9199829101562,597.989990234375,608.0900268554688,606.0260620117188,75264600,0.0013173568394246882
2026-03-03,596.3300170898438,603.9600219726562,591.8699951171875,601.5800170898438,599.5380859375,97015500,-0.010705770726562092
2026-03-04,604.1599731445312,612.8800048828125,603.4299926757812,610.75,608.6769409179688,70943900,0.015243160017396118
2026-03-05,607.4000244140625,612.760009765625,602.260009765625,608.9099731445312,606.84326171875,89602400,-0.0030125655761713555
2026-03-06,600.3099975585938,606.0,598.3300170898438,599.75,597.71435546875,86302300,-0.015043268708536672
2026-03-09,594.22998046875,609.27001953125,591.3300170898438,607.760009765625,605.6971435546875,93068200,0.013355523441756834
2026-03-10,607.780029296875,613.2899780273438,605.4199829101562,607.77001953125,605.7071533203125,64078900,1.6526024154916996e-05
2026-03-11,608.9500122070312,612.4299926757812,605.030029296875,607.6900024414062,605.6273193359375,60114800,-0.0001318029413015509
2026-03-12,602.760009765625,604.1400146484375,597.0499877929688,597.260009765625,595.2327880859375,71836600,-0.017163246964151946
2026-03-13,599.72998046875,603.5999755859375,592.5700073242188,593.719970703125,591.7047729492188,63145500,-0.005927118275966703
2026-03-16,600.0399780273438,603.8599853515625,599.1099853515625,600.3800048828125,598.3422241210938,49077200,0.011217504869518224
2026-03-17,603.1400146484375,605.9000244140625,601.8699951171875,603.3099975585938,601.2622680664062,47106600,0.004880223770939329
2026-03-18,601.489990234375,603.1599731445312,594.5599975585938,594.9000244140625,592.880859375,56128000,-0.01393968844637461
2026-03-19,589.510009765625,595.7999877929688,587.0800170898438,593.02001953125,591.0072021484375,75597600,-0.0031602592610894265
2026-03-20,591.0599975585938,591.1699829101562,578.5399780273438,582.0599975585938,580.0844116210938,91964700,-0.01848165384048972
2026-03-23,590.52001953125,595.0800170898438,585.9600219726562,588.0,586.7431640625,89936100,0.011478937044348214
2026-03-24,584.8099975585938,587.9299926757812,581.9299926757812,583.97998046875,582.731689453125,57750900,-0.0068368493321682156
2026-03-25,589.1400146484375,591.3699951171875,585.6900024414062,587.8200073242188,586.5635375976562,60475500,0.006575664604969944
2026-03-26,582.5999755859375,584.6300048828125,573.4299926757812,573.7899780273438,572.5634765625,81492100,-0.02386793610202098
2026-03-27,570.8099975585938,571.02001953125,561.5700073242188,562.5800170898438,561.3775024414062,82702200,-0.01953665327773091
2026-03-30,567.3800048828125,568.0499877929688,555.5999755859375,558.280029296875,557.086669921875,70602600,-0.007643399496543024
2026-03-31,564.2899780273438,578.6400146484375,564.2100219726562,577.1799926757812,575.9462280273438,95878000,0.03385390303471736
2026-04-01,581.47998046875,587.739990234375,580.4199829101562,584.3099975585938,583.06103515625,79435100,0.012353248936580297
2026-04-02,573.969970703125,586.0499877929688,571.9199829101562,584.97998046875,583.7295532226562,50941700,0.0011465661844940467
2026-04-06,586.22998046875,590.6099853515625,584.6900024414062,588.5,587.2420654296875,35108500,0.006017362300125839
2026-04-07,585.6400146484375,588.97998046875,578.4000244140625,588.5900268554688,587.3319091796875,49948200,0.0001529927014582988
2026-04-08,608.7100219726562,609.9000244140625,602.1199951171875,606.0900268554688,604.7944946289062,63086000,0.029732056399946583
2026-04-09,605.9299926757812,610.5,603.030029296875,610.1900024414062,608.8857421875,37837500,0.006764690477389479
2026-04-10,611.8400268554688,613.6699829101562,609.5800170898438,611.0700073242188,609.7638549804688,34038500,0.0014421634998613708
2026-04-13,609.47998046875,626.739990234375,608.1099853515625,617.3900146484375,616.0703125,32972100,0.010342458753533679
2026-04-14,620.219970703125,628.5999755859375,620.0999755859375,628.5999755859375,627.2562866210938,49921100,0.018156976393979063
2026-04-15,629.0800170898438,637.8300170898438,628.2000122070312,637.4000244140625,636.0375366210938,50102400,0.013999461125057566
2026-04-16,639.2100219726562,642.1799926757812,635.260009765625,640.469970703125,639.1009521484375,42320600,0.0048164068171479
2026-04-17,645.5900268554688,650.0,644.0700073242188,648.8499755859375,647.4630126953125,53488900,0.013084099653997816
2026-04-20,648.0399780273438,648.760009765625,642.52001953125,646.7899780273438,645.4074096679688,37138500,-0.0031748578483062895
2026-04-21,648.4099731445312,650.2000122070312,642.2100219726562,644.3300170898438,642.9526977539062,39580500,-0.003803352544907046
2026-04-22,650.1500244140625,655.3300170898438,648.52001953125,655.1099853515625,653.709716796875,37368400,0.016730653873212376
2026-04-23,653.5499877929688,656.9199829101562,645.52001953125,651.4199829101562,650.0275268554688,40099800,-0.005632759995443659
2026-04-24,658.510009765625,664.510009765625,656.530029296875,663.8800048828125,662.4609375,45563100,0.019127514037256654
2026-04-27,663.4000244140625,664.4299926757812,660.6900024414062,664.22998046875,662.8101806640625,32717000,0.0005271905772745722
2026-04-28,657.4099731445312,659.6400146484375,653.8099975585938,657.5499877929688,656.1444702148438,34147900,-0.01005674119631117
2026-04-29,658.6300048828125,661.719970703125,656.5900268554688,661.5700073242188,660.1558837890625,31724900,0.006113613321933942
2026-04-30,665.3499755859375,668.9000244140625,657.5599975585938,667.739990234375,666.3126220703125,40622200,0.009326188605504049
2026-05-01,669.1599731445312,675.969970703125,668.7999877929688,674.1500244140625,672.708984375,39172600,0.009599641508835965
2026-05-04,674.6599731445312,676.72998046875,668.9000244140625,672.8800048828125,671.4417114257812,34542000,-0.0018838353264988283
2026-05-05,677.9600219726562,682.77001953125,677.510009765625,681.6099853515625,680.1530151367188,37101100,0.012974028218234235
2026-05-06,687.780029296875,695.9299926757812,686.47998046875,695.77001953125,694.2827758789062,38778500,0.020774385215872604
2026-05-07,696.5800170898438,701.239990234375,691.77001953125,694.9400024414062,693.4545288085938,43779100,-0.0011929535040877681
2026-05-08,699.9199829101562,711.22998046875,699.5,711.22998046875,709.709716796875,44320400,0.023440885181338134
2026-05-11,710.3599853515625,714.5900268554688,708.9099731445312,713.2899780273438,711.7652587890625,36019100,0.0028963137231159397
2026-05-12,708.219970703125,710.1799926757812,696.6400146484375,707.239990234375,705.7282104492188,45873000,-0.008481796863919255
2026-05-13,709.9600219726562,716.6500244140625,704.8300170898438,714.7100219726562,713.1823120117188,40012500,0.010562283683906104
2026-05-14,714.6199951171875,722.030029296875,714.219970703125,719.7899780273438,718.2514038085938,33327500,0.0071077082416364235
2026-05-15,710.1400146484375,715.1300048828125,705.5499877929688,708.9299926757812,707.4146728515625,51792700,-0.015087657190182235
2026-05-18,711.5399780273438,712.0700073242188,698.8499755859375,705.8800048828125,704.3711547851562,49834500,-0.004302311194844144
2026-05-19,699.8099975585938,706.489990234375,695.25,701.530029296875,700.030517578125,46827500,-0.006162428965955091
2026-05-20,705.2899780273438,713.1500244140625,703.7899780273438,713.1500244140625,711.6256713867188,36779200,0.016563783317203207
2026-05-21,708.989990234375,717.1199951171875,706.77001953125,714.510009765625,712.9827270507812,36415400,0.0019069796363839764
2026-05-22,718.0700073242188,722.1199951171875,715.9500122070312,717.5399780273438,716.0062255859375,33118600,0.004240633637315083
2026-05-26,725.9600219726562,731.1699829101562,724.1599731445312,730.280029296875,728.7190551757812,34254700,0.01775519420859828
2026-05-27,732.9600219726562,733.3200073242188,725.4400024414062,729.4500122070312,727.8908081054688,35148700,-0.001136579405231486
2026-05-28,729.72998046875,736.5999755859375,726.4099731445312,735.5999755859375,734.027587890625,32840000,0.008430907104224783
2026-05-29,737.8400268554688,741.6300048828125,735.25,738.3099975585938,736.7318115234375,37541700,0.0036840899135461846
2026-06-01,737.0399780273438,745.6500244140625,735.989990234375,742.739990234375,741.1524047851562,33890600,0.006000274716762455
2026-06-02,742.4000244140625,746.4400024414062,739.22998046875,746.1599731445312,744.5650024414062,30085200,0.004604447930300237
2026-06-03,747.3099975585938,748.6500244140625,741.010009765625,744.2100219726562,742.6192626953125,40270200,-0.0026132570557489965
2026-06-04,735.47998046875,743.5,732.6199951171875,740.6099853515625,739.0269165039062,40782600,-0.004837399690344579
2026-06-05,730.0599975585938,731.6900024414062,704.3200073242188,705.0599975585938,703.5529174804688,99606600,-0.04800095670568172
2026-06-08,717.8099975585938,723.030029296875,713.0700073242188,716.0700073242188,714.5393676757812,47401500,0.015615670011939864
2026-06-09,722.97998046875,725.6599731445312,686.3699951171875,707.8300170898438,706.3169555664062,91932200,-0.011507290544565008
2026-06-10,701.6599731445312,711.280029296875,692.9299926757812,693.6900024414062,692.2072143554688,65334300,-0.019976500775947925
2026-06-11,699.2899780273438,718.3699951171875,695.0,717.1199951171875,715.5870971679688,71798900,0.033775843891297175
2026-06-12,717.6099853515625,724.010009765625,711.280029296875,721.3400268554688,719.798095703125,51168400,0.005884676445148118
2026-06-15,738.0999755859375,744.760009765625,737.3800048828125,744.0,742.40966796875,46710200,0.031413770612350955
2026-06-16,742.25,744.219970703125,729.6400146484375,729.8599853515625,728.2998657226562,45348700,-0.019005412853389303
2026-06-17,735.1900024414062,735.6799926757812,720.8499755859375,722.510009765625,720.965576171875,51669300,-0.010070425515599668
2026-06-18,737.2000122070312,741.8200073242188,732.510009765625,740.6199951171875,739.0369262695312,50154600,0.025065482590181487
2026-06-22,742.02001953125,745.4500122070312,734.3900146484375,737.9500122070312,737.1818237304688,43518600,-0.0025101621760993398
2026-06-23,715.739990234375,723.6099853515625,712.1099853515625,713.6500244140625,712.9071655273438,53354200,-0.03292899719133657
2026-06-24,715.3699951171875,719.9299926757812,704.4500122070312,710.6199951171875,709.8803100585938,52480400,-0.004245791899862628
2026-06-25,725.9000244140625,726.8300170898438,705.2999877929688,716.3800048828125,715.63427734375,49668000,0.008105545686541538
2026-06-26,707.1300048828125,715.5599975585938,702.8099975585938,706.52001953125,705.7846069335938,47081800,-0.013763553147168484
2026-06-29,713.989990234375,724.5800170898438,705.1699829101562,724.0800170898438,723.3262939453125,44939100,0.024854164910073306
2026-06-30,724.1799926757812,737.6199951171875,723.9099731445312,736.4000244140625,735.6334838867188,42121800,0.017014713891123634
2026-07-01,729.1900024414062,731.9199829101562,724.5999755859375,725.1699829101562,724.4151000976562,40803800,-0.015249963514154086
2026-07-02,725.5800170898438,730.8300170898438,707.5599975585938,712.5999755859375,711.8582153320312,50959800,-0.01733382526666305
2026-07-06,719.9299926757812,726.0800170898438,718.4500122070312,722.8200073242188,722.067626953125,30220400,0.014341917254311332
2026-07-07,714.1699829101562,716.3499755859375,704.9000244140625,709.4299926757812,708.6915283203125,42483100,-0.018524717261255708
2026-07-08,704.9500122070312,712.260009765625,700.9099731445312,711.4400024414062,710.699462890625,35603200,0.002833298395807704
2026-07-09,718.3300170898438,724.22998046875,715.1300048828125,723.280029296875,722.5271606445312,33654700,0.016642333885830585
2026-07-10,720.7000122070312,726.3900146484375,717.0,725.510009765625,724.7548217773438,26415900,0.003083152100227471
2026-07-13,717.719970703125,718.739990234375,710.0800170898438,711.739990234375,710.9990844726562,36552400,-0.01897984931090735
2026-07-14,720.219970703125,722.2899780273438,714.3400268554688,719.6900024414062,718.9408569335938,29448100,0.011169877197279243
2026-07-15,723.8499755859375,724.3599853515625,710.22998046875,717.739990234375,716.9928588867188,32627600,-0.0027095386610569427
2026-07-16,712.010009765625,713.5999755859375,702.6099853515625,705.9400024414062,705.2051391601562,39402000,-0.016440498089291156
2026-07-17,691.6500244140625,702.2999877929688,686.760009765625,695.3300170898438,694.606201171875,54109300,-0.015029581322824392
2026-07-20,702.1599731445312,705.7999877929688,695.510009765625,696.0599975585938,695.33544921875,29687600,0.0010498726409937653
2026-07-21,706.5700073242188,710.0499877929688,702.7999877929688,708.969970703125,708.2319946289062,33728300,0.01854722842715173
2026-07-22,703.6199951171875,709.6500244140625,703.6199951171875,705.3499755859375,704.61572265625,23692200,-0.005106055642898566
2026-07-23,694.6699829101562,698.6599731445312,687.7899780273438,691.9600219726562,691.23974609375,44028600,-0.01898336374339682
2026-07-24,690.4099731445312,692.6300048828125,682.47998046875,684.22998046875,683.5177612304688,42876700,-0.011171210722356162
2026-07-27,691.6799926757812,692.2999877929688,675.9500122070312,682.1199951171875,681.4099731445312,42681500,-0.0030837356474000543
2026-07-28,676.22998046875,679.4000244140625,667.8800048828125,675.489990234375,674.786865234375,51398700,-0.009719710851298968
2026-07-29,675.510009765625,680.0499877929688,661.1400146484375,661.72998046875,661.0411376953125,57233300,-0.02037047288151972
2026-07-30,674.760009765625,685.1199951171875,673.2999877929688,683.5499877929688,682.8384399414062,66753700,0.03297419933967949
2026-07-31,692.1099853515625,695.77001953125,680.0499877929688,687.989990234375,687.2738647460938,50540500,0.006495569881900698
2026-08-03,688.2999877929688,701.5900268554688,685.8200073242188,700.0700073242188,699.34130859375,44965100,0.017558420982753953
2026-08-04,708.1599731445312,725.6599731445312,707.530029296875,723.8499755859375,723.0964965820312,59778600,0.03396794626081601
2026-08-05,726.25,728.5399780273438,716.9199829101562,717.2999877929688,716.5533447265625,33540200,-0.009048794851582387
2026-08-06,710.8200073242188,719.3200073242188,708.5,714.6500244140625,713.9061279296875,33035900,-0.0036943750473806825
2026-08-07,720.1500244140625,723.6300048828125,716.510009765625,723.030029296875,722.2774047851562,31070400,0.011726019049234537
2026-08-10,722.3900146484375,724.6699829101562,720.3300170898438,720.8699951171875,720.11962890625,26243200,-0.0029874614166396363
2026-08-11,723.2899780273438,723.3499755859375,715.5,718.4500122070312,717.7021484375,29286100,-0.0033570539834080204
2026-08-12,727.0800170898438,727.25,722.9199829101562,723.7000122070312,722.9467163085938,29066000,0.007307443460370822
2026-08-13,725.1500244140625,733.9600219726562,724.030029296875,732.0700073242188,731.3079833984375,31599700,0.011565537129121894
2026-08-14,733.4099731445312,734.3900146484375,728.3200073242188,731.0700073242188,730.3090209960938,23790600,-0.0013659941160515388
2026-08-17,732.9500122070312,734.5800170898438,729.27001953125,729.8699951171875,729.1102294921875,26452600,-0.0016414852746460262
2026-08-18,720.2100219726562,722.1300048828125,715.9199829101562,717.510009765625,716.7631225585938,48997200,-0.01693448594486635
2026-08-19,720.3900146484375,721.5,712.6099853515625,716.0800170898438,715.3345947265625,35801700,-0.0019930264086855942
2026-08-20,712.0900268554688,714.9400024414062,708.52001953125,710.9299926757812,710.18994140625,33396400,-0.0071919537489711916
2026-08-21,715.22998046875,715.6699829101562,709.2000122070312,713.4400024414062,712.6973876953125,33399400,0.003530669955839505
2026-08-24,709.6599731445312,709.7899780273438,702.7000122070312,706.3200073242188,705.5847778320312,37443100,-0.009979845564302758
2026-08-25,711.219970703125,714.0399780273438,707.4500122070312,710.719970703125,709.9801635742188,23869600,0.006229422572993526
2026-08-26,708.4099731445312,713.02001953125,707.969970703125,711.3699951171875,710.6295166015625,20392400,0.0009146072815255923
2026-08-27,716.9299926757812,721.3499755859375,714.530029296875,721.1099853515625,720.359375,28723500,0.013691886096947492
2026-08-28,719.739990234375,724.1300048828125,715.0900268554688,716.4299926757812,715.6842651367188,34105400,-0.006489968792703249
2026-08-31,715.1699829101562,717.5800170898438,713.1599731445312,716.760009765625,716.013916015625,32237200,0.00046060937059055895
2026-09-01,707.3900146484375,712.2999877929688,704.6599731445312,707.6400146484375,706.9033813476562,35236100,-0.01272396313002655
2026-09-02,707.0999755859375,709.7999877929688,705.0999755859375,709.239990234375,708.501708984375,23476200,0.0022610270072151994
2026-09-03,710.8499755859375,718.9199829101562,709.6900024414062,717.6699829101562,716.9229125976562,29449800,0.01188593267524074
2026-09-04,719.3499755859375,721.8599853515625,716.5599975585938,718.9600219726562,718.2116088867188,32871100,0.0017975381542669755
2026-09-08,720.9099731445312,721.8900146484375,715.5700073242188,718.3599853515625,717.6122436523438,28341400,-0.0008345245704174387
2026-09-09,716.4000244140625,719.7000122070312,714.02001953125,716.3099975585938,715.5643920898438,26763400,-0.002853702094152255
2026-09-10,707.5499877929688,712.0599975585938,706.8599853515625,708.6900024414062,707.9523315429688,31414400,-0.010637841445189311
2026-09-11,715.6799926757812,717.6300048828125,713.6300048828125,714.8800048828125,714.1358642578125,26649100,0.008734391341528314
2026-09-14,703.3300170898438,712.9500122070312,702.739990234375,709.1799926757812,708.4417724609375,35219000,-0.007973401255785939
2026-09-15,708.7999877929688,709.530029296875,703.6400146484375,704.5399780273438,703.8065795898438,26631700,-0.006542800059618603
2026-09-16,708.0,711.8800048828125,700.0,704.719970703125,703.9863891601562,35688000,0.00025548151370968775
2026-09-17,715.9500122070312,718.0399780273438,713.3200073242188,716.9199829101562,716.1737060546875,37270300,0.01731186438003518
2026-09-18,718.8300170898438,721.72998046875,715.0800170898438,721.4500122070312,720.6990356445312,48478700,0.006318759752816483
2026-09-21,727.8900146484375,743.219970703125,727.8099975585938,741.469970703125,741.469970703125,46730600,0.02882053954743813
2026-09-22,740.97998046875,748.3499755859375,740.9299926757812,747.4600219726562,747.4600219726562,40128800,0.008078616135797079
2026-09-23,746.969970703125,747.1300048828125,738.1900024414062,741.2100219726562,741.2100219726562,33191800,-0.008361651213807164
2026-09-24,735.2899780273438,742.6599731445312,734.6199951171875,741.0999755859375,741.0999755859375,29000900,-0.00014846856283168286
2026-09-25,742.8300170898438,745.9199829101562,739.6400146484375,744.5,744.5,30283800,0.004587808023302609
2026-09-28,740.4600219726562,741.4199829101562,731.6300048828125,736.530029296875,736.530029296875,41775000,-0.010705131904801934
2026-09-29,740.1500244140625,740.5800170898438,735.3400268554688,737.9299926757812,737.9299926757812,27052300,0.0019007553300205426
2026-09-30,740.1900024414062,745.0999755859375,739.4600219726562,739.77001953125,739.77001953125,29671400,0.00249349785715669
