Date,Close
2016-10-06 00:00:00-04:00,56.50728225708008
2016-10-07 00:00:00-04:00,56.312530517578125
2016-10-10 00:00:00-04:00,57.41617202758789
2016-10-11 00:00:00-04:00,56.961734771728516
2016-10-12 00:00:00-04:00,56.56570053100586
2016-10-13 00:00:00-04:00,56.1956672668457
2016-10-14 00:00:00-04:00,56.18265914916992
2016-10-17 00:00:00-04:00,56.18265914916992
2016-10-18 00:00:00-04:00,56.33201599121094
2016-10-19 00:00:00-04:00,56.591678619384766
2016-10-20 00:00:00-04:00,56.61766052246094
2016-10-21 00:00:00-04:00,56.23462677001953
2016-10-24 00:00:00-04:00,56.42289352416992
2016-10-25 00:00:00-04:00,56.29954147338867
2016-10-26 00:00:00-04:00,56.53973388671875
2016-10-27 00:00:00-04:00,56.42938232421875
2016-10-28 00:00:00-04:00,55.040061950683594
2016-10-31 00:00:00-04:00,54.092220306396484
2016-11-01 00:00:00-04:00,54.30645751953125
2016-11-02 00:00:00-04:00,54.17662811279297
2016-11-03 00:00:00-04:00,54.31293487548828
2016-11-04 00:00:00-04:00,54.2545280456543
2016-11-07 00:00:00-05:00,55.475032806396484
2016-11-08 00:00:00-05:00,55.874568939208984
2016-11-09 00:00:00-05:00,56.4902458190918
2016-11-10 00:00:00-05:00,57.01420974731445
2016-11-11 00:00:00-05:00,56.1103515625
2016-11-14 00:00:00-05:00,55.85490798950195
2016-11-15 00:00:00-05:00,56.863555908203125
2016-11-16 00:00:00-05:00,56.16273498535156
2016-11-17 00:00:00-05:00,55.82217025756836
2016-11-18 00:00:00-05:00,55.85490798950195
2016-11-21 00:00:00-05:00,56.64741516113281
2016-11-22 00:00:00-05:00,56.7718620300293
2016-11-23 00:00:00-05:00,56.92905807495117
2016-11-25 00:00:00-05:00,57.06003952026367
2016-11-28 00:00:00-05:00,56.634315490722656
2016-11-29 00:00:00-05:00,56.260982513427734
2016-11-30 00:00:00-05:00,57.17794418334961
2016-12-01 00:00:00-05:00,57.13862991333008
2016-12-02 00:00:00-05:00,57.00764465332031
2016-12-05 00:00:00-05:00,57.29582977294922
2016-12-06 00:00:00-05:00,57.348236083984375
2016-12-07 00:00:00-05:00,57.6822509765625
2016-12-08 00:00:00-05:00,57.84601974487305
2016-12-09 00:00:00-05:00,58.29138946533203
2016-12-12 00:00:00-05:00,59.588191986083984
2016-12-13 00:00:00-05:00,60.63612747192383
2016-12-14 00:00:00-05:00,59.32622528076172
2016-12-15 00:00:00-05:00,59.52922821044922
2016-12-16 00:00:00-05:00,59.71916580200195
2016-12-19 00:00:00-05:00,59.221405029296875
2016-12-20 00:00:00-05:00,59.22795867919922
2016-12-21 00:00:00-05:00,59.12971496582031
2016-12-22 00:00:00-05:00,59.51614761352539
2016-12-23 00:00:00-05:00,59.41135025024414
2016-12-27 00:00:00-05:00,59.43756866455078
2016-12-28 00:00:00-05:00,59.142818450927734
2016-12-29 00:00:00-05:00,59.17556381225586
2016-12-30 00:00:00-05:00,59.116634368896484
2017-01-03 00:00:00-05:00,59.52922821044922
2017-01-04 00:00:00-05:00,58.874263763427734
2017-01-05 00:00:00-05:00,57.99663162231445
2017-01-06 00:00:00-05:00,57.96388626098633
2017-01-09 00:00:00-05:00,57.00764465332031
2017-01-10 00:00:00-05:00,56.28064727783203
2017-01-11 00:00:00-05:00,56.856998443603516
2017-01-12 00:00:00-05:00,56.549190521240234
2017-01-13 00:00:00-05:00,56.55573654174805
2017-01-17 00:00:00-05:00,57.21725082397461
2017-01-18 00:00:00-05:00,56.50988006591797
2017-01-19 00:00:00-05:00,55.49468231201172
2017-01-20 00:00:00-05:00,56.25446319580078
2017-01-23 00:00:00-05:00,55.651893615722656
2017-01-24 00:00:00-05:00,55.73048400878906
2017-01-25 00:00:00-05:00,55.89421844482422
2017-01-26 00:00:00-05:00,56.06450653076172
2017-01-27 00:00:00-05:00,56.00556945800781
2017-01-30 00:00:00-05:00,55.57982635498047
2017-01-31 00:00:00-05:00,54.944522857666016
2017-02-01 00:00:00-05:00,54.32231140136719
2017-02-02 00:00:00-05:00,54.656349182128906
2017-02-03 00:00:00-05:00,54.715293884277344
2017-02-06 00:00:00-05:00,54.56466293334961
2017-02-07 00:00:00-05:00,54.210968017578125
2017-02-08 00:00:00-05:00,53.854068756103516
2017-02-09 00:00:00-05:00,54.09199905395508
2017-02-10 00:00:00-05:00,54.54142761230469
2017-02-13 00:00:00-05:00,54.858707427978516
2017-02-14 00:00:00-05:00,54.73972702026367
2017-02-15 00:00:00-05:00,54.96446990966797
2017-02-16 00:00:00-05:00,54.39604187011719
2017-02-17 00:00:00-05:00,54.03914260864258
2017-02-21 00:00:00-05:00,54.12504577636719
2017-02-22 00:00:00-05:00,53.490535736083984
2017-02-23 00:00:00-05:00,54.05234909057617
2017-02-24 00:00:00-05:00,53.58967971801758
2017-02-27 00:00:00-05:00,53.89371871948242
2017-02-28 00:00:00-05:00,53.74831771850586
2017-03-01 00:00:00-05:00,54.87192916870117
2017-03-02 00:00:00-05:00,55.056983947753906
2017-03-03 00:00:00-05:00,54.501800537109375
2017-03-06 00:00:00-05:00,54.746337890625
2017-03-07 00:00:00-05:00,54.54142761230469
2017-03-08 00:00:00-05:00,53.556640625
2017-03-09 00:00:00-05:00,53.97963333129883
2017-03-10 00:00:00-05:00,53.93999481201172
2017-03-13 00:00:00-04:00,53.81440734863281
2017-03-14 00:00:00-04:00,53.530189514160156
2017-03-15 00:00:00-04:00,54.1977653503418
2017-03-16 00:00:00-04:00,54.244014739990234
2017-03-17 00:00:00-04:00,54.1977653503418
2017-03-20 00:00:00-04:00,54.1977653503418
2017-03-21 00:00:00-04:00,54.08539581298828
2017-03-22 00:00:00-04:00,54.03914260864258
2017-03-23 00:00:00-04:00,54.105220794677734
2017-03-24 00:00:00-04:00,53.688812255859375
2017-03-27 00:00:00-04:00,53.70205307006836
2017-03-28 00:00:00-04:00,54.09199905395508
2017-03-29 00:00:00-04:00,54.21096420288086
2017-03-30 00:00:00-04:00,55.32137680053711
2017-03-31 00:00:00-04:00,54.20436477661133
2017-04-03 00:00:00-04:00,54.244014739990234
2017-04-04 00:00:00-04:00,54.442298889160156
2017-04-05 00:00:00-04:00,54.54806137084961
2017-04-06 00:00:00-04:00,54.86531066894531
2017-04-07 00:00:00-04:00,54.700069427490234
2017-04-10 00:00:00-04:00,54.94464111328125
2017-04-11 00:00:00-04:00,54.75295639038086
2017-04-12 00:00:00-04:00,54.83888626098633
2017-04-13 00:00:00-04:00,53.99285888671875
2017-04-17 00:00:00-04:00,53.9201545715332
2017-04-18 00:00:00-04:00,53.56986618041992
2017-04-19 00:00:00-04:00,53.19972229003906
2017-04-20 00:00:00-04:00,53.543434143066406
2017-04-21 00:00:00-04:00,53.3319206237793
2017-04-24 00:00:00-04:00,53.60951614379883
2017-04-25 00:00:00-04:00,54.0192985534668
2017-04-26 00:00:00-04:00,53.80118179321289
2017-04-27 00:00:00-04:00,53.70866012573242
2017-04-28 00:00:00-04:00,53.9664192199707
2017-05-01 00:00:00-04:00,54.2374267578125
2017-05-02 00:00:00-04:00,54.23081588745117
2017-05-03 00:00:00-04:00,54.6604118347168
2017-05-04 00:00:00-04:00,53.9598388671875
2017-05-05 00:00:00-04:00,54.21096420288086
2017-05-08 00:00:00-04:00,54.786014556884766
2017-05-09 00:00:00-04:00,54.40264892578125
2017-05-10 00:00:00-04:00,54.649505615234375
2017-05-11 00:00:00-04:00,55.116554260253906
2017-05-12 00:00:00-04:00,55.076515197753906
2017-05-15 00:00:00-04:00,55.24331283569336
2017-05-16 00:00:00-04:00,55.076515197753906
2017-05-17 00:00:00-04:00,54.702877044677734
2017-05-18 00:00:00-04:00,54.542755126953125
2017-05-19 00:00:00-04:00,54.66285705566406
2017-05-22 00:00:00-04:00,54.903053283691406
2017-05-23 00:00:00-04:00,55.09653854370117
2017-05-24 00:00:00-04:00,54.903053283691406
2017-05-25 00:00:00-04:00,54.542755126953125
2017-05-26 00:00:00-04:00,54.40931701660156
2017-05-30 00:00:00-04:00,54.10907745361328
2017-05-31 00:00:00-04:00,53.708763122558594
2017-06-01 00:00:00-04:00,53.84221267700195
2017-06-02 00:00:00-04:00,53.04158401489258
2017-06-05 00:00:00-04:00,53.455257415771484
2017-06-06 00:00:00-04:00,54.18246841430664
2017-06-07 00:00:00-04:00,53.98231887817383
2017-06-08 00:00:00-04:00,53.78883743286133
2017-06-09 00:00:00-04:00,54.796295166015625
2017-06-12 00:00:00-04:00,55.33005142211914
2017-06-13 00:00:00-04:00,55.35003662109375
2017-06-14 00:00:00-04:00,54.75625991821289
2017-06-15 00:00:00-04:00,54.88303756713867
2017-06-16 00:00:00-04:00,55.703670501708984
2017-06-19 00:00:00-04:00,55.21662902832031
2017-06-20 00:00:00-04:00,54.9163818359375
2017-06-21 00:00:00-04:00,54.33594512939453
2017-06-22 00:00:00-04:00,54.095741271972656
2017-06-23 00:00:00-04:00,54.44935607910156
2017-06-26 00:00:00-04:00,54.202484130859375
2017-06-27 00:00:00-04:00,54.115760803222656
2017-06-28 00:00:00-04:00,54.39597702026367
2017-06-29 00:00:00-04:00,53.84221267700195
2017-06-30 00:00:00-04:00,53.86222457885742
2017-07-03 00:00:00-04:00,54.77629089355469
2017-07-05 00:00:00-04:00,53.94230270385742
2017-07-06 00:00:00-04:00,53.455257415771484
2017-07-07 00:00:00-04:00,53.521968841552734
2017-07-10 00:00:00-04:00,53.48193359375
2017-07-11 00:00:00-04:00,53.77549362182617
2017-07-12 00:00:00-04:00,54.015682220458984
2017-07-13 00:00:00-04:00,54.022342681884766
2017-07-14 00:00:00-04:00,54.22917938232422
2017-07-17 00:00:00-04:00,53.94895935058594
2017-07-18 00:00:00-04:00,53.77549362182617
2017-07-19 00:00:00-04:00,53.94230270385742
2017-07-20 00:00:00-04:00,53.94895935058594
2017-07-21 00:00:00-04:00,53.455257415771484
2017-07-24 00:00:00-04:00,53.288448333740234
2017-07-25 00:00:00-04:00,53.555301666259766
2017-07-26 00:00:00-04:00,53.62206268310547
2017-07-27 00:00:00-04:00,53.9289436340332
2017-07-28 00:00:00-04:00,53.10830307006836
2017-07-31 00:00:00-04:00,53.401885986328125
2017-08-01 00:00:00-04:00,53.48861312866211
2017-08-02 00:00:00-04:00,53.77549362182617
2017-08-03 00:00:00-04:00,53.70209503173828
2017-08-04 00:00:00-04:00,53.51528549194336
2017-08-07 00:00:00-04:00,53.48193359375
2017-08-08 00:00:00-04:00,53.348487854003906
2017-08-09 00:00:00-04:00,53.51528549194336
2017-08-10 00:00:00-04:00,53.19866180419922
2017-08-11 00:00:00-04:00,52.686676025390625
2017-08-14 00:00:00-04:00,52.70016098022461
2017-08-15 00:00:00-04:00,52.57217025756836
2017-08-16 00:00:00-04:00,52.18818664550781
2017-08-17 00:00:00-04:00,51.373050689697266
2017-08-18 00:00:00-04:00,51.629058837890625
2017-08-21 00:00:00-04:00,51.45390319824219
2017-08-22 00:00:00-04:00,51.696407318115234
2017-08-23 00:00:00-04:00,51.608848571777344
2017-08-24 00:00:00-04:00,51.42021179199219
2017-08-25 00:00:00-04:00,51.68293762207031
2017-08-28 00:00:00-04:00,51.514530181884766
2017-08-29 00:00:00-04:00,51.50104904174805
2017-08-30 00:00:00-04:00,51.26528549194336
2017-08-31 00:00:00-04:00,51.42021179199219
2017-09-01 00:00:00-04:00,51.58189010620117
2017-09-05 00:00:00-04:00,51.99282455444336
2017-09-06 00:00:00-04:00,53.07067108154297
2017-09-07 00:00:00-04:00,53.23908996582031
2017-09-08 00:00:00-04:00,53.09762954711914
2017-09-11 00:00:00-04:00,53.387290954589844
2017-09-12 00:00:00-04:00,53.55571365356445
2017-09-13 00:00:00-04:00,53.73760223388672
2017-09-14 00:00:00-04:00,53.95317077636719
2017-09-15 00:00:00-04:00,53.93970489501953
2017-09-18 00:00:00-04:00,53.95317077636719
2017-09-19 00:00:00-04:00,54.04073715209961
2017-09-20 00:00:00-04:00,54.26304244995117
2017-09-21 00:00:00-04:00,53.81843566894531
2017-09-22 00:00:00-04:00,53.83864974975586
2017-09-25 00:00:00-04:00,54.552734375
2017-09-26 00:00:00-04:00,54.49208450317383
2017-09-27 00:00:00-04:00,54.85585403442383
2017-09-28 00:00:00-04:00,55.36784744262695
2017-09-29 00:00:00-04:00,55.22637176513672
2017-10-02 00:00:00-04:00,54.9905891418457
2017-10-03 00:00:00-04:00,55.078189849853516
2017-10-04 00:00:00-04:00,55.09839630126953
2017-10-05 00:00:00-04:00,55.25331115722656
2017-10-06 00:00:00-04:00,55.044490814208984
2017-10-09 00:00:00-04:00,55.26005935668945
2017-10-10 00:00:00-04:00,55.415000915527344
2017-10-11 00:00:00-04:00,55.6440544128418
2017-10-12 00:00:00-04:00,55.52952194213867
2017-10-13 00:00:00-04:00,55.516075134277344
2017-10-16 00:00:00-04:00,55.7855110168457
2017-10-17 00:00:00-04:00,55.886558532714844
2017-10-18 00:00:00-04:00,55.75183868408203
2017-10-19 00:00:00-04:00,55.73834991455078
2017-10-20 00:00:00-04:00,55.98759460449219
2017-10-23 00:00:00-04:00,56.07517623901367
2017-10-24 00:00:00-04:00,56.23011779785156
2017-10-25 00:00:00-04:00,56.02804946899414
2017-10-26 00:00:00-04:00,56.23011779785156
2017-10-27 00:00:00-04:00,56.39179229736328
2017-10-30 00:00:00-04:00,56.27729797363281
2017-10-31 00:00:00-04:00,56.14928436279297
2017-11-01 00:00:00-04:00,56.499595642089844
2017-11-02 00:00:00-04:00,56.27055740356445
2017-11-03 00:00:00-04:00,56.03475570678711
2017-11-06 00:00:00-05:00,56.41874694824219
2017-11-07 00:00:00-05:00,56.304229736328125
2017-11-08 00:00:00-05:00,56.23011779785156
2017-11-09 00:00:00-05:00,56.566959381103516
2017-11-10 00:00:00-05:00,56.39018630981445
2017-11-13 00:00:00-05:00,56.35618209838867
2017-11-14 00:00:00-05:00,55.91425704956055
2017-11-15 00:00:00-05:00,55.213966369628906
2017-11-16 00:00:00-05:00,54.77202224731445
2017-11-17 00:00:00-05:00,54.55447006225586
2017-11-20 00:00:00-05:00,54.76523971557617
2017-11-21 00:00:00-05:00,54.9827995300293
2017-11-22 00:00:00-05:00,55.13917922973633
2017-11-24 00:00:00-05:00,55.35675048828125
2017-11-27 00:00:00-05:00,55.14596939086914
2017-11-28 00:00:00-05:00,55.526710510253906
2017-11-29 00:00:00-05:00,55.93465805053711
2017-11-30 00:00:00-05:00,56.62815856933594
2017-12-01 00:00:00-05:00,56.74372863769531
2017-12-04 00:00:00-05:00,56.818519592285156
2017-12-05 00:00:00-05:00,56.35618209838867
2017-12-06 00:00:00-05:00,55.94142150878906
2017-12-07 00:00:00-05:00,56.12501907348633
2017-12-08 00:00:00-05:00,56.199806213378906
2017-12-11 00:00:00-05:00,56.45136642456055
2017-12-12 00:00:00-05:00,56.26780700683594
2017-12-13 00:00:00-05:00,56.51256561279297
2017-12-14 00:00:00-05:00,56.362979888916016
2017-12-15 00:00:00-05:00,56.45136642456055
2017-12-18 00:00:00-05:00,56.39018630981445
2017-12-19 00:00:00-05:00,56.050235748291016
2017-12-20 00:00:00-05:00,56.34259033203125
2017-12-21 00:00:00-05:00,57.0088996887207
2017-12-22 00:00:00-05:00,57.090476989746094
2017-12-26 00:00:00-05:00,57.097286224365234
2017-12-27 00:00:00-05:00,57.04288864135742
2017-12-28 00:00:00-05:00,57.124454498291016
2017-12-29 00:00:00-05:00,56.86611557006836
2018-01-02 00:00:00-05:00,57.81116485595703
2018-01-03 00:00:00-05:00,58.94657516479492
2018-01-04 00:00:00-05:00,59.02815628051758
2018-01-05 00:00:00-05:00,58.98057556152344
2018-01-08 00:00:00-05:00,59.24571990966797
2018-01-09 00:00:00-05:00,58.9941520690918
2018-01-10 00:00:00-05:00,58.525054931640625
2018-01-11 00:00:00-05:00,59.10294723510742
2018-01-12 00:00:00-05:00,59.50408172607422
2018-01-16 00:00:00-05:00,59.130130767822266
2018-01-17 00:00:00-05:00,59.830413818359375
2018-01-18 00:00:00-05:00,59.44289779663086
2018-01-19 00:00:00-05:00,59.25253677368164
2018-01-22 00:00:00-05:00,60.000404357910156
2018-01-23 00:00:00-05:00,60.034400939941406
2018-01-24 00:00:00-05:00,60.19078063964844
2018-01-25 00:00:00-05:00,60.082000732421875
2018-01-26 00:00:00-05:00,60.510337829589844
2018-01-29 00:00:00-05:00,59.83722686767578
2018-01-30 00:00:00-05:00,59.0009765625
2018-01-31 00:00:00-05:00,59.35451889038086
2018-02-01 00:00:00-05:00,60.55791091918945
2018-02-02 00:00:00-05:00,57.47120666503906
2018-02-05 00:00:00-05:00,54.20092010498047
2018-02-06 00:00:00-05:00,53.26948165893555
2018-02-07 00:00:00-05:00,52.31082534790039
2018-02-08 00:00:00-05:00,51.719337463378906
2018-02-09 00:00:00-05:00,52.049015045166016
2018-02-12 00:00:00-05:00,52.48858642578125
2018-02-13 00:00:00-05:00,52.406158447265625
2018-02-14 00:00:00-05:00,52.516056060791016
2018-02-15 00:00:00-05:00,52.3443489074707
2018-02-16 00:00:00-05:00,52.57102584838867
2018-02-20 00:00:00-05:00,52.028419494628906
2018-02-21 00:00:00-05:00,51.437721252441406
2018-02-22 00:00:00-05:00,52.10396194458008
2018-02-23 00:00:00-05:00,53.250999450683594
2018-02-26 00:00:00-05:00,54.1507568359375
2018-02-27 00:00:00-05:00,53.23040008544922
2018-02-28 00:00:00-05:00,52.02153396606445
2018-03-01 00:00:00-05:00,51.650634765625
2018-03-02 00:00:00-05:00,51.891048431396484
2018-03-05 00:00:00-05:00,52.385562896728516
2018-03-06 00:00:00-05:00,52.32374572753906
2018-03-07 00:00:00-05:00,51.005008697509766
2018-03-08 00:00:00-05:00,50.908851623535156
2018-03-09 00:00:00-05:00,51.2110595703125
2018-03-12 00:00:00-04:00,51.67811965942383
2018-03-13 00:00:00-04:00,51.19044876098633
2018-03-14 00:00:00-04:00,50.551700592041016
2018-03-15 00:00:00-04:00,51.11491012573242
2018-03-16 00:00:00-04:00,51.59569549560547
2018-03-19 00:00:00-04:00,50.92947006225586
2018-03-20 00:00:00-04:00,50.8195686340332
2018-03-21 00:00:00-04:00,51.54073715209961
2018-03-22 00:00:00-04:00,50.483001708984375
2018-03-23 00:00:00-04:00,50.06404495239258
2018-03-26 00:00:00-04:00,50.826438903808594
2018-03-27 00:00:00-04:00,50.62038040161133
2018-03-28 00:00:00-04:00,50.00908279418945
2018-03-29 00:00:00-04:00,51.24540328979492
2018-04-02 00:00:00-04:00,50.29068374633789
2018-04-03 00:00:00-04:00,51.52700424194336
2018-04-04 00:00:00-04:00,51.42398452758789
2018-04-05 00:00:00-04:00,52.2138557434082
2018-04-06 00:00:00-04:00,51.42398452758789
2018-04-09 00:00:00-04:00,51.42398452758789
2018-04-10 00:00:00-04:00,52.93504333496094
2018-04-11 00:00:00-04:00,53.18231201171875
2018-04-12 00:00:00-04:00,53.03806686401367
2018-04-13 00:00:00-04:00,53.463905334472656
2018-04-16 00:00:00-04:00,53.944698333740234
2018-04-17 00:00:00-04:00,53.800479888916016
2018-04-18 00:00:00-04:00,54.411766052246094
2018-04-19 00:00:00-04:00,54.54912567138672
2018-04-20 00:00:00-04:00,54.26063919067383
2018-04-23 00:00:00-04:00,54.652156829833984
2018-04-24 00:00:00-04:00,53.81418991088867
2018-04-25 00:00:00-04:00,54.60408020019531
2018-04-26 00:00:00-04:00,55.538177490234375
2018-04-27 00:00:00-04:00,53.429569244384766
2018-04-30 00:00:00-04:00,53.40209197998047
2018-05-01 00:00:00-04:00,52.85261154174805
2018-05-02 00:00:00-04:00,52.74959945678711
2018-05-03 00:00:00-04:00,52.57102584838867
2018-05-04 00:00:00-04:00,52.81827163696289
2018-05-07 00:00:00-04:00,53.39521408081055
2018-05-08 00:00:00-04:00,53.635616302490234
2018-05-09 00:00:00-04:00,54.899417877197266
2018-05-10 00:00:00-04:00,56.12886047363281
2018-05-11 00:00:00-04:00,56.39250564575195
2018-05-14 00:00:00-04:00,56.774105072021484
2018-05-15 00:00:00-04:00,56.74636459350586
2018-05-16 00:00:00-04:00,56.90592575073242
2018-05-17 00:00:00-04:00,56.80879592895508
2018-05-18 00:00:00-04:00,56.40638732910156
2018-05-21 00:00:00-04:00,57.0863037109375
2018-05-22 00:00:00-04:00,56.64228820800781
2018-05-23 00:00:00-04:00,56.99612808227539
2018-05-24 00:00:00-04:00,55.69175720214844
2018-05-25 00:00:00-04:00,54.609432220458984
2018-05-29 00:00:00-04:00,54.408226013183594
2018-05-30 00:00:00-04:00,56.54514694213867
2018-05-31 00:00:00-04:00,56.36476516723633
2018-06-01 00:00:00-04:00,56.774105072021484
2018-06-04 00:00:00-04:00,56.17741775512695
2018-06-05 00:00:00-04:00,55.97624969482422
2018-06-06 00:00:00-04:00,56.93367004394531
2018-06-07 00:00:00-04:00,57.50260925292969
2018-06-08 00:00:00-04:00,58.002140045166016
2018-06-11 00:00:00-04:00,57.65522384643555
2018-06-12 00:00:00-04:00,57.18344497680664
2018-06-13 00:00:00-04:00,56.55208969116211
2018-06-14 00:00:00-04:00,56.815731048583984
2018-06-15 00:00:00-04:00,55.96236038208008
2018-06-18 00:00:00-04:00,56.0733642578125
2018-06-19 00:00:00-04:00,55.990081787109375
2018-06-20 00:00:00-04:00,55.8166389465332
2018-06-21 00:00:00-04:00,55.289371490478516
2018-06-22 00:00:00-04:00,56.46189880371094
2018-06-25 00:00:00-04:00,55.32403564453125
2018-06-26 00:00:00-04:00,55.94847869873047
2018-06-27 00:00:00-04:00,56.690853118896484
2018-06-28 00:00:00-04:00,56.871238708496094
2018-06-29 00:00:00-04:00,57.398536682128906
2018-07-02 00:00:00-04:00,56.72556686401367
2018-07-03 00:00:00-04:00,57.05855941772461
2018-07-05 00:00:00-04:00,57.107112884521484
2018-07-06 00:00:00-04:00,57.12100601196289
2018-07-09 00:00:00-04:00,57.5164794921875
2018-07-10 00:00:00-04:00,58.043758392333984
2018-07-11 00:00:00-04:00,57.301395416259766
2018-07-12 00:00:00-04:00,57.37077713012695
2018-07-13 00:00:00-04:00,57.800926208496094
2018-07-16 00:00:00-04:00,57.23202133178711
2018-07-17 00:00:00-04:00,57.107112884521484
2018-07-18 00:00:00-04:00,57.044681549072266
2018-07-19 00:00:00-04:00,56.89900207519531
2018-07-20 00:00:00-04:00,56.47576141357422
2018-07-23 00:00:00-04:00,56.47576141357422
2018-07-24 00:00:00-04:00,57.59278869628906
2018-07-25 00:00:00-04:00,57.99520492553711
2018-07-26 00:00:00-04:00,58.44618225097656
2018-07-27 00:00:00-04:00,56.8365478515625
2018-07-30 00:00:00-04:00,56.71165084838867
2018-07-31 00:00:00-04:00,56.55208969116211
2018-08-01 00:00:00-04:00,55.775020599365234
2018-08-02 00:00:00-04:00,55.44200134277344
2018-08-03 00:00:00-04:00,55.64319610595703
2018-08-06 00:00:00-04:00,55.629310607910156
2018-08-07 00:00:00-04:00,56.385581970214844
2018-08-08 00:00:00-04:00,56.01089859008789
2018-08-09 00:00:00-04:00,55.726463317871094
2018-08-10 00:00:00-04:00,55.67037582397461
2018-08-13 00:00:00-04:00,55.06755447387695
2018-08-14 00:00:00-04:00,54.892311096191406
2018-08-15 00:00:00-04:00,53.931983947753906
2018-08-16 00:00:00-04:00,54.67501449584961
2018-08-17 00:00:00-04:00,54.85727310180664
2018-08-20 00:00:00-04:00,55.24278259277344
2018-08-21 00:00:00-04:00,55.25682830810547
2018-08-22 00:00:00-04:00,56.04890060424805
2018-08-23 00:00:00-04:00,55.43206787109375
2018-08-24 00:00:00-04:00,55.81056594848633
2018-08-27 00:00:00-04:00,56.35734176635742
2018-08-28 00:00:00-04:00,56.27320098876953
2018-08-29 00:00:00-04:00,56.67975997924805
2018-08-30 00:00:00-04:00,56.43444061279297
2018-08-31 00:00:00-04:00,56.19609451293945
2018-09-04 00:00:00-04:00,56.28021240234375
2018-09-05 00:00:00-04:00,57.030250549316406
2018-09-06 00:00:00-04:00,56.39937210083008
2018-09-07 00:00:00-04:00,57.35969924926758
2018-09-10 00:00:00-04:00,57.27558517456055
2018-09-11 00:00:00-04:00,58.0816764831543
2018-09-12 00:00:00-04:00,58.270931243896484
2018-09-13 00:00:00-04:00,57.70317840576172
2018-09-14 00:00:00-04:00,58.12372970581055
2018-09-17 00:00:00-04:00,58.46721649169922
2018-09-18 00:00:00-04:00,58.62142562866211
2018-09-19 00:00:00-04:00,59.32238006591797
2018-09-20 00:00:00-04:00,59.4555778503418
2018-09-21 00:00:00-04:00,59.700904846191406
2018-09-24 00:00:00-04:00,60.70328140258789
2018-09-25 00:00:00-04:00,60.633209228515625
2018-09-26 00:00:00-04:00,60.12849044799805
2018-09-27 00:00:00-04:00,60.12147903442383
2018-09-28 00:00:00-04:00,59.595760345458984
2018-10-01 00:00:00-04:00,60.14952087402344
2018-10-02 00:00:00-04:00,60.605159759521484
2018-10-03 00:00:00-04:00,60.38786315917969
2018-10-04 00:00:00-04:00,59.988304138183594
2018-10-05 00:00:00-04:00,59.82008361816406
2018-10-08 00:00:00-04:00,60.373817443847656
2018-10-09 00:00:00-04:00,60.640193939208984
2018-10-10 00:00:00-04:00,59.245277404785156
2018-10-11 00:00:00-04:00,57.19849395751953
2018-10-12 00:00:00-04:00,57.04426956176758
2018-10-15 00:00:00-04:00,56.6517333984375
2018-10-16 00:00:00-04:00,56.91809844970703
2018-10-17 00:00:00-04:00,57.128379821777344
2018-10-18 00:00:00-04:00,57.37371063232422
2018-10-19 00:00:00-04:00,57.45783233642578
2018-10-22 00:00:00-04:00,56.88303756713867
2018-10-23 00:00:00-04:00,55.96478271484375
2018-10-24 00:00:00-04:00,54.408653259277344
2018-10-25 00:00:00-04:00,54.892311096191406
2018-10-26 00:00:00-04:00,54.34556579589844
2018-10-29 00:00:00-04:00,54.00909423828125
2018-10-30 00:00:00-04:00,55.22175598144531
2018-10-31 00:00:00-04:00,55.85262680053711
2018-11-01 00:00:00-04:00,56.54658126831055
2018-11-02 00:00:00-04:00,57.44382095336914
2018-11-05 00:00:00-05:00,57.22652053833008
2018-11-06 00:00:00-05:00,57.471839904785156
2018-11-07 00:00:00-05:00,58.200836181640625
2018-11-08 00:00:00-05:00,57.27558517456055
2018-11-09 00:00:00-05:00,57.26142883300781
2018-11-12 00:00:00-05:00,56.52501678466797
2018-11-13 00:00:00-05:00,55.2292594909668
2018-11-14 00:00:00-05:00,54.7973518371582
2018-11-15 00:00:00-05:00,55.363800048828125
2018-11-16 00:00:00-05:00,55.90901184082031
2018-11-19 00:00:00-05:00,56.093109130859375
2018-11-20 00:00:00-05:00,54.49995803833008
2018-11-21 00:00:00-05:00,54.91770935058594
2018-11-23 00:00:00-05:00,53.4520149230957
2018-11-26 00:00:00-05:00,54.507049560546875
2018-11-27 00:00:00-05:00,54.55659484863281
2018-11-28 00:00:00-05:00,55.547889709472656
2018-11-29 00:00:00-05:00,55.97982406616211
2018-11-30 00:00:00-05:00,56.2913703918457
2018-12-03 00:00:00-05:00,57.50925064086914
2018-12-04 00:00:00-05:00,56.24181365966797
2018-12-06 00:00:00-05:00,55.50542068481445
2018-12-07 00:00:00-05:00,54.97434616088867
2018-12-10 00:00:00-05:00,54.195491790771484
2018-12-11 00:00:00-05:00,54.29462814331055
2018-12-12 00:00:00-05:00,53.82728576660156
2018-12-13 00:00:00-05:00,54.507049560546875
2018-12-14 00:00:00-05:00,53.5157470703125
2018-12-17 00:00:00-05:00,52.425331115722656
2018-12-18 00:00:00-05:00,50.980865478515625
2018-12-19 00:00:00-05:00,50.117027282714844
2018-12-20 00:00:00-05:00,48.59466552734375
2018-12-21 00:00:00-05:00,48.23355484008789
2018-12-24 00:00:00-05:00,46.385494232177734
2018-12-26 00:00:00-05:00,48.60176086425781
2018-12-27 00:00:00-05:00,48.814178466796875
2018-12-28 00:00:00-05:00,48.26896286010742
2018-12-31 00:00:00-05:00,48.28313064575195
2019-01-02 00:00:00-05:00,49.34523010253906
2019-01-03 00:00:00-05:00,48.587589263916016
2019-01-04 00:00:00-05:00,50.379005432128906
2019-01-07 00:00:00-05:00,50.640987396240234
2019-01-08 00:00:00-05:00,51.009193420410156
2019-01-09 00:00:00-05:00,51.27825164794922
2019-01-10 00:00:00-05:00,51.016273498535156
2019-01-11 00:00:00-05:00,50.7826042175293
2019-01-14 00:00:00-05:00,50.7188835144043
2019-01-15 00:00:00-05:00,50.747196197509766
2019-01-16 00:00:00-05:00,50.725955963134766
2019-01-17 00:00:00-05:00,51.07289505004883
2019-01-18 00:00:00-05:00,51.681846618652344
2019-01-22 00:00:00-05:00,50.90298843383789
2019-01-23 00:00:00-05:00,50.48521041870117
2019-01-24 00:00:00-05:00,50.55601501464844
2019-01-25 00:00:00-05:00,50.7826042175293
2019-01-28 00:00:00-05:00,50.4427375793457
2019-01-29 00:00:00-05:00,50.633914947509766
2019-01-30 00:00:00-05:00,51.18620300292969
2019-01-31 00:00:00-05:00,51.887176513671875
2019-02-01 00:00:00-05:00,53.75647735595703
2019-02-04 00:00:00-05:00,52.977596282958984
2019-02-05 00:00:00-05:00,53.522830963134766
2019-02-06 00:00:00-05:00,53.28916549682617
2019-02-07 00:00:00-05:00,52.87846755981445
2019-02-08 00:00:00-05:00,52.96438980102539
2019-02-11 00:00:00-05:00,53.05030822753906
2019-02-12 00:00:00-05:00,53.981014251708984
2019-02-13 00:00:00-05:00,54.589561462402344
2019-02-14 00:00:00-05:00,54.603843688964844
2019-02-15 00:00:00-05:00,55.634803771972656
2019-02-19 00:00:00-05:00,56.00710678100586
2019-02-20 00:00:00-05:00,56.22187805175781
2019-02-21 00:00:00-05:00,55.713565826416016
2019-02-22 00:00:00-05:00,56.14311981201172
2019-02-25 00:00:00-05:00,56.20038986206055
2019-02-26 00:00:00-05:00,56.31493377685547
2019-02-27 00:00:00-05:00,56.894840240478516
2019-02-28 00:00:00-05:00,56.5798454284668
2019-03-01 00:00:00-05:00,57.27427291870117
2019-03-04 00:00:00-05:00,57.4962158203125
2019-03-05 00:00:00-05:00,57.41031265258789
2019-03-06 00:00:00-05:00,56.75883102416992
2019-03-07 00:00:00-05:00,57.38883590698242
2019-03-08 00:00:00-05:00,56.565521240234375
2019-03-11 00:00:00-04:00,57.11677169799805
2019-03-12 00:00:00-04:00,57.27427291870117
2019-03-13 00:00:00-04:00,57.782569885253906
2019-03-14 00:00:00-04:00,57.589290618896484
2019-03-15 00:00:00-04:00,57.38166809082031
2019-03-18 00:00:00-04:00,58.04749298095703
2019-03-19 00:00:00-04:00,57.89715576171875
2019-03-20 00:00:00-04:00,58.219303131103516
2019-03-21 00:00:00-04:00,58.55579376220703
2019-03-22 00:00:00-04:00,57.617916107177734
2019-03-25 00:00:00-04:00,57.217002868652344
2019-03-26 00:00:00-04:00,57.961578369140625
2019-03-27 00:00:00-04:00,57.51770782470703
2019-03-28 00:00:00-04:00,57.80406951904297
2019-03-29 00:00:00-04:00,57.847042083740234
2019-04-01 00:00:00-04:00,58.51285171508789
2019-04-02 00:00:00-04:00,58.262271881103516
2019-04-03 00:00:00-04:00,57.91864013671875
2019-04-04 00:00:00-04:00,58.74193572998047
2019-04-05 00:00:00-04:00,59.05693435668945
2019-04-08 00:00:00-04:00,59.42208480834961
2019-04-09 00:00:00-04:00,58.65602111816406
2019-04-10 00:00:00-04:00,58.391136169433594
2019-04-11 00:00:00-04:00,58.67035675048828
2019-04-12 00:00:00-04:00,57.93294906616211
2019-04-15 00:00:00-04:00,57.73963928222656
2019-04-16 00:00:00-04:00,58.1334114074707
2019-04-17 00:00:00-04:00,58.29806137084961
2019-04-18 00:00:00-04:00,58.08327865600586
2019-04-22 00:00:00-04:00,59.35047149658203
2019-04-23 00:00:00-04:00,59.69411849975586
2019-04-24 00:00:00-04:00,58.53432083129883
2019-04-25 00:00:00-04:00,58.86365509033203
2019-04-26 00:00:00-04:00,57.625083923339844
2019-04-29 00:00:00-04:00,57.2527961730957
2019-04-30 00:00:00-04:00,57.474735260009766
2019-05-01 00:00:00-04:00,56.32209777832031
2019-05-02 00:00:00-04:00,55.33412170410156
2019-05-03 00:00:00-04:00,55.46298599243164
2019-05-06 00:00:00-04:00,55.219566345214844
2019-05-07 00:00:00-04:00,54.9260368347168
2019-05-08 00:00:00-04:00,55.0119514465332
2019-05-09 00:00:00-04:00,54.961830139160156
2019-05-10 00:00:00-04:00,55.439762115478516
2019-05-13 00:00:00-04:00,54.82424545288086
2019-05-14 00:00:00-04:00,54.89666748046875
2019-05-15 00:00:00-04:00,55.30218505859375
2019-05-16 00:00:00-04:00,55.2949333190918
2019-05-17 00:00:00-04:00,54.96909713745117
2019-05-20 00:00:00-04:00,54.96183776855469
2019-05-21 00:00:00-04:00,55.215274810791016
2019-05-22 00:00:00-04:00,54.71562194824219
2019-05-23 00:00:00-04:00,53.433921813964844
2019-05-24 00:00:00-04:00,53.65839767456055
2019-05-28 00:00:00-04:00,52.57942581176758
2019-05-29 00:00:00-04:00,52.25357437133789
2019-05-30 00:00:00-04:00,52.11598587036133
2019-05-31 00:00:00-04:00,51.24702835083008
2019-06-03 00:00:00-04:00,52.05081558227539
2019-06-04 00:00:00-04:00,53.28907775878906
2019-06-05 00:00:00-04:00,52.84737014770508
2019-06-06 00:00:00-04:00,53.81045913696289
2019-06-07 00:00:00-04:00,54.0059814453125
2019-06-10 00:00:00-04:00,54.244937896728516
2019-06-11 00:00:00-04:00,54.19425582885742
2019-06-12 00:00:00-04:00,53.60770034790039
2019-06-13 00:00:00-04:00,54.078392028808594
2019-06-14 00:00:00-04:00,53.839439392089844
2019-06-17 00:00:00-04:00,54.37529754638672
2019-06-18 00:00:00-04:00,54.845970153808594
2019-06-19 00:00:00-04:00,54.54183578491211
2019-06-20 00:00:00-04:00,55.4759635925293
2019-06-21 00:00:00-04:00,56.2580451965332
2019-06-24 00:00:00-04:00,55.7221794128418
2019-06-25 00:00:00-04:00,55.229759216308594
2019-06-26 00:00:00-04:00,55.46873092651367
2019-06-27 00:00:00-04:00,54.903907775878906
2019-06-28 00:00:00-04:00,55.490440368652344
2019-07-01 00:00:00-04:00,55.439762115478516
2019-07-02 00:00:00-04:00,54.83148956298828
2019-07-03 00:00:00-04:00,55.35287094116211
2019-07-05 00:00:00-04:00,55.12839889526367
2019-07-08 00:00:00-04:00,55.3818473815918
2019-07-09 00:00:00-04:00,55.34563064575195
2019-07-10 00:00:00-04:00,56.12769317626953
2019-07-11 00:00:00-04:00,56.171138763427734
2019-07-12 00:00:00-04:00,56.21458435058594
2019-07-15 00:00:00-04:00,55.81629943847656
2019-07-16 00:00:00-04:00,54.98356246948242
2019-07-17 00:00:00-04:00,54.657691955566406
2019-07-18 00:00:00-04:00,54.19425582885742
2019-07-19 00:00:00-04:00,54.3028678894043
2019-07-22 00:00:00-04:00,54.360801696777344
2019-07-23 00:00:00-04:00,54.578041076660156
2019-07-24 00:00:00-04:00,54.57080841064453
2019-07-25 00:00:00-04:00,54.25941467285156
2019-07-26 00:00:00-04:00,54.172508239746094
2019-07-29 00:00:00-04:00,54.55631637573242
2019-07-30 00:00:00-04:00,54.563568115234375
2019-07-31 00:00:00-04:00,53.84666061401367
2019-08-01 00:00:00-04:00,52.47081756591797
2019-08-02 00:00:00-04:00,51.95667266845703
2019-08-05 00:00:00-04:00,50.8922004699707
2019-08-06 00:00:00-04:00,51.38460159301758
2019-08-07 00:00:00-04:00,51.05150604248047
2019-08-08 00:00:00-04:00,52.41286849975586
2019-08-09 00:00:00-04:00,51.29771041870117
2019-08-12 00:00:00-04:00,51.04844665527344
2019-08-13 00:00:00-04:00,51.678951263427734
2019-08-14 00:00:00-04:00,49.596824645996094
2019-08-15 00:00:00-04:00,49.303565979003906
2019-08-16 00:00:00-04:00,50.073368072509766
2019-08-19 00:00:00-04:00,50.91647720336914
2019-08-20 00:00:00-04:00,50.60856246948242
2019-08-21 00:00:00-04:00,51.11443328857422
2019-08-22 00:00:00-04:00,51.004459381103516
2019-08-23 00:00:00-04:00,49.47952651977539
2019-08-26 00:00:00-04:00,49.74345397949219
2019-08-27 00:00:00-04:00,49.25960159301758
2019-08-28 00:00:00-04:00,49.61882781982422
2019-08-29 00:00:00-04:00,50.1686897277832
2019-08-30 00:00:00-04:00,50.20534133911133
2019-09-03 00:00:00-04:00,50.26398468017578
2019-09-04 00:00:00-04:00,50.7991828918457
2019-09-05 00:00:00-04:00,51.517642974853516
2019-09-06 00:00:00-04:00,52.00152587890625
2019-09-09 00:00:00-04:00,52.41209030151367
2019-09-10 00:00:00-04:00,52.837303161621094
2019-09-11 00:00:00-04:00,52.73464584350586
2019-09-12 00:00:00-04:00,52.77131652832031
2019-09-13 00:00:00-04:00,53.255191802978516
2019-09-16 00:00:00-04:00,54.0543212890625
2019-09-17 00:00:00-04:00,53.643741607666016
2019-09-18 00:00:00-04:00,53.387149810791016
2019-09-19 00:00:00-04:00,53.027915954589844
2019-09-20 00:00:00-04:00,52.84463119506836
2019-09-23 00:00:00-04:00,52.88128662109375
2019-09-24 00:00:00-04:00,52.15547180175781
2019-09-25 00:00:00-04:00,52.309444427490234
2019-09-26 00:00:00-04:00,52.03084182739258
2019-09-27 00:00:00-04:00,52.40474319458008
2019-09-30 00:00:00-04:00,51.76692199707031
2019-10-01 00:00:00-04:00,50.549903869628906
2019-10-02 00:00:00-04:00,49.23025894165039
2019-10-03 00:00:00-04:00,49.83877182006836
2019-10-04 00:00:00-04:00,50.564571380615234
2019-10-07 00:00:00-04:00,49.86808395385742
2019-10-08 00:00:00-04:00,48.90034484863281
2019-10-09 00:00:00-04:00,49.4428825378418
2019-10-10 00:00:00-04:00,50.036720275878906
2019-10-11 00:00:00-04:00,50.5719108581543
2019-10-14 00:00:00-04:00,50.718536376953125
2019-10-15 00:00:00-04:00,50.89448547363281
2019-10-16 00:00:00-04:00,50.02206802368164
2019-10-17 00:00:00-04:00,49.9560661315918
2019-10-18 00:00:00-04:00,49.567501068115234
2019-10-21 00:00:00-04:00,50.39595413208008
2019-10-22 00:00:00-04:00,50.65254592895508
2019-10-23 00:00:00-04:00,51.136417388916016
2019-10-24 00:00:00-04:00,50.65254592895508
2019-10-25 00:00:00-04:00,50.76986312866211
2019-10-28 00:00:00-04:00,50.32264709472656
2019-10-29 00:00:00-04:00,50.1760139465332
2019-10-30 00:00:00-04:00,49.64815139770508
2019-10-31 00:00:00-04:00,49.538185119628906
2019-11-01 00:00:00-04:00,51.02643966674805
2019-11-04 00:00:00-05:00,52.54405212402344
2019-11-05 00:00:00-05:00,53.58510971069336
2019-11-06 00:00:00-05:00,52.41209030151367
2019-11-07 00:00:00-05:00,53.52646255493164
2019-11-08 00:00:00-05:00,52.509944915771484
2019-11-11 00:00:00-05:00,52.19089126586914
2019-11-12 00:00:00-05:00,51.47117233276367
2019-11-13 00:00:00-05:00,51.04823303222656
2019-11-14 00:00:00-05:00,50.82564926147461
2019-11-15 00:00:00-05:00,51.337608337402344
2019-11-18 00:00:00-05:00,50.840476989746094
2019-11-19 00:00:00-05:00,50.321109771728516
2019-11-20 00:00:00-05:00,50.4769172668457
2019-11-21 00:00:00-05:00,51.693763732910156
2019-11-22 00:00:00-05:00,51.47117233276367
2019-11-25 00:00:00-05:00,51.129859924316406
2019-11-26 00:00:00-05:00,51.003719329833984
2019-11-27 00:00:00-05:00,50.974029541015625
2019-11-29 00:00:00-05:00,50.551124572753906
2019-12-02 00:00:00-05:00,50.766292572021484
2019-12-03 00:00:00-05:00,50.3656120300293
2019-12-04 00:00:00-05:00,50.93694305419922
2019-12-05 00:00:00-05:00,50.75886535644531
2019-12-06 00:00:00-05:00,51.57504653930664
2019-12-09 00:00:00-05:00,51.686336517333984
2019-12-10 00:00:00-05:00,51.24116134643555
2019-12-11 00:00:00-05:00,51.166954040527344
2019-12-12 00:00:00-05:00,52.19089126586914
2019-12-13 00:00:00-05:00,51.3672981262207
2019-12-16 00:00:00-05:00,51.93861389160156
2019-12-17 00:00:00-05:00,51.70118713378906
2019-12-18 00:00:00-05:00,51.84217071533203
2019-12-19 00:00:00-05:00,51.486000061035156
2019-12-20 00:00:00-05:00,51.894100189208984
2019-12-23 00:00:00-05:00,52.153785705566406
2019-12-24 00:00:00-05:00,51.953453063964844
2019-12-26 00:00:00-05:00,52.03508758544922
2019-12-27 00:00:00-05:00,51.85699462890625
2019-12-30 00:00:00-05:00,51.55278015136719
2019-12-31 00:00:00-05:00,51.77538299560547
2020-01-02 00:00:00-05:00,52.60639953613281
2020-01-03 00:00:00-05:00,52.1834716796875
2020-01-06 00:00:00-05:00,52.58414077758789
2020-01-07 00:00:00-05:00,52.153785705566406
2020-01-08 00:00:00-05:00,51.3672981262207
2020-01-09 00:00:00-05:00,51.76054000854492
2020-01-10 00:00:00-05:00,51.300514221191406
2020-01-13 00:00:00-05:00,51.790225982666016
2020-01-14 00:00:00-05:00,51.34503173828125
2020-01-15 00:00:00-05:00,51.26341247558594
2020-01-16 00:00:00-05:00,51.063072204589844
2020-01-17 00:00:00-05:00,50.87015914916992
2020-01-21 00:00:00-05:00,50.14303207397461
2020-01-22 00:00:00-05:00,49.85366439819336
2020-01-23 00:00:00-05:00,49.542015075683594
2020-01-24 00:00:00-05:00,49.20812225341797
2020-01-27 00:00:00-05:00,48.03580093383789
2020-01-28 00:00:00-05:00,47.96901321411133
2020-01-29 00:00:00-05:00,47.5683479309082
2020-01-30 00:00:00-05:00,48.07289505004883
2020-01-31 00:00:00-05:00,46.09181213378906
2020-02-03 00:00:00-05:00,45.06045913696289
2020-02-04 00:00:00-05:00,44.49656295776367
2020-02-05 00:00:00-05:00,46.54441452026367
2020-02-06 00:00:00-05:00,45.91373825073242
2020-02-07 00:00:00-05:00,45.609519958496094
2020-02-10 00:00:00-05:00,45.127838134765625
2020-02-11 00:00:00-05:00,45.55684280395508
2020-02-12 00:00:00-05:00,46.11379623413086
2020-02-13 00:00:00-05:00,45.85789489746094
2020-02-14 00:00:00-05:00,45.647159576416016
2020-02-18 00:00:00-05:00,45.067623138427734
2020-02-19 00:00:00-05:00,45.41383361816406
2020-02-20 00:00:00-05:00,45.052574157714844
2020-02-21 00:00:00-05:00,44.50316619873047
2020-02-24 00:00:00-05:00,42.41836166381836
2020-02-25 00:00:00-05:00,40.79267883300781
2020-02-26 00:00:00-05:00,39.89704895019531
2020-02-27 00:00:00-05:00,37.49614715576172
2020-02-28 00:00:00-05:00,38.71541213989258
2020-03-02 00:00:00-05:00,40.55183410644531
2020-03-03 00:00:00-05:00,38.61005401611328
2020-03-04 00:00:00-05:00,39.45298767089844
2020-03-05 00:00:00-05:00,37.71440887451172
2020-03-06 00:00:00-05:00,35.89304733276367
2020-03-09 00:00:00-04:00,31.505197525024414
2020-03-10 00:00:00-04:00,32.6717643737793
2020-03-11 00:00:00-04:00,31.595502853393555
2020-03-12 00:00:00-04:00,27.982872009277344
2020-03-13 00:00:00-04:00,28.69034767150879
2020-03-16 00:00:00-04:00,25.95829200744629
2020-03-17 00:00:00-04:00,27.704402923583984
2020-03-18 00:00:00-04:00,24.927188873291016
2020-03-19 00:00:00-04:00,25.913135528564453
2020-03-20 00:00:00-04:00,24.641189575195312
2020-03-23 00:00:00-04:00,23.670289993286133
2020-03-24 00:00:00-04:00,26.673295974731445
2020-03-25 00:00:00-04:00,28.065656661987305
2020-03-26 00:00:00-04:00,29.21718406677246
2020-03-27 00:00:00-04:00,27.809772491455078
2020-03-30 00:00:00-04:00,28.22371482849121
2020-03-31 00:00:00-04:00,28.577455520629883
2020-04-01 00:00:00-04:00,28.246292114257812
2020-04-02 00:00:00-04:00,30.40634536743164
2020-04-03 00:00:00-04:00,29.51070785522461
2020-04-06 00:00:00-04:00,30.459033966064453
2020-04-07 00:00:00-04:00,31.038564682006836
2020-04-08 00:00:00-04:00,33.00293731689453
2020-04-09 00:00:00-04:00,32.461036682128906
2020-04-13 00:00:00-04:00,32.18256378173828
2020-04-14 00:00:00-04:00,31.93419075012207
2020-04-15 00:00:00-04:00,30.46656036376953
2020-04-16 00:00:00-04:00,29.46556282043457
2020-04-17 00:00:00-04:00,32.52878189086914
2020-04-20 00:00:00-04:00,30.99339485168457
2020-04-21 00:00:00-04:00,30.82781982421875
2020-04-22 00:00:00-04:00,31.708410263061523
2020-04-23 00:00:00-04:00,32.70188522338867
2020-04-24 00:00:00-04:00,32.91260528564453
2020-04-27 00:00:00-04:00,33.07067108154297
2020-04-28 00:00:00-04:00,33.84587860107422
2020-04-29 00:00:00-04:00,35.719940185546875
2020-04-30 00:00:00-04:00,34.97482681274414
2020-05-01 00:00:00-04:00,32.46855926513672
2020-05-04 00:00:00-04:00,33.77813720703125
2020-05-05 00:00:00-04:00,33.740516662597656
2020-05-06 00:00:00-04:00,33.10830307006836
2020-05-07 00:00:00-04:00,33.29645919799805
2020-05-08 00:00:00-04:00,34.75656509399414
2020-05-11 00:00:00-04:00,34.425411224365234
2020-05-12 00:00:00-04:00,33.84998321533203
2020-05-13 00:00:00-04:00,32.169761657714844
2020-05-14 00:00:00-04:00,32.453636169433594
2020-05-15 00:00:00-04:00,32.223480224609375
2020-05-18 00:00:00-04:00,34.7859992980957
2020-05-19 00:00:00-04:00,33.711891174316406
2020-05-20 00:00:00-04:00,34.80902099609375
2020-05-21 00:00:00-04:00,34.18757629394531
2020-05-22 00:00:00-04:00,34.21825408935547
2020-05-26 00:00:00-04:00,35.22331619262695
2020-05-27 00:00:00-04:00,35.476505279541016
2020-05-28 00:00:00-04:00,34.55583190917969
2020-05-29 00:00:00-04:00,34.885738372802734
2020-06-01 00:00:00-04:00,35.50718688964844
2020-06-02 00:00:00-04:00,36.29743957519531
2020-06-03 00:00:00-04:00,37.77817916870117
2020-06-04 00:00:00-04:00,37.670772552490234
2020-06-05 00:00:00-04:00,40.72432327270508
2020-06-08 00:00:00-04:00,41.9979248046875
2020-06-09 00:00:00-04:00,41.06190490722656
2020-06-10 00:00:00-04:00,38.8599739074707
2020-06-11 00:00:00-04:00,35.430477142333984
2020-06-12 00:00:00-04:00,36.19002151489258
2020-06-15 00:00:00-04:00,36.167015075683594
2020-06-16 00:00:00-04:00,36.98026657104492
2020-06-17 00:00:00-04:00,35.77572250366211
2020-06-18 00:00:00-04:00,35.99821853637695
2020-06-19 00:00:00-04:00,35.27702331542969
2020-06-22 00:00:00-04:00,35.61460876464844
2020-06-23 00:00:00-04:00,35.829429626464844
2020-06-24 00:00:00-04:00,34.141536712646484
2020-06-25 00:00:00-04:00,34.65556716918945
2020-06-26 00:00:00-04:00,33.466373443603516
2020-06-29 00:00:00-04:00,34.00343322753906
2020-06-30 00:00:00-04:00,34.31032943725586
2020-07-01 00:00:00-04:00,33.535423278808594
2020-07-02 00:00:00-04:00,33.819305419921875
2020-07-06 00:00:00-04:00,34.057132720947266
2020-07-07 00:00:00-04:00,33.174835205078125
2020-07-08 00:00:00-04:00,33.098114013671875
2020-07-09 00:00:00-04:00,31.73244857788086
2020-07-10 00:00:00-04:00,32.72216796875
2020-07-13 00:00:00-04:00,32.72983169555664
2020-07-14 00:00:00-04:00,33.81163024902344
2020-07-15 00:00:00-04:00,34.24127960205078
2020-07-16 00:00:00-04:00,33.97273635864258
2020-07-17 00:00:00-04:00,33.389652252197266
2020-07-20 00:00:00-04:00,32.607078552246094
2020-07-21 00:00:00-04:00,34.256622314453125
2020-07-22 00:00:00-04:00,33.45870590209961
2020-07-23 00:00:00-04:00,33.52775573730469
2020-07-24 00:00:00-04:00,33.32060623168945
2020-07-27 00:00:00-04:00,33.81163024902344
2020-07-28 00:00:00-04:00,33.412662506103516
2020-07-29 00:00:00-04:00,33.78093719482422
2020-07-30 00:00:00-04:00,32.12373352050781
2020-07-31 00:00:00-04:00,32.284847259521484
2020-08-03 00:00:00-04:00,32.41527557373047
2020-08-04 00:00:00-04:00,33.35129165649414
2020-08-05 00:00:00-04:00,33.64283752441406
2020-08-06 00:00:00-04:00,33.48171615600586
2020-08-07 00:00:00-04:00,33.32827377319336
2020-08-10 00:00:00-04:00,34.14920425415039
2020-08-11 00:00:00-04:00,34.50213623046875
2020-08-12 00:00:00-04:00,34.49430847167969
2020-08-13 00:00:00-04:00,33.64935302734375
2020-08-14 00:00:00-04:00,33.798004150390625
2020-08-17 00:00:00-04:00,33.35988235473633
2020-08-18 00:00:00-04:00,33.195587158203125
2020-08-19 00:00:00-04:00,32.8278694152832
2020-08-20 00:00:00-04:00,32.32716751098633
2020-08-21 00:00:00-04:00,32.08462905883789
2020-08-24 00:00:00-04:00,33.03129577636719
2020-08-25 00:00:00-04:00,31.98293685913086
2020-08-26 00:00:00-04:00,31.30227279663086
2020-08-27 00:00:00-04:00,31.091035842895508
2020-08-28 00:00:00-04:00,31.834274291992188
2020-08-31 00:00:00-04:00,31.24749755859375
2020-09-01 00:00:00-04:00,30.848506927490234
2020-09-02 00:00:00-04:00,30.660741806030273
2020-09-03 00:00:00-04:00,30.598154067993164
2020-09-04 00:00:00-04:00,30.574678421020508
2020-09-08 00:00:00-04:00,29.870553970336914
2020-09-09 00:00:00-04:00,29.690608978271484
2020-09-10 00:00:00-04:00,28.947364807128906
2020-09-11 00:00:00-04:00,28.86913299560547
2020-09-14 00:00:00-04:00,28.681358337402344
2020-09-15 00:00:00-04:00,28.376245498657227
2020-09-16 00:00:00-04:00,29.581071853637695
2020-09-17 00:00:00-04:00,29.573257446289062
2020-09-18 00:00:00-04:00,29.096025466918945
2020-09-21 00:00:00-04:00,28.501420974731445
2020-09-22 00:00:00-04:00,27.797300338745117
2020-09-23 00:00:00-04:00,26.905410766601562
2020-09-24 00:00:00-04:00,26.850643157958984
2020-09-25 00:00:00-04:00,27.100997924804688
2020-09-28 00:00:00-04:00,27.62517547607422
2020-09-29 00:00:00-04:00,26.8193416595459
2020-09-30 00:00:00-04:00,26.858463287353516
2020-10-01 00:00:00-04:00,25.91963005065918
2020-10-02 00:00:00-04:00,25.80227279663086
2020-10-05 00:00:00-04:00,26.396869659423828
2020-10-06 00:00:00-04:00,26.123037338256836
2020-10-07 00:00:00-04:00,26.20909881591797
2020-10-08 00:00:00-04:00,27.5860538482666
2020-10-09 00:00:00-04:00,27.179229736328125
2020-10-12 00:00:00-04:00,27.09317398071289
2020-10-13 00:00:00-04:00,26.772401809692383
2020-10-14 00:00:00-04:00,26.717634201049805
2020-10-15 00:00:00-04:00,26.95234489440918
2020-10-16 00:00:00-04:00,26.67851448059082
2020-10-19 00:00:00-04:00,26.14651107788086
2020-10-20 00:00:00-04:00,26.365568161010742
2020-10-21 00:00:00-04:00,25.943098068237305
2020-10-22 00:00:00-04:00,27.273113250732422
2020-10-23 00:00:00-04:00,26.725461959838867
2020-10-26 00:00:00-04:00,26.091751098632812
2020-10-27 00:00:00-04:00,25.677095413208008
2020-10-28 00:00:00-04:00,24.69914436340332
2020-10-29 00:00:00-04:00,25.794450759887695
2020-10-30 00:00:00-04:00,25.5206241607666
2020-11-02 00:00:00-05:00,26.59246063232422
2020-11-03 00:00:00-05:00,26.13869285583496
2020-11-04 00:00:00-05:00,25.99786376953125
2020-11-05 00:00:00-05:00,25.9509220123291
2020-11-06 00:00:00-05:00,25.64579963684082
2020-11-09 00:00:00-05:00,28.89260482788086
2020-11-10 00:00:00-05:00,29.533588409423828
2020-11-11 00:00:00-05:00,29.2291202545166
2020-11-12 00:00:00-05:00,28.22757911682129
2020-11-13 00:00:00-05:00,28.90863037109375
2020-11-16 00:00:00-05:00,30.5752010345459
2020-11-17 00:00:00-05:00,30.983827590942383
2020-11-18 00:00:00-05:00,29.81402015686035
2020-11-19 00:00:00-05:00,29.966257095336914
2020-11-20 00:00:00-05:00,29.597686767578125
2020-11-23 00:00:00-05:00,31.53668975830078
2020-11-24 00:00:00-05:00,33.63591384887695
2020-11-25 00:00:00-05:00,32.69847869873047
2020-11-27 00:00:00-05:00,32.20170593261719
2020-11-30 00:00:00-05:00,30.551156997680664
2020-12-01 00:00:00-05:00,30.84761619567871
2020-12-02 00:00:00-05:00,32.00138854980469
2020-12-03 00:00:00-05:00,32.21773147583008
2020-12-04 00:00:00-05:00,33.39555358886719
2020-12-07 00:00:00-05:00,32.77058410644531
2020-12-08 00:00:00-05:00,33.84424591064453
2020-12-09 00:00:00-05:00,34.292938232421875
2020-12-10 00:00:00-05:00,35.26243591308594
2020-12-11 00:00:00-05:00,35.09416961669922
2020-12-14 00:00:00-05:00,33.828224182128906
2020-12-15 00:00:00-05:00,34.485233306884766
2020-12-16 00:00:00-05:00,35.0140495300293
2020-12-17 00:00:00-05:00,34.837772369384766
2020-12-18 00:00:00-05:00,34.23684310913086
2020-12-21 00:00:00-05:00,33.61188888549805
2020-12-22 00:00:00-05:00,33.043006896972656
2020-12-23 00:00:00-05:00,33.467655181884766
2020-12-24 00:00:00-05:00,33.33144760131836
2020-12-28 00:00:00-05:00,33.443634033203125
2020-12-29 00:00:00-05:00,33.067039489746094
2020-12-30 00:00:00-05:00,33.33144760131836
2020-12-31 00:00:00-05:00,33.02698516845703
2021-01-04 00:00:00-05:00,33.2513313293457
2021-01-05 00:00:00-05:00,34.85380172729492
2021-01-06 00:00:00-05:00,35.7431755065918
2021-01-07 00:00:00-05:00,36.02360916137695
2021-01-08 00:00:00-05:00,36.42422103881836
2021-01-11 00:00:00-05:00,37.52993392944336
2021-01-12 00:00:00-05:00,38.363224029541016
2021-01-13 00:00:00-05:00,38.79587936401367
2021-01-14 00:00:00-05:00,40.310218811035156
2021-01-15 00:00:00-05:00,38.3712272644043
2021-01-19 00:00:00-05:00,39.13240432739258
2021-01-20 00:00:00-05:00,39.68525695800781
2021-01-21 00:00:00-05:00,38.54750061035156
2021-01-22 00:00:00-05:00,38.00265121459961
2021-01-25 00:00:00-05:00,37.578006744384766
2021-01-26 00:00:00-05:00,36.75273132324219
2021-01-27 00:00:00-05:00,36.336090087890625
2021-01-28 00:00:00-05:00,36.90496826171875
2021-01-29 00:00:00-05:00,35.92746353149414
2021-02-01 00:00:00-05:00,35.991554260253906
2021-02-02 00:00:00-05:00,36.56044387817383
2021-02-03 00:00:00-05:00,37.994651794433594
2021-02-04 00:00:00-05:00,38.723785400390625
2021-02-05 00:00:00-05:00,40.02177429199219
2021-02-08 00:00:00-05:00,41.74443817138672
2021-02-09 00:00:00-05:00,41.255531311035156
2021-02-10 00:00:00-05:00,41.654815673828125
2021-02-11 00:00:00-05:00,40.6118049621582
2021-02-12 00:00:00-05:00,41.16590118408203
2021-02-16 00:00:00-05:00,42.40447235107422
2021-02-17 00:00:00-05:00,43.06448745727539
2021-02-18 00:00:00-05:00,42.38816452026367
2021-02-19 00:00:00-05:00,42.67335891723633
2021-02-22 00:00:00-05:00,44.246009826660156
2021-02-23 00:00:00-05:00,44.857147216796875
2021-02-24 00:00:00-05:00,46.201629638671875
2021-02-25 00:00:00-05:00,45.435672760009766
2021-02-26 00:00:00-05:00,44.30303955078125
2021-03-01 00:00:00-05:00,45.957176208496094
2021-03-02 00:00:00-05:00,45.68828582763672
2021-03-03 00:00:00-05:00,46.054969787597656
2021-03-04 00:00:00-05:00,47.8394660949707
2021-03-05 00:00:00-05:00,49.64842224121094
2021-03-08 00:00:00-05:00,49.59952926635742
2021-03-09 00:00:00-05:00,48.83357238769531
2021-03-10 00:00:00-05:00,50.3328971862793
2021-03-11 00:00:00-05:00,49.95805740356445
2021-03-12 00:00:00-05:00,50.49585723876953
2021-03-15 00:00:00-04:00,49.20840835571289
2021-03-16 00:00:00-04:00,48.1654052734375
2021-03-17 00:00:00-04:00,48.37726593017578
2021-03-18 00:00:00-04:00,46.29127502441406
2021-03-19 00:00:00-04:00,46.030517578125
2021-03-22 00:00:00-04:00,45.55790328979492
2021-03-23 00:00:00-04:00,44.99565887451172
2021-03-24 00:00:00-04:00,45.90829086303711
2021-03-25 00:00:00-04:00,45.777915954589844
2021-03-26 00:00:00-04:00,47.024627685546875
2021-03-29 00:00:00-04:00,46.77201843261719
2021-03-30 00:00:00-04:00,46.193477630615234
2021-03-31 00:00:00-04:00,45.49271774291992
2021-04-01 00:00:00-04:00,46.76387023925781
2021-04-05 00:00:00-04:00,46.03866195678711
2021-04-06 00:00:00-04:00,45.90829086303711
2021-04-07 00:00:00-04:00,46.112003326416016
2021-04-08 00:00:00-04:00,45.63124465942383
2021-04-09 00:00:00-04:00,45.525306701660156
2021-04-12 00:00:00-04:00,45.22382354736328
2021-04-13 00:00:00-04:00,45.39493942260742
2021-04-14 00:00:00-04:00,46.70684051513672
2021-04-15 00:00:00-04:00,46.429779052734375
2021-04-16 00:00:00-04:00,46.169044494628906
2021-04-19 00:00:00-04:00,46.02236557006836
2021-04-20 00:00:00-04:00,45.052711486816406
2021-04-21 00:00:00-04:00,45.63124465942383
2021-04-22 00:00:00-04:00,45.036407470703125
2021-04-23 00:00:00-04:00,45.28085708618164
2021-04-26 00:00:00-04:00,45.37049865722656
2021-04-27 00:00:00-04:00,45.96533203125
2021-04-28 00:00:00-04:00,47.350563049316406
2021-04-29 00:00:00-04:00,48.026885986328125
2021-04-30 00:00:00-04:00,46.64165115356445
2021-05-03 00:00:00-04:00,47.92910385131836
2021-05-04 00:00:00-04:00,48.2305908203125
2021-05-05 00:00:00-04:00,49.68101501464844
2021-05-06 00:00:00-04:00,50.15362548828125
2021-05-07 00:00:00-04:00,50.870689392089844
2021-05-10 00:00:00-04:00,50.992923736572266
2021-05-11 00:00:00-04:00,49.37137222290039
2021-05-12 00:00:00-04:00,49.635921478271484
2021-05-13 00:00:00-04:00,49.02415466308594
2021-05-14 00:00:00-04:00,50.23942565917969
2021-05-17 00:00:00-04:00,51.41335678100586
2021-05-18 00:00:00-04:00,49.95833969116211
2021-05-19 00:00:00-04:00,48.759613037109375
2021-05-20 00:00:00-04:00,48.64386749267578
2021-05-21 00:00:00-04:00,48.709999084472656
2021-05-24 00:00:00-04:00,49.280433654785156
2021-05-25 00:00:00-04:00,48.164363861083984
2021-05-26 00:00:00-04:00,48.726539611816406
2021-05-27 00:00:00-04:00,48.412384033203125
2021-05-28 00:00:00-04:00,48.25530242919922
2021-06-01 00:00:00-04:00,49.9831428527832
2021-06-02 00:00:00-04:00,50.37997055053711
2021-06-03 00:00:00-04:00,50.57837677001953
2021-06-04 00:00:00-04:00,50.80159378051758
2021-06-07 00:00:00-04:00,50.47090148925781
2021-06-08 00:00:00-04:00,51.363765716552734
2021-06-09 00:00:00-04:00,51.79365158081055
2021-06-10 00:00:00-04:00,51.87632369995117
2021-06-11 00:00:00-04:00,51.39681625366211
2021-06-14 00:00:00-04:00,51.31414794921875
2021-06-15 00:00:00-04:00,53.18253707885742
2021-06-16 00:00:00-04:00,52.99238204956055
2021-06-17 00:00:00-04:00,51.24801254272461
2021-06-18 00:00:00-04:00,49.93353271484375
2021-06-21 00:00:00-04:00,51.744041442871094
2021-06-22 00:00:00-04:00,52.73610305786133
2021-06-23 00:00:00-04:00,53.124664306640625
2021-06-24 00:00:00-04:00,53.33960723876953
2021-06-25 00:00:00-04:00,53.45534133911133
2021-06-28 00:00:00-04:00,52.09126663208008
2021-06-29 00:00:00-04:00,51.76883316040039
2021-06-30 00:00:00-04:00,52.149139404296875
2021-07-01 00:00:00-04:00,52.297943115234375
2021-07-02 00:00:00-04:00,52.223541259765625
2021-07-06 00:00:00-04:00,50.735450744628906
2021-07-07 00:00:00-04:00,49.94180679321289
2021-07-08 00:00:00-04:00,49.718597412109375
2021-07-09 00:00:00-04:00,50.61970901489258
2021-07-12 00:00:00-04:00,50.570106506347656
2021-07-13 00:00:00-04:00,50.33036804199219
2021-07-14 00:00:00-04:00,49.214298248291016
2021-07-15 00:00:00-04:00,48.73480987548828
2021-07-16 00:00:00-04:00,47.38726043701172
2021-07-19 00:00:00-04:00,45.758636474609375
2021-07-20 00:00:00-04:00,46.2629280090332
2021-07-21 00:00:00-04:00,47.75101852416992
2021-07-22 00:00:00-04:00,47.21365737915039
2021-07-23 00:00:00-04:00,47.155784606933594
2021-07-26 00:00:00-04:00,48.34626007080078
2021-07-27 00:00:00-04:00,47.80888748168945
2021-07-28 00:00:00-04:00,48.13130187988281
2021-07-29 00:00:00-04:00,48.7182731628418
2021-07-30 00:00:00-04:00,47.593936920166016
2021-08-02 00:00:00-04:00,47.602203369140625
2021-08-03 00:00:00-04:00,48.114768981933594
2021-08-04 00:00:00-04:00,46.99043273925781
2021-08-05 00:00:00-04:00,47.288063049316406
2021-08-06 00:00:00-04:00,47.83368682861328
2021-08-09 00:00:00-04:00,47.288063049316406
2021-08-10 00:00:00-04:00,48.09823226928711
2021-08-11 00:00:00-04:00,48.23878479003906
2021-08-12 00:00:00-04:00,48.12968063354492
2021-08-13 00:00:00-04:00,47.642921447753906
2021-08-16 00:00:00-04:00,46.94636917114258
2021-08-17 00:00:00-04:00,46.627464294433594
2021-08-18 00:00:00-04:00,45.645565032958984
2021-08-19 00:00:00-04:00,44.252445220947266
2021-08-20 00:00:00-04:00,44.260841369628906
2021-08-23 00:00:00-04:00,46.08195877075195
2021-08-24 00:00:00-04:00,46.459617614746094
2021-08-25 00:00:00-04:00,46.543540954589844
2021-08-26 00:00:00-04:00,45.91411590576172
2021-08-27 00:00:00-04:00,46.803707122802734
2021-08-30 00:00:00-04:00,46.29177474975586
2021-08-31 00:00:00-04:00,45.75466537475586
2021-09-01 00:00:00-04:00,45.125244140625
2021-09-02 00:00:00-04:00,46.224632263183594
2021-09-03 00:00:00-04:00,46.04840087890625
2021-09-07 00:00:00-04:00,45.779842376708984
2021-09-08 00:00:00-04:00,45.360225677490234
2021-09-09 00:00:00-04:00,45.393798828125
2021-09-10 00:00:00-04:00,45.30148696899414
2021-09-13 00:00:00-04:00,46.46800231933594
2021-09-14 00:00:00-04:00,45.80501174926758
2021-09-15 00:00:00-04:00,47.34920120239258
2021-09-16 00:00:00-04:00,46.84565353393555
2021-09-17 00:00:00-04:00,46.29177474975586
2021-09-20 00:00:00-04:00,45.05809783935547
2021-09-21 00:00:00-04:00,45.01613998413086
2021-09-22 00:00:00-04:00,46.3337287902832
2021-09-23 00:00:00-04:00,47.90309143066406
2021-09-24 00:00:00-04:00,48.331092834472656
2021-09-27 00:00:00-04:00,49.76617431640625
2021-09-28 00:00:00-04:00,50.28649139404297
2021-09-29 00:00:00-04:00,50.2529182434082
2021-09-30 00:00:00-04:00,49.36334228515625
2021-10-01 00:00:00-04:00,51.13411331176758
2021-10-04 00:00:00-04:00,51.79710388183594
2021-10-05 00:00:00-04:00,51.71318817138672
2021-10-06 00:00:00-04:00,50.76485824584961
2021-10-07 00:00:00-04:00,50.90752410888672
2021-10-08 00:00:00-04:00,52.183143615722656
2021-10-11 00:00:00-04:00,51.6628303527832
2021-10-12 00:00:00-04:00,51.39427185058594
2021-10-13 00:00:00-04:00,51.2515983581543
2021-10-14 00:00:00-04:00,52.03208541870117
2021-10-15 00:00:00-04:00,52.5272331237793
2021-10-18 00:00:00-04:00,52.50204849243164
2021-10-19 00:00:00-04:00,53.29092788696289
2021-10-20 00:00:00-04:00,53.584651947021484
2021-10-21 00:00:00-04:00,52.611148834228516
2021-10-22 00:00:00-04:00,52.97201156616211
2021-10-25 00:00:00-04:00,54.00426483154297
2021-10-26 00:00:00-04:00,55.25471496582031
2021-10-27 00:00:00-04:00,53.81962585449219
2021-10-28 00:00:00-04:00,53.97069549560547
2021-10-29 00:00:00-04:00,54.10498046875
2021-11-01 00:00:00-04:00,55.0784797668457
2021-11-02 00:00:00-04:00,54.39870834350586
2021-11-03 00:00:00-04:00,53.651790618896484
2021-11-04 00:00:00-04:00,54.054622650146484
2021-11-05 00:00:00-04:00,54.56654739379883
2021-11-08 00:00:00-05:00,55.15400314331055
2021-11-09 00:00:00-05:00,55.691123962402344
2021-11-10 00:00:00-05:00,54.593963623046875
2021-11-11 00:00:00-05:00,54.696022033691406
2021-11-12 00:00:00-05:00,54.279273986816406
2021-11-15 00:00:00-05:00,54.7470588684082
2021-11-16 00:00:00-05:00,55.29988098144531
2021-11-17 00:00:00-05:00,54.696022033691406
2021-11-18 00:00:00-05:00,54.10066604614258
2021-11-19 00:00:00-05:00,51.600181579589844
2021-11-22 00:00:00-05:00,52.31461715698242
2021-11-23 00:00:00-05:00,53.69242858886719
2021-11-24 00:00:00-05:00,53.990108489990234
2021-11-26 00:00:00-05:00,52.093482971191406
2021-11-29 00:00:00-05:00,52.38264083862305
2021-11-30 00:00:00-05:00,50.89426040649414
2021-12-01 00:00:00-05:00,50.85173416137695
2021-12-02 00:00:00-05:00,52.11898422241211
2021-12-03 00:00:00-05:00,51.78730010986328
2021-12-06 00:00:00-05:00,52.374141693115234
2021-12-07 00:00:00-05:00,52.96099090576172
2021-12-08 00:00:00-05:00,53.11408615112305
2021-12-09 00:00:00-05:00,53.25017166137695
2021-12-10 00:00:00-05:00,53.590362548828125
2021-12-13 00:00:00-05:00,52.41666793823242
2021-12-14 00:00:00-05:00,52.340118408203125
2021-12-15 00:00:00-05:00,52.11049270629883
2021-12-16 00:00:00-05:00,52.195533752441406
2021-12-17 00:00:00-05:00,51.05586242675781
2021-12-20 00:00:00-05:00,50.31591033935547
2021-12-21 00:00:00-05:00,51.45559310913086
2021-12-22 00:00:00-05:00,51.87234878540039
2021-12-23 00:00:00-05:00,51.89786148071289
2021-12-27 00:00:00-05:00,52.63779830932617
2021-12-28 00:00:00-05:00,52.46770477294922
2021-12-29 00:00:00-05:00,52.00843048095703
2021-12-30 00:00:00-05:00,51.70223617553711
2021-12-31 00:00:00-05:00,52.04244613647461
2022-01-03 00:00:00-05:00,54.041133880615234
2022-01-04 00:00:00-05:00,56.07383346557617
2022-01-05 00:00:00-05:00,56.771263122558594
2022-01-06 00:00:00-05:00,58.10655975341797
2022-01-07 00:00:00-05:00,58.58284378051758
2022-01-10 00:00:00-05:00,58.23413848876953
2022-01-11 00:00:00-05:00,60.6835823059082
2022-01-12 00:00:00-05:00,60.50497817993164
2022-01-13 00:00:00-05:00,60.07120895385742
2022-01-14 00:00:00-05:00,61.125850677490234
2022-01-18 00:00:00-05:00,62.15496826171875
2022-01-19 00:00:00-05:00,62.18048095703125
2022-01-20 00:00:00-05:00,62.31655502319336
2022-01-21 00:00:00-05:00,61.38100814819336
2022-01-24 00:00:00-05:00,61.9083251953125
2022-01-25 00:00:00-05:00,63.7283935546875
2022-01-26 00:00:00-05:00,63.082008361816406
2022-01-27 00:00:00-05:00,63.889991760253906
2022-01-28 00:00:00-05:00,64.02606201171875
2022-01-31 00:00:00-05:00,64.60441589355469
2022-02-01 00:00:00-05:00,68.74637603759766
2022-02-02 00:00:00-05:00,68.5677719116211
2022-02-03 00:00:00-05:00,67.7682876586914
2022-02-04 00:00:00-05:00,69.23967742919922
2022-02-07 00:00:00-05:00,70.07317352294922
2022-02-08 00:00:00-05:00,68.26158905029297
2022-02-09 00:00:00-05:00,67.93480682373047
2022-02-10 00:00:00-05:00,67.28126525878906
2022-02-11 00:00:00-05:00,68.97532653808594
2022-02-14 00:00:00-05:00,67.9176025390625
2022-02-15 00:00:00-05:00,67.0662841796875
2022-02-16 00:00:00-05:00,67.37583923339844
2022-02-17 00:00:00-05:00,67.27267456054688
2022-02-18 00:00:00-05:00,66.52452850341797
2022-02-22 00:00:00-05:00,65.7505874633789
2022-02-23 00:00:00-05:00,66.01715087890625
2022-02-24 00:00:00-05:00,65.18302917480469
2022-02-25 00:00:00-05:00,66.93728637695312
2022-02-28 00:00:00-05:00,67.4360580444336
2022-03-01 00:00:00-05:00,68.08101654052734
2022-03-02 00:00:00-05:00,69.2505111694336
2022-03-03 00:00:00-05:00,69.68907165527344
2022-03-04 00:00:00-05:00,72.31189727783203
2022-03-07 00:00:00-05:00,74.91748809814453
2022-03-08 00:00:00-05:00,75.48503875732422
2022-03-09 00:00:00-05:00,71.19396209716797
2022-03-10 00:00:00-05:00,73.40399169921875
2022-03-11 00:00:00-05:00,73.02562713623047
2022-03-14 00:00:00-04:00,70.41143798828125
2022-03-15 00:00:00-04:00,66.40413665771484
2022-03-16 00:00:00-04:00,66.1547622680664
2022-03-17 00:00:00-04:00,67.9176025390625
2022-03-18 00:00:00-04:00,67.65103912353516
2022-03-21 00:00:00-04:00,70.68659973144531
2022-03-22 00:00:00-04:00,70.37702941894531
2022-03-23 00:00:00-04:00,71.48634338378906
2022-03-24 00:00:00-04:00,71.70133972167969
2022-03-25 00:00:00-04:00,73.26638793945312
2022-03-28 00:00:00-04:00,71.2111587524414
2022-03-29 00:00:00-04:00,70.83277893066406
2022-03-30 00:00:00-04:00,72.0453109741211
2022-03-31 00:00:00-04:00,71.02198028564453
2022-04-01 00:00:00-04:00,71.47774505615234
2022-04-04 00:00:00-04:00,71.51213836669922
2022-04-05 00:00:00-04:00,71.14237976074219
2022-04-06 00:00:00-04:00,71.93351745605469
2022-04-07 00:00:00-04:00,73.13741302490234
2022-04-08 00:00:00-04:00,74.67669677734375
2022-04-11 00:00:00-04:00,72.10550689697266
2022-04-12 00:00:00-04:00,73.61038970947266
2022-04-13 00:00:00-04:00,74.65090942382812
2022-04-14 00:00:00-04:00,75.5280532836914
2022-04-18 00:00:00-04:00,76.14717864990234
2022-04-19 00:00:00-04:00,75.46785736083984
2022-04-20 00:00:00-04:00,75.63983154296875
2022-04-21 00:00:00-04:00,74.84007263183594
2022-04-22 00:00:00-04:00,73.20621490478516
2022-04-25 00:00:00-04:00,70.73821258544922
2022-04-26 00:00:00-04:00,70.76402282714844
2022-04-27 00:00:00-04:00,72.78482818603516
2022-04-28 00:00:00-04:00,74.98628234863281
2022-04-29 00:00:00-04:00,73.30940246582031
2022-05-02 00:00:00-04:00,74.30693054199219
2022-05-03 00:00:00-04:00,75.83763122558594
2022-05-04 00:00:00-04:00,78.85597229003906
2022-05-05 00:00:00-04:00,77.66068267822266
2022-05-06 00:00:00-04:00,78.84738159179688
2022-05-09 00:00:00-04:00,72.63006591796875
2022-05-10 00:00:00-04:00,73.11161041259766
2022-05-11 00:00:00-04:00,74.63370513916016
2022-05-12 00:00:00-04:00,74.97251892089844
2022-05-13 00:00:00-04:00,77.19650268554688
2022-05-16 00:00:00-04:00,79.01215362548828
2022-05-17 00:00:00-04:00,80.0199203491211
2022-05-18 00:00:00-04:00,78.7515640258789
2022-05-19 00:00:00-04:00,79.1772232055664
2022-05-20 00:00:00-04:00,79.802734375
2022-05-23 00:00:00-04:00,81.5662841796875
2022-05-24 00:00:00-04:00,82.00933837890625
2022-05-25 00:00:00-04:00,83.65994262695312
2022-05-26 00:00:00-04:00,83.955322265625
2022-05-27 00:00:00-04:00,84.78063201904297
2022-05-31 00:00:00-04:00,83.39932250976562
2022-06-01 00:00:00-04:00,84.99779510498047
2022-06-02 00:00:00-04:00,84.85012817382812
2022-06-03 00:00:00-04:00,86.08373260498047
2022-06-06 00:00:00-04:00,85.86654663085938
2022-06-07 00:00:00-04:00,89.80197143554688
2022-06-08 00:00:00-04:00,90.86181640625
2022-06-09 00:00:00-04:00,88.89845275878906
2022-06-10 00:00:00-04:00,87.27392578125
2022-06-13 00:00:00-04:00,83.26901245117188
2022-06-14 00:00:00-04:00,83.48619842529297
2022-06-15 00:00:00-04:00,82.43502044677734
2022-06-16 00:00:00-04:00,79.39442443847656
2022-06-17 00:00:00-04:00,74.8161392211914
2022-06-21 00:00:00-04:00,79.47258758544922
2022-06-22 00:00:00-04:00,76.32776641845703
2022-06-23 00:00:00-04:00,74.02559661865234
2022-06-24 00:00:00-04:00,75.49376678466797
2022-06-27 00:00:00-04:00,77.34417724609375
2022-06-28 00:00:00-04:00,79.489990234375
2022-06-29 00:00:00-04:00,76.55362701416016
2022-06-30 00:00:00-04:00,74.3991470336914
2022-07-01 00:00:00-04:00,76.05844116210938
2022-07-05 00:00:00-04:00,73.67808532714844
2022-07-06 00:00:00-04:00,72.34892272949219
2022-07-07 00:00:00-04:00,74.65977478027344
2022-07-08 00:00:00-04:00,74.78141021728516
2022-07-11 00:00:00-04:00,74.3991470336914
2022-07-12 00:00:00-04:00,73.40878295898438
2022-07-13 00:00:00-04:00,73.70415496826172
2022-07-14 00:00:00-04:00,72.227294921875
2022-07-15 00:00:00-04:00,73.44352722167969
2022-07-18 00:00:00-04:00,74.79876708984375
2022-07-19 00:00:00-04:00,76.68394470214844
2022-07-20 00:00:00-04:00,77.52660369873047
2022-07-21 00:00:00-04:00,76.23219299316406
2022-07-22 00:00:00-04:00,75.65013885498047
2022-07-25 00:00:00-04:00,78.16947937011719
2022-07-26 00:00:00-04:00,77.86542510986328
2022-07-27 00:00:00-04:00,79.55079650878906
2022-07-28 00:00:00-04:00,80.48035430908203
2022-07-29 00:00:00-04:00,84.2072525024414
2022-08-01 00:00:00-04:00,82.07882690429688
2022-08-02 00:00:00-04:00,81.72264862060547
2022-08-03 00:00:00-04:00,79.07296752929688
2022-08-04 00:00:00-04:00,75.74568939208984
2022-08-05 00:00:00-04:00,76.8403091430664
2022-08-08 00:00:00-04:00,77.2746810913086
2022-08-09 00:00:00-04:00,78.69943237304688
2022-08-10 00:00:00-04:00,79.44654846191406
2022-08-11 00:00:00-04:00,81.74475860595703
2022-08-12 00:00:00-04:00,82.45527648925781
2022-08-15 00:00:00-04:00,80.98160552978516
2022-08-16 00:00:00-04:00,80.22723388671875
2022-08-17 00:00:00-04:00,80.87635040283203
2022-08-18 00:00:00-04:00,82.78861999511719
2022-08-19 00:00:00-04:00,82.52545928955078
2022-08-22 00:00:00-04:00,82.46404266357422
2022-08-23 00:00:00-04:00,85.96403503417969
2022-08-24 00:00:00-04:00,86.4727783203125
2022-08-25 00:00:00-04:00,86.92015075683594
2022-08-26 00:00:00-04:00,85.84998321533203
2022-08-29 00:00:00-04:00,87.82363891601562
2022-08-30 00:00:00-04:00,84.48158264160156
2022-08-31 00:00:00-04:00,83.8499984741211
2022-09-01 00:00:00-04:00,82.34123992919922
2022-09-02 00:00:00-04:00,83.8499984741211
2022-09-06 00:00:00-04:00,83.28861236572266
2022-09-07 00:00:00-04:00,82.57808685302734
2022-09-08 00:00:00-04:00,83.25352478027344
2022-09-09 00:00:00-04:00,84.64823150634766
2022-09-12 00:00:00-04:00,85.62191772460938
2022-09-13 00:00:00-04:00,83.62194061279297
2022-09-14 00:00:00-04:00,85.6745376586914
2022-09-15 00:00:00-04:00,83.18336486816406
2022-09-16 00:00:00-04:00,81.7623062133789
2022-09-19 00:00:00-04:00,81.7535400390625
2022-09-20 00:00:00-04:00,81.08688354492188
2022-09-21 00:00:00-04:00,79.77986907958984
2022-09-22 00:00:00-04:00,79.44654846191406
2022-09-23 00:00:00-04:00,75.21851348876953
2022-09-26 00:00:00-04:00,73.6658935546875
2022-09-27 00:00:00-04:00,75.2097396850586
2022-09-28 00:00:00-04:00,77.94654846191406
2022-09-29 00:00:00-04:00,77.78865814208984
2022-09-30 00:00:00-04:00,76.5869140625
2022-10-03 00:00:00-04:00,80.63072204589844
2022-10-04 00:00:00-04:00,83.56930541992188
2022-10-05 00:00:00-04:00,86.94646453857422
2022-10-06 00:00:00-04:00,89.52537536621094
2022-10-07 00:00:00-04:00,88.62187957763672
2022-10-10 00:00:00-04:00,86.70085906982422
2022-10-11 00:00:00-04:00,85.96403503417969
2022-10-12 00:00:00-04:00,86.3412094116211
2022-10-13 00:00:00-04:00,89.35871124267578
2022-10-14 00:00:00-04:00,87.00786590576172
2022-10-17 00:00:00-04:00,88.26223754882812
2022-10-18 00:00:00-04:00,88.42013549804688
2022-10-19 00:00:00-04:00,91.04291534423828
2022-10-20 00:00:00-04:00,91.16571044921875
2022-10-21 00:00:00-04:00,92.8586654663086
2022-10-24 00:00:00-04:00,93.50778198242188
2022-10-25 00:00:00-04:00,92.87622833251953
2022-10-26 00:00:00-04:00,93.98149108886719
2022-10-27 00:00:00-04:00,94.34112548828125
2022-10-28 00:00:00-04:00,97.104248046875
2022-10-31 00:00:00-04:00,97.20075225830078
2022-11-01 00:00:00-04:00,98.16565704345703
2022-11-02 00:00:00-04:00,96.14813232421875
2022-11-03 00:00:00-04:00,97.45512390136719
2022-11-04 00:00:00-04:00,98.5165023803711
2022-11-07 00:00:00-05:00,99.68317413330078
2022-11-08 00:00:00-05:00,99.99895477294922
2022-11-09 00:00:00-05:00,95.52533721923828
2022-11-10 00:00:00-05:00,96.9288101196289
2022-11-11 00:00:00-05:00,99.95508575439453
2022-11-14 00:00:00-05:00,100.24690246582031
2022-11-15 00:00:00-05:00,100.91893005371094
2022-11-16 00:00:00-05:00,99.84014129638672
2022-11-17 00:00:00-05:00,99.9727783203125
2022-11-18 00:00:00-05:00,99.10621643066406
2022-11-21 00:00:00-05:00,98.12471008300781
2022-11-22 00:00:00-05:00,100.96314239501953
2022-11-23 00:00:00-05:00,100.45911407470703
2022-11-25 00:00:00-05:00,100.10543823242188
2022-11-28 00:00:00-05:00,97.0989761352539
2022-11-29 00:00:00-05:00,97.7444839477539
2022-11-30 00:00:00-05:00,98.45188903808594
2022-12-01 00:00:00-05:00,97.97439575195312
2022-12-02 00:00:00-05:00,97.1431884765625
2022-12-05 00:00:00-05:00,94.48161315917969
2022-12-06 00:00:00-05:00,91.85541534423828
2022-12-07 00:00:00-05:00,91.65203857421875
2022-12-08 00:00:00-05:00,92.33290100097656
2022-12-09 00:00:00-05:00,91.55477905273438
2022-12-12 00:00:00-05:00,93.80957794189453
2022-12-13 00:00:00-05:00,94.8353271484375
2022-12-14 00:00:00-05:00,94.13676452636719
2022-12-15 00:00:00-05:00,93.2348403930664
2022-12-16 00:00:00-05:00,92.58047485351562
2022-12-19 00:00:00-05:00,92.99608612060547
2022-12-20 00:00:00-05:00,94.34014129638672
2022-12-21 00:00:00-05:00,95.55156707763672
2022-12-22 00:00:00-05:00,93.62389373779297
2022-12-23 00:00:00-05:00,96.09978485107422
2022-12-27 00:00:00-05:00,97.43500518798828
2022-12-28 00:00:00-05:00,95.83450317382812
2022-12-29 00:00:00-05:00,96.55960845947266
2022-12-30 00:00:00-05:00,97.53227233886719
2023-01-03 00:00:00-05:00,94.18096923828125
2023-01-04 00:00:00-05:00,94.45509338378906
2023-01-05 00:00:00-05:00,96.56843566894531
2023-01-06 00:00:00-05:00,97.73565673828125
2023-01-09 00:00:00-05:00,95.91409301757812
2023-01-10 00:00:00-05:00,97.34657287597656
2023-01-11 00:00:00-05:00,98.47840881347656
2023-01-12 00:00:00-05:00,100.1142578125
2023-01-13 00:00:00-05:00,100.0523681640625
2023-01-17 00:00:00-05:00,99.85783386230469
2023-01-18 00:00:00-05:00,97.80638122558594
2023-01-19 00:00:00-05:00,98.43419647216797
2023-01-20 00:00:00-05:00,100.22920227050781
2023-01-23 00:00:00-05:00,99.70751190185547
2023-01-24 00:00:00-05:00,100.6359634399414
2023-01-25 00:00:00-05:00,100.10543823242188
2023-01-26 00:00:00-05:00,104.12873840332031
2023-01-27 00:00:00-05:00,102.22762298583984
2023-01-30 00:00:00-05:00,100.41490936279297
2023-01-31 00:00:00-05:00,102.58131408691406
2023-02-01 00:00:00-05:00,101.45830535888672
2023-02-02 00:00:00-05:00,98.28388977050781
2023-02-03 00:00:00-05:00,98.96473693847656
2023-02-06 00:00:00-05:00,98.7967529296875
2023-02-07 00:00:00-05:00,101.61749267578125
2023-02-08 00:00:00-05:00,100.73323822021484
2023-02-09 00:00:00-05:00,101.11344909667969
2023-02-10 00:00:00-05:00,105.37553405761719
2023-02-13 00:00:00-05:00,104.96564483642578
2023-02-14 00:00:00-05:00,103.7359848022461
2023-02-15 00:00:00-05:00,103.42412567138672
2023-02-16 00:00:00-05:00,103.12118530273438
2023-02-17 00:00:00-05:00,99.156005859375
2023-02-21 00:00:00-05:00,99.05797576904297
2023-02-22 00:00:00-05:00,97.77486419677734
2023-02-23 00:00:00-05:00,98.67481994628906
2023-02-24 00:00:00-05:00,98.68374633789062
2023-02-27 00:00:00-05:00,98.50554656982422
2023-02-28 00:00:00-05:00,97.93526458740234
2023-03-01 00:00:00-05:00,98.80848693847656
2023-03-02 00:00:00-05:00,99.26292419433594
2023-03-03 00:00:00-05:00,100.51930236816406
2023-03-06 00:00:00-05:00,101.41034698486328
2023-03-07 00:00:00-05:00,99.4500503540039
2023-03-08 00:00:00-05:00,97.99763488769531
2023-03-09 00:00:00-05:00,97.240234375
2023-03-10 00:00:00-05:00,96.03732299804688
2023-03-13 00:00:00-04:00,94.93241119384766
2023-03-14 00:00:00-04:00,95.28884887695312
2023-03-15 00:00:00-04:00,90.54845428466797
2023-03-16 00:00:00-04:00,90.0227279663086
2023-03-17 00:00:00-04:00,88.96238708496094
2023-03-20 00:00:00-04:00,91.28804016113281
2023-03-21 00:00:00-04:00,95.37794494628906
2023-03-22 00:00:00-04:00,93.19486999511719
2023-03-23 00:00:00-04:00,92.14344024658203
2023-03-24 00:00:00-04:00,92.25037384033203
2023-03-27 00:00:00-04:00,94.27304077148438
2023-03-28 00:00:00-04:00,95.44923400878906
2023-03-29 00:00:00-04:00,97.08876037597656
2023-03-30 00:00:00-04:00,97.5610122680664
2023-03-31 00:00:00-04:00,97.71250915527344
2023-04-03 00:00:00-04:00,103.47757720947266
2023-04-04 00:00:00-04:00,102.488525390625
2023-04-05 00:00:00-04:00,104.24388122558594
2023-04-06 00:00:00-04:00,102.51525115966797
2023-04-10 00:00:00-04:00,102.0608139038086
2023-04-11 00:00:00-04:00,102.78256225585938
2023-04-12 00:00:00-04:00,102.6756591796875
2023-04-13 00:00:00-04:00,103.15680694580078
2023-04-14 00:00:00-04:00,103.40629577636719
2023-04-17 00:00:00-04:00,102.2033920288086
2023-04-18 00:00:00-04:00,104.1993408203125
2023-04-19 00:00:00-04:00,103.86963653564453
2023-04-20 00:00:00-04:00,103.04096984863281
2023-04-21 00:00:00-04:00,103.37065887451172
2023-04-24 00:00:00-04:00,105.32205963134766
2023-04-25 00:00:00-04:00,103.8250961303711
2023-04-26 00:00:00-04:00,102.87166595458984
2023-04-27 00:00:00-04:00,104.101318359375
2023-04-28 00:00:00-04:00,105.44682312011719
2023-05-01 00:00:00-04:00,102.1766586303711
2023-05-02 00:00:00-04:00,98.10456085205078
2023-05-03 00:00:00-04:00,96.17098236083984
2023-05-04 00:00:00-04:00,94.48688507080078
2023-05-05 00:00:00-04:00,96.83926391601562
2023-05-08 00:00:00-04:00,97.22242736816406
2023-05-09 00:00:00-04:00,97.24916076660156
2023-05-10 00:00:00-04:00,96.00167846679688
2023-05-11 00:00:00-04:00,94.26414489746094
2023-05-12 00:00:00-04:00,94.2552261352539
2023-05-15 00:00:00-04:00,94.43497467041016
2023-05-16 00:00:00-04:00,92.14307403564453
2023-05-17 00:00:00-04:00,94.21028900146484
2023-05-18 00:00:00-04:00,95.06411743164062
2023-05-19 00:00:00-04:00,95.50453186035156
2023-05-22 00:00:00-04:00,94.34510040283203
2023-05-23 00:00:00-04:00,95.63035583496094
2023-05-24 00:00:00-04:00,96.69990539550781
2023-05-25 00:00:00-04:00,94.96526336669922
2023-05-26 00:00:00-04:00,94.34510040283203
2023-05-30 00:00:00-04:00,93.50924682617188
2023-05-31 00:00:00-04:00,91.83749389648438
2023-06-01 00:00:00-04:00,92.89806365966797
2023-06-02 00:00:00-04:00,95.05513000488281
2023-06-05 00:00:00-04:00,94.6327133178711
2023-06-06 00:00:00-04:00,95.4056625366211
2023-06-07 00:00:00-04:00,97.54475402832031
2023-06-08 00:00:00-04:00,97.23918914794922
2023-06-09 00:00:00-04:00,96.52015686035156
2023-06-12 00:00:00-04:00,95.64832305908203
2023-06-13 00:00:00-04:00,95.66632080078125
2023-06-14 00:00:00-04:00,94.51586151123047
2023-06-15 00:00:00-04:00,95.1719741821289
2023-06-16 00:00:00-04:00,94.48890686035156
2023-06-20 00:00:00-04:00,92.32283782958984
2023-06-21 00:00:00-04:00,93.35643005371094
2023-06-22 00:00:00-04:00,92.84412384033203
2023-06-23 00:00:00-04:00,92.03523254394531
2023-06-26 00:00:00-04:00,93.73393249511719
2023-06-27 00:00:00-04:00,93.96761322021484
2023-06-28 00:00:00-04:00,94.7315902709961
2023-06-29 00:00:00-04:00,95.89999389648438
2023-06-30 00:00:00-04:00,96.39433288574219
2023-07-03 00:00:00-04:00,96.58306121826172
2023-07-05 00:00:00-04:00,96.08872985839844
2023-07-06 00:00:00-04:00,92.50260162353516
2023-07-07 00:00:00-04:00,92.71829986572266
2023-07-10 00:00:00-04:00,94.09345245361328
2023-07-11 00:00:00-04:00,95.24388122558594
2023-07-12 00:00:00-04:00,95.71125030517578
2023-07-13 00:00:00-04:00,93.9586181640625
2023-07-14 00:00:00-04:00,90.7229995727539
2023-07-17 00:00:00-04:00,91.11846923828125
2023-07-18 00:00:00-04:00,90.70503234863281
2023-07-19 00:00:00-04:00,91.33419036865234
2023-07-20 00:00:00-04:00,92.94300079345703
2023-07-21 00:00:00-04:00,93.37442016601562
2023-07-24 00:00:00-04:00,94.83941650390625
2023-07-25 00:00:00-04:00,94.98323822021484
2023-07-26 00:00:00-04:00,94.45294189453125
2023-07-27 00:00:00-04:00,94.74954986572266
2023-07-28 00:00:00-04:00,93.61708068847656
2023-07-31 00:00:00-04:00,96.38533782958984
2023-08-01 00:00:00-04:00,95.8281021118164
2023-08-02 00:00:00-04:00,94.6327133178711
2023-08-03 00:00:00-04:00,96.2774887084961
2023-08-04 00:00:00-04:00,96.54711151123047
2023-08-07 00:00:00-04:00,96.34935760498047
2023-08-08 00:00:00-04:00,96.82573699951172
2023-08-09 00:00:00-04:00,98.47049713134766
2023-08-10 00:00:00-04:00,98.97381591796875
2023-08-11 00:00:00-04:00,100.5107421875
2023-08-14 00:00:00-04:00,100.59162902832031
2023-08-15 00:00:00-04:00,98.00909423828125
2023-08-16 00:00:00-04:00,96.35990905761719
2023-08-17 00:00:00-04:00,98.22657012939453
2023-08-18 00:00:00-04:00,99.71265411376953
2023-08-21 00:00:00-04:00,98.50748443603516
2023-08-22 00:00:00-04:00,97.9547348022461
2023-08-23 00:00:00-04:00,97.09391021728516
2023-08-24 00:00:00-04:00,96.36897277832031
2023-08-25 00:00:00-04:00,98.09064483642578
2023-08-28 00:00:00-04:00,98.91524505615234
2023-08-29 00:00:00-04:00,99.50424194335938
2023-08-30 00:00:00-04:00,100.47383117675781
2023-08-31 00:00:00-04:00,100.75474548339844
2023-09-01 00:00:00-04:00,102.8660659790039
2023-09-05 00:00:00-04:00,102.87512969970703
2023-09-06 00:00:00-04:00,103.7631607055664
2023-09-07 00:00:00-04:00,103.25569915771484
2023-09-08 00:00:00-04:00,104.75991821289062
2023-09-11 00:00:00-04:00,103.44600677490234
2023-09-12 00:00:00-04:00,106.46347045898438
2023-09-13 00:00:00-04:00,105.51203155517578
2023-09-14 00:00:00-04:00,107.39681243896484
2023-09-15 00:00:00-04:00,105.74761199951172
2023-09-18 00:00:00-04:00,106.59940338134766
2023-09-19 00:00:00-04:00,106.3185043334961
2023-09-20 00:00:00-04:00,105.47577667236328
2023-09-21 00:00:00-04:00,103.98969268798828
2023-09-22 00:00:00-04:00,104.15278625488281
2023-09-25 00:00:00-04:00,105.32173156738281
2023-09-26 00:00:00-04:00,105.48483276367188
2023-09-27 00:00:00-04:00,108.91913604736328
2023-09-28 00:00:00-04:00,108.25765228271484
2023-09-29 00:00:00-04:00,106.54502868652344
2023-10-02 00:00:00-04:00,104.77803802490234
2023-10-03 00:00:00-04:00,104.95926666259766
2023-10-04 00:00:00-04:00,101.03563690185547
2023-10-05 00:00:00-04:00,98.76121520996094
2023-10-06 00:00:00-04:00,97.11200714111328
2023-10-09 00:00:00-04:00,100.51007080078125
2023-10-10 00:00:00-04:00,100.08419036865234
2023-10-11 00:00:00-04:00,96.49583435058594
2023-10-12 00:00:00-04:00,96.47770690917969
2023-10-13 00:00:00-04:00,99.5586166381836
2023-10-16 00:00:00-04:00,99.6311264038086
2023-10-17 00:00:00-04:00,100.93596649169922
2023-10-18 00:00:00-04:00,102.34954071044922
2023-10-19 00:00:00-04:00,102.4129867553711
2023-10-20 00:00:00-04:00,100.65506744384766
2023-10-23 00:00:00-04:00,99.17803955078125
2023-10-24 00:00:00-04:00,98.21752166748047
2023-10-25 00:00:00-04:00,98.39874267578125
2023-10-26 00:00:00-04:00,97.50165557861328
2023-10-27 00:00:00-04:00,95.6440658569336
2023-10-30 00:00:00-04:00,95.94308471679688
2023-10-31 00:00:00-04:00,95.91590118408203
2023-11-01 00:00:00-04:00,95.72560119628906
2023-11-02 00:00:00-04:00,98.86994934082031
2023-11-03 00:00:00-04:00,97.66476440429688
2023-11-06 00:00:00-05:00,95.93402862548828
2023-11-07 00:00:00-05:00,94.4298095703125
2023-11-08 00:00:00-05:00,93.26994323730469
2023-11-09 00:00:00-05:00,93.29712677001953
2023-11-10 00:00:00-05:00,94.01298522949219
2023-11-13 00:00:00-05:00,95.00069427490234
2023-11-14 00:00:00-05:00,95.36647033691406
2023-11-15 00:00:00-05:00,94.7903823852539
2023-11-16 00:00:00-05:00,93.69304656982422
2023-11-17 00:00:00-05:00,95.97913360595703
2023-11-20 00:00:00-05:00,95.55850219726562
2023-11-21 00:00:00-05:00,95.52191162109375
2023-11-22 00:00:00-05:00,95.11042785644531
2023-11-24 00:00:00-05:00,95.62250518798828
2023-11-27 00:00:00-05:00,95.06470489501953
2023-11-28 00:00:00-05:00,95.00983428955078
2023-11-29 00:00:00-05:00,93.58330535888672
2023-11-30 00:00:00-05:00,93.94908905029297
2023-12-01 00:00:00-05:00,94.17768859863281
2023-12-04 00:00:00-05:00,93.66561889648438
2023-12-05 00:00:00-05:00,91.84588623046875
2023-12-06 00:00:00-05:00,90.62969207763672
2023-12-07 00:00:00-05:00,89.99871826171875
2023-12-08 00:00:00-05:00,91.03204345703125
2023-12-11 00:00:00-05:00,91.09603881835938
2023-12-12 00:00:00-05:00,89.66038513183594
2023-12-13 00:00:00-05:00,90.45594024658203
2023-12-14 00:00:00-05:00,92.88835906982422
2023-12-15 00:00:00-05:00,92.26653289794922
2023-12-18 00:00:00-05:00,92.95236206054688
2023-12-19 00:00:00-05:00,94.17768859863281
2023-12-20 00:00:00-05:00,92.60487365722656
2023-12-21 00:00:00-05:00,93.02552032470703
2023-12-22 00:00:00-05:00,93.19010925292969
2023-12-26 00:00:00-05:00,93.40042877197266
2023-12-27 00:00:00-05:00,92.96150207519531
2023-12-28 00:00:00-05:00,91.61727142333984
2023-12-29 00:00:00-05:00,91.42524719238281
2024-01-02 00:00:00-05:00,93.60161590576172
2024-01-03 00:00:00-05:00,94.38802337646484
2024-01-04 00:00:00-05:00,93.56503295898438
2024-01-05 00:00:00-05:00,93.84850311279297
2024-01-08 00:00:00-05:00,92.28482055664062
2024-01-09 00:00:00-05:00,91.14176177978516
2024-01-10 00:00:00-05:00,90.24564361572266
2024-01-11 00:00:00-05:00,90.22732543945312
2024-01-12 00:00:00-05:00,91.39781188964844
2024-01-16 00:00:00-05:00,89.33120727539062
2024-01-17 00:00:00-05:00,88.68195343017578
2024-01-18 00:00:00-05:00,88.51734924316406
2024-01-19 00:00:00-05:00,88.65450286865234
2024-01-22 00:00:00-05:00,88.53563690185547
2024-01-23 00:00:00-05:00,89.5323715209961
2024-01-24 00:00:00-05:00,91.0777587890625
2024-01-25 00:00:00-05:00,93.39129638671875
2024-01-26 00:00:00-05:00,94.18683624267578
2024-01-29 00:00:00-05:00,94.30571746826172
2024-01-30 00:00:00-05:00,95.8785629272461
2024-01-31 00:00:00-05:00,94.01309204101562
2024-02-01 00:00:00-05:00,93.6290283203125
2024-02-02 00:00:00-05:00,93.2449722290039
2024-02-05 00:00:00-05:00,92.86092376708984
2024-02-06 00:00:00-05:00,93.50100708007812
2024-02-07 00:00:00-05:00,93.47357940673828
2024-02-08 00:00:00-05:00,95.07386016845703
2024-02-09 00:00:00-05:00,93.06208801269531
2024-02-12 00:00:00-05:00,94.34230041503906
2024-02-13 00:00:00-05:00,93.53009796142578
2024-02-14 00:00:00-05:00,93.06863403320312
2024-02-15 00:00:00-05:00,95.73593139648438
2024-02-16 00:00:00-05:00,95.73593139648438
2024-02-20 00:00:00-05:00,94.83145141601562
2024-02-21 00:00:00-05:00,96.76961517333984
2024-02-22 00:00:00-05:00,96.68655395507812
2024-02-23 00:00:00-05:00,95.83744049072266
2024-02-26 00:00:00-05:00,96.21585083007812
2024-02-27 00:00:00-05:00,96.01280212402344
2024-02-28 00:00:00-05:00,96.28047180175781
2024-02-29 00:00:00-05:00,96.46503448486328
2024-03-01 00:00:00-05:00,97.68330383300781
2024-03-04 00:00:00-05:00,96.3173599243164
2024-03-05 00:00:00-05:00,97.49872589111328
2024-03-06 00:00:00-05:00,98.5416488647461
2024-03-07 00:00:00-05:00,99.09540557861328
2024-03-08 00:00:00-05:00,100.0275650024414
2024-03-11 00:00:00-04:00,100.61824035644531
2024-03-12 00:00:00-04:00,99.9721908569336
2024-03-13 00:00:00-04:00,101.08894348144531
2024-03-14 00:00:00-04:00,102.87944030761719
2024-03-15 00:00:00-04:00,102.69485473632812
2024-03-18 00:00:00-04:00,103.64546966552734
2024-03-19 00:00:00-04:00,104.37458038330078
2024-03-20 00:00:00-04:00,104.28228759765625
2024-03-21 00:00:00-04:00,104.74376678466797
2024-03-22 00:00:00-04:00,104.74376678466797
2024-03-25 00:00:00-04:00,105.81437683105469
2024-03-26 00:00:00-04:00,105.02064514160156
2024-03-27 00:00:00-04:00,106.10971069335938
2024-03-28 00:00:00-04:00,107.2818374633789
2024-04-01 00:00:00-04:00,107.97403717041016
2024-04-02 00:00:00-04:00,110.0875473022461
2024-04-03 00:00:00-04:00,110.10601043701172
2024-04-04 00:00:00-04:00,110.49364471435547
2024-04-05 00:00:00-04:00,112.01649475097656
2024-04-08 00:00:00-04:00,111.2596664428711
2024-04-09 00:00:00-04:00,111.84111785888672
2024-04-10 00:00:00-04:00,112.78251647949219
2024-04-11 00:00:00-04:00,112.40410614013672
2024-04-12 00:00:00-04:00,111.09355163574219
2024-04-15 00:00:00-04:00,110.45672607421875
2024-04-16 00:00:00-04:00,109.54302978515625
2024-04-17 00:00:00-04:00,109.4876480102539
2024-04-18 00:00:00-04:00,109.38611602783203
2024-04-19 00:00:00-04:00,110.64131164550781
2024-04-22 00:00:00-04:00,111.26890563964844
2024-04-23 00:00:00-04:00,111.70269012451172
2024-04-24 00:00:00-04:00,111.72114562988281
2024-04-25 00:00:00-04:00,111.97956848144531
2024-04-26 00:00:00-04:00,108.86927032470703
2024-04-29 00:00:00-04:00,110.4197998046875
2024-04-30 00:00:00-04:00,109.1553726196289
2024-05-01 00:00:00-04:00,107.08799743652344
2024-05-02 00:00:00-04:00,107.2818374633789
2024-05-03 00:00:00-04:00,107.0603256225586
2024-05-06 00:00:00-04:00,107.75252532958984
2024-05-07 00:00:00-04:00,107.21721649169922
2024-05-08 00:00:00-04:00,107.19877624511719
2024-05-09 00:00:00-04:00,109.31228637695312
2024-05-10 00:00:00-04:00,108.86927032470703
2024-05-13 00:00:00-04:00,108.8231430053711
2024-05-14 00:00:00-04:00,109.4837417602539
2024-05-15 00:00:00-04:00,110.3304214477539
2024-05-16 00:00:00-04:00,109.66983032226562
2024-05-17 00:00:00-04:00,111.31668090820312
2024-05-20 00:00:00-04:00,110.41415405273438
2024-05-21 00:00:00-04:00,109.65121459960938
2024-05-22 00:00:00-04:00,107.44609832763672
2024-05-23 00:00:00-04:00,105.61314392089844
2024-05-24 00:00:00-04:00,105.5293960571289
2024-05-28 00:00:00-04:00,106.86923217773438
2024-05-29 00:00:00-04:00,105.72479248046875
2024-05-30 00:00:00-04:00,106.05975341796875
2024-05-31 00:00:00-04:00,109.10226440429688
2024-06-03 00:00:00-04:00,106.48774719238281
2024-06-04 00:00:00-04:00,104.83157348632812
2024-06-05 00:00:00-04:00,105.25027465820312
2024-06-06 00:00:00-04:00,106.04114532470703
2024-06-07 00:00:00-04:00,104.90602111816406
2024-06-10 00:00:00-04:00,105.21305847167969
2024-06-11 00:00:00-04:00,104.36637115478516
2024-06-12 00:00:00-04:00,103.21263122558594
2024-06-13 00:00:00-04:00,102.3845443725586
2024-06-14 00:00:00-04:00,101.51925659179688
2024-06-17 00:00:00-04:00,100.82142639160156
2024-06-18 00:00:00-04:00,101.77046203613281
2024-06-20 00:00:00-04:00,103.96627807617188
2024-06-21 00:00:00-04:00,103.05445861816406
2024-06-24 00:00:00-04:00,106.1155776977539
2024-06-25 00:00:00-04:00,106.41332244873047
2024-06-26 00:00:00-04:00,106.45053100585938
2024-06-27 00:00:00-04:00,106.90645599365234
2024-06-28 00:00:00-04:00,107.11114501953125
2024-07-01 00:00:00-04:00,106.96227264404297
2024-07-02 00:00:00-04:00,106.23653411865234
2024-07-03 00:00:00-04:00,106.77617645263672
2024-07-05 00:00:00-04:00,105.48289489746094
2024-07-08 00:00:00-04:00,104.37567138671875
2024-07-09 00:00:00-04:00,103.22193908691406
2024-07-10 00:00:00-04:00,104.13375091552734
2024-07-11 00:00:00-04:00,105.3712387084961
2024-07-12 00:00:00-04:00,105.38984680175781
2024-07-15 00:00:00-04:00,107.19487762451172
2024-07-16 00:00:00-04:00,107.9671401977539
2024-07-17 00:00:00-04:00,109.45581817626953
2024-07-18 00:00:00-04:00,110.53512573242188
2024-07-19 00:00:00-04:00,107.99504852294922
2024-07-22 00:00:00-04:00,107.25069427490234
2024-07-23 00:00:00-04:00,105.52009582519531
2024-07-24 00:00:00-04:00,107.0087890625
2024-07-25 00:00:00-04:00,109.26042938232422
2024-07-26 00:00:00-04:00,109.16738891601562
2024-07-29 00:00:00-04:00,108.02296447753906
2024-07-30 00:00:00-04:00,109.94894409179688
2024-07-31 00:00:00-04:00,110.3397216796875
2024-08-01 00:00:00-04:00,108.81382751464844
2024-08-02 00:00:00-04:00,108.74868774414062
2024-08-05 00:00:00-04:00,106.78547668457031
2024-08-06 00:00:00-04:00,106.2179183959961
2024-08-07 00:00:00-04:00,107.63217163085938
2024-08-08 00:00:00-04:00,109.68843078613281
2024-08-09 00:00:00-04:00,110.5816421508789
2024-08-12 00:00:00-04:00,110.72120666503906
2024-08-13 00:00:00-04:00,109.6605224609375
2024-08-14 00:00:00-04:00,110.67469024658203
2024-08-15 00:00:00-04:00,111.35936737060547
2024-08-16 00:00:00-04:00,110.83413696289062
2024-08-19 00:00:00-04:00,111.17179107666016
2024-08-20 00:00:00-04:00,107.46700286865234
2024-08-21 00:00:00-04:00,106.78230285644531
2024-08-22 00:00:00-04:00,107.6076889038086
2024-08-23 00:00:00-04:00,109.09896850585938
2024-08-26 00:00:00-04:00,111.43440246582031
2024-08-27 00:00:00-04:00,110.37454986572266
2024-08-28 00:00:00-04:00,109.28656768798828
2024-08-29 00:00:00-04:00,110.79662322998047
2024-08-30 00:00:00-04:00,110.61842346191406
2024-09-03 00:00:00-04:00,108.30175018310547
2024-09-04 00:00:00-04:00,106.9792709350586
2024-09-05 00:00:00-04:00,106.14451599121094
2024-09-06 00:00:00-04:00,105.64742279052734
2024-09-09 00:00:00-04:00,107.87030029296875
2024-09-10 00:00:00-04:00,103.94042205810547
2024-09-11 00:00:00-04:00,102.90869903564453
2024-09-12 00:00:00-04:00,104.32495880126953
2024-09-13 00:00:00-04:00,104.24992370605469
2024-09-16 00:00:00-04:00,105.71308135986328
2024-09-17 00:00:00-04:00,107.09183502197266
2024-09-18 00:00:00-04:00,107.46700286865234
2024-09-19 00:00:00-04:00,108.79883575439453
2024-09-20 00:00:00-04:00,108.1141586303711
2024-09-23 00:00:00-04:00,110.07441711425781
2024-09-24 00:00:00-04:00,109.78366088867188
2024-09-25 00:00:00-04:00,107.64519500732422
2024-09-26 00:00:00-04:00,105.7974853515625
2024-09-27 00:00:00-04:00,108.63002014160156
2024-09-30 00:00:00-04:00,109.94312286376953
2024-10-01 00:00:00-04:00,112.48487091064453
2024-10-02 00:00:00-04:00,113.97616577148438
2024-10-03 00:00:00-04:00,114.97036743164062
2024-10-04 00:00:00-04:00,117.08068084716797
2024-10-07 00:00:00-04:00,117.58717346191406
2024-10-08 00:00:00-04:00,114.46388244628906
2024-10-09 00:00:00-04:00,114.5107650756836
2024-10-10 00:00:00-04:00,115.49559783935547
2024-10-11 00:00:00-04:00,115.93640899658203
2024-10-14 00:00:00-04:00,116.37725067138672
2024-10-15 00:00:00-04:00,112.87879943847656
2024-10-16 00:00:00-04:00,113.16956329345703
2024-10-17 00:00:00-04:00,112.87879943847656
2024-10-18 00:00:00-04:00,112.5599136352539
2024-10-21 00:00:00-04:00,112.62556457519531
2024-10-22 00:00:00-04:00,113.20706939697266
2024-10-23 00:00:00-04:00,112.80376434326172
2024-10-24 00:00:00-04:00,112.16596984863281
2024-10-25 00:00:00-04:00,112.07218170166016
2024-10-28 00:00:00-04:00,111.51881408691406
2024-10-29 00:00:00-04:00,109.99938201904297
2024-10-30 00:00:00-04:00,109.44600677490234
2024-10-31 00:00:00-04:00,109.53041076660156
2024-11-01 00:00:00-04:00,107.81402587890625
2024-11-04 00:00:00-05:00,111.24681854248047
2024-11-05 00:00:00-05:00,111.57508087158203
2024-11-06 00:00:00-05:00,113.48846435546875
2024-11-07 00:00:00-05:00,113.62913513183594
2024-11-08 00:00:00-05:00,113.59162902832031
2024-11-11 00:00:00-05:00,112.99134826660156
2024-11-12 00:00:00-05:00,112.87879943847656
2024-11-13 00:00:00-05:00,113.92926788330078
2024-11-14 00:00:00-05:00,114.0049057006836
2024-11-15 00:00:00-05:00,112.82289123535156
2024-11-18 00:00:00-05:00,113.76851654052734
2024-11-19 00:00:00-05:00,112.17985534667969
2024-11-20 00:00:00-05:00,113.7779769897461
2024-11-21 00:00:00-05:00,115.30044555664062
2024-11-22 00:00:00-05:00,115.16803741455078
2024-11-25 00:00:00-05:00,113.44700622558594
2024-11-26 00:00:00-05:00,111.55575561523438
2024-11-27 00:00:00-05:00,111.26261138916016
2024-11-29 00:00:00-05:00,111.5462875366211
2024-12-02 00:00:00-05:00,111.44227600097656
2024-12-03 00:00:00-05:00,111.27205657958984
2024-12-04 00:00:00-05:00,108.0663833618164
2024-12-05 00:00:00-05:00,108.53919219970703
2024-12-06 00:00:00-05:00,107.39498138427734
2024-12-09 00:00:00-05:00,106.76140594482422
2024-12-10 00:00:00-05:00,106.54391479492188
2024-12-11 00:00:00-05:00,105.83468627929688
2024-12-12 00:00:00-05:00,105.7401351928711
2024-12-13 00:00:00-05:00,104.81340789794922
2024-12-16 00:00:00-05:00,102.57227325439453
2024-12-17 00:00:00-05:00,102.13729858398438
2024-12-18 00:00:00-05:00,100.63372802734375
2024-12-19 00:00:00-05:00,99.77322387695312
2024-12-20 00:00:00-05:00,100.11365509033203
2024-12-23 00:00:00-05:00,100.520263671875
2024-12-24 00:00:00-05:00,100.61483001708984
2024-12-26 00:00:00-05:00,100.6999282836914
2024-12-27 00:00:00-05:00,100.69048309326172
2024-12-30 00:00:00-05:00,100.00963592529297
2024-12-31 00:00:00-05:00,101.72120666503906
2025-01-02 00:00:00-05:00,101.47534942626953
2025-01-03 00:00:00-05:00,101.99543762207031
2025-01-06 00:00:00-05:00,101.8819580078125
2025-01-07 00:00:00-05:00,102.83705139160156
2025-01-08 00:00:00-05:00,101.11600494384766
2025-01-10 00:00:00-05:00,100.7472152709961
2025-01-13 00:00:00-05:00,103.34768676757812
2025-01-14 00:00:00-05:00,103.75431060791016
2025-01-15 00:00:00-05:00,105.4469985961914
2025-01-16 00:00:00-05:00,105.2673110961914
2025-01-17 00:00:00-05:00,106.21295166015625
2025-01-21 00:00:00-05:00,105.40916442871094
2025-01-22 00:00:00-05:00,103.57463836669922
2025-01-23 00:00:00-05:00,104.16093444824219
2025-01-24 00:00:00-05:00,102.75194549560547
2025-01-27 00:00:00-05:00,104.17984008789062
2025-01-28 00:00:00-05:00,102.1656494140625
2025-01-29 00:00:00-05:00,102.76140594482422
2025-01-30 00:00:00-05:00,103.61246490478516
2025-01-31 00:00:00-05:00,101.02145385742188
2025-02-03 00:00:00-05:00,101.2673110961914
2025-02-04 00:00:00-05:00,103.98126983642578
2025-02-05 00:00:00-05:00,103.90560913085938
2025-02-06 00:00:00-05:00,102.53445434570312
2025-02-07 00:00:00-05:00,102.96943664550781
2025-02-10 00:00:00-05:00,104.93634796142578
2025-02-11 00:00:00-05:00,105.5982894897461
2025-02-12 00:00:00-05:00,102.42117309570312
2025-02-13 00:00:00-05:00,103.16536712646484
2025-02-14 00:00:00-05:00,103.27030944824219
2025-02-18 00:00:00-05:00,105.08307647705078
2025-02-19 00:00:00-05:00,105.23573303222656
2025-02-20 00:00:00-05:00,106.8576889038086
2025-02-21 00:00:00-05:00,105.60784149169922
2025-02-24 00:00:00-05:00,106.16119384765625
2025-02-25 00:00:00-05:00,104.69190979003906
2025-02-26 00:00:00-05:00,104.4343032836914
2025-02-27 00:00:00-05:00,105.09262084960938
2025-02-28 00:00:00-05:00,106.21843719482422
2025-03-03 00:00:00-05:00,102.81234741210938
2025-03-04 00:00:00-05:00,102.60245513916016
2025-03-05 00:00:00-05:00,100.59888458251953
2025-03-06 00:00:00-05:00,102.67878723144531
2025-03-07 00:00:00-05:00,104.01451110839844
2025-03-10 00:00:00-04:00,106.6668701171875
2025-03-11 00:00:00-04:00,104.1480712890625
2025-03-12 00:00:00-04:00,104.11946105957031
2025-03-13 00:00:00-04:00,103.68058013916016
2025-03-14 00:00:00-04:00,106.76228332519531
2025-03-17 00:00:00-04:00,108.53688049316406
2025-03-18 00:00:00-04:00,108.42237854003906
2025-03-19 00:00:00-04:00,110.11112213134766
2025-03-20 00:00:00-04:00,110.57862091064453
2025-03-21 00:00:00-04:00,110.19699096679688
2025-03-24 00:00:00-04:00,110.48322296142578
2025-03-25 00:00:00-04:00,111.23693084716797
2025-03-26 00:00:00-04:00,112.83979797363281
2025-03-27 00:00:00-04:00,112.47724914550781
2025-03-28 00:00:00-04:00,112.32460021972656
2025-03-31 00:00:00-04:00,113.46949768066406
2025-04-01 00:00:00-04:00,113.57445526123047
2025-04-02 00:00:00-04:00,113.221435546875
2025-04-03 00:00:00-04:00,107.26795196533203
2025-04-04 00:00:00-04:00,99.54937744140625
2025-04-07 00:00:00-04:00,98.21366882324219
2025-04-08 00:00:00-04:00,96.14329528808594
2025-04-09 00:00:00-04:00,100.94235229492188
2025-04-10 00:00:00-04:00,95.34185791015625
2025-04-11 00:00:00-04:00,98.40447998046875
2025-04-14 00:00:00-04:00,98.64299774169922
2025-04-15 00:00:00-04:00,98.3663101196289
2025-04-16 00:00:00-04:00,99.4062728881836
2025-04-17 00:00:00-04:00,102.01091766357422
2025-04-21 00:00:00-04:00,100.51300811767578
2025-04-22 00:00:00-04:00,103.32756805419922
2025-04-23 00:00:00-04:00,102.44026184082031
2025-04-24 00:00:00-04:00,103.64241027832031
2025-04-25 00:00:00-04:00,103.58516693115234
2025-04-28 00:00:00-04:00,103.64241027832031
2025-04-29 00:00:00-04:00,103.38481140136719
2025-04-30 00:00:00-04:00,100.7801513671875
2025-05-01 00:00:00-04:00,100.92327117919922
2025-05-02 00:00:00-04:00,101.3335189819336
2025-05-05 00:00:00-04:00,98.52850341796875
2025-05-06 00:00:00-04:00,99.90238952636719
2025-05-07 00:00:00-04:00,99.80697631835938
2025-05-08 00:00:00-04:00,101.199951171875
2025-05-09 00:00:00-04:00,102.38301849365234
2025-05-12 00:00:00-04:00,104.1480712890625
2025-05-13 00:00:00-04:00,104.4343032836914
2025-05-14 00:00:00-04:00,103.49930572509766
2025-05-15 00:00:00-04:00,104.548828125
2025-05-16 00:00:00-04:00,104.1733169555664
2025-05-19 00:00:00-04:00,102.51716613769531
2025-05-20 00:00:00-04:00,101.05359649658203
2025-05-21 00:00:00-04:00,99.8115005493164
2025-05-22 00:00:00-04:00,99.1471176147461
2025-05-23 00:00:00-04:00,99.20487976074219
2025-05-27 00:00:00-04:00,99.67668914794922
2025-05-28 00:00:00-04:00,98.31903839111328
2025-05-29 00:00:00-04:00,98.87751007080078
2025-05-30 00:00:00-04:00,98.50198364257812
2025-06-02 00:00:00-04:00,99.2241439819336
2025-06-03 00:00:00-04:00,99.94630432128906
2025-06-04 00:00:00-04:00,98.50198364257812
2025-06-05 00:00:00-04:00,98.04943084716797
2025-06-06 00:00:00-04:00,100.39883422851562
2025-06-09 00:00:00-04:00,101.07286071777344
2025-06-10 00:00:00-04:00,103.23932647705078
2025-06-11 00:00:00-04:00,105.25172424316406
2025-06-12 00:00:00-04:00,105.6561508178711
2025-06-13 00:00:00-04:00,107.95740509033203
2025-06-16 00:00:00-04:00,108.30404663085938
2025-06-17 00:00:00-04:00,109.7676010131836
2025-06-18 00:00:00-04:00,108.98768615722656
2025-06-20 00:00:00-04:00,110.44161987304688
2025-06-23 00:00:00-04:00,107.59150695800781
2025-06-24 00:00:00-04:00,104.31773376464844
2025-06-25 00:00:00-04:00,104.34663391113281
2025-06-26 00:00:00-04:00,105.90648651123047
2025-06-27 00:00:00-04:00,105.31913757324219
2025-06-30 00:00:00-04:00,103.79779815673828
2025-07-01 00:00:00-04:00,105.184326171875
2025-07-02 00:00:00-04:00,106.92713165283203
2025-07-03 00:00:00-04:00,108.03443145751953
2025-07-07 00:00:00-04:00,106.98490142822266
2025-07-08 00:00:00-04:00,109.9505615234375
2025-07-09 00:00:00-04:00,109.57504272460938
2025-07-10 00:00:00-04:00,110.6630859375
2025-07-11 00:00:00-04:00,111.14452362060547
2025-07-14 00:00:00-04:00,109.69056701660156
2025-07-15 00:00:00-04:00,108.71808624267578
2025-07-16 00:00:00-04:00,108.06332397460938
2025-07-17 00:00:00-04:00,107.51448822021484
2025-07-18 00:00:00-04:00,103.76890563964844
2025-07-21 00:00:00-04:00,104.03851318359375
2025-07-22 00:00:00-04:00,104.51032257080078
2025-07-23 00:00:00-04:00,105.84870910644531
2025-07-24 00:00:00-04:00,106.67678833007812
2025-07-25 00:00:00-04:00,106.30126190185547
2025-07-28 00:00:00-04:00,107.30265045166016
2025-07-29 00:00:00-04:00,108.6891860961914
2025-07-30 00:00:00-04:00,107.74557495117188
2025-07-31 00:00:00-04:00,107.49522399902344
2025-08-01 00:00:00-04:00,105.56947326660156
2025-08-04 00:00:00-04:00,103.38375091552734
2025-08-05 00:00:00-04:00,103.25858306884766
2025-08-06 00:00:00-04:00,102.55567932128906
2025-08-07 00:00:00-04:00,102.0164794921875
2025-08-08 00:00:00-04:00,102.83492279052734
2025-08-11 00:00:00-04:00,101.90093231201172
2025-08-12 00:00:00-04:00,102.18978881835938
2025-08-13 00:00:00-04:00,103.60520935058594
2025-08-14 00:00:00-04:00,103.39337921142578
2025-08-15 00:00:00-04:00,103.49057006835938
2025-08-18 00:00:00-04:00,103.71409606933594
2025-08-19 00:00:00-04:00,104.39437103271484
2025-08-20 00:00:00-04:00,105.47310638427734
2025-08-21 00:00:00-04:00,106.15340423583984
2025-08-22 00:00:00-04:00,108.14566040039062
2025-08-25 00:00:00-04:00,108.59268188476562
2025-08-26 00:00:00-04:00,108.34972381591797
2025-08-27 00:00:00-04:00,109.5742416381836
2025-08-28 00:00:00-04:00,110.15734100341797
2025-08-29 00:00:00-04:00,111.07086181640625
2025-09-02 00:00:00-04:00,111.45960235595703
2025-09-03 00:00:00-04:00,108.75790405273438
2025-09-04 00:00:00-04:00,109.2341079711914
2025-09-05 00:00:00-04:00,106.15340423583984
2025-09-08 00:00:00-04:00,106.75592803955078
2025-09-09 00:00:00-04:00,107.53339385986328
2025-09-10 00:00:00-04:00,109.33128356933594
2025-09-11 00:00:00-04:00,108.9814224243164
2025-09-12 00:00:00-04:00,109.00086975097656
2025-09-15 00:00:00-04:00,109.18551635742188
2025-09-16 00:00:00-04:00,111.44988250732422
2025-09-17 00:00:00-04:00,112.04269409179688
2025-09-18 00:00:00-04:00,110.72101593017578
2025-09-19 00:00:00-04:00,109.64227294921875
2025-09-22 00:00:00-04:00,108.86479949951172
2025-09-23 00:00:00-04:00,110.74043273925781
2025-09-24 00:00:00-04:00,111.33325958251953
2025-09-25 00:00:00-04:00,112.3342514038086
2025-09-26 00:00:00-04:00,113.91834259033203
2025-09-29 00:00:00-04:00,111.00283813476562
2025-09-30 00:00:00-04:00,109.5742416381836
2025-10-01 00:00:00-04:00,108.83564758300781
2025-10-02 00:00:00-04:00,108.15536499023438
2025-10-03 00:00:00-04:00,110.06988525390625
2025-10-06 00:00:00-04:00,110.9833984375
2025-10-07 00:00:00-04:00,111.04171752929688
2025-10-08 00:00:00-04:00,110.8084716796875
2025-10-09 00:00:00-04:00,109.729736328125
2025-10-10 00:00:00-04:00,107.61113739013672
2025-10-13 00:00:00-04:00,109.07860565185547
2025-10-14 00:00:00-04:00,109.12720489501953
2025-10-15 00:00:00-04:00,108.46635437011719
2025-10-16 00:00:00-04:00,107.523681640625
2025-10-17 00:00:00-04:00,109.07860565185547
2025-10-20 00:00:00-04:00,109.52564239501953
2025-10-21 00:00:00-04:00,109.53536987304688
2025-10-22 00:00:00-04:00,111.47904205322266
2025-10-23 00:00:00-04:00,112.71327209472656
2025-10-24 00:00:00-04:00,112.13988494873047
2025-10-27 00:00:00-04:00,112.67440032958984
2025-10-28 00:00:00-04:00,111.79002380371094
2025-10-29 00:00:00-04:00,113.17002868652344
2025-10-30 00:00:00-04:00,111.45960235595703
2025-10-31 00:00:00-04:00,111.1388931274414
2025-11-03 00:00:00-05:00,110.55580139160156
2025-11-04 00:00:00-05:00,110.92510223388672
2025-11-05 00:00:00-05:00,110.4780502319336
2025-11-06 00:00:00-05:00,111.27495574951172
2025-11-07 00:00:00-05:00,113.91834259033203
2025-11-10 00:00:00-05:00,114.89018249511719
2025-11-11 00:00:00-05:00,116.40623474121094
2025-11-12 00:00:00-05:00,114.7929916381836
2025-11-13 00:00:00-05:00,115.44412231445312
2025-11-14 00:00:00-05:00,116.94403076171875
2025-11-17 00:00:00-05:00,115.36569213867188
2025-11-18 00:00:00-05:00,116.68914794921875
2025-11-19 00:00:00-05:00,115.04218292236328
2025-11-20 00:00:00-05:00,114.71866607666016
2025-11-21 00:00:00-05:00,114.7774887084961
2025-11-24 00:00:00-05:00,113.68932342529297
2025-11-25 00:00:00-05:00,112.25802612304688
2025-11-26 00:00:00-05:00,112.5129165649414
2025-11-28 00:00:00-05:00,113.64030456542969
2025-12-01 00:00:00-05:00,114.33634185791016
2025-12-02 00:00:00-05:00,113.11092376708984
2025-12-03 00:00:00-05:00,115.48332977294922
2025-12-04 00:00:00-05:00,114.83631134033203
2025-12-05 00:00:00-05:00,114.24810791015625
2025-12-08 00:00:00-05:00,113.69912719726562
2025-12-09 00:00:00-05:00,115.92448425292969
2025-12-10 00:00:00-05:00,117.1891098022461
2025-12-11 00:00:00-05:00,117.1891098022461
2025-12-12 00:00:00-05:00,116.48326873779297
2025-12-15 00:00:00-05:00,115.44412231445312
2025-12-16 00:00:00-05:00,112.42469024658203
2025-12-17 00:00:00-05:00,115.10101318359375
2025-12-18 00:00:00-05:00,114.24810791015625
2025-12-19 00:00:00-05:00,114.3951644897461
2025-12-22 00:00:00-05:00,115.82644653320312
2025-12-23 00:00:00-05:00,117.07146453857422
2025-12-24 00:00:00-05:00,116.87541198730469
2025-12-26 00:00:00-05:00,116.76757049560547
2025-12-29 00:00:00-05:00,118.1596450805664
2025-12-30 00:00:00-05:00,118.610595703125
2025-12-31 00:00:00-05:00,117.97338104248047
2026-01-02 00:00:00-05:00,120.23795318603516
2026-01-05 00:00:00-05:00,122.8946533203125
2026-01-06 00:00:00-05:00,118.66942596435547
2026-01-07 00:00:00-05:00,116.15975952148438
2026-01-08 00:00:00-05:00,120.49284362792969
2026-01-09 00:00:00-05:00,122.15940856933594
2026-01-12 00:00:00-05:00,121.59081268310547
2026-01-13 00:00:00-05:00,124.05144500732422
2026-01-14 00:00:00-05:00,127.63945770263672
2026-01-15 00:00:00-05:00,126.59052276611328
2026-01-16 00:00:00-05:00,127.33556365966797
2026-01-20 00:00:00-05:00,127.89437103271484
2026-01-21 00:00:00-05:00,130.982421875
2026-01-22 00:00:00-05:00,131.01182556152344
2026-01-23 00:00:00-05:00,132.315673828125
2026-01-26 00:00:00-05:00,132.18821716308594
2026-01-27 00:00:00-05:00,134.13906860351562
2026-01-28 00:00:00-05:00,134.87432861328125
2026-01-29 00:00:00-05:00,137.7467041015625
2026-01-30 00:00:00-05:00,138.61920166015625
2026-02-02 00:00:00-05:00,135.67819213867188
2026-02-03 00:00:00-05:00,140.90338134765625
2026-02-04 00:00:00-05:00,144.68746948242188
2026-02-05 00:00:00-05:00,143.20718383789062
2026-02-06 00:00:00-05:00,146.1187744140625
2026-02-09 00:00:00-05:00,148.2362823486328
2026-02-10 00:00:00-05:00,148.6088104248047
2026-02-11 00:00:00-05:00,152.50074768066406
2026-02-12 00:00:00-05:00,147.9611358642578
2026-02-13 00:00:00-05:00,146.50057983398438
2026-02-17 00:00:00-05:00,144.270263671875
2026-02-18 00:00:00-05:00,148.7012939453125
2026-02-19 00:00:00-05:00,148.98748779296875
2026-02-20 00:00:00-05:00,145.345947265625
2026-02-23 00:00:00-05:00,148.78024291992188
2026-02-24 00:00:00-05:00,147.29994201660156
2026-02-25 00:00:00-05:00,147.10256958007812
2026-02-26 00:00:00-05:00,146.58938598632812
2026-02-27 00:00:00-05:00,150.49740600585938
2026-03-02 00:00:00-05:00,152.19480895996094
2026-03-03 00:00:00-05:00,149.83619689941406
2026-03-04 00:00:00-05:00,147.85260009765625
2026-03-05 00:00:00-05:00,148.78024291992188
2026-03-06 00:00:00-05:00,149.22434997558594
2026-03-09 00:00:00-04:00,148.46444702148438
2026-03-10 00:00:00-04:00,146.18479919433594
2026-03-11 00:00:00-04:00,149.5894775390625
2026-03-12 00:00:00-04:00,151.5138702392578
2026-03-13 00:00:00-04:00,154.06985473632812
2026-03-16 00:00:00-04:00,155.165283203125
2026-03-17 00:00:00-04:00,156.7245330810547
2026-03-18 00:00:00-04:00,155.5205535888672
2026-03-19 00:00:00-04:00,156.08306884765625
2026-03-20 00:00:00-04:00,157.5732421875
2026-03-23 00:00:00-04:00,159.0140838623047
2026-03-24 00:00:00-04:00,163.20826721191406
2026-03-25 00:00:00-04:00,161.11610412597656
2026-03-26 00:00:00-04:00,163.25759887695312
2026-03-27 00:00:00-04:00,168.7445831298828
2026-03-30 00:00:00-04:00,169.21827697753906
2026-03-31 00:00:00-04:00,167.4320526123047
2026-04-01 00:00:00-04:00,158.66867065429688
2026-04-02 00:00:00-04:00,158.57984924316406
2026-04-06 00:00:00-04:00,161.2246551513672
2026-04-07 00:00:00-04:00,161.757568359375
2026-04-08 00:00:00-04:00,154.16854858398438
2026-04-09 00:00:00-04:00,153.00404357910156
2026-04-10 00:00:00-04:00,150.5072479248047
2026-04-13 00:00:00-04:00,150.63555908203125
2026-04-14 00:00:00-04:00,147.28021240234375
2026-04-15 00:00:00-04:00,147.05322265625
2026-04-16 00:00:00-04:00,149.98422241210938
2026-04-17 00:00:00-04:00,144.5169677734375
2026-04-20 00:00:00-04:00,145.7406768798828
2026-04-21 00:00:00-04:00,146.41175842285156
2026-04-22 00:00:00-04:00,147.5367889404297
2026-04-23 00:00:00-04:00,148.5532684326172
2026-04-24 00:00:00-04:00,146.9545440673828
2026-04-27 00:00:00-04:00,146.24400329589844
2026-04-28 00:00:00-04:00,148.58287048339844
2026-04-29 00:00:00-04:00,152.63890075683594
2026-04-30 00:00:00-04:00,152.30335998535156
2026-05-01 00:00:00-04:00,150.74411010742188
2026-05-04 00:00:00-04:00,151.67176818847656
2026-05-05 00:00:00-04:00,152.8461456298828
2026-05-06 00:00:00-04:00,146.7374267578125
2026-05-07 00:00:00-04:00,144.65513610839844
2026-05-08 00:00:00-04:00,142.67153930664062
2026-05-11 00:00:00-04:00,147.7144317626953
2026-05-12 00:00:00-04:00,148.65196228027344
2026-05-13 00:00:00-04:00,149.57962036132812
2026-05-14 00:00:00-04:00,150.77371215820312
2026-05-15 00:00:00-04:00,156.90402221679688
2026-05-18 00:00:00-04:00,159.45748901367188
2026-05-19 00:00:00-04:00,161.50424194335938
2026-05-20 00:00:00-04:00,155.27456665039062
2026-05-21 00:00:00-04:00,154.2909393310547
2026-05-22 00:00:00-04:00,153.92332458496094
2026-05-26 00:00:00-04:00,148.84619140625
2026-05-27 00:00:00-04:00,146.948486328125
2026-05-28 00:00:00-04:00,146.01454162597656
2026-05-29 00:00:00-04:00,144.32546997070312
2026-06-01 00:00:00-04:00,148.41897583007812
2026-06-02 00:00:00-04:00,148.59780883789062
2026-06-03 00:00:00-04:00,151.5487060546875
2026-06-04 00:00:00-04:00,151.0618438720703
2026-06-05 00:00:00-04:00,148.9554901123047
2026-06-08 00:00:00-04:00,150.77371215820312
2026-06-09 00:00:00-04:00,147.95199584960938
2026-06-10 00:00:00-04:00,149.65098571777344
2026-06-11 00:00:00-04:00,145.6568603515625
2026-06-12 00:00:00-04:00,146.064208984375
2026-06-15 00:00:00-04:00,140.01339721679688
2026-06-16 00:00:00-04:00,140.9473419189453
2026-06-17 00:00:00-04:00,139.8345489501953
2026-06-18 00:00:00-04:00,136.92340087890625
2026-06-22 00:00:00-04:00,137.57916259765625
2026-06-23 00:00:00-04:00,138.83103942871094
2026-06-24 00:00:00-04:00,136.01925659179688
2026-06-25 00:00:00-04:00,136.66506958007812
2026-06-26 00:00:00-04:00,135.66156005859375
2026-06-29 00:00:00-04:00,135.18466186523438
2026-06-30 00:00:00-04:00,135.8404083251953
2026-07-01 00:00:00-04:00,135.4032440185547
2026-07-02 00:00:00-04:00,136.20802307128906
2026-07-06 00:00:00-04:00,135.5622100830078
2026-07-07 00:00:00-04:00,140.7784423828125
2026-07-08 00:00:00-04:00,140.2220458984375
2026-07-09 00:00:00-04:00,136.57565307617188
2026-07-10 00:00:00-04:00,137.9865264892578
2026-07-13 00:00:00-04:00,143.58029174804688
2026-07-14 00:00:00-04:00,144.15655517578125
2026-07-15 00:00:00-04:00,143.58029174804688
2026-07-16 00:00:00-04:00,145.0110321044922
2026-07-17 00:00:00-04:00,146.41195678710938
2026-07-20 00:00:00-04:00,147.40553283691406
2026-07-21 00:00:00-04:00,150.73397827148438
2026-07-22 00:00:00-04:00,153.4563446044922
2026-07-23 00:00:00-04:00,155.88064575195312
2026-07-24 00:00:00-04:00,155.93032836914062
2026-07-27 00:00:00-04:00,153.7742919921875
2026-07-28 00:00:00-04:00,152.055419921875
2026-07-29 00:00:00-04:00,155.74154663085938
2026-07-30 00:00:00-04:00,155.96014404296875
2026-07-31 00:00:00-04:00,154.4399871826172
2026-08-03 00:00:00-04:00,154.0624237060547
2026-08-04 00:00:00-04:00,152.96951293945312
2026-08-05 00:00:00-04:00,150.6544952392578
2026-08-06 00:00:00-04:00,153.84384155273438
2026-08-07 00:00:00-04:00,152.055419921875
2026-08-10 00:00:00-04:00,158.76199340820312
2026-08-11 00:00:00-04:00,158.7719268798828
2026-08-12 00:00:00-04:00,158.7222442626953
2026-08-13 00:00:00-04:00,157.58958435058594
2026-08-14 00:00:00-04:00,159.07000732421875
2026-08-17 00:00:00-04:00,161.4600067138672
2026-08-18 00:00:00-04:00,165.55999755859375
2026-08-19 00:00:00-04:00,164.77000427246094
2026-08-20 00:00:00-04:00,166.14999389648438
2026-08-21 00:00:00-04:00,165.11000061035156
2026-08-24 00:00:00-04:00,164.0500030517578
2026-08-25 00:00:00-04:00,160.63999938964844
2026-08-26 00:00:00-04:00,158.19000244140625
2026-08-27 00:00:00-04:00,156.44000244140625
2026-08-28 00:00:00-04:00,156.7100067138672
2026-08-31 00:00:00-04:00,160.9499969482422
2026-09-01 00:00:00-04:00,164.5500030517578
2026-09-02 00:00:00-04:00,164.14999389648438
2026-09-03 00:00:00-04:00,162.2100067138672
2026-09-04 00:00:00-04:00,159.47000122070312
2026-09-08 00:00:00-04:00,160.66000366210938
2026-09-09 00:00:00-04:00,164.22999572753906
2026-09-10 00:00:00-04:00,165.22999572753906
2026-09-11 00:00:00-04:00,165.99000549316406
2026-09-14 00:00:00-04:00,165.0800018310547
2026-09-15 00:00:00-04:00,169.32000732421875
2026-09-16 00:00:00-04:00,163.32000732421875
2026-09-17 00:00:00-04:00,163.27000427246094
2026-09-18 00:00:00-04:00,163.5399932861328
2026-09-21 00:00:00-04:00,158.3000030517578
2026-09-22 00:00:00-04:00,158.7100067138672
2026-09-23 00:00:00-04:00,161.22999572753906
2026-09-24 00:00:00-04:00,162.13999938964844
2026-09-25 00:00:00-04:00,160.58999633789062
2026-09-28 00:00:00-04:00,162.52000427246094
2026-09-29 00:00:00-04:00,161.35000610351562
2026-09-30 00:00:00-04:00,162.75
2026-10-01 00:00:00-04:00,163.82000732421875
2026-10-02 00:00:00-04:00,164.00999450683594
2026-10-05 00:00:00-04:00,164.0
